<?xml version="1.0" encoding="UTF-8"?>
<gpx xmlns:gpxdata="http://www.cluetrust.com/XML/GPXDATA/1/0" xmlns:xsi="http://www.w3.org/2001/XMLSchema-instance" xmlns="http://www.topografix.com/GPX/1/1" version="1.1" creator="http://ridewithgps.com/" xsi:schemaLocation="http://www.topografix.com/GPX/1/1 http://www.topografix.com/GPX/1/1/gpx.xsd http://www.cluetrust.com/XML/GPXDATA/1/0 http://www.cluetrust.com/Schemas/gpxdata10.xsd">
  <metadata>
    <name>Day 7 - Ventura to Santa Monica</name>
    <link href="https://ridewithgps.com/routes/56952338">
      <text>Day 7 - Ventura to Santa Monica</text>
    </link>
    <time>2026-08-31T20:43:10Z</time>
  </metadata>
  <wpt lat="34.269643" lon="-119.267872">
    <name>2281 San Marcos Street</name>
    <cmt>generic</cmt>
    <sym>Dot</sym>
    <type>generic</type>
  </wpt>
  <wpt lat="34.13184" lon="-119.100453">
    <name>Point Mugu Missile Park</name>
    <cmt>generic</cmt>
    <sym>Dot</sym>
    <type>generic</type>
  </wpt>
  <wpt lat="34.26946" lon="-119.26765">
    <name>Right</name>
    <cmt>Turn right onto South Seaward Avenue</cmt>
    <desc>Turn right onto South Seaward Avenue</desc>
    <sym>Dot</sym>
    <type>Dot</type>
  </wpt>
  <wpt lat="34.26493" lon="-119.26949">
    <name>Slight Right</name>
    <cmt>Turn slight right onto South Seaward Avenue</cmt>
    <desc>Turn slight right onto South Seaward Avenue</desc>
    <sym>Dot</sym>
    <type>Dot</type>
  </wpt>
  <wpt lat="34.26486" lon="-119.27022">
    <name>Left</name>
    <cmt>Turn left onto East Harbor Boulevard</cmt>
    <desc>Turn left onto East Harbor Boulevard</desc>
    <sym>Dot</sym>
    <type>Dot</type>
  </wpt>
  <wpt lat="34.19052" lon="-119.23859">
    <name>Left</name>
    <cmt>Turn left onto W Wooley Rd</cmt>
    <desc>Turn left onto W Wooley Rd</desc>
    <sym>Dot</sym>
    <type>Dot</type>
  </wpt>
  <wpt lat="34.19003" lon="-119.18953">
    <name>Right</name>
    <cmt>Turn right onto S J St</cmt>
    <desc>Turn right onto S J St</desc>
    <sym>Dot</sym>
    <type>Dot</type>
  </wpt>
  <wpt lat="34.14745" lon="-119.18626">
    <name>Left</name>
    <cmt>Turn left onto Hueneme Rd</cmt>
    <desc>Turn left onto Hueneme Rd</desc>
    <sym>Dot</sym>
    <type>Dot</type>
  </wpt>
  <wpt lat="34.14696" lon="-119.11264">
    <name>Right</name>
    <cmt>Turn right onto Naval Air Rd</cmt>
    <desc>Turn right onto Naval Air Rd</desc>
    <sym>Dot</sym>
    <type>Dot</type>
  </wpt>
  <wpt lat="34.132698" lon="-119.100804">
    <name>Generic</name>
    <cmt>Stop</cmt>
    <desc>Stop</desc>
    <sym>Dot</sym>
    <type>Dot</type>
  </wpt>
  <wpt lat="34.11545" lon="-119.08781">
    <name>Left</name>
    <cmt>Turn left onto Las Posas Rd</cmt>
    <desc>Turn left onto Las Posas Rd</desc>
    <sym>Dot</sym>
    <type>Dot</type>
  </wpt>
  <wpt lat="34.11579" lon="-119.08715">
    <name>Slight Right</name>
    <cmt>Slight right (signs for Santa Monica S)</cmt>
    <desc>Slight right (signs for Santa Monica S)</desc>
    <sym>Dot</sym>
    <type>Dot</type>
  </wpt>
  <wpt lat="34.11561" lon="-119.08487">
    <name>Straight</name>
    <cmt>Take the ramp to CA-1 S</cmt>
    <desc>Take the ramp to CA-1 S</desc>
    <sym>Dot</sym>
    <type>Dot</type>
  </wpt>
  <wpt lat="34.11405" lon="-119.0833">
    <name>Straight</name>
    <cmt>Merge onto CA-1 S</cmt>
    <desc>Merge onto CA-1 S</desc>
    <sym>Dot</sym>
    <type>Dot</type>
  </wpt>
  <wpt lat="34.03892" lon="-118.8687">
    <name>Right</name>
    <cmt>Turn right onto Broad Beach Rd</cmt>
    <desc>Turn right onto Broad Beach Rd</desc>
    <sym>Dot</sym>
    <type>Dot</type>
  </wpt>
  <wpt lat="34.03106" lon="-118.84364">
    <name>Right</name>
    <cmt>Turn right onto CA-1 S</cmt>
    <desc>Turn right onto CA-1 S</desc>
    <sym>Dot</sym>
    <type>Dot</type>
  </wpt>
  <wpt lat="34.029755" lon="-118.84181">
    <name>Generic</name>
    <cmt>Get ready to get into the many parking lots on the right</cmt>
    <desc>Get ready to get into the many parking lots on the right</desc>
    <sym>Dot</sym>
    <type>Dot</type>
  </wpt>
  <wpt lat="34.02029" lon="-118.82799">
    <name>Right</name>
    <cmt>Turn right toward Zuma Beach Access Rd</cmt>
    <desc>Turn right toward Zuma Beach Access Rd</desc>
    <sym>Dot</sym>
    <type>Dot</type>
  </wpt>
  <wpt lat="34.02019" lon="-118.82811">
    <name>Left</name>
    <cmt>Turn left onto Zuma Beach Access Rd</cmt>
    <desc>Turn left onto Zuma Beach Access Rd</desc>
    <sym>Dot</sym>
    <type>Dot</type>
  </wpt>
  <wpt lat="34.01681" lon="-118.8235">
    <name>Straight</name>
    <cmt>Continue onto Zuma Access Rd</cmt>
    <desc>Continue onto Zuma Access Rd</desc>
    <sym>Dot</sym>
    <type>Dot</type>
  </wpt>
  <wpt lat="34.01093" lon="-118.81661">
    <name>Left</name>
    <cmt>Turn left onto Birdview Ave</cmt>
    <desc>Turn left onto Birdview Ave</desc>
    <sym>Dot</sym>
    <type>Dot</type>
  </wpt>
  <wpt lat="34.00319" lon="-118.80724">
    <name>Straight</name>
    <cmt>Continue onto Cliffside Dr</cmt>
    <desc>Continue onto Cliffside Dr</desc>
    <sym>Dot</sym>
    <type>Dot</type>
  </wpt>
  <wpt lat="34.00421" lon="-118.80611">
    <name>Slight Right</name>
    <cmt>Slight right</cmt>
    <desc>Slight right</desc>
    <sym>Dot</sym>
    <type>Dot</type>
  </wpt>
  <wpt lat="34.004245" lon="-118.806014">
    <name>Generic</name>
    <cmt>Driver: Look for parking</cmt>
    <desc>Driver: Look for parking</desc>
    <sym>Dot</sym>
    <type>Dot</type>
  </wpt>
  <wpt lat="34.00496" lon="-118.80534">
    <name>Straight</name>
    <cmt>Continue onto Cliffside Dr</cmt>
    <desc>Continue onto Cliffside Dr</desc>
    <sym>Dot</sym>
    <type>Dot</type>
  </wpt>
  <wpt lat="34.00737" lon="-118.80061">
    <name>Left</name>
    <cmt>Turn left onto Fernhill Dr</cmt>
    <desc>Turn left onto Fernhill Dr</desc>
    <sym>Dot</sym>
    <type>Dot</type>
  </wpt>
  <wpt lat="34.01717" lon="-118.79761">
    <name>Left</name>
    <cmt>Turn left onto Wildlife Rd</cmt>
    <desc>Turn left onto Wildlife Rd</desc>
    <sym>Dot</sym>
    <type>Dot</type>
  </wpt>
  <wpt lat="34.02002" lon="-118.79653">
    <name>Straight</name>
    <cmt>Continue straight onto Zumirez Dr</cmt>
    <desc>Continue straight onto Zumirez Dr</desc>
    <sym>Dot</sym>
    <type>Dot</type>
  </wpt>
  <wpt lat="34.02044" lon="-118.79619">
    <name>Right</name>
    <cmt>Turn right onto CA-1 S</cmt>
    <desc>Turn right onto CA-1 S</desc>
    <sym>Dot</sym>
    <type>Dot</type>
  </wpt>
  <wpt lat="34.03348" lon="-118.73107">
    <name>Right</name>
    <cmt>Turn right onto Malibu Rd</cmt>
    <desc>Turn right onto Malibu Rd</desc>
    <sym>Dot</sym>
    <type>Dot</type>
  </wpt>
  <wpt lat="34.03424" lon="-118.68731">
    <name>Straight</name>
    <cmt>Continue onto CA-1 S</cmt>
    <desc>Continue onto CA-1 S</desc>
    <sym>Dot</sym>
    <type>Dot</type>
  </wpt>
  <wpt lat="34.03746" lon="-118.67683">
    <name>Right</name>
    <cmt>Turn right onto Malibu Pier</cmt>
    <desc>Turn right onto Malibu Pier</desc>
    <sym>Dot</sym>
    <type>Dot</type>
  </wpt>
  <wpt lat="34.03669" lon="-118.67629">
    <name>Food</name>
    <sym>Dot</sym>
    <type>Dot</type>
  </wpt>
  <wpt lat="34.03746" lon="-118.67683">
    <name>Right</name>
    <cmt>Turn right onto CA-1 S</cmt>
    <desc>Turn right onto CA-1 S</desc>
    <sym>Dot</sym>
    <type>Dot</type>
  </wpt>
  <wpt lat="34.03586" lon="-118.53598">
    <name>Right</name>
    <cmt>Turn right onto Ocean Front Walk</cmt>
    <desc>Turn right onto Ocean Front Walk</desc>
    <sym>Dot</sym>
    <type>Dot</type>
  </wpt>
  <wpt lat="34.03548" lon="-118.53624">
    <name>Left</name>
    <cmt>Turn left to stay on Ocean Front Walk</cmt>
    <desc>Turn left to stay on Ocean Front Walk</desc>
    <sym>Dot</sym>
    <type>Dot</type>
  </wpt>
  <trk>
    <name>Day 7 - Ventura to Santa Monica</name>
    <trkseg>
      <trkpt lat="34.26951" lon="-119.26791">
        <ele>26.3</ele>
      </trkpt>
      <trkpt lat="34.26951" lon="-119.26791">
        <ele>26.3</ele>
      </trkpt>
      <trkpt lat="34.26946" lon="-119.26765">
        <ele>26.4</ele>
      </trkpt>
      <trkpt lat="34.26882" lon="-119.26793">
        <ele>25.6</ele>
      </trkpt>
      <trkpt lat="34.26819" lon="-119.2682">
        <ele>24.0</ele>
      </trkpt>
      <trkpt lat="34.26756" lon="-119.26848">
        <ele>21.1</ele>
      </trkpt>
      <trkpt lat="34.26738" lon="-119.26852">
        <ele>20.3</ele>
      </trkpt>
      <trkpt lat="34.26723" lon="-119.26853">
        <ele>19.8</ele>
      </trkpt>
      <trkpt lat="34.26708" lon="-119.26851">
        <ele>19.4</ele>
      </trkpt>
      <trkpt lat="34.26684" lon="-119.26846">
        <ele>15.4</ele>
      </trkpt>
      <trkpt lat="34.26656" lon="-119.26838">
        <ele>10.7</ele>
      </trkpt>
      <trkpt lat="34.26622" lon="-119.26832">
        <ele>6.2</ele>
      </trkpt>
      <trkpt lat="34.26601" lon="-119.26831">
        <ele>5.2</ele>
      </trkpt>
      <trkpt lat="34.26589" lon="-119.26833">
        <ele>4.7</ele>
      </trkpt>
      <trkpt lat="34.26578" lon="-119.26836">
        <ele>4.5</ele>
      </trkpt>
      <trkpt lat="34.26566" lon="-119.26841">
        <ele>4.0</ele>
      </trkpt>
      <trkpt lat="34.26557" lon="-119.26846">
        <ele>3.8</ele>
      </trkpt>
      <trkpt lat="34.26536" lon="-119.26863">
        <ele>3.8</ele>
      </trkpt>
      <trkpt lat="34.26524" lon="-119.26875">
        <ele>3.8</ele>
      </trkpt>
      <trkpt lat="34.26515" lon="-119.26889">
        <ele>3.8</ele>
      </trkpt>
      <trkpt lat="34.26512" lon="-119.26894">
        <ele>3.8</ele>
      </trkpt>
      <trkpt lat="34.26502" lon="-119.26916">
        <ele>3.8</ele>
      </trkpt>
      <trkpt lat="34.26493" lon="-119.26949">
        <ele>3.8</ele>
      </trkpt>
      <trkpt lat="34.26498" lon="-119.26963">
        <ele>3.8</ele>
      </trkpt>
      <trkpt lat="34.26495" lon="-119.27001">
        <ele>3.8</ele>
      </trkpt>
      <trkpt lat="34.26486" lon="-119.27022">
        <ele>3.8</ele>
      </trkpt>
      <trkpt lat="34.26464" lon="-119.27016">
        <ele>3.8</ele>
      </trkpt>
      <trkpt lat="34.26448" lon="-119.27006">
        <ele>3.8</ele>
      </trkpt>
      <trkpt lat="34.26432" lon="-119.26992">
        <ele>3.8</ele>
      </trkpt>
      <trkpt lat="34.26425" lon="-119.26984">
        <ele>3.8</ele>
      </trkpt>
      <trkpt lat="34.26418" lon="-119.26973">
        <ele>3.8</ele>
      </trkpt>
      <trkpt lat="34.26403" lon="-119.26946">
        <ele>3.8</ele>
      </trkpt>
      <trkpt lat="34.26396" lon="-119.26929">
        <ele>3.8</ele>
      </trkpt>
      <trkpt lat="34.264" lon="-119.26926">
        <ele>3.8</ele>
      </trkpt>
      <trkpt lat="34.26393" lon="-119.2691">
        <ele>3.8</ele>
      </trkpt>
      <trkpt lat="34.2639" lon="-119.26904">
        <ele>3.8</ele>
      </trkpt>
      <trkpt lat="34.26388" lon="-119.26898">
        <ele>3.9</ele>
      </trkpt>
      <trkpt lat="34.26379" lon="-119.26879">
        <ele>4.1</ele>
      </trkpt>
      <trkpt lat="34.26372" lon="-119.26862">
        <ele>4.1</ele>
      </trkpt>
      <trkpt lat="34.26358" lon="-119.26832">
        <ele>4.1</ele>
      </trkpt>
      <trkpt lat="34.26345" lon="-119.26805">
        <ele>4.1</ele>
      </trkpt>
      <trkpt lat="34.26342" lon="-119.268">
        <ele>4.1</ele>
      </trkpt>
      <trkpt lat="34.26334" lon="-119.26788">
        <ele>4.1</ele>
      </trkpt>
      <trkpt lat="34.26332" lon="-119.26784">
        <ele>4.1</ele>
      </trkpt>
      <trkpt lat="34.26325" lon="-119.26767">
        <ele>4.1</ele>
      </trkpt>
      <trkpt lat="34.2631" lon="-119.26732">
        <ele>4.0</ele>
      </trkpt>
      <trkpt lat="34.26304" lon="-119.26719">
        <ele>3.8</ele>
      </trkpt>
      <trkpt lat="34.26299" lon="-119.26706">
        <ele>3.8</ele>
      </trkpt>
      <trkpt lat="34.26296" lon="-119.26699">
        <ele>3.8</ele>
      </trkpt>
      <trkpt lat="34.26288" lon="-119.2668">
        <ele>3.8</ele>
      </trkpt>
      <trkpt lat="34.26269" lon="-119.2663">
        <ele>3.8</ele>
      </trkpt>
      <trkpt lat="34.26251" lon="-119.26582">
        <ele>4.0</ele>
      </trkpt>
      <trkpt lat="34.26234" lon="-119.26535">
        <ele>4.8</ele>
      </trkpt>
      <trkpt lat="34.2623" lon="-119.26525">
        <ele>5.1</ele>
      </trkpt>
      <trkpt lat="34.26227" lon="-119.26517">
        <ele>5.3</ele>
      </trkpt>
      <trkpt lat="34.26219" lon="-119.265">
        <ele>5.7</ele>
      </trkpt>
      <trkpt lat="34.26213" lon="-119.26488">
        <ele>5.8</ele>
      </trkpt>
      <trkpt lat="34.26205" lon="-119.26475">
        <ele>6.1</ele>
      </trkpt>
      <trkpt lat="34.26199" lon="-119.26464">
        <ele>6.2</ele>
      </trkpt>
      <trkpt lat="34.26195" lon="-119.26458">
        <ele>6.3</ele>
      </trkpt>
      <trkpt lat="34.26193" lon="-119.26455">
        <ele>6.4</ele>
      </trkpt>
      <trkpt lat="34.26191" lon="-119.26452">
        <ele>6.4</ele>
      </trkpt>
      <trkpt lat="34.26178" lon="-119.26435">
        <ele>6.5</ele>
      </trkpt>
      <trkpt lat="34.26168" lon="-119.26423">
        <ele>6.6</ele>
      </trkpt>
      <trkpt lat="34.26147" lon="-119.26403">
        <ele>6.9</ele>
      </trkpt>
      <trkpt lat="34.26134" lon="-119.26392">
        <ele>6.8</ele>
      </trkpt>
      <trkpt lat="34.26101" lon="-119.26365">
        <ele>6.8</ele>
      </trkpt>
      <trkpt lat="34.26089" lon="-119.26355">
        <ele>6.8</ele>
      </trkpt>
      <trkpt lat="34.26038" lon="-119.26315">
        <ele>6.8</ele>
      </trkpt>
      <trkpt lat="34.26017" lon="-119.26299">
        <ele>6.9</ele>
      </trkpt>
      <trkpt lat="34.25994" lon="-119.26282">
        <ele>7.4</ele>
      </trkpt>
      <trkpt lat="34.25981" lon="-119.26274">
        <ele>7.3</ele>
      </trkpt>
      <trkpt lat="34.25972" lon="-119.26268">
        <ele>7.2</ele>
      </trkpt>
      <trkpt lat="34.25958" lon="-119.26259">
        <ele>7.3</ele>
      </trkpt>
      <trkpt lat="34.25921" lon="-119.26237">
        <ele>7.5</ele>
      </trkpt>
      <trkpt lat="34.25912" lon="-119.26232">
        <ele>7.2</ele>
      </trkpt>
      <trkpt lat="34.2585" lon="-119.26192">
        <ele>7.3</ele>
      </trkpt>
      <trkpt lat="34.25768" lon="-119.26147">
        <ele>6.9</ele>
      </trkpt>
      <trkpt lat="34.25752" lon="-119.26137">
        <ele>7.0</ele>
      </trkpt>
      <trkpt lat="34.25736" lon="-119.26128">
        <ele>7.0</ele>
      </trkpt>
      <trkpt lat="34.25666" lon="-119.26086">
        <ele>7.5</ele>
      </trkpt>
      <trkpt lat="34.25615" lon="-119.26057">
        <ele>8.6</ele>
      </trkpt>
      <trkpt lat="34.25608" lon="-119.26053">
        <ele>8.7</ele>
      </trkpt>
      <trkpt lat="34.25606" lon="-119.26052">
        <ele>8.7</ele>
      </trkpt>
      <trkpt lat="34.25573" lon="-119.26035">
        <ele>8.9</ele>
      </trkpt>
      <trkpt lat="34.25507" lon="-119.26004">
        <ele>8.6</ele>
      </trkpt>
      <trkpt lat="34.25452" lon="-119.25979">
        <ele>8.2</ele>
      </trkpt>
      <trkpt lat="34.25439" lon="-119.25975">
        <ele>8.2</ele>
      </trkpt>
      <trkpt lat="34.25409" lon="-119.25963">
        <ele>8.3</ele>
      </trkpt>
      <trkpt lat="34.25358" lon="-119.25942">
        <ele>8.6</ele>
      </trkpt>
      <trkpt lat="34.25335" lon="-119.25931">
        <ele>9.0</ele>
      </trkpt>
      <trkpt lat="34.2532" lon="-119.25924">
        <ele>9.6</ele>
      </trkpt>
      <trkpt lat="34.25301" lon="-119.25916">
        <ele>8.7</ele>
      </trkpt>
      <trkpt lat="34.25226" lon="-119.25889">
        <ele>9.1</ele>
      </trkpt>
      <trkpt lat="34.25202" lon="-119.25882">
        <ele>8.3</ele>
      </trkpt>
      <trkpt lat="34.25156" lon="-119.2587">
        <ele>7.3</ele>
      </trkpt>
      <trkpt lat="34.25121" lon="-119.25861">
        <ele>7.0</ele>
      </trkpt>
      <trkpt lat="34.25111" lon="-119.25859">
        <ele>6.9</ele>
      </trkpt>
      <trkpt lat="34.25093" lon="-119.25854">
        <ele>6.8</ele>
      </trkpt>
      <trkpt lat="34.25046" lon="-119.25842">
        <ele>6.5</ele>
      </trkpt>
      <trkpt lat="34.25023" lon="-119.25836">
        <ele>6.4</ele>
      </trkpt>
      <trkpt lat="34.25006" lon="-119.25831">
        <ele>6.3</ele>
      </trkpt>
      <trkpt lat="34.2498" lon="-119.25824">
        <ele>6.5</ele>
      </trkpt>
      <trkpt lat="34.24914" lon="-119.25806">
        <ele>5.8</ele>
      </trkpt>
      <trkpt lat="34.24902" lon="-119.25803">
        <ele>5.7</ele>
      </trkpt>
      <trkpt lat="34.24889" lon="-119.258">
        <ele>5.7</ele>
      </trkpt>
      <trkpt lat="34.24649" lon="-119.25738">
        <ele>6.4</ele>
      </trkpt>
      <trkpt lat="34.24562" lon="-119.25715">
        <ele>4.8</ele>
      </trkpt>
      <trkpt lat="34.24541" lon="-119.25711">
        <ele>5.3</ele>
      </trkpt>
      <trkpt lat="34.24518" lon="-119.25706">
        <ele>5.3</ele>
      </trkpt>
      <trkpt lat="34.24494" lon="-119.25702">
        <ele>3.8</ele>
      </trkpt>
      <trkpt lat="34.24492" lon="-119.25702">
        <ele>3.8</ele>
      </trkpt>
      <trkpt lat="34.24467" lon="-119.25699">
        <ele>3.1</ele>
      </trkpt>
      <trkpt lat="34.24433" lon="-119.25697">
        <ele>2.2</ele>
      </trkpt>
      <trkpt lat="34.24421" lon="-119.25692">
        <ele>2.4</ele>
      </trkpt>
      <trkpt lat="34.24331" lon="-119.25688">
        <ele>2.8</ele>
      </trkpt>
      <trkpt lat="34.24326" lon="-119.25688">
        <ele>2.9</ele>
      </trkpt>
      <trkpt lat="34.24275" lon="-119.25686">
        <ele>3.1</ele>
      </trkpt>
      <trkpt lat="34.24229" lon="-119.25684">
        <ele>3.5</ele>
      </trkpt>
      <trkpt lat="34.24169" lon="-119.25682">
        <ele>3.9</ele>
      </trkpt>
      <trkpt lat="34.2412" lon="-119.2568">
        <ele>4.0</ele>
      </trkpt>
      <trkpt lat="34.24014" lon="-119.25675">
        <ele>3.9</ele>
      </trkpt>
      <trkpt lat="34.23987" lon="-119.25674">
        <ele>3.9</ele>
      </trkpt>
      <trkpt lat="34.23958" lon="-119.25673">
        <ele>3.9</ele>
      </trkpt>
      <trkpt lat="34.23905" lon="-119.25671">
        <ele>4.0</ele>
      </trkpt>
      <trkpt lat="34.23856" lon="-119.25667">
        <ele>3.8</ele>
      </trkpt>
      <trkpt lat="34.23829" lon="-119.25665">
        <ele>3.7</ele>
      </trkpt>
      <trkpt lat="34.23722" lon="-119.25656">
        <ele>4.0</ele>
      </trkpt>
      <trkpt lat="34.23686" lon="-119.25654">
        <ele>4.1</ele>
      </trkpt>
      <trkpt lat="34.23662" lon="-119.25652">
        <ele>3.9</ele>
      </trkpt>
      <trkpt lat="34.23659" lon="-119.25651">
        <ele>3.9</ele>
      </trkpt>
      <trkpt lat="34.23654" lon="-119.25651">
        <ele>3.9</ele>
      </trkpt>
      <trkpt lat="34.2351" lon="-119.25644">
        <ele>3.9</ele>
      </trkpt>
      <trkpt lat="34.23421" lon="-119.2564">
        <ele>3.9</ele>
      </trkpt>
      <trkpt lat="34.2334" lon="-119.25638">
        <ele>3.9</ele>
      </trkpt>
      <trkpt lat="34.23221" lon="-119.25633">
        <ele>3.9</ele>
      </trkpt>
      <trkpt lat="34.23111" lon="-119.25632">
        <ele>3.9</ele>
      </trkpt>
      <trkpt lat="34.23093" lon="-119.25631">
        <ele>4.0</ele>
      </trkpt>
      <trkpt lat="34.22931" lon="-119.25625">
        <ele>4.7</ele>
      </trkpt>
      <trkpt lat="34.22923" lon="-119.25625">
        <ele>4.7</ele>
      </trkpt>
      <trkpt lat="34.22913" lon="-119.25624">
        <ele>4.7</ele>
      </trkpt>
      <trkpt lat="34.22848" lon="-119.25622">
        <ele>4.9</ele>
      </trkpt>
      <trkpt lat="34.22769" lon="-119.25619">
        <ele>5.1</ele>
      </trkpt>
      <trkpt lat="34.22687" lon="-119.25615">
        <ele>5.1</ele>
      </trkpt>
      <trkpt lat="34.22614" lon="-119.25611">
        <ele>4.8</ele>
      </trkpt>
      <trkpt lat="34.2247" lon="-119.25606">
        <ele>4.7</ele>
      </trkpt>
      <trkpt lat="34.2242" lon="-119.25605">
        <ele>4.7</ele>
      </trkpt>
      <trkpt lat="34.22381" lon="-119.25602">
        <ele>4.8</ele>
      </trkpt>
      <trkpt lat="34.22369" lon="-119.25601">
        <ele>4.9</ele>
      </trkpt>
      <trkpt lat="34.22345" lon="-119.25598">
        <ele>4.8</ele>
      </trkpt>
      <trkpt lat="34.22313" lon="-119.25592">
        <ele>4.7</ele>
      </trkpt>
      <trkpt lat="34.22289" lon="-119.25587">
        <ele>4.7</ele>
      </trkpt>
      <trkpt lat="34.22253" lon="-119.25577">
        <ele>4.6</ele>
      </trkpt>
      <trkpt lat="34.22227" lon="-119.25568">
        <ele>4.5</ele>
      </trkpt>
      <trkpt lat="34.22187" lon="-119.25554">
        <ele>4.4</ele>
      </trkpt>
      <trkpt lat="34.22138" lon="-119.25532">
        <ele>4.1</ele>
      </trkpt>
      <trkpt lat="34.2211" lon="-119.25516">
        <ele>4.0</ele>
      </trkpt>
      <trkpt lat="34.22024" lon="-119.2547">
        <ele>3.6</ele>
      </trkpt>
      <trkpt lat="34.21973" lon="-119.25442">
        <ele>3.7</ele>
      </trkpt>
      <trkpt lat="34.21852" lon="-119.25374">
        <ele>3.7</ele>
      </trkpt>
      <trkpt lat="34.21754" lon="-119.25319">
        <ele>4.1</ele>
      </trkpt>
      <trkpt lat="34.2173" lon="-119.25306">
        <ele>4.2</ele>
      </trkpt>
      <trkpt lat="34.21691" lon="-119.25288">
        <ele>4.2</ele>
      </trkpt>
      <trkpt lat="34.21551" lon="-119.25213">
        <ele>4.8</ele>
      </trkpt>
      <trkpt lat="34.21411" lon="-119.25137">
        <ele>5.1</ele>
      </trkpt>
      <trkpt lat="34.21395" lon="-119.25128">
        <ele>5.2</ele>
      </trkpt>
      <trkpt lat="34.21247" lon="-119.25048">
        <ele>4.8</ele>
      </trkpt>
      <trkpt lat="34.21041" lon="-119.24936">
        <ele>4.8</ele>
      </trkpt>
      <trkpt lat="34.2103" lon="-119.24934">
        <ele>4.8</ele>
      </trkpt>
      <trkpt lat="34.20974" lon="-119.24905">
        <ele>5.0</ele>
      </trkpt>
      <trkpt lat="34.20947" lon="-119.2489">
        <ele>5.4</ele>
      </trkpt>
      <trkpt lat="34.20915" lon="-119.24873">
        <ele>5.2</ele>
      </trkpt>
      <trkpt lat="34.20861" lon="-119.24844">
        <ele>9.7</ele>
      </trkpt>
      <trkpt lat="34.20819" lon="-119.24821">
        <ele>6.6</ele>
      </trkpt>
      <trkpt lat="34.20782" lon="-119.24802">
        <ele>6.0</ele>
      </trkpt>
      <trkpt lat="34.20745" lon="-119.24782">
        <ele>6.0</ele>
      </trkpt>
      <trkpt lat="34.20714" lon="-119.24764">
        <ele>8.7</ele>
      </trkpt>
      <trkpt lat="34.20694" lon="-119.24752">
        <ele>8.8</ele>
      </trkpt>
      <trkpt lat="34.20685" lon="-119.24742">
        <ele>8.9</ele>
      </trkpt>
      <trkpt lat="34.20676" lon="-119.24739">
        <ele>8.9</ele>
      </trkpt>
      <trkpt lat="34.20571" lon="-119.24681">
        <ele>9.7</ele>
      </trkpt>
      <trkpt lat="34.2057" lon="-119.2468">
        <ele>9.7</ele>
      </trkpt>
      <trkpt lat="34.20569" lon="-119.2468">
        <ele>9.7</ele>
      </trkpt>
      <trkpt lat="34.20567" lon="-119.24679">
        <ele>9.8</ele>
      </trkpt>
      <trkpt lat="34.20561" lon="-119.24675">
        <ele>9.8</ele>
      </trkpt>
      <trkpt lat="34.20541" lon="-119.24664">
        <ele>10.0</ele>
      </trkpt>
      <trkpt lat="34.20512" lon="-119.24648">
        <ele>7.3</ele>
      </trkpt>
      <trkpt lat="34.20426" lon="-119.24603">
        <ele>4.7</ele>
      </trkpt>
      <trkpt lat="34.20376" lon="-119.24578">
        <ele>5.3</ele>
      </trkpt>
      <trkpt lat="34.20362" lon="-119.24566">
        <ele>5.1</ele>
      </trkpt>
      <trkpt lat="34.20308" lon="-119.24534">
        <ele>7.1</ele>
      </trkpt>
      <trkpt lat="34.20098" lon="-119.24422">
        <ele>4.2</ele>
      </trkpt>
      <trkpt lat="34.19927" lon="-119.24328">
        <ele>3.5</ele>
      </trkpt>
      <trkpt lat="34.19897" lon="-119.24311">
        <ele>3.5</ele>
      </trkpt>
      <trkpt lat="34.19872" lon="-119.24297">
        <ele>3.3</ele>
      </trkpt>
      <trkpt lat="34.1981" lon="-119.24265">
        <ele>4.0</ele>
      </trkpt>
      <trkpt lat="34.19806" lon="-119.24263">
        <ele>4.1</ele>
      </trkpt>
      <trkpt lat="34.19794" lon="-119.24256">
        <ele>4.2</ele>
      </trkpt>
      <trkpt lat="34.1978" lon="-119.2425">
        <ele>4.3</ele>
      </trkpt>
      <trkpt lat="34.19751" lon="-119.24233">
        <ele>4.5</ele>
      </trkpt>
      <trkpt lat="34.19732" lon="-119.24222">
        <ele>4.5</ele>
      </trkpt>
      <trkpt lat="34.19702" lon="-119.24206">
        <ele>4.6</ele>
      </trkpt>
      <trkpt lat="34.19682" lon="-119.242">
        <ele>4.5</ele>
      </trkpt>
      <trkpt lat="34.19672" lon="-119.24196">
        <ele>4.6</ele>
      </trkpt>
      <trkpt lat="34.19628" lon="-119.24171">
        <ele>4.8</ele>
      </trkpt>
      <trkpt lat="34.19625" lon="-119.2417">
        <ele>4.8</ele>
      </trkpt>
      <trkpt lat="34.19607" lon="-119.2416">
        <ele>4.9</ele>
      </trkpt>
      <trkpt lat="34.19488" lon="-119.24096">
        <ele>6.2</ele>
      </trkpt>
      <trkpt lat="34.19412" lon="-119.24054">
        <ele>5.9</ele>
      </trkpt>
      <trkpt lat="34.19207" lon="-119.23943">
        <ele>6.4</ele>
      </trkpt>
      <trkpt lat="34.1913" lon="-119.23901">
        <ele>5.6</ele>
      </trkpt>
      <trkpt lat="34.19052" lon="-119.23859">
        <ele>5.9</ele>
      </trkpt>
      <trkpt lat="34.19052" lon="-119.23859">
        <ele>5.9</ele>
      </trkpt>
      <trkpt lat="34.19051" lon="-119.23841">
        <ele>6.5</ele>
      </trkpt>
      <trkpt lat="34.1905" lon="-119.23747">
        <ele>7.5</ele>
      </trkpt>
      <trkpt lat="34.1905" lon="-119.23724">
        <ele>6.3</ele>
      </trkpt>
      <trkpt lat="34.1905" lon="-119.23702">
        <ele>5.9</ele>
      </trkpt>
      <trkpt lat="34.1905" lon="-119.23682">
        <ele>5.5</ele>
      </trkpt>
      <trkpt lat="34.1905" lon="-119.2364">
        <ele>4.9</ele>
      </trkpt>
      <trkpt lat="34.1905" lon="-119.2364">
        <ele>4.9</ele>
      </trkpt>
      <trkpt lat="34.1905" lon="-119.23635">
        <ele>4.8</ele>
      </trkpt>
      <trkpt lat="34.19049" lon="-119.23573">
        <ele>4.0</ele>
      </trkpt>
      <trkpt lat="34.19048" lon="-119.23514">
        <ele>3.1</ele>
      </trkpt>
      <trkpt lat="34.19048" lon="-119.23484">
        <ele>2.5</ele>
      </trkpt>
      <trkpt lat="34.19048" lon="-119.23449">
        <ele>2.1</ele>
      </trkpt>
      <trkpt lat="34.19048" lon="-119.2344">
        <ele>2.0</ele>
      </trkpt>
      <trkpt lat="34.19048" lon="-119.23427">
        <ele>1.8</ele>
      </trkpt>
      <trkpt lat="34.19047" lon="-119.23383">
        <ele>1.4</ele>
      </trkpt>
      <trkpt lat="34.19045" lon="-119.23354">
        <ele>1.1</ele>
      </trkpt>
      <trkpt lat="34.19041" lon="-119.23331">
        <ele>1.3</ele>
      </trkpt>
      <trkpt lat="34.19039" lon="-119.2332">
        <ele>1.3</ele>
      </trkpt>
      <trkpt lat="34.19035" lon="-119.233">
        <ele>1.4</ele>
      </trkpt>
      <trkpt lat="34.19032" lon="-119.23253">
        <ele>1.7</ele>
      </trkpt>
      <trkpt lat="34.19033" lon="-119.23233">
        <ele>1.8</ele>
      </trkpt>
      <trkpt lat="34.19028" lon="-119.23133">
        <ele>2.3</ele>
      </trkpt>
      <trkpt lat="34.19028" lon="-119.23104">
        <ele>2.5</ele>
      </trkpt>
      <trkpt lat="34.19028" lon="-119.23077">
        <ele>2.7</ele>
      </trkpt>
      <trkpt lat="34.19028" lon="-119.23063">
        <ele>2.8</ele>
      </trkpt>
      <trkpt lat="34.19028" lon="-119.23055">
        <ele>2.8</ele>
      </trkpt>
      <trkpt lat="34.19028" lon="-119.2299">
        <ele>3.3</ele>
      </trkpt>
      <trkpt lat="34.19028" lon="-119.22976">
        <ele>3.5</ele>
      </trkpt>
      <trkpt lat="34.19028" lon="-119.22968">
        <ele>3.5</ele>
      </trkpt>
      <trkpt lat="34.19028" lon="-119.22948">
        <ele>3.6</ele>
      </trkpt>
      <trkpt lat="34.19027" lon="-119.22817">
        <ele>4.4</ele>
      </trkpt>
      <trkpt lat="34.19027" lon="-119.22734">
        <ele>5.0</ele>
      </trkpt>
      <trkpt lat="34.19026" lon="-119.2265">
        <ele>5.4</ele>
      </trkpt>
      <trkpt lat="34.19026" lon="-119.22607">
        <ele>5.5</ele>
      </trkpt>
      <trkpt lat="34.19026" lon="-119.22592">
        <ele>5.6</ele>
      </trkpt>
      <trkpt lat="34.19026" lon="-119.22586">
        <ele>5.6</ele>
      </trkpt>
      <trkpt lat="34.19025" lon="-119.22483">
        <ele>5.8</ele>
      </trkpt>
      <trkpt lat="34.19024" lon="-119.22419">
        <ele>6.1</ele>
      </trkpt>
      <trkpt lat="34.19023" lon="-119.22317">
        <ele>6.3</ele>
      </trkpt>
      <trkpt lat="34.19023" lon="-119.22292">
        <ele>6.3</ele>
      </trkpt>
      <trkpt lat="34.19023" lon="-119.22269">
        <ele>6.4</ele>
      </trkpt>
      <trkpt lat="34.19025" lon="-119.22246">
        <ele>6.5</ele>
      </trkpt>
      <trkpt lat="34.19028" lon="-119.22223">
        <ele>6.5</ele>
      </trkpt>
      <trkpt lat="34.19028" lon="-119.22218">
        <ele>6.5</ele>
      </trkpt>
      <trkpt lat="34.1903" lon="-119.22199">
        <ele>6.5</ele>
      </trkpt>
      <trkpt lat="34.19031" lon="-119.22184">
        <ele>6.6</ele>
      </trkpt>
      <trkpt lat="34.19031" lon="-119.22172">
        <ele>6.6</ele>
      </trkpt>
      <trkpt lat="34.19031" lon="-119.22135">
        <ele>6.6</ele>
      </trkpt>
      <trkpt lat="34.1903" lon="-119.22117">
        <ele>6.6</ele>
      </trkpt>
      <trkpt lat="34.19029" lon="-119.22061">
        <ele>6.7</ele>
      </trkpt>
      <trkpt lat="34.19029" lon="-119.22036">
        <ele>6.7</ele>
      </trkpt>
      <trkpt lat="34.19029" lon="-119.21983">
        <ele>6.8</ele>
      </trkpt>
      <trkpt lat="34.19028" lon="-119.21904">
        <ele>7.1</ele>
      </trkpt>
      <trkpt lat="34.19028" lon="-119.21848">
        <ele>7.3</ele>
      </trkpt>
      <trkpt lat="34.19028" lon="-119.2183">
        <ele>7.4</ele>
      </trkpt>
      <trkpt lat="34.19027" lon="-119.21736">
        <ele>7.7</ele>
      </trkpt>
      <trkpt lat="34.19027" lon="-119.21725">
        <ele>7.7</ele>
      </trkpt>
      <trkpt lat="34.19026" lon="-119.21653">
        <ele>7.9</ele>
      </trkpt>
      <trkpt lat="34.19026" lon="-119.21602">
        <ele>8.0</ele>
      </trkpt>
      <trkpt lat="34.19026" lon="-119.21523">
        <ele>8.2</ele>
      </trkpt>
      <trkpt lat="34.19025" lon="-119.21452">
        <ele>8.4</ele>
      </trkpt>
      <trkpt lat="34.19025" lon="-119.21434">
        <ele>8.4</ele>
      </trkpt>
      <trkpt lat="34.19025" lon="-119.21358">
        <ele>8.5</ele>
      </trkpt>
      <trkpt lat="34.19023" lon="-119.21235">
        <ele>8.7</ele>
      </trkpt>
      <trkpt lat="34.19023" lon="-119.21192">
        <ele>8.8</ele>
      </trkpt>
      <trkpt lat="34.19022" lon="-119.21122">
        <ele>9.0</ele>
      </trkpt>
      <trkpt lat="34.19021" lon="-119.20966">
        <ele>9.5</ele>
      </trkpt>
      <trkpt lat="34.19022" lon="-119.20909">
        <ele>9.7</ele>
      </trkpt>
      <trkpt lat="34.19024" lon="-119.20863">
        <ele>9.9</ele>
      </trkpt>
      <trkpt lat="34.19026" lon="-119.20808">
        <ele>9.9</ele>
      </trkpt>
      <trkpt lat="34.19026" lon="-119.20796">
        <ele>9.9</ele>
      </trkpt>
      <trkpt lat="34.19025" lon="-119.207">
        <ele>9.8</ele>
      </trkpt>
      <trkpt lat="34.19025" lon="-119.2069">
        <ele>9.8</ele>
      </trkpt>
      <trkpt lat="34.19025" lon="-119.20662">
        <ele>9.8</ele>
      </trkpt>
      <trkpt lat="34.19025" lon="-119.20645">
        <ele>9.8</ele>
      </trkpt>
      <trkpt lat="34.19025" lon="-119.20603">
        <ele>9.8</ele>
      </trkpt>
      <trkpt lat="34.19024" lon="-119.20586">
        <ele>9.8</ele>
      </trkpt>
      <trkpt lat="34.19024" lon="-119.20546">
        <ele>9.8</ele>
      </trkpt>
      <trkpt lat="34.19024" lon="-119.2052">
        <ele>9.8</ele>
      </trkpt>
      <trkpt lat="34.19023" lon="-119.20455">
        <ele>10.0</ele>
      </trkpt>
      <trkpt lat="34.19023" lon="-119.20434">
        <ele>10.0</ele>
      </trkpt>
      <trkpt lat="34.19023" lon="-119.20425">
        <ele>10.0</ele>
      </trkpt>
      <trkpt lat="34.19023" lon="-119.20399">
        <ele>9.8</ele>
      </trkpt>
      <trkpt lat="34.19023" lon="-119.20354">
        <ele>9.5</ele>
      </trkpt>
      <trkpt lat="34.19022" lon="-119.20266">
        <ele>9.7</ele>
      </trkpt>
      <trkpt lat="34.19021" lon="-119.2017">
        <ele>9.5</ele>
      </trkpt>
      <trkpt lat="34.1902" lon="-119.20064">
        <ele>9.4</ele>
      </trkpt>
      <trkpt lat="34.19019" lon="-119.19983">
        <ele>9.4</ele>
      </trkpt>
      <trkpt lat="34.19019" lon="-119.19886">
        <ele>9.5</ele>
      </trkpt>
      <trkpt lat="34.19017" lon="-119.19708">
        <ele>9.9</ele>
      </trkpt>
      <trkpt lat="34.19016" lon="-119.196">
        <ele>10.4</ele>
      </trkpt>
      <trkpt lat="34.19014" lon="-119.19575">
        <ele>10.4</ele>
      </trkpt>
      <trkpt lat="34.19013" lon="-119.19553">
        <ele>10.5</ele>
      </trkpt>
      <trkpt lat="34.1901" lon="-119.19522">
        <ele>10.6</ele>
      </trkpt>
      <trkpt lat="34.19008" lon="-119.19494">
        <ele>10.8</ele>
      </trkpt>
      <trkpt lat="34.19007" lon="-119.19485">
        <ele>10.8</ele>
      </trkpt>
      <trkpt lat="34.19007" lon="-119.1947">
        <ele>10.8</ele>
      </trkpt>
      <trkpt lat="34.19006" lon="-119.19425">
        <ele>10.9</ele>
      </trkpt>
      <trkpt lat="34.19006" lon="-119.19373">
        <ele>11.2</ele>
      </trkpt>
      <trkpt lat="34.19006" lon="-119.1932">
        <ele>11.4</ele>
      </trkpt>
      <trkpt lat="34.19005" lon="-119.19269">
        <ele>11.4</ele>
      </trkpt>
      <trkpt lat="34.19005" lon="-119.19218">
        <ele>11.6</ele>
      </trkpt>
      <trkpt lat="34.19005" lon="-119.19166">
        <ele>11.7</ele>
      </trkpt>
      <trkpt lat="34.19005" lon="-119.19114">
        <ele>11.9</ele>
      </trkpt>
      <trkpt lat="34.19004" lon="-119.19061">
        <ele>12.1</ele>
      </trkpt>
      <trkpt lat="34.19004" lon="-119.19009">
        <ele>12.3</ele>
      </trkpt>
      <trkpt lat="34.19003" lon="-119.18953">
        <ele>12.5</ele>
      </trkpt>
      <trkpt lat="34.19003" lon="-119.18953">
        <ele>12.5</ele>
      </trkpt>
      <trkpt lat="34.1896" lon="-119.18953">
        <ele>12.4</ele>
      </trkpt>
      <trkpt lat="34.18947" lon="-119.18953">
        <ele>12.3</ele>
      </trkpt>
      <trkpt lat="34.18932" lon="-119.18954">
        <ele>12.3</ele>
      </trkpt>
      <trkpt lat="34.18916" lon="-119.18954">
        <ele>12.2</ele>
      </trkpt>
      <trkpt lat="34.18916" lon="-119.18954">
        <ele>12.2</ele>
      </trkpt>
      <trkpt lat="34.18894" lon="-119.18954">
        <ele>12.1</ele>
      </trkpt>
      <trkpt lat="34.18882" lon="-119.18954">
        <ele>12.1</ele>
      </trkpt>
      <trkpt lat="34.18878" lon="-119.18954">
        <ele>12.1</ele>
      </trkpt>
      <trkpt lat="34.18852" lon="-119.18954">
        <ele>12.0</ele>
      </trkpt>
      <trkpt lat="34.18816" lon="-119.18955">
        <ele>11.9</ele>
      </trkpt>
      <trkpt lat="34.18762" lon="-119.18955">
        <ele>11.8</ele>
      </trkpt>
      <trkpt lat="34.18723" lon="-119.18956">
        <ele>11.7</ele>
      </trkpt>
      <trkpt lat="34.18719" lon="-119.18956">
        <ele>11.7</ele>
      </trkpt>
      <trkpt lat="34.18678" lon="-119.18956">
        <ele>11.7</ele>
      </trkpt>
      <trkpt lat="34.18659" lon="-119.18955">
        <ele>11.6</ele>
      </trkpt>
      <trkpt lat="34.18638" lon="-119.18951">
        <ele>11.6</ele>
      </trkpt>
      <trkpt lat="34.18625" lon="-119.18946">
        <ele>11.6</ele>
      </trkpt>
      <trkpt lat="34.186" lon="-119.18936">
        <ele>11.6</ele>
      </trkpt>
      <trkpt lat="34.18585" lon="-119.18932">
        <ele>11.5</ele>
      </trkpt>
      <trkpt lat="34.1858" lon="-119.18931">
        <ele>11.5</ele>
      </trkpt>
      <trkpt lat="34.18574" lon="-119.18931">
        <ele>11.5</ele>
      </trkpt>
      <trkpt lat="34.18556" lon="-119.18931">
        <ele>11.5</ele>
      </trkpt>
      <trkpt lat="34.18481" lon="-119.18931">
        <ele>11.4</ele>
      </trkpt>
      <trkpt lat="34.18461" lon="-119.18931">
        <ele>11.3</ele>
      </trkpt>
      <trkpt lat="34.18453" lon="-119.1893">
        <ele>11.3</ele>
      </trkpt>
      <trkpt lat="34.18446" lon="-119.18929">
        <ele>11.3</ele>
      </trkpt>
      <trkpt lat="34.18438" lon="-119.18928">
        <ele>11.3</ele>
      </trkpt>
      <trkpt lat="34.18398" lon="-119.18917">
        <ele>11.2</ele>
      </trkpt>
      <trkpt lat="34.18378" lon="-119.1891">
        <ele>11.2</ele>
      </trkpt>
      <trkpt lat="34.18366" lon="-119.18905">
        <ele>11.2</ele>
      </trkpt>
      <trkpt lat="34.18354" lon="-119.18898">
        <ele>11.2</ele>
      </trkpt>
      <trkpt lat="34.18353" lon="-119.18898">
        <ele>11.2</ele>
      </trkpt>
      <trkpt lat="34.18343" lon="-119.18892">
        <ele>11.2</ele>
      </trkpt>
      <trkpt lat="34.18331" lon="-119.18883">
        <ele>11.2</ele>
      </trkpt>
      <trkpt lat="34.18324" lon="-119.18877">
        <ele>11.2</ele>
      </trkpt>
      <trkpt lat="34.1831" lon="-119.18864">
        <ele>11.2</ele>
      </trkpt>
      <trkpt lat="34.18308" lon="-119.18862">
        <ele>11.2</ele>
      </trkpt>
      <trkpt lat="34.1829" lon="-119.18843">
        <ele>11.2</ele>
      </trkpt>
      <trkpt lat="34.18261" lon="-119.18812">
        <ele>11.2</ele>
      </trkpt>
      <trkpt lat="34.18223" lon="-119.18772">
        <ele>11.1</ele>
      </trkpt>
      <trkpt lat="34.18215" lon="-119.18764">
        <ele>11.1</ele>
      </trkpt>
      <trkpt lat="34.18193" lon="-119.18741">
        <ele>11.0</ele>
      </trkpt>
      <trkpt lat="34.18163" lon="-119.18709">
        <ele>11.0</ele>
      </trkpt>
      <trkpt lat="34.18125" lon="-119.1867">
        <ele>10.9</ele>
      </trkpt>
      <trkpt lat="34.18115" lon="-119.1866">
        <ele>10.9</ele>
      </trkpt>
      <trkpt lat="34.18108" lon="-119.18655">
        <ele>10.8</ele>
      </trkpt>
      <trkpt lat="34.18103" lon="-119.18651">
        <ele>10.8</ele>
      </trkpt>
      <trkpt lat="34.18095" lon="-119.18646">
        <ele>10.8</ele>
      </trkpt>
      <trkpt lat="34.1809" lon="-119.18642">
        <ele>10.8</ele>
      </trkpt>
      <trkpt lat="34.18085" lon="-119.1864">
        <ele>10.8</ele>
      </trkpt>
      <trkpt lat="34.18075" lon="-119.18635">
        <ele>10.7</ele>
      </trkpt>
      <trkpt lat="34.18063" lon="-119.18631">
        <ele>10.7</ele>
      </trkpt>
      <trkpt lat="34.18055" lon="-119.18629">
        <ele>10.7</ele>
      </trkpt>
      <trkpt lat="34.18048" lon="-119.18628">
        <ele>10.7</ele>
      </trkpt>
      <trkpt lat="34.18031" lon="-119.18627">
        <ele>10.6</ele>
      </trkpt>
      <trkpt lat="34.17995" lon="-119.18627">
        <ele>10.5</ele>
      </trkpt>
      <trkpt lat="34.1796" lon="-119.18627">
        <ele>10.5</ele>
      </trkpt>
      <trkpt lat="34.17921" lon="-119.18627">
        <ele>10.4</ele>
      </trkpt>
      <trkpt lat="34.17882" lon="-119.18627">
        <ele>10.3</ele>
      </trkpt>
      <trkpt lat="34.17873" lon="-119.18627">
        <ele>10.3</ele>
      </trkpt>
      <trkpt lat="34.17759" lon="-119.18628">
        <ele>10.0</ele>
      </trkpt>
      <trkpt lat="34.17744" lon="-119.18628">
        <ele>10.0</ele>
      </trkpt>
      <trkpt lat="34.17704" lon="-119.18628">
        <ele>9.9</ele>
      </trkpt>
      <trkpt lat="34.17691" lon="-119.18629">
        <ele>9.8</ele>
      </trkpt>
      <trkpt lat="34.17647" lon="-119.18629">
        <ele>9.8</ele>
      </trkpt>
      <trkpt lat="34.17609" lon="-119.18628">
        <ele>9.9</ele>
      </trkpt>
      <trkpt lat="34.1758" lon="-119.18624">
        <ele>9.9</ele>
      </trkpt>
      <trkpt lat="34.17568" lon="-119.18622">
        <ele>9.9</ele>
      </trkpt>
      <trkpt lat="34.17556" lon="-119.18619">
        <ele>10.0</ele>
      </trkpt>
      <trkpt lat="34.1753" lon="-119.1861">
        <ele>9.9</ele>
      </trkpt>
      <trkpt lat="34.17515" lon="-119.18603">
        <ele>9.9</ele>
      </trkpt>
      <trkpt lat="34.17503" lon="-119.18598">
        <ele>9.9</ele>
      </trkpt>
      <trkpt lat="34.17497" lon="-119.18596">
        <ele>9.9</ele>
      </trkpt>
      <trkpt lat="34.17494" lon="-119.18594">
        <ele>9.9</ele>
      </trkpt>
      <trkpt lat="34.17489" lon="-119.18592">
        <ele>9.9</ele>
      </trkpt>
      <trkpt lat="34.17479" lon="-119.18588">
        <ele>9.8</ele>
      </trkpt>
      <trkpt lat="34.17462" lon="-119.18583">
        <ele>9.7</ele>
      </trkpt>
      <trkpt lat="34.17455" lon="-119.18582">
        <ele>9.7</ele>
      </trkpt>
      <trkpt lat="34.1744" lon="-119.18579">
        <ele>9.6</ele>
      </trkpt>
      <trkpt lat="34.17425" lon="-119.18577">
        <ele>9.5</ele>
      </trkpt>
      <trkpt lat="34.17407" lon="-119.18577">
        <ele>9.4</ele>
      </trkpt>
      <trkpt lat="34.17373" lon="-119.18586">
        <ele>9.2</ele>
      </trkpt>
      <trkpt lat="34.17362" lon="-119.18589">
        <ele>9.2</ele>
      </trkpt>
      <trkpt lat="34.17344" lon="-119.1859">
        <ele>9.1</ele>
      </trkpt>
      <trkpt lat="34.17307" lon="-119.1859">
        <ele>8.8</ele>
      </trkpt>
      <trkpt lat="34.17271" lon="-119.18591">
        <ele>8.7</ele>
      </trkpt>
      <trkpt lat="34.17164" lon="-119.18592">
        <ele>8.3</ele>
      </trkpt>
      <trkpt lat="34.17091" lon="-119.18593">
        <ele>8.3</ele>
      </trkpt>
      <trkpt lat="34.17058" lon="-119.18593">
        <ele>8.4</ele>
      </trkpt>
      <trkpt lat="34.17021" lon="-119.18594">
        <ele>8.4</ele>
      </trkpt>
      <trkpt lat="34.16983" lon="-119.18594">
        <ele>8.3</ele>
      </trkpt>
      <trkpt lat="34.16971" lon="-119.18594">
        <ele>8.3</ele>
      </trkpt>
      <trkpt lat="34.16925" lon="-119.18594">
        <ele>8.3</ele>
      </trkpt>
      <trkpt lat="34.16841" lon="-119.18595">
        <ele>8.2</ele>
      </trkpt>
      <trkpt lat="34.16812" lon="-119.18596">
        <ele>8.1</ele>
      </trkpt>
      <trkpt lat="34.16775" lon="-119.18596">
        <ele>8.0</ele>
      </trkpt>
      <trkpt lat="34.16737" lon="-119.18597">
        <ele>8.0</ele>
      </trkpt>
      <trkpt lat="34.16637" lon="-119.18598">
        <ele>7.7</ele>
      </trkpt>
      <trkpt lat="34.16601" lon="-119.18599">
        <ele>7.5</ele>
      </trkpt>
      <trkpt lat="34.16555" lon="-119.186">
        <ele>7.3</ele>
      </trkpt>
      <trkpt lat="34.16529" lon="-119.186">
        <ele>7.1</ele>
      </trkpt>
      <trkpt lat="34.16519" lon="-119.186">
        <ele>7.1</ele>
      </trkpt>
      <trkpt lat="34.16336" lon="-119.18603">
        <ele>6.7</ele>
      </trkpt>
      <trkpt lat="34.16265" lon="-119.18604">
        <ele>6.7</ele>
      </trkpt>
      <trkpt lat="34.16147" lon="-119.18605">
        <ele>6.4</ele>
      </trkpt>
      <trkpt lat="34.16108" lon="-119.18606">
        <ele>6.7</ele>
      </trkpt>
      <trkpt lat="34.1608" lon="-119.18607">
        <ele>6.8</ele>
      </trkpt>
      <trkpt lat="34.16064" lon="-119.18607">
        <ele>6.8</ele>
      </trkpt>
      <trkpt lat="34.1603" lon="-119.18608">
        <ele>6.8</ele>
      </trkpt>
      <trkpt lat="34.15964" lon="-119.18609">
        <ele>6.6</ele>
      </trkpt>
      <trkpt lat="34.15954" lon="-119.18609">
        <ele>6.5</ele>
      </trkpt>
      <trkpt lat="34.15918" lon="-119.18609">
        <ele>6.4</ele>
      </trkpt>
      <trkpt lat="34.15834" lon="-119.1861">
        <ele>6.1</ele>
      </trkpt>
      <trkpt lat="34.15798" lon="-119.1861">
        <ele>6.1</ele>
      </trkpt>
      <trkpt lat="34.15716" lon="-119.18611">
        <ele>6.1</ele>
      </trkpt>
      <trkpt lat="34.15642" lon="-119.18612">
        <ele>6.0</ele>
      </trkpt>
      <trkpt lat="34.15549" lon="-119.18613">
        <ele>5.8</ele>
      </trkpt>
      <trkpt lat="34.15523" lon="-119.18614">
        <ele>5.8</ele>
      </trkpt>
      <trkpt lat="34.1549" lon="-119.18614">
        <ele>5.7</ele>
      </trkpt>
      <trkpt lat="34.15481" lon="-119.18614">
        <ele>5.7</ele>
      </trkpt>
      <trkpt lat="34.15475" lon="-119.18613">
        <ele>5.7</ele>
      </trkpt>
      <trkpt lat="34.15449" lon="-119.18613">
        <ele>5.6</ele>
      </trkpt>
      <trkpt lat="34.15399" lon="-119.18614">
        <ele>5.5</ele>
      </trkpt>
      <trkpt lat="34.15384" lon="-119.18614">
        <ele>5.5</ele>
      </trkpt>
      <trkpt lat="34.15189" lon="-119.18617">
        <ele>4.8</ele>
      </trkpt>
      <trkpt lat="34.15154" lon="-119.18617">
        <ele>4.5</ele>
      </trkpt>
      <trkpt lat="34.15145" lon="-119.18618">
        <ele>4.4</ele>
      </trkpt>
      <trkpt lat="34.1514" lon="-119.18618">
        <ele>4.4</ele>
      </trkpt>
      <trkpt lat="34.15132" lon="-119.18619">
        <ele>4.2</ele>
      </trkpt>
      <trkpt lat="34.15125" lon="-119.18621">
        <ele>4.1</ele>
      </trkpt>
      <trkpt lat="34.15114" lon="-119.18623">
        <ele>4.0</ele>
      </trkpt>
      <trkpt lat="34.15043" lon="-119.18624">
        <ele>3.9</ele>
      </trkpt>
      <trkpt lat="34.14939" lon="-119.18625">
        <ele>4.4</ele>
      </trkpt>
      <trkpt lat="34.14878" lon="-119.18626">
        <ele>4.5</ele>
      </trkpt>
      <trkpt lat="34.14842" lon="-119.18627">
        <ele>4.5</ele>
      </trkpt>
      <trkpt lat="34.14842" lon="-119.18627">
        <ele>4.5</ele>
      </trkpt>
      <trkpt lat="34.14813" lon="-119.18627">
        <ele>4.5</ele>
      </trkpt>
      <trkpt lat="34.14759" lon="-119.18628">
        <ele>4.3</ele>
      </trkpt>
      <trkpt lat="34.14745" lon="-119.18626">
        <ele>4.3</ele>
      </trkpt>
      <trkpt lat="34.14745" lon="-119.18626">
        <ele>4.3</ele>
      </trkpt>
      <trkpt lat="34.14745" lon="-119.18618">
        <ele>4.3</ele>
      </trkpt>
      <trkpt lat="34.14745" lon="-119.18595">
        <ele>4.4</ele>
      </trkpt>
      <trkpt lat="34.14745" lon="-119.18586">
        <ele>4.4</ele>
      </trkpt>
      <trkpt lat="34.14745" lon="-119.18576">
        <ele>4.4</ele>
      </trkpt>
      <trkpt lat="34.14745" lon="-119.18545">
        <ele>4.5</ele>
      </trkpt>
      <trkpt lat="34.14744" lon="-119.18468">
        <ele>4.6</ele>
      </trkpt>
      <trkpt lat="34.14744" lon="-119.18445">
        <ele>4.6</ele>
      </trkpt>
      <trkpt lat="34.14744" lon="-119.18393">
        <ele>4.6</ele>
      </trkpt>
      <trkpt lat="34.14744" lon="-119.18379">
        <ele>4.6</ele>
      </trkpt>
      <trkpt lat="34.14743" lon="-119.18296">
        <ele>4.7</ele>
      </trkpt>
      <trkpt lat="34.14743" lon="-119.18265">
        <ele>4.7</ele>
      </trkpt>
      <trkpt lat="34.14742" lon="-119.18252">
        <ele>4.6</ele>
      </trkpt>
      <trkpt lat="34.14742" lon="-119.18238">
        <ele>4.6</ele>
      </trkpt>
      <trkpt lat="34.14741" lon="-119.18024">
        <ele>4.6</ele>
      </trkpt>
      <trkpt lat="34.1474" lon="-119.17948">
        <ele>4.6</ele>
      </trkpt>
      <trkpt lat="34.14739" lon="-119.17866">
        <ele>4.5</ele>
      </trkpt>
      <trkpt lat="34.14739" lon="-119.17866">
        <ele>4.5</ele>
      </trkpt>
      <trkpt lat="34.14739" lon="-119.1779">
        <ele>4.4</ele>
      </trkpt>
      <trkpt lat="34.14739" lon="-119.17779">
        <ele>4.4</ele>
      </trkpt>
      <trkpt lat="34.1474" lon="-119.17681">
        <ele>4.2</ele>
      </trkpt>
      <trkpt lat="34.14741" lon="-119.17611">
        <ele>4.0</ele>
      </trkpt>
      <trkpt lat="34.14746" lon="-119.17599">
        <ele>4.1</ele>
      </trkpt>
      <trkpt lat="34.14746" lon="-119.17524">
        <ele>4.1</ele>
      </trkpt>
      <trkpt lat="34.14741" lon="-119.17515">
        <ele>4.1</ele>
      </trkpt>
      <trkpt lat="34.14739" lon="-119.17508">
        <ele>4.0</ele>
      </trkpt>
      <trkpt lat="34.14739" lon="-119.17505">
        <ele>4.0</ele>
      </trkpt>
      <trkpt lat="34.14739" lon="-119.17486">
        <ele>4.0</ele>
      </trkpt>
      <trkpt lat="34.1474" lon="-119.17464">
        <ele>3.9</ele>
      </trkpt>
      <trkpt lat="34.14738" lon="-119.17454">
        <ele>3.9</ele>
      </trkpt>
      <trkpt lat="34.14738" lon="-119.17406">
        <ele>3.5</ele>
      </trkpt>
      <trkpt lat="34.14736" lon="-119.17343">
        <ele>3.8</ele>
      </trkpt>
      <trkpt lat="34.14734" lon="-119.17294">
        <ele>3.9</ele>
      </trkpt>
      <trkpt lat="34.14734" lon="-119.17226">
        <ele>4.0</ele>
      </trkpt>
      <trkpt lat="34.14732" lon="-119.16961">
        <ele>4.7</ele>
      </trkpt>
      <trkpt lat="34.1473" lon="-119.16943">
        <ele>4.7</ele>
      </trkpt>
      <trkpt lat="34.14731" lon="-119.16853">
        <ele>5.0</ele>
      </trkpt>
      <trkpt lat="34.1473" lon="-119.16744">
        <ele>5.3</ele>
      </trkpt>
      <trkpt lat="34.1473" lon="-119.16661">
        <ele>5.3</ele>
      </trkpt>
      <trkpt lat="34.14739" lon="-119.16649">
        <ele>5.3</ele>
      </trkpt>
      <trkpt lat="34.14738" lon="-119.16581">
        <ele>5.4</ele>
      </trkpt>
      <trkpt lat="34.14737" lon="-119.16559">
        <ele>5.4</ele>
      </trkpt>
      <trkpt lat="34.14736" lon="-119.1655">
        <ele>5.4</ele>
      </trkpt>
      <trkpt lat="34.14735" lon="-119.16474">
        <ele>5.3</ele>
      </trkpt>
      <trkpt lat="34.14735" lon="-119.16468">
        <ele>5.3</ele>
      </trkpt>
      <trkpt lat="34.14735" lon="-119.16404">
        <ele>5.4</ele>
      </trkpt>
      <trkpt lat="34.14734" lon="-119.16219">
        <ele>5.5</ele>
      </trkpt>
      <trkpt lat="34.14735" lon="-119.16207">
        <ele>5.5</ele>
      </trkpt>
      <trkpt lat="34.14732" lon="-119.16011">
        <ele>5.7</ele>
      </trkpt>
      <trkpt lat="34.14731" lon="-119.15817">
        <ele>5.9</ele>
      </trkpt>
      <trkpt lat="34.14731" lon="-119.15789">
        <ele>5.9</ele>
      </trkpt>
      <trkpt lat="34.1473" lon="-119.15702">
        <ele>6.0</ele>
      </trkpt>
      <trkpt lat="34.1473" lon="-119.15615">
        <ele>6.1</ele>
      </trkpt>
      <trkpt lat="34.14729" lon="-119.15572">
        <ele>6.2</ele>
      </trkpt>
      <trkpt lat="34.14729" lon="-119.15528">
        <ele>6.2</ele>
      </trkpt>
      <trkpt lat="34.14729" lon="-119.15498">
        <ele>6.2</ele>
      </trkpt>
      <trkpt lat="34.14728" lon="-119.15437">
        <ele>6.3</ele>
      </trkpt>
      <trkpt lat="34.14728" lon="-119.15413">
        <ele>6.3</ele>
      </trkpt>
      <trkpt lat="34.14727" lon="-119.15346">
        <ele>6.3</ele>
      </trkpt>
      <trkpt lat="34.14728" lon="-119.15284">
        <ele>6.4</ele>
      </trkpt>
      <trkpt lat="34.14727" lon="-119.15224">
        <ele>6.4</ele>
      </trkpt>
      <trkpt lat="34.14727" lon="-119.15187">
        <ele>6.4</ele>
      </trkpt>
      <trkpt lat="34.14727" lon="-119.15115">
        <ele>6.5</ele>
      </trkpt>
      <trkpt lat="34.14727" lon="-119.15095">
        <ele>6.5</ele>
      </trkpt>
      <trkpt lat="34.14727" lon="-119.15072">
        <ele>6.5</ele>
      </trkpt>
      <trkpt lat="34.14726" lon="-119.14963">
        <ele>6.5</ele>
      </trkpt>
      <trkpt lat="34.14726" lon="-119.1493">
        <ele>6.5</ele>
      </trkpt>
      <trkpt lat="34.14726" lon="-119.14893">
        <ele>6.5</ele>
      </trkpt>
      <trkpt lat="34.14725" lon="-119.14819">
        <ele>6.5</ele>
      </trkpt>
      <trkpt lat="34.14723" lon="-119.14606">
        <ele>6.8</ele>
      </trkpt>
      <trkpt lat="34.14723" lon="-119.14456">
        <ele>6.9</ele>
      </trkpt>
      <trkpt lat="34.14722" lon="-119.1438">
        <ele>6.9</ele>
      </trkpt>
      <trkpt lat="34.14721" lon="-119.143">
        <ele>6.8</ele>
      </trkpt>
      <trkpt lat="34.1472" lon="-119.14134">
        <ele>6.8</ele>
      </trkpt>
      <trkpt lat="34.14718" lon="-119.14017">
        <ele>6.8</ele>
      </trkpt>
      <trkpt lat="34.14718" lon="-119.14002">
        <ele>6.8</ele>
      </trkpt>
      <trkpt lat="34.1472" lon="-119.13976">
        <ele>6.7</ele>
      </trkpt>
      <trkpt lat="34.14713" lon="-119.13945">
        <ele>6.5</ele>
      </trkpt>
      <trkpt lat="34.14712" lon="-119.13884">
        <ele>6.3</ele>
      </trkpt>
      <trkpt lat="34.14713" lon="-119.13836">
        <ele>6.2</ele>
      </trkpt>
      <trkpt lat="34.14712" lon="-119.13741">
        <ele>5.9</ele>
      </trkpt>
      <trkpt lat="34.14712" lon="-119.13698">
        <ele>5.9</ele>
      </trkpt>
      <trkpt lat="34.1471" lon="-119.13686">
        <ele>5.8</ele>
      </trkpt>
      <trkpt lat="34.1471" lon="-119.13628">
        <ele>5.7</ele>
      </trkpt>
      <trkpt lat="34.1471" lon="-119.13627">
        <ele>5.7</ele>
      </trkpt>
      <trkpt lat="34.14711" lon="-119.13627">
        <ele>5.7</ele>
      </trkpt>
      <trkpt lat="34.14715" lon="-119.13623">
        <ele>5.7</ele>
      </trkpt>
      <trkpt lat="34.14714" lon="-119.13562">
        <ele>5.6</ele>
      </trkpt>
      <trkpt lat="34.14713" lon="-119.1347">
        <ele>5.5</ele>
      </trkpt>
      <trkpt lat="34.14713" lon="-119.13419">
        <ele>5.5</ele>
      </trkpt>
      <trkpt lat="34.14714" lon="-119.13405">
        <ele>5.5</ele>
      </trkpt>
      <trkpt lat="34.14714" lon="-119.13401">
        <ele>5.5</ele>
      </trkpt>
      <trkpt lat="34.14715" lon="-119.13267">
        <ele>5.4</ele>
      </trkpt>
      <trkpt lat="34.14713" lon="-119.1315">
        <ele>5.4</ele>
      </trkpt>
      <trkpt lat="34.14712" lon="-119.13132">
        <ele>5.5</ele>
      </trkpt>
      <trkpt lat="34.1471" lon="-119.12828">
        <ele>5.8</ele>
      </trkpt>
      <trkpt lat="34.14709" lon="-119.12707">
        <ele>5.9</ele>
      </trkpt>
      <trkpt lat="34.14707" lon="-119.12502">
        <ele>5.9</ele>
      </trkpt>
      <trkpt lat="34.14707" lon="-119.12342">
        <ele>5.8</ele>
      </trkpt>
      <trkpt lat="34.14708" lon="-119.12332">
        <ele>5.7</ele>
      </trkpt>
      <trkpt lat="34.14707" lon="-119.12264">
        <ele>5.7</ele>
      </trkpt>
      <trkpt lat="34.14706" lon="-119.12177">
        <ele>5.6</ele>
      </trkpt>
      <trkpt lat="34.14705" lon="-119.12047">
        <ele>5.6</ele>
      </trkpt>
      <trkpt lat="34.14705" lon="-119.12025">
        <ele>5.5</ele>
      </trkpt>
      <trkpt lat="34.14703" lon="-119.11837">
        <ele>5.4</ele>
      </trkpt>
      <trkpt lat="34.14703" lon="-119.11834">
        <ele>5.4</ele>
      </trkpt>
      <trkpt lat="34.14703" lon="-119.11814">
        <ele>5.3</ele>
      </trkpt>
      <trkpt lat="34.14701" lon="-119.11688">
        <ele>5.3</ele>
      </trkpt>
      <trkpt lat="34.14701" lon="-119.11631">
        <ele>5.3</ele>
      </trkpt>
      <trkpt lat="34.147" lon="-119.11609">
        <ele>5.3</ele>
      </trkpt>
      <trkpt lat="34.147" lon="-119.11544">
        <ele>5.3</ele>
      </trkpt>
      <trkpt lat="34.14698" lon="-119.11435">
        <ele>5.5</ele>
      </trkpt>
      <trkpt lat="34.14697" lon="-119.11305">
        <ele>5.6</ele>
      </trkpt>
      <trkpt lat="34.14696" lon="-119.11264">
        <ele>5.6</ele>
      </trkpt>
      <trkpt lat="34.14696" lon="-119.11264">
        <ele>5.6</ele>
      </trkpt>
      <trkpt lat="34.14687" lon="-119.11259">
        <ele>5.6</ele>
      </trkpt>
      <trkpt lat="34.14683" lon="-119.11257">
        <ele>5.6</ele>
      </trkpt>
      <trkpt lat="34.1468" lon="-119.11255">
        <ele>5.6</ele>
      </trkpt>
      <trkpt lat="34.14676" lon="-119.11253">
        <ele>5.6</ele>
      </trkpt>
      <trkpt lat="34.14674" lon="-119.11252">
        <ele>5.6</ele>
      </trkpt>
      <trkpt lat="34.14666" lon="-119.1124">
        <ele>5.5</ele>
      </trkpt>
      <trkpt lat="34.1466" lon="-119.11232">
        <ele>5.5</ele>
      </trkpt>
      <trkpt lat="34.14641" lon="-119.11201">
        <ele>5.5</ele>
      </trkpt>
      <trkpt lat="34.1454" lon="-119.11049">
        <ele>5.5</ele>
      </trkpt>
      <trkpt lat="34.14514" lon="-119.11007">
        <ele>5.5</ele>
      </trkpt>
      <trkpt lat="34.14473" lon="-119.10955">
        <ele>5.4</ele>
      </trkpt>
      <trkpt lat="34.14398" lon="-119.10867">
        <ele>5.4</ele>
      </trkpt>
      <trkpt lat="34.14329" lon="-119.10789">
        <ele>5.3</ele>
      </trkpt>
      <trkpt lat="34.14255" lon="-119.10705">
        <ele>5.3</ele>
      </trkpt>
      <trkpt lat="34.14228" lon="-119.10675">
        <ele>5.2</ele>
      </trkpt>
      <trkpt lat="34.14216" lon="-119.10659">
        <ele>5.2</ele>
      </trkpt>
      <trkpt lat="34.14116" lon="-119.1054">
        <ele>5.3</ele>
      </trkpt>
      <trkpt lat="34.14054" lon="-119.10472">
        <ele>5.3</ele>
      </trkpt>
      <trkpt lat="34.14047" lon="-119.10467">
        <ele>5.3</ele>
      </trkpt>
      <trkpt lat="34.1403" lon="-119.10454">
        <ele>5.3</ele>
      </trkpt>
      <trkpt lat="34.1402" lon="-119.1044">
        <ele>5.3</ele>
      </trkpt>
      <trkpt lat="34.14009" lon="-119.1043">
        <ele>5.3</ele>
      </trkpt>
      <trkpt lat="34.13986" lon="-119.10411">
        <ele>5.3</ele>
      </trkpt>
      <trkpt lat="34.13963" lon="-119.10393">
        <ele>5.3</ele>
      </trkpt>
      <trkpt lat="34.13952" lon="-119.10385">
        <ele>5.3</ele>
      </trkpt>
      <trkpt lat="34.13943" lon="-119.10379">
        <ele>5.3</ele>
      </trkpt>
      <trkpt lat="34.13934" lon="-119.10372">
        <ele>5.3</ele>
      </trkpt>
      <trkpt lat="34.13879" lon="-119.10327">
        <ele>5.3</ele>
      </trkpt>
      <trkpt lat="34.13815" lon="-119.10276">
        <ele>5.3</ele>
      </trkpt>
      <trkpt lat="34.13734" lon="-119.1021">
        <ele>5.3</ele>
      </trkpt>
      <trkpt lat="34.13721" lon="-119.10199">
        <ele>5.2</ele>
      </trkpt>
      <trkpt lat="34.13714" lon="-119.10193">
        <ele>5.2</ele>
      </trkpt>
      <trkpt lat="34.13706" lon="-119.10187">
        <ele>5.2</ele>
      </trkpt>
      <trkpt lat="34.13699" lon="-119.10181">
        <ele>5.1</ele>
      </trkpt>
      <trkpt lat="34.13653" lon="-119.10145">
        <ele>4.8</ele>
      </trkpt>
      <trkpt lat="34.13628" lon="-119.10129">
        <ele>4.6</ele>
      </trkpt>
      <trkpt lat="34.13616" lon="-119.10122">
        <ele>4.5</ele>
      </trkpt>
      <trkpt lat="34.13614" lon="-119.10121">
        <ele>4.5</ele>
      </trkpt>
      <trkpt lat="34.13597" lon="-119.10112">
        <ele>4.4</ele>
      </trkpt>
      <trkpt lat="34.13576" lon="-119.10103">
        <ele>4.3</ele>
      </trkpt>
      <trkpt lat="34.13564" lon="-119.10098">
        <ele>4.2</ele>
      </trkpt>
      <trkpt lat="34.13543" lon="-119.10093">
        <ele>4.2</ele>
      </trkpt>
      <trkpt lat="34.13532" lon="-119.1009">
        <ele>4.2</ele>
      </trkpt>
      <trkpt lat="34.13519" lon="-119.10087">
        <ele>4.1</ele>
      </trkpt>
      <trkpt lat="34.13507" lon="-119.10086">
        <ele>4.1</ele>
      </trkpt>
      <trkpt lat="34.13489" lon="-119.10084">
        <ele>4.1</ele>
      </trkpt>
      <trkpt lat="34.13478" lon="-119.10084">
        <ele>4.0</ele>
      </trkpt>
      <trkpt lat="34.13461" lon="-119.10084">
        <ele>4.0</ele>
      </trkpt>
      <trkpt lat="34.13446" lon="-119.10086">
        <ele>3.9</ele>
      </trkpt>
      <trkpt lat="34.13425" lon="-119.10089">
        <ele>3.9</ele>
      </trkpt>
      <trkpt lat="34.13413" lon="-119.10092">
        <ele>3.9</ele>
      </trkpt>
      <trkpt lat="34.1339" lon="-119.10098">
        <ele>3.8</ele>
      </trkpt>
      <trkpt lat="34.13385" lon="-119.10099">
        <ele>3.8</ele>
      </trkpt>
      <trkpt lat="34.13381" lon="-119.10101">
        <ele>3.8</ele>
      </trkpt>
      <trkpt lat="34.13377" lon="-119.10102">
        <ele>3.8</ele>
      </trkpt>
      <trkpt lat="34.13363" lon="-119.10107">
        <ele>3.8</ele>
      </trkpt>
      <trkpt lat="34.13345" lon="-119.10113">
        <ele>3.8</ele>
      </trkpt>
      <trkpt lat="34.13337" lon="-119.10114">
        <ele>3.8</ele>
      </trkpt>
      <trkpt lat="34.13329" lon="-119.10115">
        <ele>3.7</ele>
      </trkpt>
      <trkpt lat="34.13321" lon="-119.10114">
        <ele>3.7</ele>
      </trkpt>
      <trkpt lat="34.13311" lon="-119.10111">
        <ele>3.7</ele>
      </trkpt>
      <trkpt lat="34.13297" lon="-119.101">
        <ele>3.7</ele>
      </trkpt>
      <trkpt lat="34.13289" lon="-119.10096">
        <ele>3.7</ele>
      </trkpt>
      <trkpt lat="34.132717" lon="-119.100819">
        <ele>3.7</ele>
      </trkpt>
      <trkpt lat="34.132699" lon="-119.100804">
        <ele>3.7</ele>
      </trkpt>
      <trkpt lat="34.13257" lon="-119.1007">
        <ele>3.7</ele>
      </trkpt>
      <trkpt lat="34.13227" lon="-119.10045">
        <ele>3.7</ele>
      </trkpt>
      <trkpt lat="34.13211" lon="-119.10032">
        <ele>3.7</ele>
      </trkpt>
      <trkpt lat="34.13197" lon="-119.10021">
        <ele>3.7</ele>
      </trkpt>
      <trkpt lat="34.13197" lon="-119.10021">
        <ele>3.7</ele>
      </trkpt>
      <trkpt lat="34.13186" lon="-119.10012">
        <ele>3.7</ele>
      </trkpt>
      <trkpt lat="34.13176" lon="-119.10003">
        <ele>3.7</ele>
      </trkpt>
      <trkpt lat="34.13169" lon="-119.09996">
        <ele>3.7</ele>
      </trkpt>
      <trkpt lat="34.13165" lon="-119.09989">
        <ele>3.7</ele>
      </trkpt>
      <trkpt lat="34.1316" lon="-119.09982">
        <ele>3.7</ele>
      </trkpt>
      <trkpt lat="34.13157" lon="-119.09976">
        <ele>3.7</ele>
      </trkpt>
      <trkpt lat="34.13155" lon="-119.09971">
        <ele>3.7</ele>
      </trkpt>
      <trkpt lat="34.13153" lon="-119.09965">
        <ele>3.7</ele>
      </trkpt>
      <trkpt lat="34.13152" lon="-119.09954">
        <ele>3.7</ele>
      </trkpt>
      <trkpt lat="34.13152" lon="-119.09945">
        <ele>3.7</ele>
      </trkpt>
      <trkpt lat="34.13152" lon="-119.09935">
        <ele>3.7</ele>
      </trkpt>
      <trkpt lat="34.13152" lon="-119.09921">
        <ele>3.7</ele>
      </trkpt>
      <trkpt lat="34.13153" lon="-119.09883">
        <ele>3.7</ele>
      </trkpt>
      <trkpt lat="34.13153" lon="-119.09882">
        <ele>3.7</ele>
      </trkpt>
      <trkpt lat="34.13154" lon="-119.09859">
        <ele>3.7</ele>
      </trkpt>
      <trkpt lat="34.13153" lon="-119.09845">
        <ele>3.7</ele>
      </trkpt>
      <trkpt lat="34.13151" lon="-119.09832">
        <ele>3.7</ele>
      </trkpt>
      <trkpt lat="34.13149" lon="-119.0982">
        <ele>3.7</ele>
      </trkpt>
      <trkpt lat="34.13147" lon="-119.09809">
        <ele>3.7</ele>
      </trkpt>
      <trkpt lat="34.13146" lon="-119.09805">
        <ele>3.7</ele>
      </trkpt>
      <trkpt lat="34.13144" lon="-119.09795">
        <ele>3.7</ele>
      </trkpt>
      <trkpt lat="34.1314" lon="-119.09784">
        <ele>3.7</ele>
      </trkpt>
      <trkpt lat="34.13139" lon="-119.0978">
        <ele>3.7</ele>
      </trkpt>
      <trkpt lat="34.13129" lon="-119.09758">
        <ele>3.7</ele>
      </trkpt>
      <trkpt lat="34.13117" lon="-119.09737">
        <ele>3.7</ele>
      </trkpt>
      <trkpt lat="34.13109" lon="-119.09725">
        <ele>3.7</ele>
      </trkpt>
      <trkpt lat="34.13096" lon="-119.09709">
        <ele>3.7</ele>
      </trkpt>
      <trkpt lat="34.13089" lon="-119.09701">
        <ele>3.8</ele>
      </trkpt>
      <trkpt lat="34.13087" lon="-119.097">
        <ele>3.8</ele>
      </trkpt>
      <trkpt lat="34.13084" lon="-119.09697">
        <ele>3.8</ele>
      </trkpt>
      <trkpt lat="34.13077" lon="-119.0969">
        <ele>3.8</ele>
      </trkpt>
      <trkpt lat="34.12994" lon="-119.09624">
        <ele>3.7</ele>
      </trkpt>
      <trkpt lat="34.12934" lon="-119.09576">
        <ele>3.7</ele>
      </trkpt>
      <trkpt lat="34.12906" lon="-119.09553">
        <ele>3.7</ele>
      </trkpt>
      <trkpt lat="34.12899" lon="-119.09548">
        <ele>3.7</ele>
      </trkpt>
      <trkpt lat="34.12814" lon="-119.09479">
        <ele>3.7</ele>
      </trkpt>
      <trkpt lat="34.12768" lon="-119.09444">
        <ele>3.7</ele>
      </trkpt>
      <trkpt lat="34.12762" lon="-119.09439">
        <ele>3.7</ele>
      </trkpt>
      <trkpt lat="34.12724" lon="-119.09409">
        <ele>3.7</ele>
      </trkpt>
      <trkpt lat="34.1266" lon="-119.09356">
        <ele>3.7</ele>
      </trkpt>
      <trkpt lat="34.12598" lon="-119.09306">
        <ele>3.7</ele>
      </trkpt>
      <trkpt lat="34.12589" lon="-119.093">
        <ele>3.7</ele>
      </trkpt>
      <trkpt lat="34.12589" lon="-119.093">
        <ele>3.7</ele>
      </trkpt>
      <trkpt lat="34.12583" lon="-119.09294">
        <ele>3.7</ele>
      </trkpt>
      <trkpt lat="34.12573" lon="-119.09287">
        <ele>3.7</ele>
      </trkpt>
      <trkpt lat="34.1257" lon="-119.09284">
        <ele>3.7</ele>
      </trkpt>
      <trkpt lat="34.12568" lon="-119.09283">
        <ele>3.7</ele>
      </trkpt>
      <trkpt lat="34.12546" lon="-119.09267">
        <ele>3.7</ele>
      </trkpt>
      <trkpt lat="34.12462" lon="-119.092">
        <ele>3.7</ele>
      </trkpt>
      <trkpt lat="34.12387" lon="-119.09138">
        <ele>3.8</ele>
      </trkpt>
      <trkpt lat="34.1235" lon="-119.09109">
        <ele>3.8</ele>
      </trkpt>
      <trkpt lat="34.12329" lon="-119.09093">
        <ele>3.8</ele>
      </trkpt>
      <trkpt lat="34.12314" lon="-119.09081">
        <ele>3.8</ele>
      </trkpt>
      <trkpt lat="34.12307" lon="-119.09076">
        <ele>3.8</ele>
      </trkpt>
      <trkpt lat="34.12289" lon="-119.09065">
        <ele>3.8</ele>
      </trkpt>
      <trkpt lat="34.12273" lon="-119.09054">
        <ele>3.8</ele>
      </trkpt>
      <trkpt lat="34.12272" lon="-119.09053">
        <ele>3.8</ele>
      </trkpt>
      <trkpt lat="34.12272" lon="-119.09053">
        <ele>3.8</ele>
      </trkpt>
      <trkpt lat="34.1227" lon="-119.09052">
        <ele>3.8</ele>
      </trkpt>
      <trkpt lat="34.12258" lon="-119.09044">
        <ele>3.8</ele>
      </trkpt>
      <trkpt lat="34.12228" lon="-119.09022">
        <ele>3.8</ele>
      </trkpt>
      <trkpt lat="34.12213" lon="-119.09008">
        <ele>3.8</ele>
      </trkpt>
      <trkpt lat="34.12212" lon="-119.09008">
        <ele>3.8</ele>
      </trkpt>
      <trkpt lat="34.12182" lon="-119.08983">
        <ele>3.8</ele>
      </trkpt>
      <trkpt lat="34.12167" lon="-119.0897">
        <ele>3.8</ele>
      </trkpt>
      <trkpt lat="34.12147" lon="-119.08954">
        <ele>3.8</ele>
      </trkpt>
      <trkpt lat="34.12147" lon="-119.08954">
        <ele>3.8</ele>
      </trkpt>
      <trkpt lat="34.12139" lon="-119.08948">
        <ele>3.8</ele>
      </trkpt>
      <trkpt lat="34.12079" lon="-119.08898">
        <ele>3.8</ele>
      </trkpt>
      <trkpt lat="34.12064" lon="-119.08886">
        <ele>3.8</ele>
      </trkpt>
      <trkpt lat="34.12015" lon="-119.08847">
        <ele>3.8</ele>
      </trkpt>
      <trkpt lat="34.11985" lon="-119.08826">
        <ele>3.8</ele>
      </trkpt>
      <trkpt lat="34.11955" lon="-119.08806">
        <ele>3.8</ele>
      </trkpt>
      <trkpt lat="34.11877" lon="-119.08757">
        <ele>3.8</ele>
      </trkpt>
      <trkpt lat="34.11875" lon="-119.08755">
        <ele>3.8</ele>
      </trkpt>
      <trkpt lat="34.11861" lon="-119.08746">
        <ele>3.8</ele>
      </trkpt>
      <trkpt lat="34.11859" lon="-119.08745">
        <ele>3.8</ele>
      </trkpt>
      <trkpt lat="34.1185" lon="-119.08739">
        <ele>3.8</ele>
      </trkpt>
      <trkpt lat="34.11845" lon="-119.08736">
        <ele>3.8</ele>
      </trkpt>
      <trkpt lat="34.11837" lon="-119.08731">
        <ele>3.8</ele>
      </trkpt>
      <trkpt lat="34.11793" lon="-119.08704">
        <ele>3.8</ele>
      </trkpt>
      <trkpt lat="34.11779" lon="-119.08698">
        <ele>3.8</ele>
      </trkpt>
      <trkpt lat="34.11766" lon="-119.08694">
        <ele>3.8</ele>
      </trkpt>
      <trkpt lat="34.11752" lon="-119.08691">
        <ele>3.8</ele>
      </trkpt>
      <trkpt lat="34.11738" lon="-119.0869">
        <ele>3.8</ele>
      </trkpt>
      <trkpt lat="34.11725" lon="-119.08691">
        <ele>3.8</ele>
      </trkpt>
      <trkpt lat="34.11717" lon="-119.08691">
        <ele>3.8</ele>
      </trkpt>
      <trkpt lat="34.11707" lon="-119.08693">
        <ele>3.8</ele>
      </trkpt>
      <trkpt lat="34.11705" lon="-119.08694">
        <ele>3.8</ele>
      </trkpt>
      <trkpt lat="34.11692" lon="-119.08697">
        <ele>3.8</ele>
      </trkpt>
      <trkpt lat="34.1168" lon="-119.08703">
        <ele>3.8</ele>
      </trkpt>
      <trkpt lat="34.11668" lon="-119.0871">
        <ele>3.8</ele>
      </trkpt>
      <trkpt lat="34.1165" lon="-119.08724">
        <ele>3.8</ele>
      </trkpt>
      <trkpt lat="34.11634" lon="-119.0874">
        <ele>3.8</ele>
      </trkpt>
      <trkpt lat="34.11616" lon="-119.08761">
        <ele>3.8</ele>
      </trkpt>
      <trkpt lat="34.11606" lon="-119.08777">
        <ele>3.8</ele>
      </trkpt>
      <trkpt lat="34.11599" lon="-119.08787">
        <ele>3.8</ele>
      </trkpt>
      <trkpt lat="34.11595" lon="-119.08792">
        <ele>3.8</ele>
      </trkpt>
      <trkpt lat="34.1159" lon="-119.08795">
        <ele>3.8</ele>
      </trkpt>
      <trkpt lat="34.11585" lon="-119.08797">
        <ele>3.8</ele>
      </trkpt>
      <trkpt lat="34.11579" lon="-119.08798">
        <ele>3.8</ele>
      </trkpt>
      <trkpt lat="34.11574" lon="-119.08798">
        <ele>3.8</ele>
      </trkpt>
      <trkpt lat="34.1157" lon="-119.08797">
        <ele>3.8</ele>
      </trkpt>
      <trkpt lat="34.11567" lon="-119.08795">
        <ele>3.8</ele>
      </trkpt>
      <trkpt lat="34.11549" lon="-119.08784">
        <ele>3.8</ele>
      </trkpt>
      <trkpt lat="34.11545" lon="-119.08781">
        <ele>3.8</ele>
      </trkpt>
      <trkpt lat="34.11545" lon="-119.08781">
        <ele>3.8</ele>
      </trkpt>
      <trkpt lat="34.11564" lon="-119.08746">
        <ele>3.8</ele>
      </trkpt>
      <trkpt lat="34.11566" lon="-119.08743">
        <ele>3.8</ele>
      </trkpt>
      <trkpt lat="34.11575" lon="-119.08725">
        <ele>3.8</ele>
      </trkpt>
      <trkpt lat="34.11579" lon="-119.08715">
        <ele>3.8</ele>
      </trkpt>
      <trkpt lat="34.11579" lon="-119.08715">
        <ele>3.8</ele>
      </trkpt>
      <trkpt lat="34.11581" lon="-119.08699">
        <ele>3.8</ele>
      </trkpt>
      <trkpt lat="34.11585" lon="-119.08683">
        <ele>3.8</ele>
      </trkpt>
      <trkpt lat="34.11588" lon="-119.08673">
        <ele>3.8</ele>
      </trkpt>
      <trkpt lat="34.1159" lon="-119.08663">
        <ele>3.8</ele>
      </trkpt>
      <trkpt lat="34.11592" lon="-119.08654">
        <ele>3.8</ele>
      </trkpt>
      <trkpt lat="34.11592" lon="-119.08652">
        <ele>3.8</ele>
      </trkpt>
      <trkpt lat="34.11594" lon="-119.08642">
        <ele>3.8</ele>
      </trkpt>
      <trkpt lat="34.11595" lon="-119.08633">
        <ele>3.8</ele>
      </trkpt>
      <trkpt lat="34.11595" lon="-119.0863">
        <ele>3.8</ele>
      </trkpt>
      <trkpt lat="34.11595" lon="-119.08621">
        <ele>3.8</ele>
      </trkpt>
      <trkpt lat="34.11595" lon="-119.08612">
        <ele>3.8</ele>
      </trkpt>
      <trkpt lat="34.11595" lon="-119.08608">
        <ele>3.8</ele>
      </trkpt>
      <trkpt lat="34.11595" lon="-119.086">
        <ele>3.8</ele>
      </trkpt>
      <trkpt lat="34.11595" lon="-119.0859">
        <ele>3.8</ele>
      </trkpt>
      <trkpt lat="34.11594" lon="-119.08587">
        <ele>3.8</ele>
      </trkpt>
      <trkpt lat="34.11593" lon="-119.0858">
        <ele>3.8</ele>
      </trkpt>
      <trkpt lat="34.11592" lon="-119.08573">
        <ele>3.8</ele>
      </trkpt>
      <trkpt lat="34.11591" lon="-119.08565">
        <ele>3.8</ele>
      </trkpt>
      <trkpt lat="34.1159" lon="-119.08562">
        <ele>3.8</ele>
      </trkpt>
      <trkpt lat="34.11588" lon="-119.08552">
        <ele>3.8</ele>
      </trkpt>
      <trkpt lat="34.11586" lon="-119.08545">
        <ele>3.8</ele>
      </trkpt>
      <trkpt lat="34.11584" lon="-119.08539">
        <ele>3.8</ele>
      </trkpt>
      <trkpt lat="34.11581" lon="-119.0853">
        <ele>3.8</ele>
      </trkpt>
      <trkpt lat="34.11578" lon="-119.0852">
        <ele>3.8</ele>
      </trkpt>
      <trkpt lat="34.11573" lon="-119.0851">
        <ele>3.8</ele>
      </trkpt>
      <trkpt lat="34.11569" lon="-119.08501">
        <ele>3.8</ele>
      </trkpt>
      <trkpt lat="34.11561" lon="-119.08487">
        <ele>3.8</ele>
      </trkpt>
      <trkpt lat="34.11561" lon="-119.08487">
        <ele>3.8</ele>
      </trkpt>
      <trkpt lat="34.11546" lon="-119.08468">
        <ele>3.8</ele>
      </trkpt>
      <trkpt lat="34.11536" lon="-119.08456">
        <ele>3.8</ele>
      </trkpt>
      <trkpt lat="34.11531" lon="-119.08452">
        <ele>3.8</ele>
      </trkpt>
      <trkpt lat="34.1153" lon="-119.08451">
        <ele>3.8</ele>
      </trkpt>
      <trkpt lat="34.11517" lon="-119.08438">
        <ele>3.8</ele>
      </trkpt>
      <trkpt lat="34.11516" lon="-119.08438">
        <ele>3.8</ele>
      </trkpt>
      <trkpt lat="34.11503" lon="-119.08426">
        <ele>3.8</ele>
      </trkpt>
      <trkpt lat="34.11502" lon="-119.08425">
        <ele>3.8</ele>
      </trkpt>
      <trkpt lat="34.11484" lon="-119.0841">
        <ele>3.8</ele>
      </trkpt>
      <trkpt lat="34.11458" lon="-119.08386">
        <ele>3.8</ele>
      </trkpt>
      <trkpt lat="34.11428" lon="-119.0836">
        <ele>3.8</ele>
      </trkpt>
      <trkpt lat="34.11417" lon="-119.0835">
        <ele>3.8</ele>
      </trkpt>
      <trkpt lat="34.11415" lon="-119.08348">
        <ele>3.8</ele>
      </trkpt>
      <trkpt lat="34.11414" lon="-119.08346">
        <ele>3.8</ele>
      </trkpt>
      <trkpt lat="34.11413" lon="-119.08344">
        <ele>3.8</ele>
      </trkpt>
      <trkpt lat="34.11405" lon="-119.0833">
        <ele>3.8</ele>
      </trkpt>
      <trkpt lat="34.11405" lon="-119.0833">
        <ele>3.8</ele>
      </trkpt>
      <trkpt lat="34.11378" lon="-119.08308">
        <ele>3.8</ele>
      </trkpt>
      <trkpt lat="34.11336" lon="-119.08274">
        <ele>3.8</ele>
      </trkpt>
      <trkpt lat="34.11326" lon="-119.08267">
        <ele>3.8</ele>
      </trkpt>
      <trkpt lat="34.11292" lon="-119.08239">
        <ele>3.8</ele>
      </trkpt>
      <trkpt lat="34.11269" lon="-119.08221">
        <ele>3.7</ele>
      </trkpt>
      <trkpt lat="34.11236" lon="-119.08195">
        <ele>3.6</ele>
      </trkpt>
      <trkpt lat="34.11182" lon="-119.08152">
        <ele>3.5</ele>
      </trkpt>
      <trkpt lat="34.11178" lon="-119.08149">
        <ele>3.5</ele>
      </trkpt>
      <trkpt lat="34.11177" lon="-119.08149">
        <ele>3.5</ele>
      </trkpt>
      <trkpt lat="34.11135" lon="-119.08117">
        <ele>3.6</ele>
      </trkpt>
      <trkpt lat="34.11097" lon="-119.08088">
        <ele>3.5</ele>
      </trkpt>
      <trkpt lat="34.1109" lon="-119.08082">
        <ele>3.5</ele>
      </trkpt>
      <trkpt lat="34.11052" lon="-119.08052">
        <ele>3.0</ele>
      </trkpt>
      <trkpt lat="34.1103" lon="-119.08035">
        <ele>2.9</ele>
      </trkpt>
      <trkpt lat="34.11019" lon="-119.08026">
        <ele>2.9</ele>
      </trkpt>
      <trkpt lat="34.11012" lon="-119.08022">
        <ele>2.9</ele>
      </trkpt>
      <trkpt lat="34.11001" lon="-119.0801">
        <ele>2.9</ele>
      </trkpt>
      <trkpt lat="34.10972" lon="-119.07994">
        <ele>2.9</ele>
      </trkpt>
      <trkpt lat="34.1096" lon="-119.07989">
        <ele>2.9</ele>
      </trkpt>
      <trkpt lat="34.10946" lon="-119.07982">
        <ele>2.9</ele>
      </trkpt>
      <trkpt lat="34.10917" lon="-119.07973">
        <ele>2.9</ele>
      </trkpt>
      <trkpt lat="34.10902" lon="-119.07968">
        <ele>3.0</ele>
      </trkpt>
      <trkpt lat="34.10888" lon="-119.07965">
        <ele>2.9</ele>
      </trkpt>
      <trkpt lat="34.10885" lon="-119.07964">
        <ele>2.9</ele>
      </trkpt>
      <trkpt lat="34.10832" lon="-119.0795">
        <ele>2.9</ele>
      </trkpt>
      <trkpt lat="34.10785" lon="-119.07938">
        <ele>2.9</ele>
      </trkpt>
      <trkpt lat="34.1074" lon="-119.07928">
        <ele>2.9</ele>
      </trkpt>
      <trkpt lat="34.10712" lon="-119.07927">
        <ele>2.8</ele>
      </trkpt>
      <trkpt lat="34.10674" lon="-119.07931">
        <ele>2.8</ele>
      </trkpt>
      <trkpt lat="34.10655" lon="-119.07935">
        <ele>2.9</ele>
      </trkpt>
      <trkpt lat="34.10654" lon="-119.07936">
        <ele>2.9</ele>
      </trkpt>
      <trkpt lat="34.10638" lon="-119.0794">
        <ele>2.9</ele>
      </trkpt>
      <trkpt lat="34.10637" lon="-119.07941">
        <ele>2.9</ele>
      </trkpt>
      <trkpt lat="34.10628" lon="-119.07944">
        <ele>2.9</ele>
      </trkpt>
      <trkpt lat="34.10623" lon="-119.07946">
        <ele>2.9</ele>
      </trkpt>
      <trkpt lat="34.1062" lon="-119.07947">
        <ele>2.9</ele>
      </trkpt>
      <trkpt lat="34.10608" lon="-119.07951">
        <ele>2.9</ele>
      </trkpt>
      <trkpt lat="34.10603" lon="-119.07953">
        <ele>2.9</ele>
      </trkpt>
      <trkpt lat="34.10602" lon="-119.07954">
        <ele>2.9</ele>
      </trkpt>
      <trkpt lat="34.10594" lon="-119.07957">
        <ele>2.9</ele>
      </trkpt>
      <trkpt lat="34.10569" lon="-119.07966">
        <ele>2.9</ele>
      </trkpt>
      <trkpt lat="34.10527" lon="-119.07981">
        <ele>2.9</ele>
      </trkpt>
      <trkpt lat="34.10481" lon="-119.07998">
        <ele>2.9</ele>
      </trkpt>
      <trkpt lat="34.10465" lon="-119.08004">
        <ele>2.9</ele>
      </trkpt>
      <trkpt lat="34.10425" lon="-119.08018">
        <ele>2.9</ele>
      </trkpt>
      <trkpt lat="34.10406" lon="-119.08025">
        <ele>2.9</ele>
      </trkpt>
      <trkpt lat="34.10396" lon="-119.08028">
        <ele>2.9</ele>
      </trkpt>
      <trkpt lat="34.10392" lon="-119.0803">
        <ele>2.9</ele>
      </trkpt>
      <trkpt lat="34.10379" lon="-119.08035">
        <ele>3.8</ele>
      </trkpt>
      <trkpt lat="34.10378" lon="-119.08035">
        <ele>3.9</ele>
      </trkpt>
      <trkpt lat="34.10341" lon="-119.08049">
        <ele>5.4</ele>
      </trkpt>
      <trkpt lat="34.1031" lon="-119.08061">
        <ele>5.1</ele>
      </trkpt>
      <trkpt lat="34.1028" lon="-119.08074">
        <ele>4.8</ele>
      </trkpt>
      <trkpt lat="34.10276" lon="-119.08076">
        <ele>4.8</ele>
      </trkpt>
      <trkpt lat="34.1025" lon="-119.08089">
        <ele>4.7</ele>
      </trkpt>
      <trkpt lat="34.10228" lon="-119.08099">
        <ele>4.8</ele>
      </trkpt>
      <trkpt lat="34.10218" lon="-119.08103">
        <ele>4.8</ele>
      </trkpt>
      <trkpt lat="34.10203" lon="-119.08107">
        <ele>4.9</ele>
      </trkpt>
      <trkpt lat="34.10193" lon="-119.08109">
        <ele>5.0</ele>
      </trkpt>
      <trkpt lat="34.10181" lon="-119.0811">
        <ele>5.1</ele>
      </trkpt>
      <trkpt lat="34.10168" lon="-119.0811">
        <ele>5.1</ele>
      </trkpt>
      <trkpt lat="34.10161" lon="-119.08109">
        <ele>5.2</ele>
      </trkpt>
      <trkpt lat="34.10157" lon="-119.08109">
        <ele>5.2</ele>
      </trkpt>
      <trkpt lat="34.10155" lon="-119.08108">
        <ele>5.2</ele>
      </trkpt>
      <trkpt lat="34.10151" lon="-119.08108">
        <ele>5.2</ele>
      </trkpt>
      <trkpt lat="34.10138" lon="-119.08105">
        <ele>5.2</ele>
      </trkpt>
      <trkpt lat="34.10128" lon="-119.08102">
        <ele>5.2</ele>
      </trkpt>
      <trkpt lat="34.1012" lon="-119.08098">
        <ele>5.3</ele>
      </trkpt>
      <trkpt lat="34.10113" lon="-119.08095">
        <ele>5.2</ele>
      </trkpt>
      <trkpt lat="34.10103" lon="-119.08089">
        <ele>5.3</ele>
      </trkpt>
      <trkpt lat="34.10092" lon="-119.08081">
        <ele>5.4</ele>
      </trkpt>
      <trkpt lat="34.1008" lon="-119.0807">
        <ele>5.4</ele>
      </trkpt>
      <trkpt lat="34.10072" lon="-119.08063">
        <ele>5.3</ele>
      </trkpt>
      <trkpt lat="34.10065" lon="-119.08054">
        <ele>5.3</ele>
      </trkpt>
      <trkpt lat="34.10057" lon="-119.08044">
        <ele>5.2</ele>
      </trkpt>
      <trkpt lat="34.10057" lon="-119.08044">
        <ele>5.2</ele>
      </trkpt>
      <trkpt lat="34.10056" lon="-119.08043">
        <ele>5.2</ele>
      </trkpt>
      <trkpt lat="34.10046" lon="-119.08027">
        <ele>5.2</ele>
      </trkpt>
      <trkpt lat="34.10025" lon="-119.07995">
        <ele>5.0</ele>
      </trkpt>
      <trkpt lat="34.10016" lon="-119.07982">
        <ele>5.0</ele>
      </trkpt>
      <trkpt lat="34.09996" lon="-119.07959">
        <ele>5.1</ele>
      </trkpt>
      <trkpt lat="34.09987" lon="-119.07947">
        <ele>5.2</ele>
      </trkpt>
      <trkpt lat="34.09984" lon="-119.07943">
        <ele>5.2</ele>
      </trkpt>
      <trkpt lat="34.09972" lon="-119.07926">
        <ele>5.4</ele>
      </trkpt>
      <trkpt lat="34.09961" lon="-119.07913">
        <ele>5.5</ele>
      </trkpt>
      <trkpt lat="34.09957" lon="-119.07907">
        <ele>5.6</ele>
      </trkpt>
      <trkpt lat="34.09924" lon="-119.07863">
        <ele>5.1</ele>
      </trkpt>
      <trkpt lat="34.09906" lon="-119.0784">
        <ele>4.9</ele>
      </trkpt>
      <trkpt lat="34.09892" lon="-119.07821">
        <ele>4.8</ele>
      </trkpt>
      <trkpt lat="34.09887" lon="-119.07814">
        <ele>4.8</ele>
      </trkpt>
      <trkpt lat="34.09876" lon="-119.07799">
        <ele>4.8</ele>
      </trkpt>
      <trkpt lat="34.09875" lon="-119.07797">
        <ele>4.8</ele>
      </trkpt>
      <trkpt lat="34.09861" lon="-119.07777">
        <ele>4.6</ele>
      </trkpt>
      <trkpt lat="34.09855" lon="-119.07768">
        <ele>4.5</ele>
      </trkpt>
      <trkpt lat="34.09852" lon="-119.07764">
        <ele>4.5</ele>
      </trkpt>
      <trkpt lat="34.09847" lon="-119.07756">
        <ele>4.4</ele>
      </trkpt>
      <trkpt lat="34.09845" lon="-119.07752">
        <ele>4.4</ele>
      </trkpt>
      <trkpt lat="34.09843" lon="-119.07745">
        <ele>4.4</ele>
      </trkpt>
      <trkpt lat="34.09805" lon="-119.07684">
        <ele>3.3</ele>
      </trkpt>
      <trkpt lat="34.09783" lon="-119.07648">
        <ele>3.3</ele>
      </trkpt>
      <trkpt lat="34.0978" lon="-119.07643">
        <ele>3.4</ele>
      </trkpt>
      <trkpt lat="34.09773" lon="-119.0763">
        <ele>3.4</ele>
      </trkpt>
      <trkpt lat="34.09759" lon="-119.07604">
        <ele>3.3</ele>
      </trkpt>
      <trkpt lat="34.09734" lon="-119.07558">
        <ele>3.3</ele>
      </trkpt>
      <trkpt lat="34.09712" lon="-119.07517">
        <ele>3.2</ele>
      </trkpt>
      <trkpt lat="34.09684" lon="-119.07465">
        <ele>3.5</ele>
      </trkpt>
      <trkpt lat="34.09655" lon="-119.07412">
        <ele>4.0</ele>
      </trkpt>
      <trkpt lat="34.09614" lon="-119.07336">
        <ele>5.4</ele>
      </trkpt>
      <trkpt lat="34.09583" lon="-119.07279">
        <ele>5.4</ele>
      </trkpt>
      <trkpt lat="34.09564" lon="-119.07243">
        <ele>5.6</ele>
      </trkpt>
      <trkpt lat="34.09555" lon="-119.07227">
        <ele>5.3</ele>
      </trkpt>
      <trkpt lat="34.09546" lon="-119.07209">
        <ele>5.0</ele>
      </trkpt>
      <trkpt lat="34.09537" lon="-119.0719">
        <ele>4.9</ele>
      </trkpt>
      <trkpt lat="34.0953" lon="-119.07172">
        <ele>5.2</ele>
      </trkpt>
      <trkpt lat="34.0952" lon="-119.07145">
        <ele>5.8</ele>
      </trkpt>
      <trkpt lat="34.09515" lon="-119.07128">
        <ele>6.3</ele>
      </trkpt>
      <trkpt lat="34.0951" lon="-119.07111">
        <ele>6.1</ele>
      </trkpt>
      <trkpt lat="34.09509" lon="-119.0711">
        <ele>5.8</ele>
      </trkpt>
      <trkpt lat="34.09508" lon="-119.07107">
        <ele>5.9</ele>
      </trkpt>
      <trkpt lat="34.09502" lon="-119.07086">
        <ele>6.3</ele>
      </trkpt>
      <trkpt lat="34.09498" lon="-119.07072">
        <ele>5.9</ele>
      </trkpt>
      <trkpt lat="34.09493" lon="-119.07058">
        <ele>6.0</ele>
      </trkpt>
      <trkpt lat="34.09487" lon="-119.07041">
        <ele>5.8</ele>
      </trkpt>
      <trkpt lat="34.0948" lon="-119.07026">
        <ele>5.7</ele>
      </trkpt>
      <trkpt lat="34.09474" lon="-119.07012">
        <ele>5.6</ele>
      </trkpt>
      <trkpt lat="34.09464" lon="-119.06994">
        <ele>5.3</ele>
      </trkpt>
      <trkpt lat="34.09452" lon="-119.06974">
        <ele>5.3</ele>
      </trkpt>
      <trkpt lat="34.0944" lon="-119.06957">
        <ele>5.6</ele>
      </trkpt>
      <trkpt lat="34.09428" lon="-119.06941">
        <ele>5.7</ele>
      </trkpt>
      <trkpt lat="34.09425" lon="-119.06937">
        <ele>5.6</ele>
      </trkpt>
      <trkpt lat="34.09392" lon="-119.06891">
        <ele>5.4</ele>
      </trkpt>
      <trkpt lat="34.0939" lon="-119.06888">
        <ele>5.4</ele>
      </trkpt>
      <trkpt lat="34.09352" lon="-119.06837">
        <ele>5.6</ele>
      </trkpt>
      <trkpt lat="34.09321" lon="-119.06793">
        <ele>5.1</ele>
      </trkpt>
      <trkpt lat="34.09247" lon="-119.06691">
        <ele>4.6</ele>
      </trkpt>
      <trkpt lat="34.09233" lon="-119.06672">
        <ele>4.6</ele>
      </trkpt>
      <trkpt lat="34.09215" lon="-119.06651">
        <ele>4.6</ele>
      </trkpt>
      <trkpt lat="34.092" lon="-119.06635">
        <ele>4.6</ele>
      </trkpt>
      <trkpt lat="34.09182" lon="-119.06616">
        <ele>4.6</ele>
      </trkpt>
      <trkpt lat="34.09167" lon="-119.06603">
        <ele>4.6</ele>
      </trkpt>
      <trkpt lat="34.09156" lon="-119.06593">
        <ele>4.6</ele>
      </trkpt>
      <trkpt lat="34.09152" lon="-119.0659">
        <ele>4.6</ele>
      </trkpt>
      <trkpt lat="34.09077" lon="-119.06525">
        <ele>5.6</ele>
      </trkpt>
      <trkpt lat="34.09032" lon="-119.06486">
        <ele>5.7</ele>
      </trkpt>
      <trkpt lat="34.08988" lon="-119.06449">
        <ele>5.3</ele>
      </trkpt>
      <trkpt lat="34.08987" lon="-119.06448">
        <ele>5.3</ele>
      </trkpt>
      <trkpt lat="34.08949" lon="-119.06415">
        <ele>5.2</ele>
      </trkpt>
      <trkpt lat="34.08936" lon="-119.06404">
        <ele>5.3</ele>
      </trkpt>
      <trkpt lat="34.08929" lon="-119.06399">
        <ele>5.3</ele>
      </trkpt>
      <trkpt lat="34.08915" lon="-119.06386">
        <ele>5.4</ele>
      </trkpt>
      <trkpt lat="34.08899" lon="-119.06373">
        <ele>5.6</ele>
      </trkpt>
      <trkpt lat="34.08867" lon="-119.06345">
        <ele>6.2</ele>
      </trkpt>
      <trkpt lat="34.08836" lon="-119.06316">
        <ele>7.4</ele>
      </trkpt>
      <trkpt lat="34.08831" lon="-119.06311">
        <ele>8.2</ele>
      </trkpt>
      <trkpt lat="34.08809" lon="-119.06288">
        <ele>9.8</ele>
      </trkpt>
      <trkpt lat="34.08807" lon="-119.06288">
        <ele>9.8</ele>
      </trkpt>
      <trkpt lat="34.08805" lon="-119.06288">
        <ele>9.7</ele>
      </trkpt>
      <trkpt lat="34.08803" lon="-119.06288">
        <ele>9.6</ele>
      </trkpt>
      <trkpt lat="34.08802" lon="-119.06287">
        <ele>9.6</ele>
      </trkpt>
      <trkpt lat="34.08799" lon="-119.06284">
        <ele>9.5</ele>
      </trkpt>
      <trkpt lat="34.08796" lon="-119.0628">
        <ele>9.5</ele>
      </trkpt>
      <trkpt lat="34.08791" lon="-119.06275">
        <ele>9.5</ele>
      </trkpt>
      <trkpt lat="34.08784" lon="-119.06267">
        <ele>9.5</ele>
      </trkpt>
      <trkpt lat="34.08781" lon="-119.06263">
        <ele>9.5</ele>
      </trkpt>
      <trkpt lat="34.08769" lon="-119.06248">
        <ele>9.7</ele>
      </trkpt>
      <trkpt lat="34.08762" lon="-119.06238">
        <ele>9.8</ele>
      </trkpt>
      <trkpt lat="34.08754" lon="-119.06226">
        <ele>10.0</ele>
      </trkpt>
      <trkpt lat="34.08749" lon="-119.06218">
        <ele>10.2</ele>
      </trkpt>
      <trkpt lat="34.08748" lon="-119.06216">
        <ele>10.3</ele>
      </trkpt>
      <trkpt lat="34.08741" lon="-119.06204">
        <ele>10.6</ele>
      </trkpt>
      <trkpt lat="34.08738" lon="-119.062">
        <ele>11.0</ele>
      </trkpt>
      <trkpt lat="34.0873" lon="-119.06187">
        <ele>12.1</ele>
      </trkpt>
      <trkpt lat="34.0873" lon="-119.06186">
        <ele>12.1</ele>
      </trkpt>
      <trkpt lat="34.08725" lon="-119.06178">
        <ele>12.6</ele>
      </trkpt>
      <trkpt lat="34.0872" lon="-119.06169">
        <ele>13.0</ele>
      </trkpt>
      <trkpt lat="34.0872" lon="-119.06168">
        <ele>13.0</ele>
      </trkpt>
      <trkpt lat="34.08715" lon="-119.0616">
        <ele>13.2</ele>
      </trkpt>
      <trkpt lat="34.0871" lon="-119.06151">
        <ele>13.3</ele>
      </trkpt>
      <trkpt lat="34.0871" lon="-119.0615">
        <ele>13.3</ele>
      </trkpt>
      <trkpt lat="34.08706" lon="-119.06141">
        <ele>13.4</ele>
      </trkpt>
      <trkpt lat="34.08701" lon="-119.06131">
        <ele>14.0</ele>
      </trkpt>
      <trkpt lat="34.08693" lon="-119.06112">
        <ele>14.4</ele>
      </trkpt>
      <trkpt lat="34.08692" lon="-119.06109">
        <ele>14.5</ele>
      </trkpt>
      <trkpt lat="34.08685" lon="-119.06093">
        <ele>14.4</ele>
      </trkpt>
      <trkpt lat="34.08685" lon="-119.06092">
        <ele>14.5</ele>
      </trkpt>
      <trkpt lat="34.08684" lon="-119.06091">
        <ele>14.7</ele>
      </trkpt>
      <trkpt lat="34.08682" lon="-119.06084">
        <ele>15.3</ele>
      </trkpt>
      <trkpt lat="34.08678" lon="-119.06073">
        <ele>15.2</ele>
      </trkpt>
      <trkpt lat="34.08677" lon="-119.0607">
        <ele>15.2</ele>
      </trkpt>
      <trkpt lat="34.08671" lon="-119.06054">
        <ele>15.3</ele>
      </trkpt>
      <trkpt lat="34.08671" lon="-119.06053">
        <ele>15.4</ele>
      </trkpt>
      <trkpt lat="34.0867" lon="-119.06052">
        <ele>15.1</ele>
      </trkpt>
      <trkpt lat="34.08664" lon="-119.06034">
        <ele>14.5</ele>
      </trkpt>
      <trkpt lat="34.08664" lon="-119.06033">
        <ele>14.7</ele>
      </trkpt>
      <trkpt lat="34.08664" lon="-119.06032">
        <ele>15.0</ele>
      </trkpt>
      <trkpt lat="34.08658" lon="-119.06011">
        <ele>16.0</ele>
      </trkpt>
      <trkpt lat="34.08653" lon="-119.05995">
        <ele>17.7</ele>
      </trkpt>
      <trkpt lat="34.08652" lon="-119.05991">
        <ele>18.3</ele>
      </trkpt>
      <trkpt lat="34.08649" lon="-119.05977">
        <ele>18.4</ele>
      </trkpt>
      <trkpt lat="34.08648" lon="-119.05971">
        <ele>18.0</ele>
      </trkpt>
      <trkpt lat="34.08648" lon="-119.0597">
        <ele>18.0</ele>
      </trkpt>
      <trkpt lat="34.08644" lon="-119.05952">
        <ele>19.7</ele>
      </trkpt>
      <trkpt lat="34.08641" lon="-119.05934">
        <ele>23.6</ele>
      </trkpt>
      <trkpt lat="34.0864" lon="-119.05927">
        <ele>24.8</ele>
      </trkpt>
      <trkpt lat="34.08637" lon="-119.05906">
        <ele>25.5</ele>
      </trkpt>
      <trkpt lat="34.08636" lon="-119.05899">
        <ele>25.3</ele>
      </trkpt>
      <trkpt lat="34.08631" lon="-119.05871">
        <ele>21.3</ele>
      </trkpt>
      <trkpt lat="34.08627" lon="-119.05844">
        <ele>17.7</ele>
      </trkpt>
      <trkpt lat="34.08622" lon="-119.05817">
        <ele>16.8</ele>
      </trkpt>
      <trkpt lat="34.08619" lon="-119.05796">
        <ele>17.0</ele>
      </trkpt>
      <trkpt lat="34.08615" lon="-119.05769">
        <ele>15.3</ele>
      </trkpt>
      <trkpt lat="34.08613" lon="-119.05757">
        <ele>14.3</ele>
      </trkpt>
      <trkpt lat="34.08611" lon="-119.0574">
        <ele>14.7</ele>
      </trkpt>
      <trkpt lat="34.08606" lon="-119.05712">
        <ele>14.2</ele>
      </trkpt>
      <trkpt lat="34.08603" lon="-119.05693">
        <ele>12.9</ele>
      </trkpt>
      <trkpt lat="34.08602" lon="-119.05683">
        <ele>12.7</ele>
      </trkpt>
      <trkpt lat="34.086" lon="-119.05672">
        <ele>12.1</ele>
      </trkpt>
      <trkpt lat="34.08599" lon="-119.05666">
        <ele>11.8</ele>
      </trkpt>
      <trkpt lat="34.08597" lon="-119.05647">
        <ele>11.0</ele>
      </trkpt>
      <trkpt lat="34.08593" lon="-119.05618">
        <ele>8.8</ele>
      </trkpt>
      <trkpt lat="34.08591" lon="-119.05591">
        <ele>9.5</ele>
      </trkpt>
      <trkpt lat="34.0859" lon="-119.05568">
        <ele>10.7</ele>
      </trkpt>
      <trkpt lat="34.08588" lon="-119.05554">
        <ele>10.7</ele>
      </trkpt>
      <trkpt lat="34.08588" lon="-119.05551">
        <ele>10.9</ele>
      </trkpt>
      <trkpt lat="34.08589" lon="-119.05545">
        <ele>11.8</ele>
      </trkpt>
      <trkpt lat="34.08589" lon="-119.05543">
        <ele>11.9</ele>
      </trkpt>
      <trkpt lat="34.0859" lon="-119.05542">
        <ele>12.4</ele>
      </trkpt>
      <trkpt lat="34.08589" lon="-119.05532">
        <ele>12.8</ele>
      </trkpt>
      <trkpt lat="34.08588" lon="-119.05523">
        <ele>13.2</ele>
      </trkpt>
      <trkpt lat="34.08587" lon="-119.05507">
        <ele>13.9</ele>
      </trkpt>
      <trkpt lat="34.08585" lon="-119.05497">
        <ele>13.5</ele>
      </trkpt>
      <trkpt lat="34.08583" lon="-119.05485">
        <ele>13.2</ele>
      </trkpt>
      <trkpt lat="34.08581" lon="-119.05475">
        <ele>13.3</ele>
      </trkpt>
      <trkpt lat="34.0858" lon="-119.05467">
        <ele>13.8</ele>
      </trkpt>
      <trkpt lat="34.08577" lon="-119.05455">
        <ele>14.2</ele>
      </trkpt>
      <trkpt lat="34.08574" lon="-119.05446">
        <ele>14.0</ele>
      </trkpt>
      <trkpt lat="34.08571" lon="-119.05435">
        <ele>14.6</ele>
      </trkpt>
      <trkpt lat="34.08567" lon="-119.05424">
        <ele>14.6</ele>
      </trkpt>
      <trkpt lat="34.08563" lon="-119.05413">
        <ele>14.6</ele>
      </trkpt>
      <trkpt lat="34.0856" lon="-119.05406">
        <ele>14.6</ele>
      </trkpt>
      <trkpt lat="34.08557" lon="-119.05398">
        <ele>14.8</ele>
      </trkpt>
      <trkpt lat="34.08548" lon="-119.05381">
        <ele>15.0</ele>
      </trkpt>
      <trkpt lat="34.08541" lon="-119.05369">
        <ele>15.0</ele>
      </trkpt>
      <trkpt lat="34.08541" lon="-119.05368">
        <ele>15.2</ele>
      </trkpt>
      <trkpt lat="34.08533" lon="-119.05356">
        <ele>15.1</ele>
      </trkpt>
      <trkpt lat="34.08526" lon="-119.05344">
        <ele>15.2</ele>
      </trkpt>
      <trkpt lat="34.08517" lon="-119.05329">
        <ele>15.1</ele>
      </trkpt>
      <trkpt lat="34.08511" lon="-119.05318">
        <ele>15.1</ele>
      </trkpt>
      <trkpt lat="34.08508" lon="-119.05311">
        <ele>15.2</ele>
      </trkpt>
      <trkpt lat="34.08502" lon="-119.053">
        <ele>15.2</ele>
      </trkpt>
      <trkpt lat="34.08501" lon="-119.05297">
        <ele>15.2</ele>
      </trkpt>
      <trkpt lat="34.08497" lon="-119.05287">
        <ele>15.5</ele>
      </trkpt>
      <trkpt lat="34.08493" lon="-119.05277">
        <ele>15.5</ele>
      </trkpt>
      <trkpt lat="34.08489" lon="-119.05266">
        <ele>15.3</ele>
      </trkpt>
      <trkpt lat="34.08486" lon="-119.05256">
        <ele>15.3</ele>
      </trkpt>
      <trkpt lat="34.08483" lon="-119.05243">
        <ele>15.1</ele>
      </trkpt>
      <trkpt lat="34.08478" lon="-119.05223">
        <ele>14.6</ele>
      </trkpt>
      <trkpt lat="34.08477" lon="-119.05216">
        <ele>14.7</ele>
      </trkpt>
      <trkpt lat="34.08477" lon="-119.05214">
        <ele>14.9</ele>
      </trkpt>
      <trkpt lat="34.08474" lon="-119.05188">
        <ele>15.0</ele>
      </trkpt>
      <trkpt lat="34.08473" lon="-119.05173">
        <ele>15.0</ele>
      </trkpt>
      <trkpt lat="34.08473" lon="-119.05168">
        <ele>15.0</ele>
      </trkpt>
      <trkpt lat="34.08473" lon="-119.05146">
        <ele>14.9</ele>
      </trkpt>
      <trkpt lat="34.08474" lon="-119.05129">
        <ele>15.2</ele>
      </trkpt>
      <trkpt lat="34.08477" lon="-119.05106">
        <ele>15.4</ele>
      </trkpt>
      <trkpt lat="34.0848" lon="-119.05087">
        <ele>14.7</ele>
      </trkpt>
      <trkpt lat="34.08485" lon="-119.05066">
        <ele>14.2</ele>
      </trkpt>
      <trkpt lat="34.08491" lon="-119.05046">
        <ele>13.3</ele>
      </trkpt>
      <trkpt lat="34.08497" lon="-119.05028">
        <ele>12.5</ele>
      </trkpt>
      <trkpt lat="34.08498" lon="-119.05025">
        <ele>12.3</ele>
      </trkpt>
      <trkpt lat="34.08506" lon="-119.05005">
        <ele>11.1</ele>
      </trkpt>
      <trkpt lat="34.08515" lon="-119.04983">
        <ele>10.2</ele>
      </trkpt>
      <trkpt lat="34.08526" lon="-119.04961">
        <ele>11.4</ele>
      </trkpt>
      <trkpt lat="34.08531" lon="-119.04949">
        <ele>12.2</ele>
      </trkpt>
      <trkpt lat="34.08535" lon="-119.04939">
        <ele>12.8</ele>
      </trkpt>
      <trkpt lat="34.0854" lon="-119.0492">
        <ele>11.8</ele>
      </trkpt>
      <trkpt lat="34.08544" lon="-119.049">
        <ele>10.4</ele>
      </trkpt>
      <trkpt lat="34.08546" lon="-119.04886">
        <ele>10.0</ele>
      </trkpt>
      <trkpt lat="34.08547" lon="-119.04872">
        <ele>10.1</ele>
      </trkpt>
      <trkpt lat="34.08547" lon="-119.04843">
        <ele>10.4</ele>
      </trkpt>
      <trkpt lat="34.08546" lon="-119.04827">
        <ele>10.8</ele>
      </trkpt>
      <trkpt lat="34.08545" lon="-119.04799">
        <ele>13.1</ele>
      </trkpt>
      <trkpt lat="34.08544" lon="-119.04787">
        <ele>13.7</ele>
      </trkpt>
      <trkpt lat="34.08544" lon="-119.04777">
        <ele>14.6</ele>
      </trkpt>
      <trkpt lat="34.08543" lon="-119.04771">
        <ele>14.4</ele>
      </trkpt>
      <trkpt lat="34.08542" lon="-119.04756">
        <ele>15.0</ele>
      </trkpt>
      <trkpt lat="34.08542" lon="-119.04752">
        <ele>15.3</ele>
      </trkpt>
      <trkpt lat="34.0854" lon="-119.04734">
        <ele>15.3</ele>
      </trkpt>
      <trkpt lat="34.08538" lon="-119.04718">
        <ele>15.6</ele>
      </trkpt>
      <trkpt lat="34.08537" lon="-119.04712">
        <ele>15.6</ele>
      </trkpt>
      <trkpt lat="34.08537" lon="-119.04704">
        <ele>17.0</ele>
      </trkpt>
      <trkpt lat="34.08532" lon="-119.04677">
        <ele>18.6</ele>
      </trkpt>
      <trkpt lat="34.08523" lon="-119.04644">
        <ele>18.7</ele>
      </trkpt>
      <trkpt lat="34.08516" lon="-119.04623">
        <ele>17.7</ele>
      </trkpt>
      <trkpt lat="34.08511" lon="-119.04609">
        <ele>17.3</ele>
      </trkpt>
      <trkpt lat="34.08507" lon="-119.04592">
        <ele>17.8</ele>
      </trkpt>
      <trkpt lat="34.08501" lon="-119.04573">
        <ele>16.6</ele>
      </trkpt>
      <trkpt lat="34.08497" lon="-119.04556">
        <ele>16.6</ele>
      </trkpt>
      <trkpt lat="34.08496" lon="-119.04551">
        <ele>16.7</ele>
      </trkpt>
      <trkpt lat="34.08493" lon="-119.04539">
        <ele>16.4</ele>
      </trkpt>
      <trkpt lat="34.08491" lon="-119.04529">
        <ele>16.2</ele>
      </trkpt>
      <trkpt lat="34.08489" lon="-119.04515">
        <ele>16.2</ele>
      </trkpt>
      <trkpt lat="34.08486" lon="-119.04495">
        <ele>16.7</ele>
      </trkpt>
      <trkpt lat="34.08484" lon="-119.04469">
        <ele>17.8</ele>
      </trkpt>
      <trkpt lat="34.08484" lon="-119.04465">
        <ele>18.0</ele>
      </trkpt>
      <trkpt lat="34.08483" lon="-119.04454">
        <ele>17.2</ele>
      </trkpt>
      <trkpt lat="34.08483" lon="-119.04417">
        <ele>15.6</ele>
      </trkpt>
      <trkpt lat="34.08484" lon="-119.044">
        <ele>15.8</ele>
      </trkpt>
      <trkpt lat="34.08484" lon="-119.04396">
        <ele>15.7</ele>
      </trkpt>
      <trkpt lat="34.08486" lon="-119.04351">
        <ele>17.1</ele>
      </trkpt>
      <trkpt lat="34.08486" lon="-119.04334">
        <ele>15.9</ele>
      </trkpt>
      <trkpt lat="34.08486" lon="-119.04313">
        <ele>15.9</ele>
      </trkpt>
      <trkpt lat="34.08477" lon="-119.04259">
        <ele>13.3</ele>
      </trkpt>
      <trkpt lat="34.08475" lon="-119.04246">
        <ele>13.1</ele>
      </trkpt>
      <trkpt lat="34.08474" lon="-119.04242">
        <ele>12.8</ele>
      </trkpt>
      <trkpt lat="34.08473" lon="-119.04239">
        <ele>12.3</ele>
      </trkpt>
      <trkpt lat="34.0847" lon="-119.04224">
        <ele>12.8</ele>
      </trkpt>
      <trkpt lat="34.08467" lon="-119.04213">
        <ele>12.7</ele>
      </trkpt>
      <trkpt lat="34.08466" lon="-119.04207">
        <ele>13.1</ele>
      </trkpt>
      <trkpt lat="34.08462" lon="-119.04192">
        <ele>13.0</ele>
      </trkpt>
      <trkpt lat="34.08453" lon="-119.04167">
        <ele>12.7</ele>
      </trkpt>
      <trkpt lat="34.08448" lon="-119.04152">
        <ele>12.4</ele>
      </trkpt>
      <trkpt lat="34.08443" lon="-119.04136">
        <ele>11.9</ele>
      </trkpt>
      <trkpt lat="34.0844" lon="-119.04128">
        <ele>11.7</ele>
      </trkpt>
      <trkpt lat="34.08436" lon="-119.04111">
        <ele>12.6</ele>
      </trkpt>
      <trkpt lat="34.08434" lon="-119.04107">
        <ele>11.8</ele>
      </trkpt>
      <trkpt lat="34.08434" lon="-119.04103">
        <ele>12.8</ele>
      </trkpt>
      <trkpt lat="34.08433" lon="-119.04101">
        <ele>12.3</ele>
      </trkpt>
      <trkpt lat="34.08433" lon="-119.04099">
        <ele>12.8</ele>
      </trkpt>
      <trkpt lat="34.0843" lon="-119.04086">
        <ele>13.0</ele>
      </trkpt>
      <trkpt lat="34.08428" lon="-119.04078">
        <ele>12.7</ele>
      </trkpt>
      <trkpt lat="34.08426" lon="-119.04063">
        <ele>12.8</ele>
      </trkpt>
      <trkpt lat="34.08424" lon="-119.04043">
        <ele>13.6</ele>
      </trkpt>
      <trkpt lat="34.08422" lon="-119.04029">
        <ele>14.1</ele>
      </trkpt>
      <trkpt lat="34.08421" lon="-119.04018">
        <ele>14.7</ele>
      </trkpt>
      <trkpt lat="34.0842" lon="-119.04006">
        <ele>14.5</ele>
      </trkpt>
      <trkpt lat="34.08419" lon="-119.04002">
        <ele>13.5</ele>
      </trkpt>
      <trkpt lat="34.08419" lon="-119.03999">
        <ele>13.8</ele>
      </trkpt>
      <trkpt lat="34.08419" lon="-119.03996">
        <ele>14.1</ele>
      </trkpt>
      <trkpt lat="34.08417" lon="-119.0398">
        <ele>13.5</ele>
      </trkpt>
      <trkpt lat="34.08412" lon="-119.03931">
        <ele>15.0</ele>
      </trkpt>
      <trkpt lat="34.0841" lon="-119.03915">
        <ele>15.2</ele>
      </trkpt>
      <trkpt lat="34.08401" lon="-119.03829">
        <ele>17.1</ele>
      </trkpt>
      <trkpt lat="34.084" lon="-119.03827">
        <ele>16.5</ele>
      </trkpt>
      <trkpt lat="34.084" lon="-119.03824">
        <ele>16.8</ele>
      </trkpt>
      <trkpt lat="34.08399" lon="-119.03818">
        <ele>16.7</ele>
      </trkpt>
      <trkpt lat="34.08393" lon="-119.03759">
        <ele>15.8</ele>
      </trkpt>
      <trkpt lat="34.08392" lon="-119.03755">
        <ele>15.1</ele>
      </trkpt>
      <trkpt lat="34.0839" lon="-119.03752">
        <ele>13.9</ele>
      </trkpt>
      <trkpt lat="34.08389" lon="-119.03746">
        <ele>13.2</ele>
      </trkpt>
      <trkpt lat="34.08388" lon="-119.03741">
        <ele>12.6</ele>
      </trkpt>
      <trkpt lat="34.08387" lon="-119.03735">
        <ele>11.8</ele>
      </trkpt>
      <trkpt lat="34.08386" lon="-119.03725">
        <ele>10.4</ele>
      </trkpt>
      <trkpt lat="34.08382" lon="-119.0369">
        <ele>5.4</ele>
      </trkpt>
      <trkpt lat="34.08377" lon="-119.03658">
        <ele>4.8</ele>
      </trkpt>
      <trkpt lat="34.08376" lon="-119.03651">
        <ele>4.5</ele>
      </trkpt>
      <trkpt lat="34.08374" lon="-119.03642">
        <ele>4.2</ele>
      </trkpt>
      <trkpt lat="34.08371" lon="-119.03629">
        <ele>4.2</ele>
      </trkpt>
      <trkpt lat="34.08369" lon="-119.03618">
        <ele>4.2</ele>
      </trkpt>
      <trkpt lat="34.08366" lon="-119.03606">
        <ele>4.1</ele>
      </trkpt>
      <trkpt lat="34.08362" lon="-119.03591">
        <ele>3.6</ele>
      </trkpt>
      <trkpt lat="34.08359" lon="-119.03584">
        <ele>3.4</ele>
      </trkpt>
      <trkpt lat="34.08357" lon="-119.03577">
        <ele>3.1</ele>
      </trkpt>
      <trkpt lat="34.08354" lon="-119.0357">
        <ele>3.0</ele>
      </trkpt>
      <trkpt lat="34.08345" lon="-119.03549">
        <ele>3.1</ele>
      </trkpt>
      <trkpt lat="34.0834" lon="-119.03537">
        <ele>3.1</ele>
      </trkpt>
      <trkpt lat="34.08316" lon="-119.03491">
        <ele>4.9</ele>
      </trkpt>
      <trkpt lat="34.08305" lon="-119.03472">
        <ele>3.8</ele>
      </trkpt>
      <trkpt lat="34.08292" lon="-119.03446">
        <ele>2.5</ele>
      </trkpt>
      <trkpt lat="34.08288" lon="-119.03438">
        <ele>1.9</ele>
      </trkpt>
      <trkpt lat="34.08276" lon="-119.03414">
        <ele>1.9</ele>
      </trkpt>
      <trkpt lat="34.08266" lon="-119.03394">
        <ele>1.9</ele>
      </trkpt>
      <trkpt lat="34.08259" lon="-119.03381">
        <ele>1.9</ele>
      </trkpt>
      <trkpt lat="34.08249" lon="-119.03362">
        <ele>1.7</ele>
      </trkpt>
      <trkpt lat="34.08236" lon="-119.03336">
        <ele>1.7</ele>
      </trkpt>
      <trkpt lat="34.08225" lon="-119.03315">
        <ele>1.7</ele>
      </trkpt>
      <trkpt lat="34.08218" lon="-119.03301">
        <ele>1.7</ele>
      </trkpt>
      <trkpt lat="34.08217" lon="-119.033">
        <ele>1.7</ele>
      </trkpt>
      <trkpt lat="34.08207" lon="-119.0328">
        <ele>1.7</ele>
      </trkpt>
      <trkpt lat="34.08197" lon="-119.0326">
        <ele>1.7</ele>
      </trkpt>
      <trkpt lat="34.08178" lon="-119.03224">
        <ele>1.7</ele>
      </trkpt>
      <trkpt lat="34.08158" lon="-119.03185">
        <ele>1.8</ele>
      </trkpt>
      <trkpt lat="34.08128" lon="-119.03127">
        <ele>1.7</ele>
      </trkpt>
      <trkpt lat="34.08105" lon="-119.03082">
        <ele>1.7</ele>
      </trkpt>
      <trkpt lat="34.08102" lon="-119.03065">
        <ele>1.7</ele>
      </trkpt>
      <trkpt lat="34.08086" lon="-119.03037">
        <ele>2.1</ele>
      </trkpt>
      <trkpt lat="34.08072" lon="-119.03009">
        <ele>3.0</ele>
      </trkpt>
      <trkpt lat="34.08057" lon="-119.02982">
        <ele>4.4</ele>
      </trkpt>
      <trkpt lat="34.08041" lon="-119.02953">
        <ele>3.0</ele>
      </trkpt>
      <trkpt lat="34.08038" lon="-119.02948">
        <ele>2.8</ele>
      </trkpt>
      <trkpt lat="34.08037" lon="-119.02946">
        <ele>2.7</ele>
      </trkpt>
      <trkpt lat="34.08019" lon="-119.02914">
        <ele>2.7</ele>
      </trkpt>
      <trkpt lat="34.08005" lon="-119.0289">
        <ele>3.1</ele>
      </trkpt>
      <trkpt lat="34.07998" lon="-119.02877">
        <ele>3.6</ele>
      </trkpt>
      <trkpt lat="34.07987" lon="-119.02859">
        <ele>4.4</ele>
      </trkpt>
      <trkpt lat="34.07984" lon="-119.02854">
        <ele>4.6</ele>
      </trkpt>
      <trkpt lat="34.07974" lon="-119.02837">
        <ele>5.1</ele>
      </trkpt>
      <trkpt lat="34.07971" lon="-119.02832">
        <ele>5.2</ele>
      </trkpt>
      <trkpt lat="34.07971" lon="-119.02831">
        <ele>5.3</ele>
      </trkpt>
      <trkpt lat="34.07949" lon="-119.02795">
        <ele>3.5</ele>
      </trkpt>
      <trkpt lat="34.07923" lon="-119.02754">
        <ele>2.6</ele>
      </trkpt>
      <trkpt lat="34.07912" lon="-119.02737">
        <ele>2.6</ele>
      </trkpt>
      <trkpt lat="34.07909" lon="-119.02733">
        <ele>2.6</ele>
      </trkpt>
      <trkpt lat="34.079" lon="-119.0272">
        <ele>2.8</ele>
      </trkpt>
      <trkpt lat="34.07873" lon="-119.02679">
        <ele>3.1</ele>
      </trkpt>
      <trkpt lat="34.07832" lon="-119.0262">
        <ele>4.0</ele>
      </trkpt>
      <trkpt lat="34.0782" lon="-119.02603">
        <ele>4.9</ele>
      </trkpt>
      <trkpt lat="34.07817" lon="-119.02599">
        <ele>5.0</ele>
      </trkpt>
      <trkpt lat="34.07754" lon="-119.02509">
        <ele>3.1</ele>
      </trkpt>
      <trkpt lat="34.0766" lon="-119.02374">
        <ele>3.1</ele>
      </trkpt>
      <trkpt lat="34.07657" lon="-119.02371">
        <ele>3.1</ele>
      </trkpt>
      <trkpt lat="34.07561" lon="-119.02229">
        <ele>4.7</ele>
      </trkpt>
      <trkpt lat="34.07551" lon="-119.02215">
        <ele>4.9</ele>
      </trkpt>
      <trkpt lat="34.07536" lon="-119.02193">
        <ele>5.1</ele>
      </trkpt>
      <trkpt lat="34.07517" lon="-119.02166">
        <ele>5.2</ele>
      </trkpt>
      <trkpt lat="34.07492" lon="-119.02131">
        <ele>5.2</ele>
      </trkpt>
      <trkpt lat="34.07484" lon="-119.0212">
        <ele>5.0</ele>
      </trkpt>
      <trkpt lat="34.07463" lon="-119.0209">
        <ele>4.3</ele>
      </trkpt>
      <trkpt lat="34.07434" lon="-119.0205">
        <ele>8.6</ele>
      </trkpt>
      <trkpt lat="34.07409" lon="-119.02016">
        <ele>10.2</ele>
      </trkpt>
      <trkpt lat="34.07398" lon="-119.02001">
        <ele>10.3</ele>
      </trkpt>
      <trkpt lat="34.07367" lon="-119.01957">
        <ele>11.4</ele>
      </trkpt>
      <trkpt lat="34.0734" lon="-119.01921">
        <ele>10.5</ele>
      </trkpt>
      <trkpt lat="34.0732" lon="-119.01893">
        <ele>11.8</ele>
      </trkpt>
      <trkpt lat="34.07292" lon="-119.01857">
        <ele>12.1</ele>
      </trkpt>
      <trkpt lat="34.0729" lon="-119.01856">
        <ele>11.6</ele>
      </trkpt>
      <trkpt lat="34.07289" lon="-119.01855">
        <ele>11.4</ele>
      </trkpt>
      <trkpt lat="34.07287" lon="-119.01853">
        <ele>11.0</ele>
      </trkpt>
      <trkpt lat="34.07273" lon="-119.01835">
        <ele>11.0</ele>
      </trkpt>
      <trkpt lat="34.07262" lon="-119.01822">
        <ele>10.6</ele>
      </trkpt>
      <trkpt lat="34.07242" lon="-119.01797">
        <ele>10.6</ele>
      </trkpt>
      <trkpt lat="34.07226" lon="-119.01778">
        <ele>11.0</ele>
      </trkpt>
      <trkpt lat="34.07202" lon="-119.0175">
        <ele>12.5</ele>
      </trkpt>
      <trkpt lat="34.07191" lon="-119.01738">
        <ele>13.0</ele>
      </trkpt>
      <trkpt lat="34.07189" lon="-119.01735">
        <ele>13.2</ele>
      </trkpt>
      <trkpt lat="34.07174" lon="-119.01719">
        <ele>11.7</ele>
      </trkpt>
      <trkpt lat="34.07159" lon="-119.01699">
        <ele>10.9</ele>
      </trkpt>
      <trkpt lat="34.07154" lon="-119.01693">
        <ele>10.4</ele>
      </trkpt>
      <trkpt lat="34.07151" lon="-119.01689">
        <ele>10.4</ele>
      </trkpt>
      <trkpt lat="34.07148" lon="-119.01685">
        <ele>10.1</ele>
      </trkpt>
      <trkpt lat="34.0714" lon="-119.01671">
        <ele>11.2</ele>
      </trkpt>
      <trkpt lat="34.07139" lon="-119.01669">
        <ele>11.2</ele>
      </trkpt>
      <trkpt lat="34.07132" lon="-119.01655">
        <ele>11.1</ele>
      </trkpt>
      <trkpt lat="34.07128" lon="-119.01647">
        <ele>10.2</ele>
      </trkpt>
      <trkpt lat="34.07124" lon="-119.01639">
        <ele>9.3</ele>
      </trkpt>
      <trkpt lat="34.07121" lon="-119.01631">
        <ele>8.5</ele>
      </trkpt>
      <trkpt lat="34.07119" lon="-119.01623">
        <ele>8.5</ele>
      </trkpt>
      <trkpt lat="34.07116" lon="-119.01615">
        <ele>7.8</ele>
      </trkpt>
      <trkpt lat="34.07116" lon="-119.01614">
        <ele>7.9</ele>
      </trkpt>
      <trkpt lat="34.07113" lon="-119.01604">
        <ele>7.0</ele>
      </trkpt>
      <trkpt lat="34.07112" lon="-119.01599">
        <ele>6.7</ele>
      </trkpt>
      <trkpt lat="34.0711" lon="-119.01593">
        <ele>6.3</ele>
      </trkpt>
      <trkpt lat="34.07108" lon="-119.01583">
        <ele>6.1</ele>
      </trkpt>
      <trkpt lat="34.07106" lon="-119.01571">
        <ele>5.8</ele>
      </trkpt>
      <trkpt lat="34.07105" lon="-119.01565">
        <ele>5.6</ele>
      </trkpt>
      <trkpt lat="34.07104" lon="-119.01559">
        <ele>5.0</ele>
      </trkpt>
      <trkpt lat="34.07104" lon="-119.01552">
        <ele>4.7</ele>
      </trkpt>
      <trkpt lat="34.07103" lon="-119.01546">
        <ele>4.1</ele>
      </trkpt>
      <trkpt lat="34.07103" lon="-119.01537">
        <ele>3.4</ele>
      </trkpt>
      <trkpt lat="34.07102" lon="-119.01517">
        <ele>2.3</ele>
      </trkpt>
      <trkpt lat="34.07102" lon="-119.01487">
        <ele>3.1</ele>
      </trkpt>
      <trkpt lat="34.07102" lon="-119.01464">
        <ele>3.8</ele>
      </trkpt>
      <trkpt lat="34.07101" lon="-119.01456">
        <ele>4.0</ele>
      </trkpt>
      <trkpt lat="34.071" lon="-119.01409">
        <ele>5.4</ele>
      </trkpt>
      <trkpt lat="34.07099" lon="-119.01399">
        <ele>5.2</ele>
      </trkpt>
      <trkpt lat="34.07099" lon="-119.01394">
        <ele>5.1</ele>
      </trkpt>
      <trkpt lat="34.07099" lon="-119.01382">
        <ele>4.9</ele>
      </trkpt>
      <trkpt lat="34.07098" lon="-119.0136">
        <ele>4.6</ele>
      </trkpt>
      <trkpt lat="34.07096" lon="-119.01337">
        <ele>4.4</ele>
      </trkpt>
      <trkpt lat="34.07094" lon="-119.01325">
        <ele>4.3</ele>
      </trkpt>
      <trkpt lat="34.07093" lon="-119.01315">
        <ele>4.2</ele>
      </trkpt>
      <trkpt lat="34.0709" lon="-119.013">
        <ele>4.2</ele>
      </trkpt>
      <trkpt lat="34.07085" lon="-119.01278">
        <ele>4.3</ele>
      </trkpt>
      <trkpt lat="34.0708" lon="-119.01258">
        <ele>4.3</ele>
      </trkpt>
      <trkpt lat="34.07078" lon="-119.01254">
        <ele>4.3</ele>
      </trkpt>
      <trkpt lat="34.07068" lon="-119.01227">
        <ele>4.3</ele>
      </trkpt>
      <trkpt lat="34.0706" lon="-119.01209">
        <ele>4.4</ele>
      </trkpt>
      <trkpt lat="34.07054" lon="-119.01197">
        <ele>4.6</ele>
      </trkpt>
      <trkpt lat="34.07046" lon="-119.0118">
        <ele>4.6</ele>
      </trkpt>
      <trkpt lat="34.07044" lon="-119.01177">
        <ele>4.7</ele>
      </trkpt>
      <trkpt lat="34.07035" lon="-119.01163">
        <ele>4.9</ele>
      </trkpt>
      <trkpt lat="34.07033" lon="-119.0116">
        <ele>5.3</ele>
      </trkpt>
      <trkpt lat="34.07024" lon="-119.01145">
        <ele>8.5</ele>
      </trkpt>
      <trkpt lat="34.07023" lon="-119.01144">
        <ele>8.6</ele>
      </trkpt>
      <trkpt lat="34.07022" lon="-119.01143">
        <ele>8.8</ele>
      </trkpt>
      <trkpt lat="34.07013" lon="-119.0113">
        <ele>9.9</ele>
      </trkpt>
      <trkpt lat="34.07011" lon="-119.01128">
        <ele>10.0</ele>
      </trkpt>
      <trkpt lat="34.0701" lon="-119.01127">
        <ele>10.0</ele>
      </trkpt>
      <trkpt lat="34.06997" lon="-119.01112">
        <ele>10.6</ele>
      </trkpt>
      <trkpt lat="34.06995" lon="-119.01109">
        <ele>10.7</ele>
      </trkpt>
      <trkpt lat="34.0698" lon="-119.01094">
        <ele>10.7</ele>
      </trkpt>
      <trkpt lat="34.06968" lon="-119.01083">
        <ele>10.8</ele>
      </trkpt>
      <trkpt lat="34.06955" lon="-119.01072">
        <ele>10.7</ele>
      </trkpt>
      <trkpt lat="34.06941" lon="-119.01062">
        <ele>10.4</ele>
      </trkpt>
      <trkpt lat="34.06927" lon="-119.01052">
        <ele>10.5</ele>
      </trkpt>
      <trkpt lat="34.06914" lon="-119.01044">
        <ele>10.6</ele>
      </trkpt>
      <trkpt lat="34.06884" lon="-119.01027">
        <ele>10.3</ele>
      </trkpt>
      <trkpt lat="34.06851" lon="-119.01007">
        <ele>10.5</ele>
      </trkpt>
      <trkpt lat="34.06839" lon="-119.00999">
        <ele>12.5</ele>
      </trkpt>
      <trkpt lat="34.06823" lon="-119.00988">
        <ele>21.3</ele>
      </trkpt>
      <trkpt lat="34.06811" lon="-119.0098">
        <ele>26.7</ele>
      </trkpt>
      <trkpt lat="34.06796" lon="-119.00969">
        <ele>26.9</ele>
      </trkpt>
      <trkpt lat="34.06785" lon="-119.00963">
        <ele>23.7</ele>
      </trkpt>
      <trkpt lat="34.06779" lon="-119.00958">
        <ele>22.0</ele>
      </trkpt>
      <trkpt lat="34.06771" lon="-119.00953">
        <ele>19.3</ele>
      </trkpt>
      <trkpt lat="34.06757" lon="-119.0094">
        <ele>18.6</ele>
      </trkpt>
      <trkpt lat="34.06756" lon="-119.0094">
        <ele>18.0</ele>
      </trkpt>
      <trkpt lat="34.06756" lon="-119.00939">
        <ele>18.6</ele>
      </trkpt>
      <trkpt lat="34.06756" lon="-119.00938">
        <ele>19.3</ele>
      </trkpt>
      <trkpt lat="34.06755" lon="-119.00938">
        <ele>18.7</ele>
      </trkpt>
      <trkpt lat="34.06752" lon="-119.0093">
        <ele>21.9</ele>
      </trkpt>
      <trkpt lat="34.06748" lon="-119.00925">
        <ele>22.2</ele>
      </trkpt>
      <trkpt lat="34.06734" lon="-119.00911">
        <ele>20.0</ele>
      </trkpt>
      <trkpt lat="34.06719" lon="-119.00893">
        <ele>17.9</ele>
      </trkpt>
      <trkpt lat="34.06712" lon="-119.00882">
        <ele>17.1</ele>
      </trkpt>
      <trkpt lat="34.06707" lon="-119.00874">
        <ele>16.4</ele>
      </trkpt>
      <trkpt lat="34.06704" lon="-119.00868">
        <ele>16.3</ele>
      </trkpt>
      <trkpt lat="34.067" lon="-119.00859">
        <ele>17.0</ele>
      </trkpt>
      <trkpt lat="34.06696" lon="-119.00848">
        <ele>17.8</ele>
      </trkpt>
      <trkpt lat="34.06689" lon="-119.00828">
        <ele>18.5</ele>
      </trkpt>
      <trkpt lat="34.06677" lon="-119.00797">
        <ele>19.1</ele>
      </trkpt>
      <trkpt lat="34.0667" lon="-119.00778">
        <ele>19.3</ele>
      </trkpt>
      <trkpt lat="34.06654" lon="-119.00732">
        <ele>19.0</ele>
      </trkpt>
      <trkpt lat="34.06635" lon="-119.0068">
        <ele>18.3</ele>
      </trkpt>
      <trkpt lat="34.06629" lon="-119.00663">
        <ele>17.6</ele>
      </trkpt>
      <trkpt lat="34.06627" lon="-119.00657">
        <ele>17.3</ele>
      </trkpt>
      <trkpt lat="34.06624" lon="-119.00639">
        <ele>17.9</ele>
      </trkpt>
      <trkpt lat="34.06621" lon="-119.00619">
        <ele>18.1</ele>
      </trkpt>
      <trkpt lat="34.0662" lon="-119.00602">
        <ele>17.8</ele>
      </trkpt>
      <trkpt lat="34.06621" lon="-119.00587">
        <ele>17.8</ele>
      </trkpt>
      <trkpt lat="34.06622" lon="-119.00575">
        <ele>17.4</ele>
      </trkpt>
      <trkpt lat="34.06624" lon="-119.00563">
        <ele>16.7</ele>
      </trkpt>
      <trkpt lat="34.06628" lon="-119.00549">
        <ele>16.5</ele>
      </trkpt>
      <trkpt lat="34.06637" lon="-119.00523">
        <ele>16.4</ele>
      </trkpt>
      <trkpt lat="34.06642" lon="-119.0051">
        <ele>16.4</ele>
      </trkpt>
      <trkpt lat="34.06647" lon="-119.00499">
        <ele>16.7</ele>
      </trkpt>
      <trkpt lat="34.06652" lon="-119.00483">
        <ele>17.3</ele>
      </trkpt>
      <trkpt lat="34.06654" lon="-119.00472">
        <ele>17.6</ele>
      </trkpt>
      <trkpt lat="34.06657" lon="-119.00451">
        <ele>18.5</ele>
      </trkpt>
      <trkpt lat="34.0666" lon="-119.00427">
        <ele>18.2</ele>
      </trkpt>
      <trkpt lat="34.0666" lon="-119.00424">
        <ele>17.7</ele>
      </trkpt>
      <trkpt lat="34.06661" lon="-119.00405">
        <ele>15.6</ele>
      </trkpt>
      <trkpt lat="34.06662" lon="-119.00391">
        <ele>15.3</ele>
      </trkpt>
      <trkpt lat="34.06664" lon="-119.00355">
        <ele>12.4</ele>
      </trkpt>
      <trkpt lat="34.06665" lon="-119.00332">
        <ele>11.4</ele>
      </trkpt>
      <trkpt lat="34.06665" lon="-119.0031">
        <ele>12.7</ele>
      </trkpt>
      <trkpt lat="34.06664" lon="-119.00291">
        <ele>14.3</ele>
      </trkpt>
      <trkpt lat="34.06661" lon="-119.00266">
        <ele>14.4</ele>
      </trkpt>
      <trkpt lat="34.06659" lon="-119.00254">
        <ele>13.6</ele>
      </trkpt>
      <trkpt lat="34.06657" lon="-119.00237">
        <ele>12.8</ele>
      </trkpt>
      <trkpt lat="34.06656" lon="-119.00232">
        <ele>12.1</ele>
      </trkpt>
      <trkpt lat="34.06654" lon="-119.00219">
        <ele>10.4</ele>
      </trkpt>
      <trkpt lat="34.06654" lon="-119.00205">
        <ele>10.8</ele>
      </trkpt>
      <trkpt lat="34.06653" lon="-119.00184">
        <ele>9.8</ele>
      </trkpt>
      <trkpt lat="34.06655" lon="-119.00144">
        <ele>12.4</ele>
      </trkpt>
      <trkpt lat="34.06661" lon="-119.00108">
        <ele>13.1</ele>
      </trkpt>
      <trkpt lat="34.06667" lon="-119.00072">
        <ele>9.9</ele>
      </trkpt>
      <trkpt lat="34.06671" lon="-119.00045">
        <ele>11.5</ele>
      </trkpt>
      <trkpt lat="34.06672" lon="-119.00039">
        <ele>11.9</ele>
      </trkpt>
      <trkpt lat="34.06673" lon="-119.00028">
        <ele>12.1</ele>
      </trkpt>
      <trkpt lat="34.06674" lon="-119.00001">
        <ele>13.5</ele>
      </trkpt>
      <trkpt lat="34.06674" lon="-118.99978">
        <ele>14.8</ele>
      </trkpt>
      <trkpt lat="34.06673" lon="-118.99951">
        <ele>14.0</ele>
      </trkpt>
      <trkpt lat="34.06671" lon="-118.99926">
        <ele>14.0</ele>
      </trkpt>
      <trkpt lat="34.06669" lon="-118.99906">
        <ele>15.1</ele>
      </trkpt>
      <trkpt lat="34.06656" lon="-118.99824">
        <ele>13.4</ele>
      </trkpt>
      <trkpt lat="34.06638" lon="-118.99712">
        <ele>12.9</ele>
      </trkpt>
      <trkpt lat="34.06635" lon="-118.99688">
        <ele>14.2</ele>
      </trkpt>
      <trkpt lat="34.06632" lon="-118.99675">
        <ele>14.7</ele>
      </trkpt>
      <trkpt lat="34.06631" lon="-118.99669">
        <ele>15.1</ele>
      </trkpt>
      <trkpt lat="34.0663" lon="-118.99666">
        <ele>14.8</ele>
      </trkpt>
      <trkpt lat="34.06629" lon="-118.99659">
        <ele>15.3</ele>
      </trkpt>
      <trkpt lat="34.06625" lon="-118.99649">
        <ele>14.7</ele>
      </trkpt>
      <trkpt lat="34.06624" lon="-118.99645">
        <ele>14.5</ele>
      </trkpt>
      <trkpt lat="34.06614" lon="-118.99618">
        <ele>14.2</ele>
      </trkpt>
      <trkpt lat="34.06608" lon="-118.99604">
        <ele>14.6</ele>
      </trkpt>
      <trkpt lat="34.06604" lon="-118.99593">
        <ele>14.9</ele>
      </trkpt>
      <trkpt lat="34.06599" lon="-118.99579">
        <ele>14.1</ele>
      </trkpt>
      <trkpt lat="34.06594" lon="-118.99564">
        <ele>13.7</ele>
      </trkpt>
      <trkpt lat="34.0659" lon="-118.99552">
        <ele>14.0</ele>
      </trkpt>
      <trkpt lat="34.06586" lon="-118.99535">
        <ele>15.1</ele>
      </trkpt>
      <trkpt lat="34.06582" lon="-118.99512">
        <ele>15.2</ele>
      </trkpt>
      <trkpt lat="34.0658" lon="-118.99502">
        <ele>15.5</ele>
      </trkpt>
      <trkpt lat="34.0658" lon="-118.99501">
        <ele>15.5</ele>
      </trkpt>
      <trkpt lat="34.06579" lon="-118.99492">
        <ele>15.9</ele>
      </trkpt>
      <trkpt lat="34.06578" lon="-118.99472">
        <ele>16.7</ele>
      </trkpt>
      <trkpt lat="34.06575" lon="-118.9944">
        <ele>15.7</ele>
      </trkpt>
      <trkpt lat="34.06572" lon="-118.99424">
        <ele>15.3</ele>
      </trkpt>
      <trkpt lat="34.06568" lon="-118.99402">
        <ele>15.0</ele>
      </trkpt>
      <trkpt lat="34.06566" lon="-118.99394">
        <ele>14.5</ele>
      </trkpt>
      <trkpt lat="34.06564" lon="-118.99385">
        <ele>14.1</ele>
      </trkpt>
      <trkpt lat="34.06557" lon="-118.99365">
        <ele>13.8</ele>
      </trkpt>
      <trkpt lat="34.06553" lon="-118.99353">
        <ele>13.3</ele>
      </trkpt>
      <trkpt lat="34.06549" lon="-118.99343">
        <ele>13.2</ele>
      </trkpt>
      <trkpt lat="34.06545" lon="-118.99334">
        <ele>13.1</ele>
      </trkpt>
      <trkpt lat="34.06543" lon="-118.99328">
        <ele>13.2</ele>
      </trkpt>
      <trkpt lat="34.0653" lon="-118.99301">
        <ele>12.9</ele>
      </trkpt>
      <trkpt lat="34.06509" lon="-118.9926">
        <ele>13.7</ele>
      </trkpt>
      <trkpt lat="34.06489" lon="-118.99219">
        <ele>14.1</ele>
      </trkpt>
      <trkpt lat="34.06477" lon="-118.99194">
        <ele>13.7</ele>
      </trkpt>
      <trkpt lat="34.06468" lon="-118.99172">
        <ele>14.4</ele>
      </trkpt>
      <trkpt lat="34.06457" lon="-118.99142">
        <ele>14.1</ele>
      </trkpt>
      <trkpt lat="34.06451" lon="-118.99124">
        <ele>13.6</ele>
      </trkpt>
      <trkpt lat="34.06439" lon="-118.99083">
        <ele>12.3</ele>
      </trkpt>
      <trkpt lat="34.0643" lon="-118.99053">
        <ele>11.2</ele>
      </trkpt>
      <trkpt lat="34.06427" lon="-118.99045">
        <ele>10.7</ele>
      </trkpt>
      <trkpt lat="34.06415" lon="-118.99002">
        <ele>9.8</ele>
      </trkpt>
      <trkpt lat="34.06401" lon="-118.98958">
        <ele>10.4</ele>
      </trkpt>
      <trkpt lat="34.06389" lon="-118.98919">
        <ele>11.3</ele>
      </trkpt>
      <trkpt lat="34.06376" lon="-118.98882">
        <ele>12.1</ele>
      </trkpt>
      <trkpt lat="34.06365" lon="-118.98856">
        <ele>12.6</ele>
      </trkpt>
      <trkpt lat="34.06359" lon="-118.98842">
        <ele>12.9</ele>
      </trkpt>
      <trkpt lat="34.06351" lon="-118.98823">
        <ele>13.1</ele>
      </trkpt>
      <trkpt lat="34.0635" lon="-118.98822">
        <ele>13.0</ele>
      </trkpt>
      <trkpt lat="34.06327" lon="-118.98771">
        <ele>13.5</ele>
      </trkpt>
      <trkpt lat="34.06269" lon="-118.98654">
        <ele>12.9</ele>
      </trkpt>
      <trkpt lat="34.0622" lon="-118.98554">
        <ele>10.3</ele>
      </trkpt>
      <trkpt lat="34.06189" lon="-118.98492">
        <ele>15.2</ele>
      </trkpt>
      <trkpt lat="34.0618" lon="-118.98473">
        <ele>15.1</ele>
      </trkpt>
      <trkpt lat="34.06172" lon="-118.98457">
        <ele>15.7</ele>
      </trkpt>
      <trkpt lat="34.06161" lon="-118.98435">
        <ele>15.7</ele>
      </trkpt>
      <trkpt lat="34.06149" lon="-118.98409">
        <ele>15.0</ele>
      </trkpt>
      <trkpt lat="34.06141" lon="-118.98388">
        <ele>16.0</ele>
      </trkpt>
      <trkpt lat="34.06134" lon="-118.98366">
        <ele>15.8</ele>
      </trkpt>
      <trkpt lat="34.06131" lon="-118.98357">
        <ele>14.9</ele>
      </trkpt>
      <trkpt lat="34.06127" lon="-118.98339">
        <ele>14.2</ele>
      </trkpt>
      <trkpt lat="34.06125" lon="-118.98328">
        <ele>14.6</ele>
      </trkpt>
      <trkpt lat="34.06122" lon="-118.98315">
        <ele>14.1</ele>
      </trkpt>
      <trkpt lat="34.06118" lon="-118.98278">
        <ele>13.7</ele>
      </trkpt>
      <trkpt lat="34.06115" lon="-118.98246">
        <ele>13.5</ele>
      </trkpt>
      <trkpt lat="34.06114" lon="-118.98229">
        <ele>13.6</ele>
      </trkpt>
      <trkpt lat="34.06113" lon="-118.98219">
        <ele>13.6</ele>
      </trkpt>
      <trkpt lat="34.06111" lon="-118.98196">
        <ele>13.4</ele>
      </trkpt>
      <trkpt lat="34.06107" lon="-118.98149">
        <ele>12.9</ele>
      </trkpt>
      <trkpt lat="34.06102" lon="-118.98084">
        <ele>14.0</ele>
      </trkpt>
      <trkpt lat="34.06101" lon="-118.98079">
        <ele>13.8</ele>
      </trkpt>
      <trkpt lat="34.061" lon="-118.98048">
        <ele>13.7</ele>
      </trkpt>
      <trkpt lat="34.061" lon="-118.98042">
        <ele>13.7</ele>
      </trkpt>
      <trkpt lat="34.061" lon="-118.98032">
        <ele>13.6</ele>
      </trkpt>
      <trkpt lat="34.06101" lon="-118.98012">
        <ele>13.5</ele>
      </trkpt>
      <trkpt lat="34.06104" lon="-118.97987">
        <ele>13.5</ele>
      </trkpt>
      <trkpt lat="34.06104" lon="-118.97986">
        <ele>13.5</ele>
      </trkpt>
      <trkpt lat="34.06106" lon="-118.97971">
        <ele>13.5</ele>
      </trkpt>
      <trkpt lat="34.06108" lon="-118.97964">
        <ele>13.7</ele>
      </trkpt>
      <trkpt lat="34.06118" lon="-118.97912">
        <ele>13.5</ele>
      </trkpt>
      <trkpt lat="34.06119" lon="-118.97906">
        <ele>13.4</ele>
      </trkpt>
      <trkpt lat="34.06121" lon="-118.97888">
        <ele>12.7</ele>
      </trkpt>
      <trkpt lat="34.06122" lon="-118.9788">
        <ele>12.5</ele>
      </trkpt>
      <trkpt lat="34.06122" lon="-118.97878">
        <ele>12.4</ele>
      </trkpt>
      <trkpt lat="34.06123" lon="-118.97866">
        <ele>11.9</ele>
      </trkpt>
      <trkpt lat="34.06123" lon="-118.97861">
        <ele>11.7</ele>
      </trkpt>
      <trkpt lat="34.06123" lon="-118.97852">
        <ele>11.1</ele>
      </trkpt>
      <trkpt lat="34.06123" lon="-118.97842">
        <ele>9.9</ele>
      </trkpt>
      <trkpt lat="34.06121" lon="-118.97826">
        <ele>6.5</ele>
      </trkpt>
      <trkpt lat="34.06119" lon="-118.97817">
        <ele>5.8</ele>
      </trkpt>
      <trkpt lat="34.06119" lon="-118.97815">
        <ele>5.9</ele>
      </trkpt>
      <trkpt lat="34.06117" lon="-118.97805">
        <ele>6.2</ele>
      </trkpt>
      <trkpt lat="34.06115" lon="-118.97795">
        <ele>6.1</ele>
      </trkpt>
      <trkpt lat="34.0611" lon="-118.97782">
        <ele>5.9</ele>
      </trkpt>
      <trkpt lat="34.06107" lon="-118.97774">
        <ele>6.9</ele>
      </trkpt>
      <trkpt lat="34.06106" lon="-118.97769">
        <ele>7.5</ele>
      </trkpt>
      <trkpt lat="34.06103" lon="-118.97762">
        <ele>7.7</ele>
      </trkpt>
      <trkpt lat="34.06097" lon="-118.9775">
        <ele>8.6</ele>
      </trkpt>
      <trkpt lat="34.0608" lon="-118.97719">
        <ele>11.4</ele>
      </trkpt>
      <trkpt lat="34.06067" lon="-118.97694">
        <ele>13.1</ele>
      </trkpt>
      <trkpt lat="34.0606" lon="-118.97682">
        <ele>13.5</ele>
      </trkpt>
      <trkpt lat="34.06015" lon="-118.97599">
        <ele>15.1</ele>
      </trkpt>
      <trkpt lat="34.06002" lon="-118.97577">
        <ele>14.9</ele>
      </trkpt>
      <trkpt lat="34.06" lon="-118.97573">
        <ele>14.5</ele>
      </trkpt>
      <trkpt lat="34.05991" lon="-118.97559">
        <ele>13.7</ele>
      </trkpt>
      <trkpt lat="34.05981" lon="-118.97545">
        <ele>13.1</ele>
      </trkpt>
      <trkpt lat="34.05955" lon="-118.97509">
        <ele>13.9</ele>
      </trkpt>
      <trkpt lat="34.05936" lon="-118.97482">
        <ele>14.4</ele>
      </trkpt>
      <trkpt lat="34.05914" lon="-118.97444">
        <ele>14.2</ele>
      </trkpt>
      <trkpt lat="34.05901" lon="-118.97419">
        <ele>16.2</ele>
      </trkpt>
      <trkpt lat="34.05865" lon="-118.97354">
        <ele>12.8</ele>
      </trkpt>
      <trkpt lat="34.05823" lon="-118.97275">
        <ele>11.8</ele>
      </trkpt>
      <trkpt lat="34.05769" lon="-118.97177">
        <ele>14.4</ele>
      </trkpt>
      <trkpt lat="34.05743" lon="-118.97129">
        <ele>14.5</ele>
      </trkpt>
      <trkpt lat="34.05727" lon="-118.97099">
        <ele>13.8</ele>
      </trkpt>
      <trkpt lat="34.05714" lon="-118.97074">
        <ele>14.2</ele>
      </trkpt>
      <trkpt lat="34.05705" lon="-118.97057">
        <ele>14.6</ele>
      </trkpt>
      <trkpt lat="34.05696" lon="-118.9704">
        <ele>14.5</ele>
      </trkpt>
      <trkpt lat="34.05695" lon="-118.97037">
        <ele>14.4</ele>
      </trkpt>
      <trkpt lat="34.05685" lon="-118.97016">
        <ele>14.4</ele>
      </trkpt>
      <trkpt lat="34.0567" lon="-118.96982">
        <ele>15.5</ele>
      </trkpt>
      <trkpt lat="34.0566" lon="-118.96954">
        <ele>16.2</ele>
      </trkpt>
      <trkpt lat="34.05655" lon="-118.96941">
        <ele>15.8</ele>
      </trkpt>
      <trkpt lat="34.05649" lon="-118.96922">
        <ele>14.9</ele>
      </trkpt>
      <trkpt lat="34.05637" lon="-118.96879">
        <ele>14.8</ele>
      </trkpt>
      <trkpt lat="34.05631" lon="-118.96858">
        <ele>15.0</ele>
      </trkpt>
      <trkpt lat="34.05621" lon="-118.96817">
        <ele>18.4</ele>
      </trkpt>
      <trkpt lat="34.05614" lon="-118.96793">
        <ele>20.1</ele>
      </trkpt>
      <trkpt lat="34.05609" lon="-118.96776">
        <ele>21.1</ele>
      </trkpt>
      <trkpt lat="34.05608" lon="-118.96774">
        <ele>21.0</ele>
      </trkpt>
      <trkpt lat="34.05604" lon="-118.96762">
        <ele>21.0</ele>
      </trkpt>
      <trkpt lat="34.05601" lon="-118.96757">
        <ele>19.2</ele>
      </trkpt>
      <trkpt lat="34.05595" lon="-118.96744">
        <ele>17.1</ele>
      </trkpt>
      <trkpt lat="34.05583" lon="-118.96722">
        <ele>14.4</ele>
      </trkpt>
      <trkpt lat="34.05571" lon="-118.96703">
        <ele>13.8</ele>
      </trkpt>
      <trkpt lat="34.0557" lon="-118.96702">
        <ele>13.7</ele>
      </trkpt>
      <trkpt lat="34.05555" lon="-118.96682">
        <ele>13.3</ele>
      </trkpt>
      <trkpt lat="34.0553" lon="-118.96653">
        <ele>12.3</ele>
      </trkpt>
      <trkpt lat="34.05508" lon="-118.96627">
        <ele>12.8</ele>
      </trkpt>
      <trkpt lat="34.05459" lon="-118.9657">
        <ele>12.5</ele>
      </trkpt>
      <trkpt lat="34.05445" lon="-118.96553">
        <ele>12.5</ele>
      </trkpt>
      <trkpt lat="34.05417" lon="-118.96518">
        <ele>13.3</ele>
      </trkpt>
      <trkpt lat="34.05407" lon="-118.96506">
        <ele>13.9</ele>
      </trkpt>
      <trkpt lat="34.05398" lon="-118.96493">
        <ele>14.3</ele>
      </trkpt>
      <trkpt lat="34.05386" lon="-118.96474">
        <ele>13.3</ele>
      </trkpt>
      <trkpt lat="34.05385" lon="-118.96474">
        <ele>13.1</ele>
      </trkpt>
      <trkpt lat="34.0537" lon="-118.96448">
        <ele>10.2</ele>
      </trkpt>
      <trkpt lat="34.05363" lon="-118.96436">
        <ele>9.5</ele>
      </trkpt>
      <trkpt lat="34.05359" lon="-118.96429">
        <ele>9.2</ele>
      </trkpt>
      <trkpt lat="34.05346" lon="-118.96401">
        <ele>9.8</ele>
      </trkpt>
      <trkpt lat="34.0533" lon="-118.96359">
        <ele>11.4</ele>
      </trkpt>
      <trkpt lat="34.05322" lon="-118.96337">
        <ele>12.4</ele>
      </trkpt>
      <trkpt lat="34.05313" lon="-118.9631">
        <ele>13.2</ele>
      </trkpt>
      <trkpt lat="34.05287" lon="-118.9624">
        <ele>15.3</ele>
      </trkpt>
      <trkpt lat="34.05252" lon="-118.9614">
        <ele>8.0</ele>
      </trkpt>
      <trkpt lat="34.05247" lon="-118.96127">
        <ele>7.8</ele>
      </trkpt>
      <trkpt lat="34.05245" lon="-118.9612">
        <ele>8.4</ele>
      </trkpt>
      <trkpt lat="34.05226" lon="-118.96067">
        <ele>5.4</ele>
      </trkpt>
      <trkpt lat="34.05217" lon="-118.9604">
        <ele>5.6</ele>
      </trkpt>
      <trkpt lat="34.0521" lon="-118.9602">
        <ele>6.3</ele>
      </trkpt>
      <trkpt lat="34.05189" lon="-118.9596">
        <ele>12.1</ele>
      </trkpt>
      <trkpt lat="34.05184" lon="-118.95947">
        <ele>12.2</ele>
      </trkpt>
      <trkpt lat="34.05182" lon="-118.9594">
        <ele>12.3</ele>
      </trkpt>
      <trkpt lat="34.05168" lon="-118.959">
        <ele>12.2</ele>
      </trkpt>
      <trkpt lat="34.0514" lon="-118.95823">
        <ele>13.0</ele>
      </trkpt>
      <trkpt lat="34.05133" lon="-118.95802">
        <ele>16.3</ele>
      </trkpt>
      <trkpt lat="34.05124" lon="-118.95779">
        <ele>17.6</ele>
      </trkpt>
      <trkpt lat="34.05102" lon="-118.95722">
        <ele>17.9</ele>
      </trkpt>
      <trkpt lat="34.05096" lon="-118.95707">
        <ele>17.9</ele>
      </trkpt>
      <trkpt lat="34.05078" lon="-118.95657">
        <ele>18.3</ele>
      </trkpt>
      <trkpt lat="34.05058" lon="-118.95606">
        <ele>20.6</ele>
      </trkpt>
      <trkpt lat="34.05051" lon="-118.95589">
        <ele>21.3</ele>
      </trkpt>
      <trkpt lat="34.05051" lon="-118.95588">
        <ele>21.4</ele>
      </trkpt>
      <trkpt lat="34.0505" lon="-118.95584">
        <ele>21.5</ele>
      </trkpt>
      <trkpt lat="34.05019" lon="-118.95504">
        <ele>29.0</ele>
      </trkpt>
      <trkpt lat="34.05007" lon="-118.95474">
        <ele>31.0</ele>
      </trkpt>
      <trkpt lat="34.04996" lon="-118.95445">
        <ele>33.6</ele>
      </trkpt>
      <trkpt lat="34.04995" lon="-118.95442">
        <ele>33.8</ele>
      </trkpt>
      <trkpt lat="34.04989" lon="-118.95425">
        <ele>34.6</ele>
      </trkpt>
      <trkpt lat="34.04987" lon="-118.95422">
        <ele>34.7</ele>
      </trkpt>
      <trkpt lat="34.04981" lon="-118.95405">
        <ele>35.6</ele>
      </trkpt>
      <trkpt lat="34.0498" lon="-118.95402">
        <ele>35.8</ele>
      </trkpt>
      <trkpt lat="34.04974" lon="-118.95387">
        <ele>36.4</ele>
      </trkpt>
      <trkpt lat="34.04956" lon="-118.9534">
        <ele>37.3</ele>
      </trkpt>
      <trkpt lat="34.0495" lon="-118.95323">
        <ele>37.5</ele>
      </trkpt>
      <trkpt lat="34.04946" lon="-118.95315">
        <ele>37.5</ele>
      </trkpt>
      <trkpt lat="34.04931" lon="-118.95275">
        <ele>37.8</ele>
      </trkpt>
      <trkpt lat="34.04927" lon="-118.95263">
        <ele>37.7</ele>
      </trkpt>
      <trkpt lat="34.04924" lon="-118.95256">
        <ele>37.6</ele>
      </trkpt>
      <trkpt lat="34.04922" lon="-118.95251">
        <ele>37.5</ele>
      </trkpt>
      <trkpt lat="34.0491" lon="-118.95216">
        <ele>34.9</ele>
      </trkpt>
      <trkpt lat="34.04907" lon="-118.95206">
        <ele>33.9</ele>
      </trkpt>
      <trkpt lat="34.04896" lon="-118.95173">
        <ele>35.0</ele>
      </trkpt>
      <trkpt lat="34.04855" lon="-118.95055">
        <ele>36.5</ele>
      </trkpt>
      <trkpt lat="34.04816" lon="-118.94938">
        <ele>37.4</ele>
      </trkpt>
      <trkpt lat="34.04786" lon="-118.94848">
        <ele>29.2</ele>
      </trkpt>
      <trkpt lat="34.04763" lon="-118.9478">
        <ele>29.5</ele>
      </trkpt>
      <trkpt lat="34.0476" lon="-118.94771">
        <ele>29.4</ele>
      </trkpt>
      <trkpt lat="34.04758" lon="-118.94766">
        <ele>29.2</ele>
      </trkpt>
      <trkpt lat="34.04718" lon="-118.94646">
        <ele>29.3</ele>
      </trkpt>
      <trkpt lat="34.04713" lon="-118.94629">
        <ele>29.7</ele>
      </trkpt>
      <trkpt lat="34.04708" lon="-118.94616">
        <ele>29.6</ele>
      </trkpt>
      <trkpt lat="34.04691" lon="-118.94566">
        <ele>28.2</ele>
      </trkpt>
      <trkpt lat="34.0468" lon="-118.94528">
        <ele>27.8</ele>
      </trkpt>
      <trkpt lat="34.04665" lon="-118.94479">
        <ele>28.3</ele>
      </trkpt>
      <trkpt lat="34.0466" lon="-118.94461">
        <ele>28.6</ele>
      </trkpt>
      <trkpt lat="34.04637" lon="-118.94379">
        <ele>28.5</ele>
      </trkpt>
      <trkpt lat="34.0463" lon="-118.94348">
        <ele>28.1</ele>
      </trkpt>
      <trkpt lat="34.04627" lon="-118.94337">
        <ele>27.9</ele>
      </trkpt>
      <trkpt lat="34.04621" lon="-118.94317">
        <ele>27.4</ele>
      </trkpt>
      <trkpt lat="34.04616" lon="-118.94296">
        <ele>27.5</ele>
      </trkpt>
      <trkpt lat="34.04599" lon="-118.9423">
        <ele>27.8</ele>
      </trkpt>
      <trkpt lat="34.04584" lon="-118.94171">
        <ele>22.8</ele>
      </trkpt>
      <trkpt lat="34.04572" lon="-118.94125">
        <ele>23.7</ele>
      </trkpt>
      <trkpt lat="34.04546" lon="-118.94024">
        <ele>23.1</ele>
      </trkpt>
      <trkpt lat="34.04536" lon="-118.93985">
        <ele>22.9</ele>
      </trkpt>
      <trkpt lat="34.0453" lon="-118.93964">
        <ele>22.1</ele>
      </trkpt>
      <trkpt lat="34.04525" lon="-118.93944">
        <ele>22.0</ele>
      </trkpt>
      <trkpt lat="34.04524" lon="-118.93939">
        <ele>22.3</ele>
      </trkpt>
      <trkpt lat="34.0452" lon="-118.93923">
        <ele>23.5</ele>
      </trkpt>
      <trkpt lat="34.04514" lon="-118.93902">
        <ele>23.3</ele>
      </trkpt>
      <trkpt lat="34.04512" lon="-118.93895">
        <ele>23.2</ele>
      </trkpt>
      <trkpt lat="34.04509" lon="-118.93881">
        <ele>22.3</ele>
      </trkpt>
      <trkpt lat="34.04504" lon="-118.9386">
        <ele>22.1</ele>
      </trkpt>
      <trkpt lat="34.04503" lon="-118.93854">
        <ele>22.4</ele>
      </trkpt>
      <trkpt lat="34.045" lon="-118.93835">
        <ele>22.8</ele>
      </trkpt>
      <trkpt lat="34.04497" lon="-118.93819">
        <ele>23.0</ele>
      </trkpt>
      <trkpt lat="34.04497" lon="-118.93818">
        <ele>23.0</ele>
      </trkpt>
      <trkpt lat="34.04495" lon="-118.93803">
        <ele>23.3</ele>
      </trkpt>
      <trkpt lat="34.04494" lon="-118.93797">
        <ele>23.2</ele>
      </trkpt>
      <trkpt lat="34.04492" lon="-118.93786">
        <ele>22.9</ele>
      </trkpt>
      <trkpt lat="34.04491" lon="-118.93771">
        <ele>22.7</ele>
      </trkpt>
      <trkpt lat="34.0449" lon="-118.93758">
        <ele>22.3</ele>
      </trkpt>
      <trkpt lat="34.04489" lon="-118.93753">
        <ele>22.0</ele>
      </trkpt>
      <trkpt lat="34.04489" lon="-118.93742">
        <ele>20.8</ele>
      </trkpt>
      <trkpt lat="34.04488" lon="-118.93732">
        <ele>18.6</ele>
      </trkpt>
      <trkpt lat="34.04488" lon="-118.93725">
        <ele>16.9</ele>
      </trkpt>
      <trkpt lat="34.04488" lon="-118.93688">
        <ele>15.1</ele>
      </trkpt>
      <trkpt lat="34.04488" lon="-118.93677">
        <ele>14.7</ele>
      </trkpt>
      <trkpt lat="34.04489" lon="-118.93658">
        <ele>14.2</ele>
      </trkpt>
      <trkpt lat="34.0449" lon="-118.93638">
        <ele>13.1</ele>
      </trkpt>
      <trkpt lat="34.04492" lon="-118.93614">
        <ele>10.2</ele>
      </trkpt>
      <trkpt lat="34.04494" lon="-118.93599">
        <ele>8.8</ele>
      </trkpt>
      <trkpt lat="34.04498" lon="-118.93576">
        <ele>8.1</ele>
      </trkpt>
      <trkpt lat="34.04501" lon="-118.93554">
        <ele>7.1</ele>
      </trkpt>
      <trkpt lat="34.04502" lon="-118.9355">
        <ele>6.7</ele>
      </trkpt>
      <trkpt lat="34.04503" lon="-118.93546">
        <ele>6.3</ele>
      </trkpt>
      <trkpt lat="34.04504" lon="-118.93539">
        <ele>5.7</ele>
      </trkpt>
      <trkpt lat="34.04507" lon="-118.93525">
        <ele>5.5</ele>
      </trkpt>
      <trkpt lat="34.04514" lon="-118.93495">
        <ele>5.2</ele>
      </trkpt>
      <trkpt lat="34.04517" lon="-118.9348">
        <ele>3.8</ele>
      </trkpt>
      <trkpt lat="34.04523" lon="-118.93463">
        <ele>3.9</ele>
      </trkpt>
      <trkpt lat="34.04526" lon="-118.93454">
        <ele>4.0</ele>
      </trkpt>
      <trkpt lat="34.04528" lon="-118.93448">
        <ele>4.0</ele>
      </trkpt>
      <trkpt lat="34.04539" lon="-118.9342">
        <ele>4.3</ele>
      </trkpt>
      <trkpt lat="34.04555" lon="-118.93376">
        <ele>4.7</ele>
      </trkpt>
      <trkpt lat="34.04565" lon="-118.93349">
        <ele>4.6</ele>
      </trkpt>
      <trkpt lat="34.04572" lon="-118.9333">
        <ele>4.5</ele>
      </trkpt>
      <trkpt lat="34.04585" lon="-118.93295">
        <ele>5.1</ele>
      </trkpt>
      <trkpt lat="34.04601" lon="-118.9325">
        <ele>5.3</ele>
      </trkpt>
      <trkpt lat="34.04611" lon="-118.93225">
        <ele>6.9</ele>
      </trkpt>
      <trkpt lat="34.04616" lon="-118.93212">
        <ele>7.9</ele>
      </trkpt>
      <trkpt lat="34.04634" lon="-118.93164">
        <ele>11.8</ele>
      </trkpt>
      <trkpt lat="34.04636" lon="-118.93161">
        <ele>12.2</ele>
      </trkpt>
      <trkpt lat="34.04652" lon="-118.93116">
        <ele>14.4</ele>
      </trkpt>
      <trkpt lat="34.04663" lon="-118.93087">
        <ele>15.4</ele>
      </trkpt>
      <trkpt lat="34.04663" lon="-118.93085">
        <ele>15.5</ele>
      </trkpt>
      <trkpt lat="34.04669" lon="-118.93066">
        <ele>17.0</ele>
      </trkpt>
      <trkpt lat="34.04676" lon="-118.93042">
        <ele>18.5</ele>
      </trkpt>
      <trkpt lat="34.0468" lon="-118.93029">
        <ele>19.2</ele>
      </trkpt>
      <trkpt lat="34.04684" lon="-118.93014">
        <ele>20.1</ele>
      </trkpt>
      <trkpt lat="34.04687" lon="-118.92998">
        <ele>20.9</ele>
      </trkpt>
      <trkpt lat="34.04688" lon="-118.92996">
        <ele>21.1</ele>
      </trkpt>
      <trkpt lat="34.04692" lon="-118.92973">
        <ele>21.7</ele>
      </trkpt>
      <trkpt lat="34.04692" lon="-118.92972">
        <ele>21.6</ele>
      </trkpt>
      <trkpt lat="34.04696" lon="-118.9295">
        <ele>21.7</ele>
      </trkpt>
      <trkpt lat="34.04698" lon="-118.92935">
        <ele>21.6</ele>
      </trkpt>
      <trkpt lat="34.04699" lon="-118.92922">
        <ele>21.5</ele>
      </trkpt>
      <trkpt lat="34.04701" lon="-118.92904">
        <ele>21.4</ele>
      </trkpt>
      <trkpt lat="34.04702" lon="-118.92886">
        <ele>21.0</ele>
      </trkpt>
      <trkpt lat="34.04703" lon="-118.92865">
        <ele>20.4</ele>
      </trkpt>
      <trkpt lat="34.04704" lon="-118.92842">
        <ele>19.5</ele>
      </trkpt>
      <trkpt lat="34.04706" lon="-118.92776">
        <ele>25.2</ele>
      </trkpt>
      <trkpt lat="34.04707" lon="-118.92733">
        <ele>29.5</ele>
      </trkpt>
      <trkpt lat="34.04708" lon="-118.92711">
        <ele>30.1</ele>
      </trkpt>
      <trkpt lat="34.04708" lon="-118.92702">
        <ele>30.6</ele>
      </trkpt>
      <trkpt lat="34.04708" lon="-118.92696">
        <ele>31.2</ele>
      </trkpt>
      <trkpt lat="34.04709" lon="-118.92668">
        <ele>36.7</ele>
      </trkpt>
      <trkpt lat="34.0471" lon="-118.92646">
        <ele>37.7</ele>
      </trkpt>
      <trkpt lat="34.0471" lon="-118.92632">
        <ele>37.9</ele>
      </trkpt>
      <trkpt lat="34.04711" lon="-118.92609">
        <ele>38.9</ele>
      </trkpt>
      <trkpt lat="34.04711" lon="-118.92595">
        <ele>41.3</ele>
      </trkpt>
      <trkpt lat="34.04711" lon="-118.92593">
        <ele>41.8</ele>
      </trkpt>
      <trkpt lat="34.04711" lon="-118.92581">
        <ele>44.4</ele>
      </trkpt>
      <trkpt lat="34.04711" lon="-118.92566">
        <ele>45.5</ele>
      </trkpt>
      <trkpt lat="34.04711" lon="-118.92559">
        <ele>45.7</ele>
      </trkpt>
      <trkpt lat="34.0471" lon="-118.92544">
        <ele>46.3</ele>
      </trkpt>
      <trkpt lat="34.0471" lon="-118.92538">
        <ele>46.6</ele>
      </trkpt>
      <trkpt lat="34.0471" lon="-118.92536">
        <ele>46.8</ele>
      </trkpt>
      <trkpt lat="34.04709" lon="-118.92528">
        <ele>47.6</ele>
      </trkpt>
      <trkpt lat="34.04708" lon="-118.92516">
        <ele>48.8</ele>
      </trkpt>
      <trkpt lat="34.04708" lon="-118.9251">
        <ele>49.3</ele>
      </trkpt>
      <trkpt lat="34.04707" lon="-118.92499">
        <ele>49.8</ele>
      </trkpt>
      <trkpt lat="34.04704" lon="-118.92479">
        <ele>49.8</ele>
      </trkpt>
      <trkpt lat="34.04704" lon="-118.92473">
        <ele>49.9</ele>
      </trkpt>
      <trkpt lat="34.04702" lon="-118.92464">
        <ele>49.7</ele>
      </trkpt>
      <trkpt lat="34.047" lon="-118.92452">
        <ele>48.9</ele>
      </trkpt>
      <trkpt lat="34.047" lon="-118.92448">
        <ele>48.5</ele>
      </trkpt>
      <trkpt lat="34.04696" lon="-118.92432">
        <ele>46.5</ele>
      </trkpt>
      <trkpt lat="34.04695" lon="-118.92425">
        <ele>46.1</ele>
      </trkpt>
      <trkpt lat="34.04693" lon="-118.92416">
        <ele>45.8</ele>
      </trkpt>
      <trkpt lat="34.04692" lon="-118.92412">
        <ele>45.7</ele>
      </trkpt>
      <trkpt lat="34.04688" lon="-118.92394">
        <ele>45.3</ele>
      </trkpt>
      <trkpt lat="34.04683" lon="-118.92376">
        <ele>44.8</ele>
      </trkpt>
      <trkpt lat="34.04678" lon="-118.92355">
        <ele>43.3</ele>
      </trkpt>
      <trkpt lat="34.04671" lon="-118.9233">
        <ele>39.8</ele>
      </trkpt>
      <trkpt lat="34.04667" lon="-118.92318">
        <ele>38.1</ele>
      </trkpt>
      <trkpt lat="34.04662" lon="-118.92301">
        <ele>37.3</ele>
      </trkpt>
      <trkpt lat="34.04661" lon="-118.92297">
        <ele>37.2</ele>
      </trkpt>
      <trkpt lat="34.0464" lon="-118.92226">
        <ele>32.1</ele>
      </trkpt>
      <trkpt lat="34.04626" lon="-118.92181">
        <ele>39.1</ele>
      </trkpt>
      <trkpt lat="34.04625" lon="-118.92178">
        <ele>39.4</ele>
      </trkpt>
      <trkpt lat="34.04623" lon="-118.92169">
        <ele>40.5</ele>
      </trkpt>
      <trkpt lat="34.04618" lon="-118.92154">
        <ele>41.7</ele>
      </trkpt>
      <trkpt lat="34.04585" lon="-118.9204">
        <ele>43.4</ele>
      </trkpt>
      <trkpt lat="34.04568" lon="-118.91983">
        <ele>47.0</ele>
      </trkpt>
      <trkpt lat="34.04562" lon="-118.91963">
        <ele>49.1</ele>
      </trkpt>
      <trkpt lat="34.04556" lon="-118.91944">
        <ele>49.9</ele>
      </trkpt>
      <trkpt lat="34.04554" lon="-118.91936">
        <ele>50.0</ele>
      </trkpt>
      <trkpt lat="34.04551" lon="-118.91927">
        <ele>49.9</ele>
      </trkpt>
      <trkpt lat="34.0455" lon="-118.91923">
        <ele>49.9</ele>
      </trkpt>
      <trkpt lat="34.04549" lon="-118.91921">
        <ele>49.9</ele>
      </trkpt>
      <trkpt lat="34.04546" lon="-118.91909">
        <ele>49.9</ele>
      </trkpt>
      <trkpt lat="34.04544" lon="-118.91901">
        <ele>49.9</ele>
      </trkpt>
      <trkpt lat="34.04543" lon="-118.919">
        <ele>49.8</ele>
      </trkpt>
      <trkpt lat="34.04536" lon="-118.91875">
        <ele>49.8</ele>
      </trkpt>
      <trkpt lat="34.04532" lon="-118.91861">
        <ele>49.9</ele>
      </trkpt>
      <trkpt lat="34.04531" lon="-118.91859">
        <ele>49.8</ele>
      </trkpt>
      <trkpt lat="34.04528" lon="-118.91848">
        <ele>49.7</ele>
      </trkpt>
      <trkpt lat="34.04526" lon="-118.9184">
        <ele>49.7</ele>
      </trkpt>
      <trkpt lat="34.04525" lon="-118.91839">
        <ele>49.6</ele>
      </trkpt>
      <trkpt lat="34.04522" lon="-118.91827">
        <ele>49.5</ele>
      </trkpt>
      <trkpt lat="34.0452" lon="-118.91822">
        <ele>49.4</ele>
      </trkpt>
      <trkpt lat="34.04519" lon="-118.91818">
        <ele>49.3</ele>
      </trkpt>
      <trkpt lat="34.04518" lon="-118.91813">
        <ele>49.3</ele>
      </trkpt>
      <trkpt lat="34.04513" lon="-118.91798">
        <ele>48.8</ele>
      </trkpt>
      <trkpt lat="34.04509" lon="-118.91786">
        <ele>47.6</ele>
      </trkpt>
      <trkpt lat="34.0448" lon="-118.91684">
        <ele>44.2</ele>
      </trkpt>
      <trkpt lat="34.0448" lon="-118.91683">
        <ele>44.2</ele>
      </trkpt>
      <trkpt lat="34.04476" lon="-118.91672">
        <ele>44.3</ele>
      </trkpt>
      <trkpt lat="34.04473" lon="-118.91662">
        <ele>44.4</ele>
      </trkpt>
      <trkpt lat="34.0446" lon="-118.91615">
        <ele>42.6</ele>
      </trkpt>
      <trkpt lat="34.04459" lon="-118.91613">
        <ele>42.5</ele>
      </trkpt>
      <trkpt lat="34.04456" lon="-118.91603">
        <ele>41.9</ele>
      </trkpt>
      <trkpt lat="34.04454" lon="-118.91594">
        <ele>41.3</ele>
      </trkpt>
      <trkpt lat="34.04453" lon="-118.91593">
        <ele>41.1</ele>
      </trkpt>
      <trkpt lat="34.04452" lon="-118.9159">
        <ele>40.8</ele>
      </trkpt>
      <trkpt lat="34.04449" lon="-118.91581">
        <ele>39.8</ele>
      </trkpt>
      <trkpt lat="34.04449" lon="-118.9158">
        <ele>39.8</ele>
      </trkpt>
      <trkpt lat="34.04446" lon="-118.91568">
        <ele>38.6</ele>
      </trkpt>
      <trkpt lat="34.04443" lon="-118.91556">
        <ele>37.8</ele>
      </trkpt>
      <trkpt lat="34.04443" lon="-118.91554">
        <ele>37.8</ele>
      </trkpt>
      <trkpt lat="34.04439" lon="-118.9154">
        <ele>37.6</ele>
      </trkpt>
      <trkpt lat="34.04436" lon="-118.91526">
        <ele>37.6</ele>
      </trkpt>
      <trkpt lat="34.04435" lon="-118.91522">
        <ele>37.5</ele>
      </trkpt>
      <trkpt lat="34.04432" lon="-118.9151">
        <ele>37.5</ele>
      </trkpt>
      <trkpt lat="34.0443" lon="-118.91501">
        <ele>37.6</ele>
      </trkpt>
      <trkpt lat="34.04429" lon="-118.91495">
        <ele>37.7</ele>
      </trkpt>
      <trkpt lat="34.04428" lon="-118.91489">
        <ele>37.8</ele>
      </trkpt>
      <trkpt lat="34.04426" lon="-118.9148">
        <ele>37.7</ele>
      </trkpt>
      <trkpt lat="34.04426" lon="-118.91479">
        <ele>37.8</ele>
      </trkpt>
      <trkpt lat="34.04426" lon="-118.91476">
        <ele>37.9</ele>
      </trkpt>
      <trkpt lat="34.04422" lon="-118.91451">
        <ele>37.7</ele>
      </trkpt>
      <trkpt lat="34.04419" lon="-118.91424">
        <ele>35.6</ele>
      </trkpt>
      <trkpt lat="34.04415" lon="-118.91397">
        <ele>33.3</ele>
      </trkpt>
      <trkpt lat="34.04415" lon="-118.91396">
        <ele>33.4</ele>
      </trkpt>
      <trkpt lat="34.04414" lon="-118.91393">
        <ele>33.7</ele>
      </trkpt>
      <trkpt lat="34.04413" lon="-118.91384">
        <ele>34.8</ele>
      </trkpt>
      <trkpt lat="34.04412" lon="-118.9137">
        <ele>36.7</ele>
      </trkpt>
      <trkpt lat="34.04402" lon="-118.91302">
        <ele>38.2</ele>
      </trkpt>
      <trkpt lat="34.044" lon="-118.91289">
        <ele>37.9</ele>
      </trkpt>
      <trkpt lat="34.04399" lon="-118.91276">
        <ele>37.5</ele>
      </trkpt>
      <trkpt lat="34.04396" lon="-118.9126">
        <ele>36.7</ele>
      </trkpt>
      <trkpt lat="34.04393" lon="-118.91236">
        <ele>36.0</ele>
      </trkpt>
      <trkpt lat="34.0439" lon="-118.91214">
        <ele>35.7</ele>
      </trkpt>
      <trkpt lat="34.04389" lon="-118.91208">
        <ele>35.8</ele>
      </trkpt>
      <trkpt lat="34.04389" lon="-118.91207">
        <ele>35.8</ele>
      </trkpt>
      <trkpt lat="34.04388" lon="-118.91202">
        <ele>35.8</ele>
      </trkpt>
      <trkpt lat="34.04387" lon="-118.91193">
        <ele>35.9</ele>
      </trkpt>
      <trkpt lat="34.04385" lon="-118.91178">
        <ele>36.2</ele>
      </trkpt>
      <trkpt lat="34.04382" lon="-118.91157">
        <ele>36.4</ele>
      </trkpt>
      <trkpt lat="34.04376" lon="-118.91114">
        <ele>36.1</ele>
      </trkpt>
      <trkpt lat="34.04375" lon="-118.91107">
        <ele>36.0</ele>
      </trkpt>
      <trkpt lat="34.04368" lon="-118.91054">
        <ele>37.2</ele>
      </trkpt>
      <trkpt lat="34.04368" lon="-118.91053">
        <ele>37.3</ele>
      </trkpt>
      <trkpt lat="34.04366" lon="-118.91042">
        <ele>38.0</ele>
      </trkpt>
      <trkpt lat="34.04359" lon="-118.90991">
        <ele>41.6</ele>
      </trkpt>
      <trkpt lat="34.04356" lon="-118.9097">
        <ele>44.4</ele>
      </trkpt>
      <trkpt lat="34.04344" lon="-118.90885">
        <ele>44.2</ele>
      </trkpt>
      <trkpt lat="34.04343" lon="-118.90872">
        <ele>44.7</ele>
      </trkpt>
      <trkpt lat="34.04343" lon="-118.90871">
        <ele>44.8</ele>
      </trkpt>
      <trkpt lat="34.04331" lon="-118.90786">
        <ele>44.7</ele>
      </trkpt>
      <trkpt lat="34.0433" lon="-118.90776">
        <ele>44.5</ele>
      </trkpt>
      <trkpt lat="34.04328" lon="-118.90761">
        <ele>44.1</ele>
      </trkpt>
      <trkpt lat="34.04327" lon="-118.90758">
        <ele>43.8</ele>
      </trkpt>
      <trkpt lat="34.04324" lon="-118.90736">
        <ele>40.3</ele>
      </trkpt>
      <trkpt lat="34.04324" lon="-118.90732">
        <ele>39.6</ele>
      </trkpt>
      <trkpt lat="34.04322" lon="-118.90719">
        <ele>38.5</ele>
      </trkpt>
      <trkpt lat="34.0432" lon="-118.90704">
        <ele>38.5</ele>
      </trkpt>
      <trkpt lat="34.04298" lon="-118.90541">
        <ele>36.7</ele>
      </trkpt>
      <trkpt lat="34.04298" lon="-118.9054">
        <ele>36.7</ele>
      </trkpt>
      <trkpt lat="34.04296" lon="-118.90528">
        <ele>36.8</ele>
      </trkpt>
      <trkpt lat="34.04294" lon="-118.90518">
        <ele>36.9</ele>
      </trkpt>
      <trkpt lat="34.04294" lon="-118.90515">
        <ele>37.0</ele>
      </trkpt>
      <trkpt lat="34.04293" lon="-118.90505">
        <ele>37.2</ele>
      </trkpt>
      <trkpt lat="34.04291" lon="-118.90495">
        <ele>37.4</ele>
      </trkpt>
      <trkpt lat="34.04291" lon="-118.90492">
        <ele>37.5</ele>
      </trkpt>
      <trkpt lat="34.04287" lon="-118.90461">
        <ele>37.8</ele>
      </trkpt>
      <trkpt lat="34.04287" lon="-118.9046">
        <ele>37.8</ele>
      </trkpt>
      <trkpt lat="34.04286" lon="-118.90455">
        <ele>37.8</ele>
      </trkpt>
      <trkpt lat="34.04284" lon="-118.90444">
        <ele>37.7</ele>
      </trkpt>
      <trkpt lat="34.04284" lon="-118.90442">
        <ele>37.8</ele>
      </trkpt>
      <trkpt lat="34.04281" lon="-118.9042">
        <ele>37.6</ele>
      </trkpt>
      <trkpt lat="34.04281" lon="-118.90418">
        <ele>37.6</ele>
      </trkpt>
      <trkpt lat="34.0428" lon="-118.90409">
        <ele>37.6</ele>
      </trkpt>
      <trkpt lat="34.04279" lon="-118.90401">
        <ele>37.5</ele>
      </trkpt>
      <trkpt lat="34.04278" lon="-118.90398">
        <ele>37.4</ele>
      </trkpt>
      <trkpt lat="34.04278" lon="-118.90395">
        <ele>37.4</ele>
      </trkpt>
      <trkpt lat="34.04277" lon="-118.90388">
        <ele>37.4</ele>
      </trkpt>
      <trkpt lat="34.04274" lon="-118.9037">
        <ele>37.7</ele>
      </trkpt>
      <trkpt lat="34.04262" lon="-118.90279">
        <ele>37.4</ele>
      </trkpt>
      <trkpt lat="34.0426" lon="-118.90266">
        <ele>37.5</ele>
      </trkpt>
      <trkpt lat="34.04251" lon="-118.90201">
        <ele>36.9</ele>
      </trkpt>
      <trkpt lat="34.0425" lon="-118.90192">
        <ele>36.5</ele>
      </trkpt>
      <trkpt lat="34.04243" lon="-118.90143">
        <ele>35.5</ele>
      </trkpt>
      <trkpt lat="34.04242" lon="-118.9013">
        <ele>35.5</ele>
      </trkpt>
      <trkpt lat="34.0424" lon="-118.9012">
        <ele>35.5</ele>
      </trkpt>
      <trkpt lat="34.04235" lon="-118.90082">
        <ele>35.9</ele>
      </trkpt>
      <trkpt lat="34.04234" lon="-118.90073">
        <ele>36.0</ele>
      </trkpt>
      <trkpt lat="34.04232" lon="-118.90061">
        <ele>36.1</ele>
      </trkpt>
      <trkpt lat="34.04215" lon="-118.89932">
        <ele>35.6</ele>
      </trkpt>
      <trkpt lat="34.04201" lon="-118.89833">
        <ele>29.7</ele>
      </trkpt>
      <trkpt lat="34.04193" lon="-118.89773">
        <ele>26.0</ele>
      </trkpt>
      <trkpt lat="34.04187" lon="-118.89731">
        <ele>27.8</ele>
      </trkpt>
      <trkpt lat="34.04185" lon="-118.89718">
        <ele>29.1</ele>
      </trkpt>
      <trkpt lat="34.04182" lon="-118.89695">
        <ele>31.0</ele>
      </trkpt>
      <trkpt lat="34.04181" lon="-118.89682">
        <ele>32.7</ele>
      </trkpt>
      <trkpt lat="34.04179" lon="-118.89669">
        <ele>34.1</ele>
      </trkpt>
      <trkpt lat="34.04174" lon="-118.89628">
        <ele>36.5</ele>
      </trkpt>
      <trkpt lat="34.04168" lon="-118.89583">
        <ele>38.1</ele>
      </trkpt>
      <trkpt lat="34.04166" lon="-118.8957">
        <ele>38.1</ele>
      </trkpt>
      <trkpt lat="34.04164" lon="-118.89557">
        <ele>38.0</ele>
      </trkpt>
      <trkpt lat="34.04162" lon="-118.8954">
        <ele>37.8</ele>
      </trkpt>
      <trkpt lat="34.04159" lon="-118.89518">
        <ele>36.9</ele>
      </trkpt>
      <trkpt lat="34.04157" lon="-118.89504">
        <ele>34.9</ele>
      </trkpt>
      <trkpt lat="34.04155" lon="-118.89495">
        <ele>32.9</ele>
      </trkpt>
      <trkpt lat="34.04154" lon="-118.89484">
        <ele>31.3</ele>
      </trkpt>
      <trkpt lat="34.04154" lon="-118.89483">
        <ele>31.2</ele>
      </trkpt>
      <trkpt lat="34.04153" lon="-118.8948">
        <ele>31.0</ele>
      </trkpt>
      <trkpt lat="34.04153" lon="-118.89477">
        <ele>31.0</ele>
      </trkpt>
      <trkpt lat="34.0415" lon="-118.89462">
        <ele>30.7</ele>
      </trkpt>
      <trkpt lat="34.0415" lon="-118.89459">
        <ele>30.5</ele>
      </trkpt>
      <trkpt lat="34.0415" lon="-118.89455">
        <ele>30.4</ele>
      </trkpt>
      <trkpt lat="34.04149" lon="-118.89449">
        <ele>29.5</ele>
      </trkpt>
      <trkpt lat="34.04148" lon="-118.8944">
        <ele>28.0</ele>
      </trkpt>
      <trkpt lat="34.04146" lon="-118.89424">
        <ele>26.1</ele>
      </trkpt>
      <trkpt lat="34.04143" lon="-118.89404">
        <ele>27.3</ele>
      </trkpt>
      <trkpt lat="34.04142" lon="-118.89402">
        <ele>27.5</ele>
      </trkpt>
      <trkpt lat="34.04142" lon="-118.894">
        <ele>27.9</ele>
      </trkpt>
      <trkpt lat="34.04139" lon="-118.89376">
        <ele>30.0</ele>
      </trkpt>
      <trkpt lat="34.04137" lon="-118.8936">
        <ele>31.1</ele>
      </trkpt>
      <trkpt lat="34.04135" lon="-118.89349">
        <ele>32.2</ele>
      </trkpt>
      <trkpt lat="34.0413" lon="-118.89313">
        <ele>34.5</ele>
      </trkpt>
      <trkpt lat="34.04129" lon="-118.89304">
        <ele>35.0</ele>
      </trkpt>
      <trkpt lat="34.04127" lon="-118.89291">
        <ele>35.7</ele>
      </trkpt>
      <trkpt lat="34.04114" lon="-118.89198">
        <ele>44.4</ele>
      </trkpt>
      <trkpt lat="34.04114" lon="-118.89196">
        <ele>44.5</ele>
      </trkpt>
      <trkpt lat="34.04111" lon="-118.89175">
        <ele>45.1</ele>
      </trkpt>
      <trkpt lat="34.04106" lon="-118.8914">
        <ele>45.2</ele>
      </trkpt>
      <trkpt lat="34.04106" lon="-118.89139">
        <ele>45.3</ele>
      </trkpt>
      <trkpt lat="34.04105" lon="-118.8913">
        <ele>45.2</ele>
      </trkpt>
      <trkpt lat="34.04101" lon="-118.89101">
        <ele>44.4</ele>
      </trkpt>
      <trkpt lat="34.041" lon="-118.89095">
        <ele>44.4</ele>
      </trkpt>
      <trkpt lat="34.04099" lon="-118.89082">
        <ele>44.8</ele>
      </trkpt>
      <trkpt lat="34.04098" lon="-118.89075">
        <ele>45.1</ele>
      </trkpt>
      <trkpt lat="34.04098" lon="-118.89072">
        <ele>45.3</ele>
      </trkpt>
      <trkpt lat="34.04097" lon="-118.89072">
        <ele>45.2</ele>
      </trkpt>
      <trkpt lat="34.04096" lon="-118.89064">
        <ele>45.5</ele>
      </trkpt>
      <trkpt lat="34.04095" lon="-118.89055">
        <ele>45.5</ele>
      </trkpt>
      <trkpt lat="34.04095" lon="-118.89052">
        <ele>45.6</ele>
      </trkpt>
      <trkpt lat="34.04095" lon="-118.89051">
        <ele>45.6</ele>
      </trkpt>
      <trkpt lat="34.04093" lon="-118.89041">
        <ele>45.1</ele>
      </trkpt>
      <trkpt lat="34.04089" lon="-118.89012">
        <ele>44.8</ele>
      </trkpt>
      <trkpt lat="34.04086" lon="-118.88989">
        <ele>44.7</ele>
      </trkpt>
      <trkpt lat="34.04077" lon="-118.88922">
        <ele>43.6</ele>
      </trkpt>
      <trkpt lat="34.04075" lon="-118.88905">
        <ele>47.6</ele>
      </trkpt>
      <trkpt lat="34.04074" lon="-118.88899">
        <ele>48.7</ele>
      </trkpt>
      <trkpt lat="34.04074" lon="-118.88898">
        <ele>48.8</ele>
      </trkpt>
      <trkpt lat="34.04074" lon="-118.88897">
        <ele>48.9</ele>
      </trkpt>
      <trkpt lat="34.04073" lon="-118.88892">
        <ele>49.2</ele>
      </trkpt>
      <trkpt lat="34.04072" lon="-118.88886">
        <ele>49.5</ele>
      </trkpt>
      <trkpt lat="34.04072" lon="-118.88885">
        <ele>49.6</ele>
      </trkpt>
      <trkpt lat="34.04072" lon="-118.88882">
        <ele>49.7</ele>
      </trkpt>
      <trkpt lat="34.04068" lon="-118.88844">
        <ele>50.7</ele>
      </trkpt>
      <trkpt lat="34.04056" lon="-118.88728">
        <ele>50.2</ele>
      </trkpt>
      <trkpt lat="34.04055" lon="-118.88715">
        <ele>50.3</ele>
      </trkpt>
      <trkpt lat="34.04053" lon="-118.88699">
        <ele>50.3</ele>
      </trkpt>
      <trkpt lat="34.04053" lon="-118.88698">
        <ele>50.3</ele>
      </trkpt>
      <trkpt lat="34.04046" lon="-118.88626">
        <ele>50.9</ele>
      </trkpt>
      <trkpt lat="34.04046" lon="-118.88624">
        <ele>51.0</ele>
      </trkpt>
      <trkpt lat="34.04045" lon="-118.88619">
        <ele>51.0</ele>
      </trkpt>
      <trkpt lat="34.04043" lon="-118.88596">
        <ele>51.9</ele>
      </trkpt>
      <trkpt lat="34.0404" lon="-118.88568">
        <ele>54.4</ele>
      </trkpt>
      <trkpt lat="34.04038" lon="-118.88545">
        <ele>55.9</ele>
      </trkpt>
      <trkpt lat="34.04036" lon="-118.88524">
        <ele>56.5</ele>
      </trkpt>
      <trkpt lat="34.04035" lon="-118.88513">
        <ele>56.8</ele>
      </trkpt>
      <trkpt lat="34.04032" lon="-118.88481">
        <ele>57.3</ele>
      </trkpt>
      <trkpt lat="34.04031" lon="-118.88471">
        <ele>57.3</ele>
      </trkpt>
      <trkpt lat="34.04028" lon="-118.8844">
        <ele>57.7</ele>
      </trkpt>
      <trkpt lat="34.04024" lon="-118.88398">
        <ele>58.2</ele>
      </trkpt>
      <trkpt lat="34.04023" lon="-118.8839">
        <ele>58.3</ele>
      </trkpt>
      <trkpt lat="34.04022" lon="-118.8838">
        <ele>58.4</ele>
      </trkpt>
      <trkpt lat="34.04022" lon="-118.88376">
        <ele>58.4</ele>
      </trkpt>
      <trkpt lat="34.04019" lon="-118.8835">
        <ele>58.3</ele>
      </trkpt>
      <trkpt lat="34.04018" lon="-118.8834">
        <ele>58.2</ele>
      </trkpt>
      <trkpt lat="34.04017" lon="-118.8833">
        <ele>57.9</ele>
      </trkpt>
      <trkpt lat="34.04017" lon="-118.88327">
        <ele>57.9</ele>
      </trkpt>
      <trkpt lat="34.04012" lon="-118.88273">
        <ele>58.1</ele>
      </trkpt>
      <trkpt lat="34.04008" lon="-118.88232">
        <ele>58.5</ele>
      </trkpt>
      <trkpt lat="34.04005" lon="-118.88211">
        <ele>56.7</ele>
      </trkpt>
      <trkpt lat="34.04005" lon="-118.88207">
        <ele>56.2</ele>
      </trkpt>
      <trkpt lat="34.04004" lon="-118.88199">
        <ele>55.0</ele>
      </trkpt>
      <trkpt lat="34.04003" lon="-118.88186">
        <ele>53.9</ele>
      </trkpt>
      <trkpt lat="34.04002" lon="-118.88181">
        <ele>53.5</ele>
      </trkpt>
      <trkpt lat="34.04002" lon="-118.8818">
        <ele>53.4</ele>
      </trkpt>
      <trkpt lat="34.04002" lon="-118.88178">
        <ele>53.4</ele>
      </trkpt>
      <trkpt lat="34.04001" lon="-118.88177">
        <ele>53.1</ele>
      </trkpt>
      <trkpt lat="34.04001" lon="-118.88176">
        <ele>53.1</ele>
      </trkpt>
      <trkpt lat="34.04001" lon="-118.88169">
        <ele>53.1</ele>
      </trkpt>
      <trkpt lat="34.04" lon="-118.88157">
        <ele>53.0</ele>
      </trkpt>
      <trkpt lat="34.03999" lon="-118.88156">
        <ele>52.8</ele>
      </trkpt>
      <trkpt lat="34.03999" lon="-118.88152">
        <ele>52.9</ele>
      </trkpt>
      <trkpt lat="34.03999" lon="-118.88143">
        <ele>53.1</ele>
      </trkpt>
      <trkpt lat="34.03998" lon="-118.88125">
        <ele>53.3</ele>
      </trkpt>
      <trkpt lat="34.03997" lon="-118.88109">
        <ele>53.3</ele>
      </trkpt>
      <trkpt lat="34.03996" lon="-118.88093">
        <ele>53.3</ele>
      </trkpt>
      <trkpt lat="34.03995" lon="-118.88056">
        <ele>53.9</ele>
      </trkpt>
      <trkpt lat="34.03992" lon="-118.87971">
        <ele>56.3</ele>
      </trkpt>
      <trkpt lat="34.03992" lon="-118.87961">
        <ele>56.4</ele>
      </trkpt>
      <trkpt lat="34.03985" lon="-118.87766">
        <ele>54.8</ele>
      </trkpt>
      <trkpt lat="34.03985" lon="-118.87764">
        <ele>54.7</ele>
      </trkpt>
      <trkpt lat="34.03984" lon="-118.87733">
        <ele>53.6</ele>
      </trkpt>
      <trkpt lat="34.03984" lon="-118.8773">
        <ele>53.5</ele>
      </trkpt>
      <trkpt lat="34.03983" lon="-118.8772">
        <ele>53.2</ele>
      </trkpt>
      <trkpt lat="34.03983" lon="-118.8771">
        <ele>53.3</ele>
      </trkpt>
      <trkpt lat="34.03981" lon="-118.87639">
        <ele>54.1</ele>
      </trkpt>
      <trkpt lat="34.0398" lon="-118.87626">
        <ele>53.8</ele>
      </trkpt>
      <trkpt lat="34.0398" lon="-118.87613">
        <ele>53.9</ele>
      </trkpt>
      <trkpt lat="34.03979" lon="-118.87588">
        <ele>53.6</ele>
      </trkpt>
      <trkpt lat="34.03978" lon="-118.87569">
        <ele>53.0</ele>
      </trkpt>
      <trkpt lat="34.03977" lon="-118.87552">
        <ele>53.1</ele>
      </trkpt>
      <trkpt lat="34.03975" lon="-118.87496">
        <ele>48.3</ele>
      </trkpt>
      <trkpt lat="34.03975" lon="-118.87492">
        <ele>47.8</ele>
      </trkpt>
      <trkpt lat="34.03975" lon="-118.87486">
        <ele>47.2</ele>
      </trkpt>
      <trkpt lat="34.03971" lon="-118.87379">
        <ele>40.8</ele>
      </trkpt>
      <trkpt lat="34.0397" lon="-118.87364">
        <ele>39.5</ele>
      </trkpt>
      <trkpt lat="34.0397" lon="-118.87352">
        <ele>39.3</ele>
      </trkpt>
      <trkpt lat="34.03969" lon="-118.8732">
        <ele>39.1</ele>
      </trkpt>
      <trkpt lat="34.03968" lon="-118.87307">
        <ele>38.9</ele>
      </trkpt>
      <trkpt lat="34.03967" lon="-118.87293">
        <ele>38.3</ele>
      </trkpt>
      <trkpt lat="34.03962" lon="-118.87285">
        <ele>37.2</ele>
      </trkpt>
      <trkpt lat="34.03962" lon="-118.87284">
        <ele>37.2</ele>
      </trkpt>
      <trkpt lat="34.03962" lon="-118.87277">
        <ele>36.9</ele>
      </trkpt>
      <trkpt lat="34.03959" lon="-118.87245">
        <ele>35.5</ele>
      </trkpt>
      <trkpt lat="34.03959" lon="-118.87242">
        <ele>35.5</ele>
      </trkpt>
      <trkpt lat="34.03956" lon="-118.87204">
        <ele>35.1</ele>
      </trkpt>
      <trkpt lat="34.03954" lon="-118.8719">
        <ele>34.9</ele>
      </trkpt>
      <trkpt lat="34.03953" lon="-118.87181">
        <ele>34.8</ele>
      </trkpt>
      <trkpt lat="34.03953" lon="-118.87171">
        <ele>34.7</ele>
      </trkpt>
      <trkpt lat="34.03951" lon="-118.87158">
        <ele>34.2</ele>
      </trkpt>
      <trkpt lat="34.0395" lon="-118.87152">
        <ele>33.7</ele>
      </trkpt>
      <trkpt lat="34.03949" lon="-118.87142">
        <ele>32.7</ele>
      </trkpt>
      <trkpt lat="34.03948" lon="-118.87139">
        <ele>32.3</ele>
      </trkpt>
      <trkpt lat="34.03947" lon="-118.87125">
        <ele>31.1</ele>
      </trkpt>
      <trkpt lat="34.03944" lon="-118.8711">
        <ele>30.6</ele>
      </trkpt>
      <trkpt lat="34.03944" lon="-118.87109">
        <ele>30.6</ele>
      </trkpt>
      <trkpt lat="34.03943" lon="-118.87103">
        <ele>30.6</ele>
      </trkpt>
      <trkpt lat="34.03942" lon="-118.87093">
        <ele>30.7</ele>
      </trkpt>
      <trkpt lat="34.03941" lon="-118.8709">
        <ele>30.7</ele>
      </trkpt>
      <trkpt lat="34.03939" lon="-118.87078">
        <ele>30.7</ele>
      </trkpt>
      <trkpt lat="34.03934" lon="-118.87048">
        <ele>30.3</ele>
      </trkpt>
      <trkpt lat="34.0393" lon="-118.87028">
        <ele>30.1</ele>
      </trkpt>
      <trkpt lat="34.03928" lon="-118.87016">
        <ele>29.9</ele>
      </trkpt>
      <trkpt lat="34.03921" lon="-118.86985">
        <ele>28.7</ele>
      </trkpt>
      <trkpt lat="34.03914" lon="-118.86953">
        <ele>27.6</ele>
      </trkpt>
      <trkpt lat="34.03914" lon="-118.86952">
        <ele>27.5</ele>
      </trkpt>
      <trkpt lat="34.03912" lon="-118.86944">
        <ele>26.3</ele>
      </trkpt>
      <trkpt lat="34.03899" lon="-118.86896">
        <ele>24.8</ele>
      </trkpt>
      <trkpt lat="34.03899" lon="-118.86894">
        <ele>24.8</ele>
      </trkpt>
      <trkpt lat="34.03896" lon="-118.86883">
        <ele>25.3</ele>
      </trkpt>
      <trkpt lat="34.03892" lon="-118.8687">
        <ele>26.1</ele>
      </trkpt>
      <trkpt lat="34.03892" lon="-118.8687">
        <ele>26.1</ele>
      </trkpt>
      <trkpt lat="34.03874" lon="-118.8687">
        <ele>25.1</ele>
      </trkpt>
      <trkpt lat="34.03873" lon="-118.8687">
        <ele>25.0</ele>
      </trkpt>
      <trkpt lat="34.03872" lon="-118.8687">
        <ele>25.0</ele>
      </trkpt>
      <trkpt lat="34.03857" lon="-118.86869">
        <ele>25.1</ele>
      </trkpt>
      <trkpt lat="34.03855" lon="-118.86868">
        <ele>25.1</ele>
      </trkpt>
      <trkpt lat="34.03843" lon="-118.86865">
        <ele>25.7</ele>
      </trkpt>
      <trkpt lat="34.03836" lon="-118.86863">
        <ele>25.7</ele>
      </trkpt>
      <trkpt lat="34.03832" lon="-118.86861">
        <ele>25.8</ele>
      </trkpt>
      <trkpt lat="34.03826" lon="-118.86859">
        <ele>26.0</ele>
      </trkpt>
      <trkpt lat="34.03824" lon="-118.86858">
        <ele>26.0</ele>
      </trkpt>
      <trkpt lat="34.03823" lon="-118.86858">
        <ele>26.0</ele>
      </trkpt>
      <trkpt lat="34.03823" lon="-118.86857">
        <ele>26.0</ele>
      </trkpt>
      <trkpt lat="34.03816" lon="-118.86854">
        <ele>26.0</ele>
      </trkpt>
      <trkpt lat="34.03779" lon="-118.86833">
        <ele>25.6</ele>
      </trkpt>
      <trkpt lat="34.03775" lon="-118.86831">
        <ele>25.5</ele>
      </trkpt>
      <trkpt lat="34.03775" lon="-118.8683">
        <ele>25.6</ele>
      </trkpt>
      <trkpt lat="34.03774" lon="-118.8683">
        <ele>25.5</ele>
      </trkpt>
      <trkpt lat="34.03769" lon="-118.86826">
        <ele>25.5</ele>
      </trkpt>
      <trkpt lat="34.03752" lon="-118.86808">
        <ele>25.6</ele>
      </trkpt>
      <trkpt lat="34.03741" lon="-118.86793">
        <ele>25.7</ele>
      </trkpt>
      <trkpt lat="34.03738" lon="-118.86788">
        <ele>25.7</ele>
      </trkpt>
      <trkpt lat="34.03733" lon="-118.8678">
        <ele>25.6</ele>
      </trkpt>
      <trkpt lat="34.0373" lon="-118.86774">
        <ele>25.6</ele>
      </trkpt>
      <trkpt lat="34.0373" lon="-118.86773">
        <ele>25.6</ele>
      </trkpt>
      <trkpt lat="34.03728" lon="-118.86768">
        <ele>25.7</ele>
      </trkpt>
      <trkpt lat="34.03726" lon="-118.86762">
        <ele>25.7</ele>
      </trkpt>
      <trkpt lat="34.03714" lon="-118.86708">
        <ele>25.6</ele>
      </trkpt>
      <trkpt lat="34.03712" lon="-118.86697">
        <ele>25.6</ele>
      </trkpt>
      <trkpt lat="34.03712" lon="-118.86695">
        <ele>25.6</ele>
      </trkpt>
      <trkpt lat="34.03711" lon="-118.86694">
        <ele>25.6</ele>
      </trkpt>
      <trkpt lat="34.03705" lon="-118.86642">
        <ele>26.0</ele>
      </trkpt>
      <trkpt lat="34.03705" lon="-118.86639">
        <ele>26.0</ele>
      </trkpt>
      <trkpt lat="34.03704" lon="-118.86629">
        <ele>26.1</ele>
      </trkpt>
      <trkpt lat="34.03702" lon="-118.86619">
        <ele>26.1</ele>
      </trkpt>
      <trkpt lat="34.03702" lon="-118.86616">
        <ele>26.1</ele>
      </trkpt>
      <trkpt lat="34.03696" lon="-118.86574">
        <ele>26.4</ele>
      </trkpt>
      <trkpt lat="34.03695" lon="-118.86568">
        <ele>26.5</ele>
      </trkpt>
      <trkpt lat="34.03694" lon="-118.86563">
        <ele>26.6</ele>
      </trkpt>
      <trkpt lat="34.03693" lon="-118.86561">
        <ele>26.5</ele>
      </trkpt>
      <trkpt lat="34.03692" lon="-118.86557">
        <ele>26.5</ele>
      </trkpt>
      <trkpt lat="34.03689" lon="-118.86549">
        <ele>26.5</ele>
      </trkpt>
      <trkpt lat="34.03688" lon="-118.86545">
        <ele>26.5</ele>
      </trkpt>
      <trkpt lat="34.03684" lon="-118.86519">
        <ele>27.2</ele>
      </trkpt>
      <trkpt lat="34.03682" lon="-118.8651">
        <ele>27.3</ele>
      </trkpt>
      <trkpt lat="34.03681" lon="-118.86504">
        <ele>27.4</ele>
      </trkpt>
      <trkpt lat="34.0368" lon="-118.86491">
        <ele>27.7</ele>
      </trkpt>
      <trkpt lat="34.0368" lon="-118.8649">
        <ele>27.8</ele>
      </trkpt>
      <trkpt lat="34.03679" lon="-118.86485">
        <ele>27.8</ele>
      </trkpt>
      <trkpt lat="34.03676" lon="-118.86465">
        <ele>27.9</ele>
      </trkpt>
      <trkpt lat="34.03675" lon="-118.86462">
        <ele>27.8</ele>
      </trkpt>
      <trkpt lat="34.03667" lon="-118.86406">
        <ele>27.9</ele>
      </trkpt>
      <trkpt lat="34.03657" lon="-118.86334">
        <ele>28.8</ele>
      </trkpt>
      <trkpt lat="34.03654" lon="-118.86315">
        <ele>29.3</ele>
      </trkpt>
      <trkpt lat="34.03653" lon="-118.86313">
        <ele>29.2</ele>
      </trkpt>
      <trkpt lat="34.03651" lon="-118.86298">
        <ele>30.1</ele>
      </trkpt>
      <trkpt lat="34.03643" lon="-118.86244">
        <ele>32.8</ele>
      </trkpt>
      <trkpt lat="34.03643" lon="-118.86241">
        <ele>32.8</ele>
      </trkpt>
      <trkpt lat="34.03641" lon="-118.8623">
        <ele>32.8</ele>
      </trkpt>
      <trkpt lat="34.03639" lon="-118.86218">
        <ele>32.9</ele>
      </trkpt>
      <trkpt lat="34.03639" lon="-118.86217">
        <ele>32.9</ele>
      </trkpt>
      <trkpt lat="34.03637" lon="-118.86206">
        <ele>32.8</ele>
      </trkpt>
      <trkpt lat="34.03634" lon="-118.86185">
        <ele>32.8</ele>
      </trkpt>
      <trkpt lat="34.03633" lon="-118.86177">
        <ele>32.7</ele>
      </trkpt>
      <trkpt lat="34.03631" lon="-118.86167">
        <ele>32.1</ele>
      </trkpt>
      <trkpt lat="34.03629" lon="-118.86151">
        <ele>31.4</ele>
      </trkpt>
      <trkpt lat="34.03628" lon="-118.86143">
        <ele>31.3</ele>
      </trkpt>
      <trkpt lat="34.03626" lon="-118.86131">
        <ele>31.3</ele>
      </trkpt>
      <trkpt lat="34.03623" lon="-118.86104">
        <ele>31.4</ele>
      </trkpt>
      <trkpt lat="34.03621" lon="-118.86093">
        <ele>31.3</ele>
      </trkpt>
      <trkpt lat="34.0362" lon="-118.86083">
        <ele>31.2</ele>
      </trkpt>
      <trkpt lat="34.0362" lon="-118.86082">
        <ele>31.2</ele>
      </trkpt>
      <trkpt lat="34.0362" lon="-118.86081">
        <ele>31.2</ele>
      </trkpt>
      <trkpt lat="34.03618" lon="-118.86061">
        <ele>31.1</ele>
      </trkpt>
      <trkpt lat="34.03615" lon="-118.8604">
        <ele>30.5</ele>
      </trkpt>
      <trkpt lat="34.03615" lon="-118.86039">
        <ele>30.5</ele>
      </trkpt>
      <trkpt lat="34.03615" lon="-118.86038">
        <ele>30.5</ele>
      </trkpt>
      <trkpt lat="34.03612" lon="-118.86018">
        <ele>30.5</ele>
      </trkpt>
      <trkpt lat="34.03602" lon="-118.85922">
        <ele>22.5</ele>
      </trkpt>
      <trkpt lat="34.036" lon="-118.8591">
        <ele>22.2</ele>
      </trkpt>
      <trkpt lat="34.03597" lon="-118.85879">
        <ele>22.0</ele>
      </trkpt>
      <trkpt lat="34.03596" lon="-118.85868">
        <ele>22.1</ele>
      </trkpt>
      <trkpt lat="34.0359" lon="-118.85821">
        <ele>21.7</ele>
      </trkpt>
      <trkpt lat="34.03589" lon="-118.85805">
        <ele>21.8</ele>
      </trkpt>
      <trkpt lat="34.03588" lon="-118.85796">
        <ele>21.8</ele>
      </trkpt>
      <trkpt lat="34.03587" lon="-118.85786">
        <ele>21.9</ele>
      </trkpt>
      <trkpt lat="34.03579" lon="-118.85718">
        <ele>16.2</ele>
      </trkpt>
      <trkpt lat="34.03576" lon="-118.85689">
        <ele>15.0</ele>
      </trkpt>
      <trkpt lat="34.03571" lon="-118.85641">
        <ele>14.5</ele>
      </trkpt>
      <trkpt lat="34.0357" lon="-118.8564">
        <ele>14.1</ele>
      </trkpt>
      <trkpt lat="34.03569" lon="-118.85626">
        <ele>14.0</ele>
      </trkpt>
      <trkpt lat="34.03569" lon="-118.85625">
        <ele>14.1</ele>
      </trkpt>
      <trkpt lat="34.03568" lon="-118.85623">
        <ele>13.9</ele>
      </trkpt>
      <trkpt lat="34.03568" lon="-118.85622">
        <ele>13.9</ele>
      </trkpt>
      <trkpt lat="34.03566" lon="-118.85601">
        <ele>14.9</ele>
      </trkpt>
      <trkpt lat="34.03562" lon="-118.85575">
        <ele>10.9</ele>
      </trkpt>
      <trkpt lat="34.03562" lon="-118.8557">
        <ele>11.2</ele>
      </trkpt>
      <trkpt lat="34.03561" lon="-118.85565">
        <ele>11.2</ele>
      </trkpt>
      <trkpt lat="34.0356" lon="-118.85558">
        <ele>11.0</ele>
      </trkpt>
      <trkpt lat="34.03559" lon="-118.85554">
        <ele>10.8</ele>
      </trkpt>
      <trkpt lat="34.03556" lon="-118.85537">
        <ele>9.5</ele>
      </trkpt>
      <trkpt lat="34.03554" lon="-118.85523">
        <ele>8.7</ele>
      </trkpt>
      <trkpt lat="34.03553" lon="-118.85515">
        <ele>8.9</ele>
      </trkpt>
      <trkpt lat="34.03552" lon="-118.85512">
        <ele>8.9</ele>
      </trkpt>
      <trkpt lat="34.03551" lon="-118.85507">
        <ele>9.0</ele>
      </trkpt>
      <trkpt lat="34.0355" lon="-118.85501">
        <ele>9.1</ele>
      </trkpt>
      <trkpt lat="34.03549" lon="-118.85494">
        <ele>9.0</ele>
      </trkpt>
      <trkpt lat="34.03544" lon="-118.85473">
        <ele>8.4</ele>
      </trkpt>
      <trkpt lat="34.03537" lon="-118.85444">
        <ele>9.7</ele>
      </trkpt>
      <trkpt lat="34.03513" lon="-118.8536">
        <ele>8.8</ele>
      </trkpt>
      <trkpt lat="34.03496" lon="-118.85306">
        <ele>12.9</ele>
      </trkpt>
      <trkpt lat="34.03495" lon="-118.85301">
        <ele>13.1</ele>
      </trkpt>
      <trkpt lat="34.03494" lon="-118.85298">
        <ele>13.1</ele>
      </trkpt>
      <trkpt lat="34.03493" lon="-118.85295">
        <ele>13.1</ele>
      </trkpt>
      <trkpt lat="34.03491" lon="-118.85289">
        <ele>13.0</ele>
      </trkpt>
      <trkpt lat="34.0348" lon="-118.85248">
        <ele>14.1</ele>
      </trkpt>
      <trkpt lat="34.03479" lon="-118.85244">
        <ele>14.2</ele>
      </trkpt>
      <trkpt lat="34.03477" lon="-118.85239">
        <ele>14.1</ele>
      </trkpt>
      <trkpt lat="34.03476" lon="-118.85234">
        <ele>14.2</ele>
      </trkpt>
      <trkpt lat="34.03464" lon="-118.85192">
        <ele>13.6</ele>
      </trkpt>
      <trkpt lat="34.03454" lon="-118.8516">
        <ele>13.9</ele>
      </trkpt>
      <trkpt lat="34.03445" lon="-118.85136">
        <ele>8.8</ele>
      </trkpt>
      <trkpt lat="34.03428" lon="-118.85093">
        <ele>8.2</ele>
      </trkpt>
      <trkpt lat="34.03424" lon="-118.85081">
        <ele>8.0</ele>
      </trkpt>
      <trkpt lat="34.03422" lon="-118.85076">
        <ele>7.9</ele>
      </trkpt>
      <trkpt lat="34.03421" lon="-118.85073">
        <ele>7.9</ele>
      </trkpt>
      <trkpt lat="34.03405" lon="-118.8503">
        <ele>8.3</ele>
      </trkpt>
      <trkpt lat="34.03379" lon="-118.84964">
        <ele>8.2</ele>
      </trkpt>
      <trkpt lat="34.03377" lon="-118.84959">
        <ele>8.0</ele>
      </trkpt>
      <trkpt lat="34.03375" lon="-118.84955">
        <ele>7.7</ele>
      </trkpt>
      <trkpt lat="34.03375" lon="-118.84954">
        <ele>7.7</ele>
      </trkpt>
      <trkpt lat="34.0337" lon="-118.84942">
        <ele>7.2</ele>
      </trkpt>
      <trkpt lat="34.0336" lon="-118.84915">
        <ele>7.5</ele>
      </trkpt>
      <trkpt lat="34.03356" lon="-118.84905">
        <ele>8.0</ele>
      </trkpt>
      <trkpt lat="34.03356" lon="-118.84903">
        <ele>8.1</ele>
      </trkpt>
      <trkpt lat="34.03355" lon="-118.84901">
        <ele>8.0</ele>
      </trkpt>
      <trkpt lat="34.03354" lon="-118.84899">
        <ele>7.8</ele>
      </trkpt>
      <trkpt lat="34.03353" lon="-118.84896">
        <ele>7.6</ele>
      </trkpt>
      <trkpt lat="34.0332" lon="-118.84812">
        <ele>8.0</ele>
      </trkpt>
      <trkpt lat="34.03317" lon="-118.84804">
        <ele>8.4</ele>
      </trkpt>
      <trkpt lat="34.03316" lon="-118.84801">
        <ele>8.7</ele>
      </trkpt>
      <trkpt lat="34.03314" lon="-118.84798">
        <ele>8.8</ele>
      </trkpt>
      <trkpt lat="34.03314" lon="-118.84796">
        <ele>9.0</ele>
      </trkpt>
      <trkpt lat="34.0331" lon="-118.84787">
        <ele>9.3</ele>
      </trkpt>
      <trkpt lat="34.03309" lon="-118.84785">
        <ele>9.3</ele>
      </trkpt>
      <trkpt lat="34.03308" lon="-118.84782">
        <ele>9.3</ele>
      </trkpt>
      <trkpt lat="34.03272" lon="-118.84698">
        <ele>8.7</ele>
      </trkpt>
      <trkpt lat="34.03252" lon="-118.84652">
        <ele>9.4</ele>
      </trkpt>
      <trkpt lat="34.03251" lon="-118.8465">
        <ele>9.3</ele>
      </trkpt>
      <trkpt lat="34.0325" lon="-118.84647">
        <ele>9.1</ele>
      </trkpt>
      <trkpt lat="34.03248" lon="-118.84643">
        <ele>9.1</ele>
      </trkpt>
      <trkpt lat="34.03248" lon="-118.84642">
        <ele>9.1</ele>
      </trkpt>
      <trkpt lat="34.03244" lon="-118.84633">
        <ele>8.9</ele>
      </trkpt>
      <trkpt lat="34.03242" lon="-118.8463">
        <ele>8.3</ele>
      </trkpt>
      <trkpt lat="34.03239" lon="-118.84624">
        <ele>8.0</ele>
      </trkpt>
      <trkpt lat="34.03235" lon="-118.84615">
        <ele>8.1</ele>
      </trkpt>
      <trkpt lat="34.03232" lon="-118.84609">
        <ele>8.0</ele>
      </trkpt>
      <trkpt lat="34.03232" lon="-118.84608">
        <ele>8.2</ele>
      </trkpt>
      <trkpt lat="34.0323" lon="-118.84606">
        <ele>8.1</ele>
      </trkpt>
      <trkpt lat="34.03189" lon="-118.84535">
        <ele>8.2</ele>
      </trkpt>
      <trkpt lat="34.0316" lon="-118.84485">
        <ele>7.9</ele>
      </trkpt>
      <trkpt lat="34.03142" lon="-118.84454">
        <ele>8.1</ele>
      </trkpt>
      <trkpt lat="34.03136" lon="-118.84445">
        <ele>8.1</ele>
      </trkpt>
      <trkpt lat="34.03134" lon="-118.84441">
        <ele>8.1</ele>
      </trkpt>
      <trkpt lat="34.03128" lon="-118.84433">
        <ele>8.1</ele>
      </trkpt>
      <trkpt lat="34.03119" lon="-118.84419">
        <ele>8.1</ele>
      </trkpt>
      <trkpt lat="34.03118" lon="-118.84417">
        <ele>8.1</ele>
      </trkpt>
      <trkpt lat="34.03117" lon="-118.84416">
        <ele>8.0</ele>
      </trkpt>
      <trkpt lat="34.03115" lon="-118.84412">
        <ele>8.0</ele>
      </trkpt>
      <trkpt lat="34.0311" lon="-118.84403">
        <ele>7.8</ele>
      </trkpt>
      <trkpt lat="34.03109" lon="-118.84402">
        <ele>7.8</ele>
      </trkpt>
      <trkpt lat="34.03109" lon="-118.84401">
        <ele>7.8</ele>
      </trkpt>
      <trkpt lat="34.03108" lon="-118.844">
        <ele>7.7</ele>
      </trkpt>
      <trkpt lat="34.03106" lon="-118.84398">
        <ele>7.5</ele>
      </trkpt>
      <trkpt lat="34.03105" lon="-118.84394">
        <ele>7.3</ele>
      </trkpt>
      <trkpt lat="34.03103" lon="-118.84392">
        <ele>7.1</ele>
      </trkpt>
      <trkpt lat="34.03102" lon="-118.84389">
        <ele>6.9</ele>
      </trkpt>
      <trkpt lat="34.03101" lon="-118.84387">
        <ele>6.8</ele>
      </trkpt>
      <trkpt lat="34.031" lon="-118.84386">
        <ele>6.7</ele>
      </trkpt>
      <trkpt lat="34.03099" lon="-118.84383">
        <ele>6.5</ele>
      </trkpt>
      <trkpt lat="34.03098" lon="-118.8438">
        <ele>6.4</ele>
      </trkpt>
      <trkpt lat="34.03098" lon="-118.84379">
        <ele>6.3</ele>
      </trkpt>
      <trkpt lat="34.03098" lon="-118.84376">
        <ele>6.2</ele>
      </trkpt>
      <trkpt lat="34.03098" lon="-118.84373">
        <ele>6.1</ele>
      </trkpt>
      <trkpt lat="34.03098" lon="-118.84371">
        <ele>6.1</ele>
      </trkpt>
      <trkpt lat="34.03099" lon="-118.84369">
        <ele>6.1</ele>
      </trkpt>
      <trkpt lat="34.03101" lon="-118.84368">
        <ele>6.2</ele>
      </trkpt>
      <trkpt lat="34.03106" lon="-118.84364">
        <ele>6.3</ele>
      </trkpt>
      <trkpt lat="34.03106" lon="-118.84364">
        <ele>6.3</ele>
      </trkpt>
      <trkpt lat="34.03101" lon="-118.84356">
        <ele>5.7</ele>
      </trkpt>
      <trkpt lat="34.03097" lon="-118.84351">
        <ele>5.4</ele>
      </trkpt>
      <trkpt lat="34.03077" lon="-118.84324">
        <ele>5.1</ele>
      </trkpt>
      <trkpt lat="34.03075" lon="-118.8432">
        <ele>5.1</ele>
      </trkpt>
      <trkpt lat="34.03069" lon="-118.84313">
        <ele>5.1</ele>
      </trkpt>
      <trkpt lat="34.03064" lon="-118.84306">
        <ele>5.1</ele>
      </trkpt>
      <trkpt lat="34.03045" lon="-118.84281">
        <ele>5.1</ele>
      </trkpt>
      <trkpt lat="34.0304" lon="-118.84273">
        <ele>5.1</ele>
      </trkpt>
      <trkpt lat="34.03036" lon="-118.84268">
        <ele>5.1</ele>
      </trkpt>
      <trkpt lat="34.03027" lon="-118.84256">
        <ele>5.1</ele>
      </trkpt>
      <trkpt lat="34.0302" lon="-118.84246">
        <ele>4.9</ele>
      </trkpt>
      <trkpt lat="34.03003" lon="-118.84223">
        <ele>4.2</ele>
      </trkpt>
      <trkpt lat="34.02999" lon="-118.84216">
        <ele>4.3</ele>
      </trkpt>
      <trkpt lat="34.02992" lon="-118.84205">
        <ele>4.6</ele>
      </trkpt>
      <trkpt lat="34.029755" lon="-118.841811">
        <ele>4.3</ele>
      </trkpt>
      <trkpt lat="34.029753" lon="-118.841808">
        <ele>4.3</ele>
      </trkpt>
      <trkpt lat="34.029752" lon="-118.841807">
        <ele>4.3</ele>
      </trkpt>
      <trkpt lat="34.02972" lon="-118.84176">
        <ele>5.3</ele>
      </trkpt>
      <trkpt lat="34.02962" lon="-118.84163">
        <ele>5.7</ele>
      </trkpt>
      <trkpt lat="34.02951" lon="-118.84145">
        <ele>6.2</ele>
      </trkpt>
      <trkpt lat="34.02941" lon="-118.8413">
        <ele>6.7</ele>
      </trkpt>
      <trkpt lat="34.02935" lon="-118.84121">
        <ele>7.0</ele>
      </trkpt>
      <trkpt lat="34.02928" lon="-118.8411">
        <ele>7.3</ele>
      </trkpt>
      <trkpt lat="34.02922" lon="-118.84101">
        <ele>7.7</ele>
      </trkpt>
      <trkpt lat="34.02913" lon="-118.84088">
        <ele>8.0</ele>
      </trkpt>
      <trkpt lat="34.02903" lon="-118.84073">
        <ele>7.8</ele>
      </trkpt>
      <trkpt lat="34.02892" lon="-118.84056">
        <ele>7.2</ele>
      </trkpt>
      <trkpt lat="34.0288" lon="-118.84038">
        <ele>6.3</ele>
      </trkpt>
      <trkpt lat="34.0287" lon="-118.84022">
        <ele>6.0</ele>
      </trkpt>
      <trkpt lat="34.02868" lon="-118.84019">
        <ele>6.0</ele>
      </trkpt>
      <trkpt lat="34.02854" lon="-118.83998">
        <ele>6.3</ele>
      </trkpt>
      <trkpt lat="34.02835" lon="-118.8397">
        <ele>5.4</ele>
      </trkpt>
      <trkpt lat="34.02822" lon="-118.8395">
        <ele>5.6</ele>
      </trkpt>
      <trkpt lat="34.02811" lon="-118.83932">
        <ele>5.9</ele>
      </trkpt>
      <trkpt lat="34.028" lon="-118.83917">
        <ele>5.5</ele>
      </trkpt>
      <trkpt lat="34.02772" lon="-118.83874">
        <ele>6.1</ele>
      </trkpt>
      <trkpt lat="34.02757" lon="-118.83852">
        <ele>6.9</ele>
      </trkpt>
      <trkpt lat="34.02749" lon="-118.83841">
        <ele>6.2</ele>
      </trkpt>
      <trkpt lat="34.02737" lon="-118.83825">
        <ele>5.6</ele>
      </trkpt>
      <trkpt lat="34.02715" lon="-118.83798">
        <ele>6.0</ele>
      </trkpt>
      <trkpt lat="34.02712" lon="-118.83795">
        <ele>5.9</ele>
      </trkpt>
      <trkpt lat="34.02708" lon="-118.8379">
        <ele>5.9</ele>
      </trkpt>
      <trkpt lat="34.02691" lon="-118.83771">
        <ele>5.7</ele>
      </trkpt>
      <trkpt lat="34.02668" lon="-118.83746">
        <ele>5.7</ele>
      </trkpt>
      <trkpt lat="34.0266" lon="-118.83737">
        <ele>5.6</ele>
      </trkpt>
      <trkpt lat="34.02641" lon="-118.83716">
        <ele>4.7</ele>
      </trkpt>
      <trkpt lat="34.02639" lon="-118.83714">
        <ele>4.6</ele>
      </trkpt>
      <trkpt lat="34.02637" lon="-118.83712">
        <ele>4.7</ele>
      </trkpt>
      <trkpt lat="34.02636" lon="-118.83711">
        <ele>4.8</ele>
      </trkpt>
      <trkpt lat="34.02635" lon="-118.83709">
        <ele>5.0</ele>
      </trkpt>
      <trkpt lat="34.02634" lon="-118.83708">
        <ele>5.1</ele>
      </trkpt>
      <trkpt lat="34.02631" lon="-118.83704">
        <ele>5.3</ele>
      </trkpt>
      <trkpt lat="34.02613" lon="-118.83682">
        <ele>5.1</ele>
      </trkpt>
      <trkpt lat="34.02608" lon="-118.83676">
        <ele>4.5</ele>
      </trkpt>
      <trkpt lat="34.02603" lon="-118.83669">
        <ele>4.2</ele>
      </trkpt>
      <trkpt lat="34.02594" lon="-118.83657">
        <ele>4.2</ele>
      </trkpt>
      <trkpt lat="34.02579" lon="-118.83636">
        <ele>3.5</ele>
      </trkpt>
      <trkpt lat="34.02566" lon="-118.83617">
        <ele>3.2</ele>
      </trkpt>
      <trkpt lat="34.02539" lon="-118.83574">
        <ele>3.2</ele>
      </trkpt>
      <trkpt lat="34.02519" lon="-118.83538">
        <ele>3.5</ele>
      </trkpt>
      <trkpt lat="34.02493" lon="-118.83492">
        <ele>5.7</ele>
      </trkpt>
      <trkpt lat="34.02468" lon="-118.83446">
        <ele>5.5</ele>
      </trkpt>
      <trkpt lat="34.02424" lon="-118.83369">
        <ele>4.3</ele>
      </trkpt>
      <trkpt lat="34.02413" lon="-118.83349">
        <ele>4.4</ele>
      </trkpt>
      <trkpt lat="34.0241" lon="-118.83344">
        <ele>4.4</ele>
      </trkpt>
      <trkpt lat="34.02399" lon="-118.83324">
        <ele>4.5</ele>
      </trkpt>
      <trkpt lat="34.02394" lon="-118.83316">
        <ele>4.4</ele>
      </trkpt>
      <trkpt lat="34.02389" lon="-118.83306">
        <ele>4.4</ele>
      </trkpt>
      <trkpt lat="34.02387" lon="-118.83302">
        <ele>4.4</ele>
      </trkpt>
      <trkpt lat="34.02384" lon="-118.83296">
        <ele>4.3</ele>
      </trkpt>
      <trkpt lat="34.02348" lon="-118.83231">
        <ele>3.9</ele>
      </trkpt>
      <trkpt lat="34.02338" lon="-118.83212">
        <ele>3.8</ele>
      </trkpt>
      <trkpt lat="34.02315" lon="-118.8317">
        <ele>3.8</ele>
      </trkpt>
      <trkpt lat="34.02298" lon="-118.8314">
        <ele>3.8</ele>
      </trkpt>
      <trkpt lat="34.02286" lon="-118.83118">
        <ele>3.9</ele>
      </trkpt>
      <trkpt lat="34.02269" lon="-118.83092">
        <ele>4.1</ele>
      </trkpt>
      <trkpt lat="34.02253" lon="-118.83068">
        <ele>4.2</ele>
      </trkpt>
      <trkpt lat="34.02238" lon="-118.83048">
        <ele>3.8</ele>
      </trkpt>
      <trkpt lat="34.02216" lon="-118.83021">
        <ele>3.9</ele>
      </trkpt>
      <trkpt lat="34.02207" lon="-118.83009">
        <ele>4.0</ele>
      </trkpt>
      <trkpt lat="34.02197" lon="-118.82998">
        <ele>4.2</ele>
      </trkpt>
      <trkpt lat="34.02186" lon="-118.82984">
        <ele>4.2</ele>
      </trkpt>
      <trkpt lat="34.02149" lon="-118.82939">
        <ele>5.1</ele>
      </trkpt>
      <trkpt lat="34.02125" lon="-118.82911">
        <ele>4.7</ele>
      </trkpt>
      <trkpt lat="34.02121" lon="-118.82906">
        <ele>4.7</ele>
      </trkpt>
      <trkpt lat="34.0207" lon="-118.82847">
        <ele>5.0</ele>
      </trkpt>
      <trkpt lat="34.02061" lon="-118.82837">
        <ele>4.8</ele>
      </trkpt>
      <trkpt lat="34.02029" lon="-118.82799">
        <ele>4.2</ele>
      </trkpt>
      <trkpt lat="34.02029" lon="-118.82799">
        <ele>4.2</ele>
      </trkpt>
      <trkpt lat="34.02025" lon="-118.82805">
        <ele>4.2</ele>
      </trkpt>
      <trkpt lat="34.02022" lon="-118.82807">
        <ele>4.2</ele>
      </trkpt>
      <trkpt lat="34.02019" lon="-118.82811">
        <ele>4.2</ele>
      </trkpt>
      <trkpt lat="34.02019" lon="-118.82811">
        <ele>4.2</ele>
      </trkpt>
      <trkpt lat="34.02008" lon="-118.82797">
        <ele>4.2</ele>
      </trkpt>
      <trkpt lat="34.01978" lon="-118.82762">
        <ele>4.5</ele>
      </trkpt>
      <trkpt lat="34.01969" lon="-118.82752">
        <ele>4.8</ele>
      </trkpt>
      <trkpt lat="34.01885" lon="-118.8265">
        <ele>4.9</ele>
      </trkpt>
      <trkpt lat="34.01845" lon="-118.82603">
        <ele>4.2</ele>
      </trkpt>
      <trkpt lat="34.01844" lon="-118.82601">
        <ele>4.1</ele>
      </trkpt>
      <trkpt lat="34.01804" lon="-118.82553">
        <ele>3.4</ele>
      </trkpt>
      <trkpt lat="34.01776" lon="-118.82518">
        <ele>3.0</ele>
      </trkpt>
      <trkpt lat="34.01775" lon="-118.82518">
        <ele>3.0</ele>
      </trkpt>
      <trkpt lat="34.01743" lon="-118.82472">
        <ele>3.0</ele>
      </trkpt>
      <trkpt lat="34.01721" lon="-118.82436">
        <ele>3.0</ele>
      </trkpt>
      <trkpt lat="34.01717" lon="-118.82428">
        <ele>3.2</ele>
      </trkpt>
      <trkpt lat="34.01705" lon="-118.82405">
        <ele>3.9</ele>
      </trkpt>
      <trkpt lat="34.01682" lon="-118.82353">
        <ele>4.3</ele>
      </trkpt>
      <trkpt lat="34.01681" lon="-118.8235">
        <ele>4.3</ele>
      </trkpt>
      <trkpt lat="34.01681" lon="-118.8235">
        <ele>4.3</ele>
      </trkpt>
      <trkpt lat="34.01666" lon="-118.82309">
        <ele>4.3</ele>
      </trkpt>
      <trkpt lat="34.01664" lon="-118.82304">
        <ele>4.3</ele>
      </trkpt>
      <trkpt lat="34.01647" lon="-118.82245">
        <ele>4.3</ele>
      </trkpt>
      <trkpt lat="34.01637" lon="-118.82197">
        <ele>4.3</ele>
      </trkpt>
      <trkpt lat="34.01629" lon="-118.82143">
        <ele>4.3</ele>
      </trkpt>
      <trkpt lat="34.01626" lon="-118.82135">
        <ele>4.3</ele>
      </trkpt>
      <trkpt lat="34.01623" lon="-118.82121">
        <ele>4.3</ele>
      </trkpt>
      <trkpt lat="34.0162" lon="-118.82109">
        <ele>4.3</ele>
      </trkpt>
      <trkpt lat="34.01618" lon="-118.82102">
        <ele>4.3</ele>
      </trkpt>
      <trkpt lat="34.01616" lon="-118.82094">
        <ele>4.4</ele>
      </trkpt>
      <trkpt lat="34.01615" lon="-118.82088">
        <ele>4.5</ele>
      </trkpt>
      <trkpt lat="34.01613" lon="-118.82082">
        <ele>4.6</ele>
      </trkpt>
      <trkpt lat="34.01612" lon="-118.82075">
        <ele>4.7</ele>
      </trkpt>
      <trkpt lat="34.01609" lon="-118.82068">
        <ele>4.8</ele>
      </trkpt>
      <trkpt lat="34.01607" lon="-118.8206">
        <ele>4.9</ele>
      </trkpt>
      <trkpt lat="34.01604" lon="-118.82051">
        <ele>4.9</ele>
      </trkpt>
      <trkpt lat="34.01602" lon="-118.82047">
        <ele>4.9</ele>
      </trkpt>
      <trkpt lat="34.016" lon="-118.82041">
        <ele>5.0</ele>
      </trkpt>
      <trkpt lat="34.01583" lon="-118.81996">
        <ele>4.9</ele>
      </trkpt>
      <trkpt lat="34.01582" lon="-118.81993">
        <ele>4.9</ele>
      </trkpt>
      <trkpt lat="34.01582" lon="-118.81991">
        <ele>4.9</ele>
      </trkpt>
      <trkpt lat="34.01573" lon="-118.8197">
        <ele>4.8</ele>
      </trkpt>
      <trkpt lat="34.0157" lon="-118.81962">
        <ele>4.8</ele>
      </trkpt>
      <trkpt lat="34.0156" lon="-118.81935">
        <ele>4.5</ele>
      </trkpt>
      <trkpt lat="34.01557" lon="-118.81929">
        <ele>4.4</ele>
      </trkpt>
      <trkpt lat="34.01551" lon="-118.81914">
        <ele>4.4</ele>
      </trkpt>
      <trkpt lat="34.01551" lon="-118.81913">
        <ele>4.4</ele>
      </trkpt>
      <trkpt lat="34.0155" lon="-118.81912">
        <ele>4.4</ele>
      </trkpt>
      <trkpt lat="34.01542" lon="-118.81894">
        <ele>4.4</ele>
      </trkpt>
      <trkpt lat="34.01534" lon="-118.81875">
        <ele>4.4</ele>
      </trkpt>
      <trkpt lat="34.01532" lon="-118.81871">
        <ele>4.4</ele>
      </trkpt>
      <trkpt lat="34.01526" lon="-118.81854">
        <ele>4.8</ele>
      </trkpt>
      <trkpt lat="34.01526" lon="-118.81854">
        <ele>4.8</ele>
      </trkpt>
      <trkpt lat="34.01526" lon="-118.81854">
        <ele>4.8</ele>
      </trkpt>
      <trkpt lat="34.0152" lon="-118.81857">
        <ele>4.8</ele>
      </trkpt>
      <trkpt lat="34.01517" lon="-118.81859">
        <ele>4.9</ele>
      </trkpt>
      <trkpt lat="34.01513" lon="-118.81861">
        <ele>5.1</ele>
      </trkpt>
      <trkpt lat="34.01512" lon="-118.81862">
        <ele>5.1</ele>
      </trkpt>
      <trkpt lat="34.01505" lon="-118.81866">
        <ele>5.2</ele>
      </trkpt>
      <trkpt lat="34.01497" lon="-118.8187">
        <ele>5.3</ele>
      </trkpt>
      <trkpt lat="34.01489" lon="-118.81878">
        <ele>4.9</ele>
      </trkpt>
      <trkpt lat="34.01475" lon="-118.81886">
        <ele>4.4</ele>
      </trkpt>
      <trkpt lat="34.01439" lon="-118.81908">
        <ele>5.9</ele>
      </trkpt>
      <trkpt lat="34.01424" lon="-118.81917">
        <ele>5.7</ele>
      </trkpt>
      <trkpt lat="34.01423" lon="-118.81917">
        <ele>5.7</ele>
      </trkpt>
      <trkpt lat="34.01421" lon="-118.81918">
        <ele>5.7</ele>
      </trkpt>
      <trkpt lat="34.01401" lon="-118.81931">
        <ele>5.6</ele>
      </trkpt>
      <trkpt lat="34.01387" lon="-118.81935">
        <ele>5.2</ele>
      </trkpt>
      <trkpt lat="34.01373" lon="-118.81934">
        <ele>4.9</ele>
      </trkpt>
      <trkpt lat="34.01359" lon="-118.81929">
        <ele>5.0</ele>
      </trkpt>
      <trkpt lat="34.01347" lon="-118.81922">
        <ele>5.0</ele>
      </trkpt>
      <trkpt lat="34.01328" lon="-118.81907">
        <ele>4.8</ele>
      </trkpt>
      <trkpt lat="34.01311" lon="-118.81893">
        <ele>4.4</ele>
      </trkpt>
      <trkpt lat="34.0131" lon="-118.81892">
        <ele>4.4</ele>
      </trkpt>
      <trkpt lat="34.01308" lon="-118.81891">
        <ele>4.4</ele>
      </trkpt>
      <trkpt lat="34.01307" lon="-118.8189">
        <ele>4.4</ele>
      </trkpt>
      <trkpt lat="34.01297" lon="-118.81879">
        <ele>4.0</ele>
      </trkpt>
      <trkpt lat="34.01294" lon="-118.81877">
        <ele>3.9</ele>
      </trkpt>
      <trkpt lat="34.01279" lon="-118.81861">
        <ele>3.7</ele>
      </trkpt>
      <trkpt lat="34.01248" lon="-118.8183">
        <ele>4.4</ele>
      </trkpt>
      <trkpt lat="34.01228" lon="-118.81809">
        <ele>4.9</ele>
      </trkpt>
      <trkpt lat="34.01226" lon="-118.81806">
        <ele>4.9</ele>
      </trkpt>
      <trkpt lat="34.01213" lon="-118.81792">
        <ele>4.8</ele>
      </trkpt>
      <trkpt lat="34.01182" lon="-118.81762">
        <ele>5.2</ele>
      </trkpt>
      <trkpt lat="34.01171" lon="-118.8175">
        <ele>4.8</ele>
      </trkpt>
      <trkpt lat="34.01119" lon="-118.81694">
        <ele>4.7</ele>
      </trkpt>
      <trkpt lat="34.01116" lon="-118.81691">
        <ele>4.8</ele>
      </trkpt>
      <trkpt lat="34.01098" lon="-118.81671">
        <ele>4.7</ele>
      </trkpt>
      <trkpt lat="34.01093" lon="-118.81661">
        <ele>4.7</ele>
      </trkpt>
      <trkpt lat="34.01093" lon="-118.81661">
        <ele>4.7</ele>
      </trkpt>
      <trkpt lat="34.01102" lon="-118.81648">
        <ele>5.3</ele>
      </trkpt>
      <trkpt lat="34.01103" lon="-118.81647">
        <ele>5.4</ele>
      </trkpt>
      <trkpt lat="34.01112" lon="-118.81638">
        <ele>6.3</ele>
      </trkpt>
      <trkpt lat="34.01117" lon="-118.81632">
        <ele>6.4</ele>
      </trkpt>
      <trkpt lat="34.01132" lon="-118.81615">
        <ele>8.4</ele>
      </trkpt>
      <trkpt lat="34.01142" lon="-118.81601">
        <ele>11.3</ele>
      </trkpt>
      <trkpt lat="34.01153" lon="-118.81582">
        <ele>12.6</ele>
      </trkpt>
      <trkpt lat="34.01158" lon="-118.81565">
        <ele>12.7</ele>
      </trkpt>
      <trkpt lat="34.01162" lon="-118.81548">
        <ele>13.3</ele>
      </trkpt>
      <trkpt lat="34.01164" lon="-118.81531">
        <ele>13.0</ele>
      </trkpt>
      <trkpt lat="34.01167" lon="-118.81498">
        <ele>12.4</ele>
      </trkpt>
      <trkpt lat="34.01168" lon="-118.81488">
        <ele>13.0</ele>
      </trkpt>
      <trkpt lat="34.01169" lon="-118.81483">
        <ele>13.7</ele>
      </trkpt>
      <trkpt lat="34.0117" lon="-118.81475">
        <ele>15.6</ele>
      </trkpt>
      <trkpt lat="34.0117" lon="-118.81472">
        <ele>16.2</ele>
      </trkpt>
      <trkpt lat="34.0117" lon="-118.81467">
        <ele>17.5</ele>
      </trkpt>
      <trkpt lat="34.0117" lon="-118.81464">
        <ele>18.3</ele>
      </trkpt>
      <trkpt lat="34.0117" lon="-118.81458">
        <ele>18.8</ele>
      </trkpt>
      <trkpt lat="34.01168" lon="-118.8145">
        <ele>18.6</ele>
      </trkpt>
      <trkpt lat="34.01166" lon="-118.81445">
        <ele>18.1</ele>
      </trkpt>
      <trkpt lat="34.01165" lon="-118.81443">
        <ele>17.9</ele>
      </trkpt>
      <trkpt lat="34.0116" lon="-118.81439">
        <ele>17.6</ele>
      </trkpt>
      <trkpt lat="34.01158" lon="-118.81438">
        <ele>17.6</ele>
      </trkpt>
      <trkpt lat="34.01154" lon="-118.81436">
        <ele>18.0</ele>
      </trkpt>
      <trkpt lat="34.01151" lon="-118.81436">
        <ele>18.0</ele>
      </trkpt>
      <trkpt lat="34.01149" lon="-118.81436">
        <ele>18.0</ele>
      </trkpt>
      <trkpt lat="34.01142" lon="-118.81438">
        <ele>18.4</ele>
      </trkpt>
      <trkpt lat="34.01141" lon="-118.81439">
        <ele>18.4</ele>
      </trkpt>
      <trkpt lat="34.01136" lon="-118.81442">
        <ele>19.2</ele>
      </trkpt>
      <trkpt lat="34.01135" lon="-118.81444">
        <ele>19.2</ele>
      </trkpt>
      <trkpt lat="34.01131" lon="-118.81451">
        <ele>20.3</ele>
      </trkpt>
      <trkpt lat="34.01126" lon="-118.81462">
        <ele>22.7</ele>
      </trkpt>
      <trkpt lat="34.01119" lon="-118.81479">
        <ele>26.7</ele>
      </trkpt>
      <trkpt lat="34.01114" lon="-118.81494">
        <ele>27.5</ele>
      </trkpt>
      <trkpt lat="34.01112" lon="-118.81502">
        <ele>28.2</ele>
      </trkpt>
      <trkpt lat="34.01108" lon="-118.81512">
        <ele>30.3</ele>
      </trkpt>
      <trkpt lat="34.01107" lon="-118.81514">
        <ele>30.8</ele>
      </trkpt>
      <trkpt lat="34.01105" lon="-118.8152">
        <ele>31.9</ele>
      </trkpt>
      <trkpt lat="34.01103" lon="-118.81522">
        <ele>32.4</ele>
      </trkpt>
      <trkpt lat="34.01102" lon="-118.81524">
        <ele>32.7</ele>
      </trkpt>
      <trkpt lat="34.011" lon="-118.81528">
        <ele>33.0</ele>
      </trkpt>
      <trkpt lat="34.01097" lon="-118.81531">
        <ele>33.1</ele>
      </trkpt>
      <trkpt lat="34.01096" lon="-118.81532">
        <ele>33.2</ele>
      </trkpt>
      <trkpt lat="34.0109" lon="-118.81534">
        <ele>33.8</ele>
      </trkpt>
      <trkpt lat="34.01089" lon="-118.81534">
        <ele>33.9</ele>
      </trkpt>
      <trkpt lat="34.01084" lon="-118.81535">
        <ele>34.3</ele>
      </trkpt>
      <trkpt lat="34.01082" lon="-118.81535">
        <ele>34.4</ele>
      </trkpt>
      <trkpt lat="34.01082" lon="-118.81535">
        <ele>34.4</ele>
      </trkpt>
      <trkpt lat="34.01078" lon="-118.81534">
        <ele>34.7</ele>
      </trkpt>
      <trkpt lat="34.0107" lon="-118.81531">
        <ele>35.2</ele>
      </trkpt>
      <trkpt lat="34.01066" lon="-118.81526">
        <ele>35.8</ele>
      </trkpt>
      <trkpt lat="34.01062" lon="-118.81521">
        <ele>36.4</ele>
      </trkpt>
      <trkpt lat="34.0106" lon="-118.81517">
        <ele>36.8</ele>
      </trkpt>
      <trkpt lat="34.01058" lon="-118.81509">
        <ele>37.2</ele>
      </trkpt>
      <trkpt lat="34.01056" lon="-118.815">
        <ele>37.5</ele>
      </trkpt>
      <trkpt lat="34.01055" lon="-118.81495">
        <ele>37.6</ele>
      </trkpt>
      <trkpt lat="34.01054" lon="-118.81483">
        <ele>38.0</ele>
      </trkpt>
      <trkpt lat="34.01054" lon="-118.81481">
        <ele>38.1</ele>
      </trkpt>
      <trkpt lat="34.01053" lon="-118.81477">
        <ele>38.4</ele>
      </trkpt>
      <trkpt lat="34.01053" lon="-118.81476">
        <ele>38.4</ele>
      </trkpt>
      <trkpt lat="34.01053" lon="-118.81472">
        <ele>38.7</ele>
      </trkpt>
      <trkpt lat="34.0105" lon="-118.81464">
        <ele>39.5</ele>
      </trkpt>
      <trkpt lat="34.0105" lon="-118.81462">
        <ele>39.7</ele>
      </trkpt>
      <trkpt lat="34.01048" lon="-118.81457">
        <ele>40.3</ele>
      </trkpt>
      <trkpt lat="34.01047" lon="-118.81454">
        <ele>40.7</ele>
      </trkpt>
      <trkpt lat="34.01046" lon="-118.81452">
        <ele>40.9</ele>
      </trkpt>
      <trkpt lat="34.01045" lon="-118.81452">
        <ele>40.9</ele>
      </trkpt>
      <trkpt lat="34.01039" lon="-118.81445">
        <ele>41.7</ele>
      </trkpt>
      <trkpt lat="34.01037" lon="-118.81443">
        <ele>41.9</ele>
      </trkpt>
      <trkpt lat="34.01033" lon="-118.81439">
        <ele>42.2</ele>
      </trkpt>
      <trkpt lat="34.01014" lon="-118.81419">
        <ele>42.7</ele>
      </trkpt>
      <trkpt lat="34.00993" lon="-118.81401">
        <ele>43.4</ele>
      </trkpt>
      <trkpt lat="34.00988" lon="-118.81397">
        <ele>43.7</ele>
      </trkpt>
      <trkpt lat="34.00983" lon="-118.81392">
        <ele>44.3</ele>
      </trkpt>
      <trkpt lat="34.00976" lon="-118.81386">
        <ele>45.1</ele>
      </trkpt>
      <trkpt lat="34.00971" lon="-118.81381">
        <ele>45.8</ele>
      </trkpt>
      <trkpt lat="34.00962" lon="-118.81372">
        <ele>47.0</ele>
      </trkpt>
      <trkpt lat="34.0096" lon="-118.8137">
        <ele>47.2</ele>
      </trkpt>
      <trkpt lat="34.00949" lon="-118.81361">
        <ele>47.8</ele>
      </trkpt>
      <trkpt lat="34.00938" lon="-118.81351">
        <ele>48.0</ele>
      </trkpt>
      <trkpt lat="34.00934" lon="-118.81347">
        <ele>48.1</ele>
      </trkpt>
      <trkpt lat="34.00932" lon="-118.81345">
        <ele>48.1</ele>
      </trkpt>
      <trkpt lat="34.00913" lon="-118.81328">
        <ele>48.5</ele>
      </trkpt>
      <trkpt lat="34.00905" lon="-118.8132">
        <ele>48.8</ele>
      </trkpt>
      <trkpt lat="34.00904" lon="-118.81318">
        <ele>48.9</ele>
      </trkpt>
      <trkpt lat="34.00893" lon="-118.81307">
        <ele>48.8</ele>
      </trkpt>
      <trkpt lat="34.00892" lon="-118.81305">
        <ele>48.8</ele>
      </trkpt>
      <trkpt lat="34.0089" lon="-118.81304">
        <ele>48.6</ele>
      </trkpt>
      <trkpt lat="34.00883" lon="-118.81295">
        <ele>48.3</ele>
      </trkpt>
      <trkpt lat="34.0088" lon="-118.8129">
        <ele>48.3</ele>
      </trkpt>
      <trkpt lat="34.00869" lon="-118.81272">
        <ele>48.8</ele>
      </trkpt>
      <trkpt lat="34.00866" lon="-118.81268">
        <ele>48.7</ele>
      </trkpt>
      <trkpt lat="34.0085" lon="-118.81241">
        <ele>48.3</ele>
      </trkpt>
      <trkpt lat="34.0084" lon="-118.81226">
        <ele>45.5</ele>
      </trkpt>
      <trkpt lat="34.00835" lon="-118.81218">
        <ele>42.1</ele>
      </trkpt>
      <trkpt lat="34.00831" lon="-118.81211">
        <ele>40.3</ele>
      </trkpt>
      <trkpt lat="34.00826" lon="-118.81202">
        <ele>40.3</ele>
      </trkpt>
      <trkpt lat="34.00812" lon="-118.81179">
        <ele>47.7</ele>
      </trkpt>
      <trkpt lat="34.00805" lon="-118.81167">
        <ele>48.4</ele>
      </trkpt>
      <trkpt lat="34.00798" lon="-118.81156">
        <ele>47.4</ele>
      </trkpt>
      <trkpt lat="34.00794" lon="-118.8115">
        <ele>46.6</ele>
      </trkpt>
      <trkpt lat="34.00793" lon="-118.81148">
        <ele>46.4</ele>
      </trkpt>
      <trkpt lat="34.0079" lon="-118.81144">
        <ele>45.8</ele>
      </trkpt>
      <trkpt lat="34.00788" lon="-118.81142">
        <ele>45.5</ele>
      </trkpt>
      <trkpt lat="34.00787" lon="-118.81141">
        <ele>45.3</ele>
      </trkpt>
      <trkpt lat="34.00784" lon="-118.81137">
        <ele>44.8</ele>
      </trkpt>
      <trkpt lat="34.00782" lon="-118.81134">
        <ele>44.5</ele>
      </trkpt>
      <trkpt lat="34.0078" lon="-118.81133">
        <ele>44.2</ele>
      </trkpt>
      <trkpt lat="34.00772" lon="-118.81125">
        <ele>43.5</ele>
      </trkpt>
      <trkpt lat="34.00768" lon="-118.8112">
        <ele>43.3</ele>
      </trkpt>
      <trkpt lat="34.00751" lon="-118.81105">
        <ele>42.5</ele>
      </trkpt>
      <trkpt lat="34.00746" lon="-118.811">
        <ele>42.5</ele>
      </trkpt>
      <trkpt lat="34.00736" lon="-118.81093">
        <ele>42.0</ele>
      </trkpt>
      <trkpt lat="34.00712" lon="-118.81073">
        <ele>40.2</ele>
      </trkpt>
      <trkpt lat="34.0071" lon="-118.81071">
        <ele>40.0</ele>
      </trkpt>
      <trkpt lat="34.00708" lon="-118.8107">
        <ele>39.8</ele>
      </trkpt>
      <trkpt lat="34.00706" lon="-118.81068">
        <ele>39.6</ele>
      </trkpt>
      <trkpt lat="34.00702" lon="-118.81065">
        <ele>39.2</ele>
      </trkpt>
      <trkpt lat="34.00701" lon="-118.81064">
        <ele>39.0</ele>
      </trkpt>
      <trkpt lat="34.007" lon="-118.81063">
        <ele>38.8</ele>
      </trkpt>
      <trkpt lat="34.00697" lon="-118.81061">
        <ele>38.3</ele>
      </trkpt>
      <trkpt lat="34.00694" lon="-118.81059">
        <ele>37.7</ele>
      </trkpt>
      <trkpt lat="34.00692" lon="-118.81057">
        <ele>37.0</ele>
      </trkpt>
      <trkpt lat="34.00682" lon="-118.81049">
        <ele>35.2</ele>
      </trkpt>
      <trkpt lat="34.0068" lon="-118.81047">
        <ele>35.2</ele>
      </trkpt>
      <trkpt lat="34.00678" lon="-118.81046">
        <ele>35.1</ele>
      </trkpt>
      <trkpt lat="34.00675" lon="-118.81044">
        <ele>35.1</ele>
      </trkpt>
      <trkpt lat="34.0067" lon="-118.81039">
        <ele>35.4</ele>
      </trkpt>
      <trkpt lat="34.00664" lon="-118.81034">
        <ele>35.7</ele>
      </trkpt>
      <trkpt lat="34.00656" lon="-118.81028">
        <ele>36.1</ele>
      </trkpt>
      <trkpt lat="34.00634" lon="-118.8101">
        <ele>37.4</ele>
      </trkpt>
      <trkpt lat="34.00632" lon="-118.81009">
        <ele>37.3</ele>
      </trkpt>
      <trkpt lat="34.00617" lon="-118.80997">
        <ele>37.5</ele>
      </trkpt>
      <trkpt lat="34.00607" lon="-118.80988">
        <ele>37.6</ele>
      </trkpt>
      <trkpt lat="34.00592" lon="-118.80976">
        <ele>37.7</ele>
      </trkpt>
      <trkpt lat="34.00559" lon="-118.8095">
        <ele>38.8</ele>
      </trkpt>
      <trkpt lat="34.00532" lon="-118.80929">
        <ele>39.7</ele>
      </trkpt>
      <trkpt lat="34.0044" lon="-118.80855">
        <ele>39.7</ele>
      </trkpt>
      <trkpt lat="34.00427" lon="-118.80845">
        <ele>39.7</ele>
      </trkpt>
      <trkpt lat="34.00422" lon="-118.80841">
        <ele>39.7</ele>
      </trkpt>
      <trkpt lat="34.00412" lon="-118.80833">
        <ele>39.6</ele>
      </trkpt>
      <trkpt lat="34.00411" lon="-118.80832">
        <ele>39.6</ele>
      </trkpt>
      <trkpt lat="34.00404" lon="-118.80827">
        <ele>39.6</ele>
      </trkpt>
      <trkpt lat="34.00404" lon="-118.80826">
        <ele>39.6</ele>
      </trkpt>
      <trkpt lat="34.00391" lon="-118.80816">
        <ele>39.5</ele>
      </trkpt>
      <trkpt lat="34.00386" lon="-118.80812">
        <ele>39.5</ele>
      </trkpt>
      <trkpt lat="34.00385" lon="-118.80811">
        <ele>39.5</ele>
      </trkpt>
      <trkpt lat="34.00367" lon="-118.80797">
        <ele>39.4</ele>
      </trkpt>
      <trkpt lat="34.00365" lon="-118.80795">
        <ele>39.3</ele>
      </trkpt>
      <trkpt lat="34.00361" lon="-118.80792">
        <ele>39.2</ele>
      </trkpt>
      <trkpt lat="34.0036" lon="-118.80791">
        <ele>39.1</ele>
      </trkpt>
      <trkpt lat="34.00352" lon="-118.80785">
        <ele>38.7</ele>
      </trkpt>
      <trkpt lat="34.00341" lon="-118.80776">
        <ele>38.5</ele>
      </trkpt>
      <trkpt lat="34.00332" lon="-118.80768">
        <ele>39.0</ele>
      </trkpt>
      <trkpt lat="34.0033" lon="-118.80766">
        <ele>39.1</ele>
      </trkpt>
      <trkpt lat="34.00323" lon="-118.80757">
        <ele>39.5</ele>
      </trkpt>
      <trkpt lat="34.0032" lon="-118.80746">
        <ele>39.7</ele>
      </trkpt>
      <trkpt lat="34.0032" lon="-118.80746">
        <ele>39.7</ele>
      </trkpt>
      <trkpt lat="34.00318" lon="-118.80736">
        <ele>39.8</ele>
      </trkpt>
      <trkpt lat="34.00319" lon="-118.80724">
        <ele>39.9</ele>
      </trkpt>
      <trkpt lat="34.00319" lon="-118.80724">
        <ele>39.9</ele>
      </trkpt>
      <trkpt lat="34.00321" lon="-118.80716">
        <ele>40.1</ele>
      </trkpt>
      <trkpt lat="34.00325" lon="-118.80707">
        <ele>40.4</ele>
      </trkpt>
      <trkpt lat="34.00331" lon="-118.80699">
        <ele>40.6</ele>
      </trkpt>
      <trkpt lat="34.00339" lon="-118.8069">
        <ele>40.8</ele>
      </trkpt>
      <trkpt lat="34.0034" lon="-118.8069">
        <ele>40.8</ele>
      </trkpt>
      <trkpt lat="34.00343" lon="-118.80686">
        <ele>40.9</ele>
      </trkpt>
      <trkpt lat="34.00353" lon="-118.80676">
        <ele>41.0</ele>
      </trkpt>
      <trkpt lat="34.00359" lon="-118.80671">
        <ele>41.1</ele>
      </trkpt>
      <trkpt lat="34.00369" lon="-118.8066">
        <ele>41.2</ele>
      </trkpt>
      <trkpt lat="34.00395" lon="-118.80634">
        <ele>40.6</ele>
      </trkpt>
      <trkpt lat="34.00396" lon="-118.80632">
        <ele>40.6</ele>
      </trkpt>
      <trkpt lat="34.00399" lon="-118.8063">
        <ele>40.5</ele>
      </trkpt>
      <trkpt lat="34.00404" lon="-118.80625">
        <ele>40.3</ele>
      </trkpt>
      <trkpt lat="34.00416" lon="-118.80615">
        <ele>40.1</ele>
      </trkpt>
      <trkpt lat="34.00421" lon="-118.80611">
        <ele>40.0</ele>
      </trkpt>
      <trkpt lat="34.00421" lon="-118.80611">
        <ele>40.0</ele>
      </trkpt>
      <trkpt lat="34.00424" lon="-118.80603">
        <ele>39.9</ele>
      </trkpt>
      <trkpt lat="34.00424" lon="-118.80603">
        <ele>39.9</ele>
      </trkpt>
      <trkpt lat="34.004245" lon="-118.806014">
        <ele>39.9</ele>
      </trkpt>
      <trkpt lat="34.00426" lon="-118.80597">
        <ele>39.9</ele>
      </trkpt>
      <trkpt lat="34.00434" lon="-118.80588">
        <ele>40.0</ele>
      </trkpt>
      <trkpt lat="34.00481" lon="-118.8054">
        <ele>40.3</ele>
      </trkpt>
      <trkpt lat="34.00496" lon="-118.80534">
        <ele>40.3</ele>
      </trkpt>
      <trkpt lat="34.00496" lon="-118.80534">
        <ele>40.3</ele>
      </trkpt>
      <trkpt lat="34.00506" lon="-118.80522">
        <ele>40.7</ele>
      </trkpt>
      <trkpt lat="34.00509" lon="-118.80519">
        <ele>40.8</ele>
      </trkpt>
      <trkpt lat="34.00511" lon="-118.80516">
        <ele>40.9</ele>
      </trkpt>
      <trkpt lat="34.00527" lon="-118.805">
        <ele>41.8</ele>
      </trkpt>
      <trkpt lat="34.00546" lon="-118.80481">
        <ele>42.7</ele>
      </trkpt>
      <trkpt lat="34.00554" lon="-118.80472">
        <ele>43.0</ele>
      </trkpt>
      <trkpt lat="34.00558" lon="-118.80468">
        <ele>43.1</ele>
      </trkpt>
      <trkpt lat="34.00562" lon="-118.80464">
        <ele>43.2</ele>
      </trkpt>
      <trkpt lat="34.0058" lon="-118.80443">
        <ele>43.3</ele>
      </trkpt>
      <trkpt lat="34.00582" lon="-118.80441">
        <ele>43.3</ele>
      </trkpt>
      <trkpt lat="34.00585" lon="-118.80436">
        <ele>43.3</ele>
      </trkpt>
      <trkpt lat="34.00586" lon="-118.80436">
        <ele>43.3</ele>
      </trkpt>
      <trkpt lat="34.00592" lon="-118.80427">
        <ele>43.3</ele>
      </trkpt>
      <trkpt lat="34.00612" lon="-118.804">
        <ele>43.4</ele>
      </trkpt>
      <trkpt lat="34.00616" lon="-118.80394">
        <ele>43.4</ele>
      </trkpt>
      <trkpt lat="34.00628" lon="-118.80375">
        <ele>43.1</ele>
      </trkpt>
      <trkpt lat="34.00631" lon="-118.80369">
        <ele>43.0</ele>
      </trkpt>
      <trkpt lat="34.00635" lon="-118.8036">
        <ele>42.8</ele>
      </trkpt>
      <trkpt lat="34.00637" lon="-118.80358">
        <ele>42.9</ele>
      </trkpt>
      <trkpt lat="34.00645" lon="-118.80339">
        <ele>42.7</ele>
      </trkpt>
      <trkpt lat="34.00648" lon="-118.8033">
        <ele>42.4</ele>
      </trkpt>
      <trkpt lat="34.00651" lon="-118.80321">
        <ele>42.3</ele>
      </trkpt>
      <trkpt lat="34.00659" lon="-118.80299">
        <ele>42.0</ele>
      </trkpt>
      <trkpt lat="34.00663" lon="-118.80287">
        <ele>41.9</ele>
      </trkpt>
      <trkpt lat="34.00666" lon="-118.8028">
        <ele>41.9</ele>
      </trkpt>
      <trkpt lat="34.00667" lon="-118.80275">
        <ele>41.7</ele>
      </trkpt>
      <trkpt lat="34.00673" lon="-118.80257">
        <ele>41.3</ele>
      </trkpt>
      <trkpt lat="34.00679" lon="-118.80236">
        <ele>39.6</ele>
      </trkpt>
      <trkpt lat="34.00698" lon="-118.80175">
        <ele>36.6</ele>
      </trkpt>
      <trkpt lat="34.00704" lon="-118.80155">
        <ele>36.1</ele>
      </trkpt>
      <trkpt lat="34.00714" lon="-118.80123">
        <ele>35.6</ele>
      </trkpt>
      <trkpt lat="34.00717" lon="-118.80114">
        <ele>35.3</ele>
      </trkpt>
      <trkpt lat="34.00718" lon="-118.80112">
        <ele>35.3</ele>
      </trkpt>
      <trkpt lat="34.00733" lon="-118.80072">
        <ele>34.9</ele>
      </trkpt>
      <trkpt lat="34.00735" lon="-118.80068">
        <ele>34.9</ele>
      </trkpt>
      <trkpt lat="34.00735" lon="-118.80068">
        <ele>34.9</ele>
      </trkpt>
      <trkpt lat="34.00735" lon="-118.80067">
        <ele>34.8</ele>
      </trkpt>
      <trkpt lat="34.00737" lon="-118.80061">
        <ele>34.8</ele>
      </trkpt>
      <trkpt lat="34.00737" lon="-118.80061">
        <ele>34.8</ele>
      </trkpt>
      <trkpt lat="34.00748" lon="-118.80066">
        <ele>35.4</ele>
      </trkpt>
      <trkpt lat="34.00787" lon="-118.80082">
        <ele>36.7</ele>
      </trkpt>
      <trkpt lat="34.0079" lon="-118.80083">
        <ele>36.8</ele>
      </trkpt>
      <trkpt lat="34.00791" lon="-118.80084">
        <ele>36.9</ele>
      </trkpt>
      <trkpt lat="34.00793" lon="-118.80084">
        <ele>36.9</ele>
      </trkpt>
      <trkpt lat="34.00803" lon="-118.80088">
        <ele>37.1</ele>
      </trkpt>
      <trkpt lat="34.00811" lon="-118.80092">
        <ele>37.3</ele>
      </trkpt>
      <trkpt lat="34.00818" lon="-118.80094">
        <ele>37.4</ele>
      </trkpt>
      <trkpt lat="34.00824" lon="-118.80096">
        <ele>37.5</ele>
      </trkpt>
      <trkpt lat="34.00832" lon="-118.80098">
        <ele>37.6</ele>
      </trkpt>
      <trkpt lat="34.00837" lon="-118.801">
        <ele>37.6</ele>
      </trkpt>
      <trkpt lat="34.00838" lon="-118.801">
        <ele>37.5</ele>
      </trkpt>
      <trkpt lat="34.00856" lon="-118.80103">
        <ele>37.2</ele>
      </trkpt>
      <trkpt lat="34.0086" lon="-118.80103">
        <ele>37.1</ele>
      </trkpt>
      <trkpt lat="34.00876" lon="-118.80103">
        <ele>36.5</ele>
      </trkpt>
      <trkpt lat="34.00885" lon="-118.80103">
        <ele>36.0</ele>
      </trkpt>
      <trkpt lat="34.00888" lon="-118.80104">
        <ele>35.8</ele>
      </trkpt>
      <trkpt lat="34.00893" lon="-118.80103">
        <ele>35.3</ele>
      </trkpt>
      <trkpt lat="34.00899" lon="-118.80103">
        <ele>34.8</ele>
      </trkpt>
      <trkpt lat="34.0093" lon="-118.80103">
        <ele>32.4</ele>
      </trkpt>
      <trkpt lat="34.00936" lon="-118.80103">
        <ele>32.1</ele>
      </trkpt>
      <trkpt lat="34.00942" lon="-118.80103">
        <ele>31.8</ele>
      </trkpt>
      <trkpt lat="34.00948" lon="-118.80103">
        <ele>31.5</ele>
      </trkpt>
      <trkpt lat="34.00949" lon="-118.80103">
        <ele>31.5</ele>
      </trkpt>
      <trkpt lat="34.00952" lon="-118.80103">
        <ele>31.4</ele>
      </trkpt>
      <trkpt lat="34.0096" lon="-118.80103">
        <ele>31.9</ele>
      </trkpt>
      <trkpt lat="34.00962" lon="-118.80103">
        <ele>32.1</ele>
      </trkpt>
      <trkpt lat="34.00965" lon="-118.80103">
        <ele>32.3</ele>
      </trkpt>
      <trkpt lat="34.00967" lon="-118.80103">
        <ele>32.4</ele>
      </trkpt>
      <trkpt lat="34.00971" lon="-118.80103">
        <ele>32.5</ele>
      </trkpt>
      <trkpt lat="34.00978" lon="-118.80104">
        <ele>32.8</ele>
      </trkpt>
      <trkpt lat="34.00983" lon="-118.80104">
        <ele>33.1</ele>
      </trkpt>
      <trkpt lat="34.01014" lon="-118.80104">
        <ele>35.0</ele>
      </trkpt>
      <trkpt lat="34.0102" lon="-118.80104">
        <ele>35.3</ele>
      </trkpt>
      <trkpt lat="34.01036" lon="-118.80104">
        <ele>36.0</ele>
      </trkpt>
      <trkpt lat="34.01056" lon="-118.80104">
        <ele>36.6</ele>
      </trkpt>
      <trkpt lat="34.0106" lon="-118.80104">
        <ele>36.8</ele>
      </trkpt>
      <trkpt lat="34.01071" lon="-118.80104">
        <ele>37.1</ele>
      </trkpt>
      <trkpt lat="34.01081" lon="-118.80104">
        <ele>37.2</ele>
      </trkpt>
      <trkpt lat="34.01086" lon="-118.80104">
        <ele>37.2</ele>
      </trkpt>
      <trkpt lat="34.01093" lon="-118.80105">
        <ele>37.3</ele>
      </trkpt>
      <trkpt lat="34.01103" lon="-118.80105">
        <ele>37.5</ele>
      </trkpt>
      <trkpt lat="34.01137" lon="-118.80105">
        <ele>38.4</ele>
      </trkpt>
      <trkpt lat="34.01142" lon="-118.80105">
        <ele>38.6</ele>
      </trkpt>
      <trkpt lat="34.01158" lon="-118.80106">
        <ele>39.1</ele>
      </trkpt>
      <trkpt lat="34.0116" lon="-118.80106">
        <ele>39.1</ele>
      </trkpt>
      <trkpt lat="34.01161" lon="-118.80106">
        <ele>39.1</ele>
      </trkpt>
      <trkpt lat="34.01162" lon="-118.80106">
        <ele>39.1</ele>
      </trkpt>
      <trkpt lat="34.01165" lon="-118.80106">
        <ele>39.2</ele>
      </trkpt>
      <trkpt lat="34.01183" lon="-118.80106">
        <ele>38.5</ele>
      </trkpt>
      <trkpt lat="34.01185" lon="-118.80105">
        <ele>38.4</ele>
      </trkpt>
      <trkpt lat="34.01189" lon="-118.80105">
        <ele>38.3</ele>
      </trkpt>
      <trkpt lat="34.0119" lon="-118.80105">
        <ele>38.3</ele>
      </trkpt>
      <trkpt lat="34.01194" lon="-118.80105">
        <ele>38.2</ele>
      </trkpt>
      <trkpt lat="34.01195" lon="-118.80105">
        <ele>38.2</ele>
      </trkpt>
      <trkpt lat="34.01199" lon="-118.80104">
        <ele>38.1</ele>
      </trkpt>
      <trkpt lat="34.01201" lon="-118.80104">
        <ele>38.0</ele>
      </trkpt>
      <trkpt lat="34.01209" lon="-118.80101">
        <ele>37.9</ele>
      </trkpt>
      <trkpt lat="34.01216" lon="-118.80099">
        <ele>37.9</ele>
      </trkpt>
      <trkpt lat="34.01219" lon="-118.80098">
        <ele>37.9</ele>
      </trkpt>
      <trkpt lat="34.01221" lon="-118.80096">
        <ele>37.9</ele>
      </trkpt>
      <trkpt lat="34.01225" lon="-118.80094">
        <ele>37.9</ele>
      </trkpt>
      <trkpt lat="34.01226" lon="-118.80093">
        <ele>37.9</ele>
      </trkpt>
      <trkpt lat="34.01227" lon="-118.80092">
        <ele>37.8</ele>
      </trkpt>
      <trkpt lat="34.01234" lon="-118.80087">
        <ele>37.6</ele>
      </trkpt>
      <trkpt lat="34.01241" lon="-118.80082">
        <ele>37.4</ele>
      </trkpt>
      <trkpt lat="34.01264" lon="-118.80064">
        <ele>37.1</ele>
      </trkpt>
      <trkpt lat="34.01329" lon="-118.8001">
        <ele>35.4</ele>
      </trkpt>
      <trkpt lat="34.01338" lon="-118.80002">
        <ele>35.0</ele>
      </trkpt>
      <trkpt lat="34.01343" lon="-118.79995">
        <ele>34.7</ele>
      </trkpt>
      <trkpt lat="34.01352" lon="-118.79988">
        <ele>34.2</ele>
      </trkpt>
      <trkpt lat="34.01355" lon="-118.79986">
        <ele>34.1</ele>
      </trkpt>
      <trkpt lat="34.01357" lon="-118.79984">
        <ele>34.0</ele>
      </trkpt>
      <trkpt lat="34.01362" lon="-118.7998">
        <ele>33.8</ele>
      </trkpt>
      <trkpt lat="34.01367" lon="-118.79976">
        <ele>33.5</ele>
      </trkpt>
      <trkpt lat="34.0137" lon="-118.79974">
        <ele>33.3</ele>
      </trkpt>
      <trkpt lat="34.01373" lon="-118.79972">
        <ele>33.2</ele>
      </trkpt>
      <trkpt lat="34.01379" lon="-118.79967">
        <ele>32.8</ele>
      </trkpt>
      <trkpt lat="34.01398" lon="-118.79953">
        <ele>31.6</ele>
      </trkpt>
      <trkpt lat="34.01401" lon="-118.79951">
        <ele>31.4</ele>
      </trkpt>
      <trkpt lat="34.01407" lon="-118.79947">
        <ele>30.9</ele>
      </trkpt>
      <trkpt lat="34.01411" lon="-118.79944">
        <ele>30.4</ele>
      </trkpt>
      <trkpt lat="34.01419" lon="-118.79938">
        <ele>29.6</ele>
      </trkpt>
      <trkpt lat="34.01428" lon="-118.79931">
        <ele>28.2</ele>
      </trkpt>
      <trkpt lat="34.01432" lon="-118.79929">
        <ele>27.6</ele>
      </trkpt>
      <trkpt lat="34.01438" lon="-118.79925">
        <ele>26.6</ele>
      </trkpt>
      <trkpt lat="34.01439" lon="-118.79924">
        <ele>26.5</ele>
      </trkpt>
      <trkpt lat="34.01443" lon="-118.79921">
        <ele>26.0</ele>
      </trkpt>
      <trkpt lat="34.0145" lon="-118.79917">
        <ele>25.3</ele>
      </trkpt>
      <trkpt lat="34.01453" lon="-118.79914">
        <ele>24.7</ele>
      </trkpt>
      <trkpt lat="34.01455" lon="-118.79913">
        <ele>24.5</ele>
      </trkpt>
      <trkpt lat="34.0146" lon="-118.7991">
        <ele>24.2</ele>
      </trkpt>
      <trkpt lat="34.01463" lon="-118.79908">
        <ele>24.2</ele>
      </trkpt>
      <trkpt lat="34.01466" lon="-118.79906">
        <ele>24.1</ele>
      </trkpt>
      <trkpt lat="34.01469" lon="-118.79904">
        <ele>24.1</ele>
      </trkpt>
      <trkpt lat="34.0147" lon="-118.79903">
        <ele>24.0</ele>
      </trkpt>
      <trkpt lat="34.01475" lon="-118.799">
        <ele>24.3</ele>
      </trkpt>
      <trkpt lat="34.01479" lon="-118.79897">
        <ele>24.8</ele>
      </trkpt>
      <trkpt lat="34.0148" lon="-118.79896">
        <ele>24.9</ele>
      </trkpt>
      <trkpt lat="34.01483" lon="-118.79895">
        <ele>25.2</ele>
      </trkpt>
      <trkpt lat="34.01485" lon="-118.79893">
        <ele>25.5</ele>
      </trkpt>
      <trkpt lat="34.01486" lon="-118.79892">
        <ele>25.6</ele>
      </trkpt>
      <trkpt lat="34.01491" lon="-118.79889">
        <ele>26.7</ele>
      </trkpt>
      <trkpt lat="34.01505" lon="-118.7988">
        <ele>28.8</ele>
      </trkpt>
      <trkpt lat="34.01508" lon="-118.79878">
        <ele>29.0</ele>
      </trkpt>
      <trkpt lat="34.01517" lon="-118.79872">
        <ele>29.7</ele>
      </trkpt>
      <trkpt lat="34.0153" lon="-118.79864">
        <ele>29.8</ele>
      </trkpt>
      <trkpt lat="34.01536" lon="-118.7986">
        <ele>29.7</ele>
      </trkpt>
      <trkpt lat="34.01537" lon="-118.79859">
        <ele>29.7</ele>
      </trkpt>
      <trkpt lat="34.01546" lon="-118.79854">
        <ele>29.9</ele>
      </trkpt>
      <trkpt lat="34.01547" lon="-118.79853">
        <ele>29.9</ele>
      </trkpt>
      <trkpt lat="34.0155" lon="-118.79852">
        <ele>30.0</ele>
      </trkpt>
      <trkpt lat="34.01554" lon="-118.79849">
        <ele>30.3</ele>
      </trkpt>
      <trkpt lat="34.01567" lon="-118.79845">
        <ele>31.3</ele>
      </trkpt>
      <trkpt lat="34.01574" lon="-118.79844">
        <ele>31.6</ele>
      </trkpt>
      <trkpt lat="34.01577" lon="-118.79843">
        <ele>31.8</ele>
      </trkpt>
      <trkpt lat="34.01595" lon="-118.7984">
        <ele>32.6</ele>
      </trkpt>
      <trkpt lat="34.01608" lon="-118.79838">
        <ele>33.3</ele>
      </trkpt>
      <trkpt lat="34.01612" lon="-118.79836">
        <ele>33.5</ele>
      </trkpt>
      <trkpt lat="34.01615" lon="-118.79836">
        <ele>33.6</ele>
      </trkpt>
      <trkpt lat="34.01617" lon="-118.79835">
        <ele>33.7</ele>
      </trkpt>
      <trkpt lat="34.01626" lon="-118.79829">
        <ele>34.3</ele>
      </trkpt>
      <trkpt lat="34.01641" lon="-118.79818">
        <ele>35.5</ele>
      </trkpt>
      <trkpt lat="34.0165" lon="-118.79811">
        <ele>36.1</ele>
      </trkpt>
      <trkpt lat="34.01656" lon="-118.79807">
        <ele>36.4</ele>
      </trkpt>
      <trkpt lat="34.0167" lon="-118.79796">
        <ele>37.4</ele>
      </trkpt>
      <trkpt lat="34.01671" lon="-118.79795">
        <ele>37.4</ele>
      </trkpt>
      <trkpt lat="34.01677" lon="-118.79791">
        <ele>37.8</ele>
      </trkpt>
      <trkpt lat="34.0168" lon="-118.79789">
        <ele>38.0</ele>
      </trkpt>
      <trkpt lat="34.01682" lon="-118.79787">
        <ele>38.1</ele>
      </trkpt>
      <trkpt lat="34.01691" lon="-118.7978">
        <ele>38.7</ele>
      </trkpt>
      <trkpt lat="34.01691" lon="-118.7978">
        <ele>38.7</ele>
      </trkpt>
      <trkpt lat="34.01702" lon="-118.79772">
        <ele>39.1</ele>
      </trkpt>
      <trkpt lat="34.01717" lon="-118.79761">
        <ele>39.4</ele>
      </trkpt>
      <trkpt lat="34.01717" lon="-118.79761">
        <ele>39.4</ele>
      </trkpt>
      <trkpt lat="34.01727" lon="-118.7977">
        <ele>39.4</ele>
      </trkpt>
      <trkpt lat="34.01736" lon="-118.79778">
        <ele>39.5</ele>
      </trkpt>
      <trkpt lat="34.01753" lon="-118.79792">
        <ele>39.6</ele>
      </trkpt>
      <trkpt lat="34.01766" lon="-118.79804">
        <ele>39.6</ele>
      </trkpt>
      <trkpt lat="34.01768" lon="-118.79806">
        <ele>39.6</ele>
      </trkpt>
      <trkpt lat="34.01772" lon="-118.79809">
        <ele>39.6</ele>
      </trkpt>
      <trkpt lat="34.01798" lon="-118.79833">
        <ele>40.0</ele>
      </trkpt>
      <trkpt lat="34.01823" lon="-118.79852">
        <ele>40.1</ele>
      </trkpt>
      <trkpt lat="34.01826" lon="-118.79854">
        <ele>40.1</ele>
      </trkpt>
      <trkpt lat="34.0183" lon="-118.79857">
        <ele>40.3</ele>
      </trkpt>
      <trkpt lat="34.01835" lon="-118.79859">
        <ele>40.3</ele>
      </trkpt>
      <trkpt lat="34.01839" lon="-118.79861">
        <ele>40.4</ele>
      </trkpt>
      <trkpt lat="34.01843" lon="-118.79863">
        <ele>40.4</ele>
      </trkpt>
      <trkpt lat="34.01846" lon="-118.79864">
        <ele>40.4</ele>
      </trkpt>
      <trkpt lat="34.01849" lon="-118.79864">
        <ele>40.3</ele>
      </trkpt>
      <trkpt lat="34.01853" lon="-118.79865">
        <ele>40.3</ele>
      </trkpt>
      <trkpt lat="34.01858" lon="-118.79865">
        <ele>40.2</ele>
      </trkpt>
      <trkpt lat="34.01871" lon="-118.79866">
        <ele>40.2</ele>
      </trkpt>
      <trkpt lat="34.01875" lon="-118.79866">
        <ele>40.1</ele>
      </trkpt>
      <trkpt lat="34.0188" lon="-118.79867">
        <ele>40.2</ele>
      </trkpt>
      <trkpt lat="34.01887" lon="-118.79867">
        <ele>40.0</ele>
      </trkpt>
      <trkpt lat="34.0189" lon="-118.79867">
        <ele>39.9</ele>
      </trkpt>
      <trkpt lat="34.01893" lon="-118.79868">
        <ele>39.8</ele>
      </trkpt>
      <trkpt lat="34.01897" lon="-118.79868">
        <ele>39.5</ele>
      </trkpt>
      <trkpt lat="34.01898" lon="-118.79868">
        <ele>39.5</ele>
      </trkpt>
      <trkpt lat="34.01901" lon="-118.79868">
        <ele>39.0</ele>
      </trkpt>
      <trkpt lat="34.01908" lon="-118.79869">
        <ele>37.8</ele>
      </trkpt>
      <trkpt lat="34.01908" lon="-118.79869">
        <ele>37.8</ele>
      </trkpt>
      <trkpt lat="34.01909" lon="-118.79869">
        <ele>37.6</ele>
      </trkpt>
      <trkpt lat="34.01915" lon="-118.79869">
        <ele>36.6</ele>
      </trkpt>
      <trkpt lat="34.01919" lon="-118.79869">
        <ele>36.0</ele>
      </trkpt>
      <trkpt lat="34.01933" lon="-118.7987">
        <ele>34.6</ele>
      </trkpt>
      <trkpt lat="34.01945" lon="-118.7987">
        <ele>33.4</ele>
      </trkpt>
      <trkpt lat="34.01951" lon="-118.79869">
        <ele>32.8</ele>
      </trkpt>
      <trkpt lat="34.01955" lon="-118.79868">
        <ele>32.5</ele>
      </trkpt>
      <trkpt lat="34.01959" lon="-118.79867">
        <ele>32.4</ele>
      </trkpt>
      <trkpt lat="34.01964" lon="-118.79863">
        <ele>32.2</ele>
      </trkpt>
      <trkpt lat="34.01967" lon="-118.7986">
        <ele>32.2</ele>
      </trkpt>
      <trkpt lat="34.01969" lon="-118.79856">
        <ele>32.5</ele>
      </trkpt>
      <trkpt lat="34.01973" lon="-118.7985">
        <ele>33.2</ele>
      </trkpt>
      <trkpt lat="34.01974" lon="-118.79846">
        <ele>33.5</ele>
      </trkpt>
      <trkpt lat="34.01975" lon="-118.79841">
        <ele>33.9</ele>
      </trkpt>
      <trkpt lat="34.01976" lon="-118.79837">
        <ele>34.3</ele>
      </trkpt>
      <trkpt lat="34.01977" lon="-118.79832">
        <ele>34.8</ele>
      </trkpt>
      <trkpt lat="34.01978" lon="-118.79825">
        <ele>35.5</ele>
      </trkpt>
      <trkpt lat="34.01978" lon="-118.7982">
        <ele>35.9</ele>
      </trkpt>
      <trkpt lat="34.01978" lon="-118.79816">
        <ele>36.1</ele>
      </trkpt>
      <trkpt lat="34.01978" lon="-118.79815">
        <ele>36.2</ele>
      </trkpt>
      <trkpt lat="34.01979" lon="-118.79803">
        <ele>37.0</ele>
      </trkpt>
      <trkpt lat="34.01979" lon="-118.79798">
        <ele>37.3</ele>
      </trkpt>
      <trkpt lat="34.01981" lon="-118.79774">
        <ele>39.0</ele>
      </trkpt>
      <trkpt lat="34.01982" lon="-118.79761">
        <ele>39.9</ele>
      </trkpt>
      <trkpt lat="34.01983" lon="-118.7975">
        <ele>40.7</ele>
      </trkpt>
      <trkpt lat="34.01984" lon="-118.79741">
        <ele>41.0</ele>
      </trkpt>
      <trkpt lat="34.01986" lon="-118.79734">
        <ele>41.2</ele>
      </trkpt>
      <trkpt lat="34.01986" lon="-118.79731">
        <ele>41.3</ele>
      </trkpt>
      <trkpt lat="34.01987" lon="-118.79729">
        <ele>41.4</ele>
      </trkpt>
      <trkpt lat="34.0199" lon="-118.79713">
        <ele>41.8</ele>
      </trkpt>
      <trkpt lat="34.01993" lon="-118.79701">
        <ele>42.0</ele>
      </trkpt>
      <trkpt lat="34.01993" lon="-118.79699">
        <ele>42.0</ele>
      </trkpt>
      <trkpt lat="34.01995" lon="-118.79692">
        <ele>42.0</ele>
      </trkpt>
      <trkpt lat="34.01997" lon="-118.79687">
        <ele>42.0</ele>
      </trkpt>
      <trkpt lat="34.01999" lon="-118.79675">
        <ele>41.7</ele>
      </trkpt>
      <trkpt lat="34.02" lon="-118.79668">
        <ele>41.3</ele>
      </trkpt>
      <trkpt lat="34.02001" lon="-118.79663">
        <ele>40.9</ele>
      </trkpt>
      <trkpt lat="34.02002" lon="-118.79653">
        <ele>40.1</ele>
      </trkpt>
      <trkpt lat="34.02002" lon="-118.79653">
        <ele>40.1</ele>
      </trkpt>
      <trkpt lat="34.02003" lon="-118.79645">
        <ele>39.4</ele>
      </trkpt>
      <trkpt lat="34.02004" lon="-118.7964">
        <ele>39.1</ele>
      </trkpt>
      <trkpt lat="34.02005" lon="-118.79633">
        <ele>38.9</ele>
      </trkpt>
      <trkpt lat="34.02006" lon="-118.79629">
        <ele>38.8</ele>
      </trkpt>
      <trkpt lat="34.02006" lon="-118.79628">
        <ele>38.8</ele>
      </trkpt>
      <trkpt lat="34.02006" lon="-118.79628">
        <ele>38.8</ele>
      </trkpt>
      <trkpt lat="34.02008" lon="-118.79623">
        <ele>38.7</ele>
      </trkpt>
      <trkpt lat="34.02013" lon="-118.79619">
        <ele>38.6</ele>
      </trkpt>
      <trkpt lat="34.02014" lon="-118.79618">
        <ele>38.6</ele>
      </trkpt>
      <trkpt lat="34.0202" lon="-118.79617">
        <ele>38.5</ele>
      </trkpt>
      <trkpt lat="34.02022" lon="-118.79617">
        <ele>38.6</ele>
      </trkpt>
      <trkpt lat="34.02028" lon="-118.79617">
        <ele>38.8</ele>
      </trkpt>
      <trkpt lat="34.02031" lon="-118.79618">
        <ele>38.8</ele>
      </trkpt>
      <trkpt lat="34.02035" lon="-118.79618">
        <ele>38.8</ele>
      </trkpt>
      <trkpt lat="34.02044" lon="-118.79619">
        <ele>38.7</ele>
      </trkpt>
      <trkpt lat="34.02044" lon="-118.79619">
        <ele>38.7</ele>
      </trkpt>
      <trkpt lat="34.02047" lon="-118.79603">
        <ele>38.7</ele>
      </trkpt>
      <trkpt lat="34.0205" lon="-118.79585">
        <ele>38.7</ele>
      </trkpt>
      <trkpt lat="34.02054" lon="-118.79561">
        <ele>38.7</ele>
      </trkpt>
      <trkpt lat="34.0206" lon="-118.7953">
        <ele>37.7</ele>
      </trkpt>
      <trkpt lat="34.02068" lon="-118.79497">
        <ele>36.5</ele>
      </trkpt>
      <trkpt lat="34.0207" lon="-118.7949">
        <ele>36.6</ele>
      </trkpt>
      <trkpt lat="34.0207" lon="-118.7949">
        <ele>36.6</ele>
      </trkpt>
      <trkpt lat="34.02085" lon="-118.79441">
        <ele>37.1</ele>
      </trkpt>
      <trkpt lat="34.02089" lon="-118.7943">
        <ele>36.8</ele>
      </trkpt>
      <trkpt lat="34.02092" lon="-118.7942">
        <ele>36.5</ele>
      </trkpt>
      <trkpt lat="34.021" lon="-118.79399">
        <ele>36.2</ele>
      </trkpt>
      <trkpt lat="34.02109" lon="-118.79375">
        <ele>36.0</ele>
      </trkpt>
      <trkpt lat="34.02116" lon="-118.79357">
        <ele>35.7</ele>
      </trkpt>
      <trkpt lat="34.02125" lon="-118.79337">
        <ele>34.9</ele>
      </trkpt>
      <trkpt lat="34.02142" lon="-118.79295">
        <ele>32.9</ele>
      </trkpt>
      <trkpt lat="34.02177" lon="-118.79213">
        <ele>33.1</ele>
      </trkpt>
      <trkpt lat="34.0218" lon="-118.79205">
        <ele>33.7</ele>
      </trkpt>
      <trkpt lat="34.02188" lon="-118.79187">
        <ele>35.3</ele>
      </trkpt>
      <trkpt lat="34.0219" lon="-118.79182">
        <ele>35.7</ele>
      </trkpt>
      <trkpt lat="34.022" lon="-118.79159">
        <ele>37.1</ele>
      </trkpt>
      <trkpt lat="34.02207" lon="-118.79142">
        <ele>37.5</ele>
      </trkpt>
      <trkpt lat="34.02232" lon="-118.79084">
        <ele>37.9</ele>
      </trkpt>
      <trkpt lat="34.0225" lon="-118.79041">
        <ele>37.7</ele>
      </trkpt>
      <trkpt lat="34.02254" lon="-118.79033">
        <ele>37.8</ele>
      </trkpt>
      <trkpt lat="34.02256" lon="-118.79026">
        <ele>37.8</ele>
      </trkpt>
      <trkpt lat="34.02307" lon="-118.78909">
        <ele>37.2</ele>
      </trkpt>
      <trkpt lat="34.0231" lon="-118.78902">
        <ele>37.2</ele>
      </trkpt>
      <trkpt lat="34.02328" lon="-118.78859">
        <ele>36.6</ele>
      </trkpt>
      <trkpt lat="34.02348" lon="-118.78812">
        <ele>32.9</ele>
      </trkpt>
      <trkpt lat="34.02353" lon="-118.788">
        <ele>32.9</ele>
      </trkpt>
      <trkpt lat="34.02354" lon="-118.78797">
        <ele>32.8</ele>
      </trkpt>
      <trkpt lat="34.02361" lon="-118.78783">
        <ele>32.7</ele>
      </trkpt>
      <trkpt lat="34.02377" lon="-118.78745">
        <ele>33.3</ele>
      </trkpt>
      <trkpt lat="34.02381" lon="-118.78735">
        <ele>34.4</ele>
      </trkpt>
      <trkpt lat="34.02382" lon="-118.78734">
        <ele>34.6</ele>
      </trkpt>
      <trkpt lat="34.02385" lon="-118.78726">
        <ele>34.9</ele>
      </trkpt>
      <trkpt lat="34.02389" lon="-118.78716">
        <ele>33.9</ele>
      </trkpt>
      <trkpt lat="34.02395" lon="-118.78701">
        <ele>33.3</ele>
      </trkpt>
      <trkpt lat="34.02401" lon="-118.78684">
        <ele>32.8</ele>
      </trkpt>
      <trkpt lat="34.02403" lon="-118.78677">
        <ele>33.0</ele>
      </trkpt>
      <trkpt lat="34.02408" lon="-118.78667">
        <ele>33.3</ele>
      </trkpt>
      <trkpt lat="34.02412" lon="-118.78656">
        <ele>33.2</ele>
      </trkpt>
      <trkpt lat="34.02414" lon="-118.78649">
        <ele>33.4</ele>
      </trkpt>
      <trkpt lat="34.02435" lon="-118.78585">
        <ele>37.3</ele>
      </trkpt>
      <trkpt lat="34.02446" lon="-118.78549">
        <ele>37.8</ele>
      </trkpt>
      <trkpt lat="34.02456" lon="-118.78512">
        <ele>38.2</ele>
      </trkpt>
      <trkpt lat="34.02463" lon="-118.78484">
        <ele>38.3</ele>
      </trkpt>
      <trkpt lat="34.02463" lon="-118.78481">
        <ele>38.3</ele>
      </trkpt>
      <trkpt lat="34.02473" lon="-118.78444">
        <ele>39.5</ele>
      </trkpt>
      <trkpt lat="34.02479" lon="-118.7842">
        <ele>42.7</ele>
      </trkpt>
      <trkpt lat="34.02483" lon="-118.78401">
        <ele>43.7</ele>
      </trkpt>
      <trkpt lat="34.02484" lon="-118.78398">
        <ele>43.8</ele>
      </trkpt>
      <trkpt lat="34.02485" lon="-118.78395">
        <ele>43.8</ele>
      </trkpt>
      <trkpt lat="34.0249" lon="-118.78373">
        <ele>43.9</ele>
      </trkpt>
      <trkpt lat="34.02491" lon="-118.78368">
        <ele>43.9</ele>
      </trkpt>
      <trkpt lat="34.02493" lon="-118.7836">
        <ele>43.9</ele>
      </trkpt>
      <trkpt lat="34.02494" lon="-118.78351">
        <ele>43.9</ele>
      </trkpt>
      <trkpt lat="34.02495" lon="-118.78348">
        <ele>43.9</ele>
      </trkpt>
      <trkpt lat="34.02498" lon="-118.78335">
        <ele>44.1</ele>
      </trkpt>
      <trkpt lat="34.025" lon="-118.78325">
        <ele>43.9</ele>
      </trkpt>
      <trkpt lat="34.02502" lon="-118.78319">
        <ele>43.8</ele>
      </trkpt>
      <trkpt lat="34.02503" lon="-118.78317">
        <ele>43.8</ele>
      </trkpt>
      <trkpt lat="34.02504" lon="-118.78313">
        <ele>43.8</ele>
      </trkpt>
      <trkpt lat="34.02512" lon="-118.78304">
        <ele>44.4</ele>
      </trkpt>
      <trkpt lat="34.02514" lon="-118.78295">
        <ele>44.4</ele>
      </trkpt>
      <trkpt lat="34.02537" lon="-118.78204">
        <ele>44.7</ele>
      </trkpt>
      <trkpt lat="34.0254" lon="-118.78192">
        <ele>44.0</ele>
      </trkpt>
      <trkpt lat="34.02553" lon="-118.7814">
        <ele>42.0</ele>
      </trkpt>
      <trkpt lat="34.0256" lon="-118.78115">
        <ele>41.7</ele>
      </trkpt>
      <trkpt lat="34.02563" lon="-118.78102">
        <ele>40.3</ele>
      </trkpt>
      <trkpt lat="34.02565" lon="-118.78093">
        <ele>39.2</ele>
      </trkpt>
      <trkpt lat="34.02567" lon="-118.78086">
        <ele>38.8</ele>
      </trkpt>
      <trkpt lat="34.02567" lon="-118.78083">
        <ele>38.6</ele>
      </trkpt>
      <trkpt lat="34.02568" lon="-118.7808">
        <ele>38.5</ele>
      </trkpt>
      <trkpt lat="34.02572" lon="-118.78062">
        <ele>38.2</ele>
      </trkpt>
      <trkpt lat="34.02575" lon="-118.78043">
        <ele>38.1</ele>
      </trkpt>
      <trkpt lat="34.02581" lon="-118.78015">
        <ele>38.0</ele>
      </trkpt>
      <trkpt lat="34.02583" lon="-118.78001">
        <ele>37.7</ele>
      </trkpt>
      <trkpt lat="34.02584" lon="-118.77995">
        <ele>37.5</ele>
      </trkpt>
      <trkpt lat="34.02585" lon="-118.77988">
        <ele>37.2</ele>
      </trkpt>
      <trkpt lat="34.02587" lon="-118.77972">
        <ele>36.6</ele>
      </trkpt>
      <trkpt lat="34.02591" lon="-118.77938">
        <ele>35.4</ele>
      </trkpt>
      <trkpt lat="34.02591" lon="-118.77937">
        <ele>35.4</ele>
      </trkpt>
      <trkpt lat="34.02592" lon="-118.77935">
        <ele>35.2</ele>
      </trkpt>
      <trkpt lat="34.02592" lon="-118.77929">
        <ele>35.0</ele>
      </trkpt>
      <trkpt lat="34.02594" lon="-118.77908">
        <ele>34.4</ele>
      </trkpt>
      <trkpt lat="34.02595" lon="-118.77889">
        <ele>34.2</ele>
      </trkpt>
      <trkpt lat="34.02597" lon="-118.77859">
        <ele>33.6</ele>
      </trkpt>
      <trkpt lat="34.02597" lon="-118.77828">
        <ele>33.2</ele>
      </trkpt>
      <trkpt lat="34.02597" lon="-118.77808">
        <ele>32.5</ele>
      </trkpt>
      <trkpt lat="34.02597" lon="-118.77792">
        <ele>32.1</ele>
      </trkpt>
      <trkpt lat="34.02596" lon="-118.77768">
        <ele>33.1</ele>
      </trkpt>
      <trkpt lat="34.02594" lon="-118.77736">
        <ele>34.7</ele>
      </trkpt>
      <trkpt lat="34.02594" lon="-118.77723">
        <ele>35.1</ele>
      </trkpt>
      <trkpt lat="34.02593" lon="-118.7771">
        <ele>35.5</ele>
      </trkpt>
      <trkpt lat="34.0259" lon="-118.77671">
        <ele>35.9</ele>
      </trkpt>
      <trkpt lat="34.02589" lon="-118.77655">
        <ele>36.0</ele>
      </trkpt>
      <trkpt lat="34.02588" lon="-118.77639">
        <ele>35.8</ele>
      </trkpt>
      <trkpt lat="34.02581" lon="-118.77612">
        <ele>33.6</ele>
      </trkpt>
      <trkpt lat="34.0258" lon="-118.77611">
        <ele>33.4</ele>
      </trkpt>
      <trkpt lat="34.02578" lon="-118.77567">
        <ele>32.1</ele>
      </trkpt>
      <trkpt lat="34.02577" lon="-118.77559">
        <ele>32.4</ele>
      </trkpt>
      <trkpt lat="34.02577" lon="-118.77551">
        <ele>32.7</ele>
      </trkpt>
      <trkpt lat="34.02576" lon="-118.77538">
        <ele>33.6</ele>
      </trkpt>
      <trkpt lat="34.02574" lon="-118.77512">
        <ele>36.2</ele>
      </trkpt>
      <trkpt lat="34.02571" lon="-118.77466">
        <ele>37.8</ele>
      </trkpt>
      <trkpt lat="34.02567" lon="-118.77403">
        <ele>35.0</ele>
      </trkpt>
      <trkpt lat="34.02567" lon="-118.77402">
        <ele>35.0</ele>
      </trkpt>
      <trkpt lat="34.02566" lon="-118.77392">
        <ele>34.3</ele>
      </trkpt>
      <trkpt lat="34.02563" lon="-118.77352">
        <ele>33.1</ele>
      </trkpt>
      <trkpt lat="34.02559" lon="-118.77296">
        <ele>32.7</ele>
      </trkpt>
      <trkpt lat="34.02558" lon="-118.77279">
        <ele>32.0</ele>
      </trkpt>
      <trkpt lat="34.02557" lon="-118.77249">
        <ele>31.5</ele>
      </trkpt>
      <trkpt lat="34.02556" lon="-118.77233">
        <ele>31.7</ele>
      </trkpt>
      <trkpt lat="34.02555" lon="-118.77223">
        <ele>32.0</ele>
      </trkpt>
      <trkpt lat="34.02554" lon="-118.77216">
        <ele>32.2</ele>
      </trkpt>
      <trkpt lat="34.02554" lon="-118.77185">
        <ele>33.0</ele>
      </trkpt>
      <trkpt lat="34.02554" lon="-118.77165">
        <ele>33.3</ele>
      </trkpt>
      <trkpt lat="34.02554" lon="-118.77152">
        <ele>33.3</ele>
      </trkpt>
      <trkpt lat="34.02554" lon="-118.77146">
        <ele>33.3</ele>
      </trkpt>
      <trkpt lat="34.02555" lon="-118.77132">
        <ele>33.0</ele>
      </trkpt>
      <trkpt lat="34.02555" lon="-118.77131">
        <ele>33.0</ele>
      </trkpt>
      <trkpt lat="34.02556" lon="-118.77074">
        <ele>31.2</ele>
      </trkpt>
      <trkpt lat="34.02557" lon="-118.77065">
        <ele>30.7</ele>
      </trkpt>
      <trkpt lat="34.02558" lon="-118.7702">
        <ele>27.0</ele>
      </trkpt>
      <trkpt lat="34.02558" lon="-118.77013">
        <ele>26.8</ele>
      </trkpt>
      <trkpt lat="34.02559" lon="-118.76984">
        <ele>27.4</ele>
      </trkpt>
      <trkpt lat="34.0256" lon="-118.76939">
        <ele>26.3</ele>
      </trkpt>
      <trkpt lat="34.02561" lon="-118.76923">
        <ele>24.4</ele>
      </trkpt>
      <trkpt lat="34.02562" lon="-118.76897">
        <ele>20.4</ele>
      </trkpt>
      <trkpt lat="34.02562" lon="-118.76875">
        <ele>18.7</ele>
      </trkpt>
      <trkpt lat="34.02563" lon="-118.76854">
        <ele>16.7</ele>
      </trkpt>
      <trkpt lat="34.02564" lon="-118.76826">
        <ele>13.4</ele>
      </trkpt>
      <trkpt lat="34.02566" lon="-118.76768">
        <ele>11.1</ele>
      </trkpt>
      <trkpt lat="34.02567" lon="-118.76745">
        <ele>11.3</ele>
      </trkpt>
      <trkpt lat="34.02567" lon="-118.76724">
        <ele>11.4</ele>
      </trkpt>
      <trkpt lat="34.02568" lon="-118.76707">
        <ele>11.4</ele>
      </trkpt>
      <trkpt lat="34.02568" lon="-118.767">
        <ele>11.2</ele>
      </trkpt>
      <trkpt lat="34.02569" lon="-118.7668">
        <ele>10.4</ele>
      </trkpt>
      <trkpt lat="34.0257" lon="-118.76664">
        <ele>8.5</ele>
      </trkpt>
      <trkpt lat="34.0257" lon="-118.76657">
        <ele>7.8</ele>
      </trkpt>
      <trkpt lat="34.0257" lon="-118.76646">
        <ele>6.8</ele>
      </trkpt>
      <trkpt lat="34.0257" lon="-118.76637">
        <ele>6.2</ele>
      </trkpt>
      <trkpt lat="34.02571" lon="-118.76627">
        <ele>5.6</ele>
      </trkpt>
      <trkpt lat="34.02572" lon="-118.76601">
        <ele>4.8</ele>
      </trkpt>
      <trkpt lat="34.02572" lon="-118.76589">
        <ele>4.5</ele>
      </trkpt>
      <trkpt lat="34.02573" lon="-118.76577">
        <ele>4.1</ele>
      </trkpt>
      <trkpt lat="34.02573" lon="-118.76576">
        <ele>4.1</ele>
      </trkpt>
      <trkpt lat="34.02574" lon="-118.76563">
        <ele>3.7</ele>
      </trkpt>
      <trkpt lat="34.02575" lon="-118.76551">
        <ele>3.4</ele>
      </trkpt>
      <trkpt lat="34.02577" lon="-118.76531">
        <ele>3.7</ele>
      </trkpt>
      <trkpt lat="34.02579" lon="-118.76504">
        <ele>4.7</ele>
      </trkpt>
      <trkpt lat="34.02581" lon="-118.76488">
        <ele>5.6</ele>
      </trkpt>
      <trkpt lat="34.02583" lon="-118.76474">
        <ele>6.3</ele>
      </trkpt>
      <trkpt lat="34.02587" lon="-118.76445">
        <ele>7.2</ele>
      </trkpt>
      <trkpt lat="34.0259" lon="-118.76428">
        <ele>8.2</ele>
      </trkpt>
      <trkpt lat="34.02591" lon="-118.76424">
        <ele>8.7</ele>
      </trkpt>
      <trkpt lat="34.02594" lon="-118.76404">
        <ele>10.8</ele>
      </trkpt>
      <trkpt lat="34.02599" lon="-118.76374">
        <ele>12.3</ele>
      </trkpt>
      <trkpt lat="34.02605" lon="-118.76345">
        <ele>14.5</ele>
      </trkpt>
      <trkpt lat="34.02615" lon="-118.763">
        <ele>18.7</ele>
      </trkpt>
      <trkpt lat="34.02621" lon="-118.76277">
        <ele>19.1</ele>
      </trkpt>
      <trkpt lat="34.02628" lon="-118.7625">
        <ele>19.2</ele>
      </trkpt>
      <trkpt lat="34.02632" lon="-118.76235">
        <ele>19.4</ele>
      </trkpt>
      <trkpt lat="34.0264" lon="-118.76209">
        <ele>23.1</ele>
      </trkpt>
      <trkpt lat="34.02647" lon="-118.76184">
        <ele>26.3</ele>
      </trkpt>
      <trkpt lat="34.02651" lon="-118.76174">
        <ele>26.8</ele>
      </trkpt>
      <trkpt lat="34.02653" lon="-118.76168">
        <ele>26.9</ele>
      </trkpt>
      <trkpt lat="34.02662" lon="-118.76142">
        <ele>27.5</ele>
      </trkpt>
      <trkpt lat="34.02675" lon="-118.76106">
        <ele>28.5</ele>
      </trkpt>
      <trkpt lat="34.02679" lon="-118.76095">
        <ele>28.8</ele>
      </trkpt>
      <trkpt lat="34.02687" lon="-118.76074">
        <ele>30.7</ele>
      </trkpt>
      <trkpt lat="34.02695" lon="-118.76056">
        <ele>32.0</ele>
      </trkpt>
      <trkpt lat="34.02698" lon="-118.76049">
        <ele>32.4</ele>
      </trkpt>
      <trkpt lat="34.02703" lon="-118.76037">
        <ele>33.2</ele>
      </trkpt>
      <trkpt lat="34.02705" lon="-118.76032">
        <ele>33.5</ele>
      </trkpt>
      <trkpt lat="34.0272" lon="-118.75998">
        <ele>35.7</ele>
      </trkpt>
      <trkpt lat="34.02723" lon="-118.75992">
        <ele>36.0</ele>
      </trkpt>
      <trkpt lat="34.02728" lon="-118.75981">
        <ele>36.3</ele>
      </trkpt>
      <trkpt lat="34.02731" lon="-118.75974">
        <ele>36.6</ele>
      </trkpt>
      <trkpt lat="34.0275" lon="-118.75938">
        <ele>37.9</ele>
      </trkpt>
      <trkpt lat="34.02762" lon="-118.75915">
        <ele>39.2</ele>
      </trkpt>
      <trkpt lat="34.02766" lon="-118.75908">
        <ele>39.8</ele>
      </trkpt>
      <trkpt lat="34.02789" lon="-118.75867">
        <ele>42.1</ele>
      </trkpt>
      <trkpt lat="34.02791" lon="-118.75863">
        <ele>42.2</ele>
      </trkpt>
      <trkpt lat="34.02812" lon="-118.75827">
        <ele>42.9</ele>
      </trkpt>
      <trkpt lat="34.02834" lon="-118.7579">
        <ele>43.8</ele>
      </trkpt>
      <trkpt lat="34.0284" lon="-118.75779">
        <ele>43.9</ele>
      </trkpt>
      <trkpt lat="34.0287" lon="-118.75728">
        <ele>43.7</ele>
      </trkpt>
      <trkpt lat="34.02881" lon="-118.75709">
        <ele>43.4</ele>
      </trkpt>
      <trkpt lat="34.02886" lon="-118.75699">
        <ele>43.2</ele>
      </trkpt>
      <trkpt lat="34.02897" lon="-118.7568">
        <ele>43.2</ele>
      </trkpt>
      <trkpt lat="34.02908" lon="-118.75661">
        <ele>42.9</ele>
      </trkpt>
      <trkpt lat="34.02919" lon="-118.7564">
        <ele>42.6</ele>
      </trkpt>
      <trkpt lat="34.02928" lon="-118.75622">
        <ele>42.7</ele>
      </trkpt>
      <trkpt lat="34.0293" lon="-118.75618">
        <ele>42.7</ele>
      </trkpt>
      <trkpt lat="34.02939" lon="-118.756">
        <ele>43.0</ele>
      </trkpt>
      <trkpt lat="34.02942" lon="-118.75594">
        <ele>43.1</ele>
      </trkpt>
      <trkpt lat="34.02949" lon="-118.75579">
        <ele>43.0</ele>
      </trkpt>
      <trkpt lat="34.02964" lon="-118.75548">
        <ele>38.3</ele>
      </trkpt>
      <trkpt lat="34.02971" lon="-118.75533">
        <ele>36.8</ele>
      </trkpt>
      <trkpt lat="34.02975" lon="-118.75524">
        <ele>36.5</ele>
      </trkpt>
      <trkpt lat="34.02986" lon="-118.75496">
        <ele>34.9</ele>
      </trkpt>
      <trkpt lat="34.02992" lon="-118.75482">
        <ele>33.8</ele>
      </trkpt>
      <trkpt lat="34.02994" lon="-118.75475">
        <ele>33.4</ele>
      </trkpt>
      <trkpt lat="34.02995" lon="-118.75473">
        <ele>33.3</ele>
      </trkpt>
      <trkpt lat="34.02997" lon="-118.75468">
        <ele>33.0</ele>
      </trkpt>
      <trkpt lat="34.03" lon="-118.7546">
        <ele>32.5</ele>
      </trkpt>
      <trkpt lat="34.03005" lon="-118.75445">
        <ele>31.4</ele>
      </trkpt>
      <trkpt lat="34.03011" lon="-118.75428">
        <ele>29.1</ele>
      </trkpt>
      <trkpt lat="34.03023" lon="-118.75393">
        <ele>24.7</ele>
      </trkpt>
      <trkpt lat="34.03036" lon="-118.75353">
        <ele>23.8</ele>
      </trkpt>
      <trkpt lat="34.03043" lon="-118.75325">
        <ele>23.9</ele>
      </trkpt>
      <trkpt lat="34.03049" lon="-118.75302">
        <ele>24.3</ele>
      </trkpt>
      <trkpt lat="34.03067" lon="-118.75224">
        <ele>20.6</ele>
      </trkpt>
      <trkpt lat="34.03073" lon="-118.75194">
        <ele>20.7</ele>
      </trkpt>
      <trkpt lat="34.03084" lon="-118.75141">
        <ele>20.1</ele>
      </trkpt>
      <trkpt lat="34.03091" lon="-118.7511">
        <ele>21.6</ele>
      </trkpt>
      <trkpt lat="34.03091" lon="-118.75109">
        <ele>21.6</ele>
      </trkpt>
      <trkpt lat="34.03095" lon="-118.75088">
        <ele>23.0</ele>
      </trkpt>
      <trkpt lat="34.03102" lon="-118.75059">
        <ele>22.5</ele>
      </trkpt>
      <trkpt lat="34.03104" lon="-118.75051">
        <ele>21.9</ele>
      </trkpt>
      <trkpt lat="34.03109" lon="-118.75026">
        <ele>19.9</ele>
      </trkpt>
      <trkpt lat="34.03113" lon="-118.7501">
        <ele>19.6</ele>
      </trkpt>
      <trkpt lat="34.03115" lon="-118.75004">
        <ele>19.1</ele>
      </trkpt>
      <trkpt lat="34.0312" lon="-118.74984">
        <ele>14.7</ele>
      </trkpt>
      <trkpt lat="34.03126" lon="-118.74965">
        <ele>14.5</ele>
      </trkpt>
      <trkpt lat="34.0313" lon="-118.74952">
        <ele>14.3</ele>
      </trkpt>
      <trkpt lat="34.03137" lon="-118.74929">
        <ele>13.9</ele>
      </trkpt>
      <trkpt lat="34.03142" lon="-118.74915">
        <ele>14.6</ele>
      </trkpt>
      <trkpt lat="34.03152" lon="-118.74887">
        <ele>15.6</ele>
      </trkpt>
      <trkpt lat="34.03167" lon="-118.74843">
        <ele>17.5</ele>
      </trkpt>
      <trkpt lat="34.03173" lon="-118.74826">
        <ele>18.6</ele>
      </trkpt>
      <trkpt lat="34.03182" lon="-118.748">
        <ele>20.1</ele>
      </trkpt>
      <trkpt lat="34.03184" lon="-118.74797">
        <ele>20.6</ele>
      </trkpt>
      <trkpt lat="34.03186" lon="-118.7479">
        <ele>20.0</ele>
      </trkpt>
      <trkpt lat="34.03188" lon="-118.74785">
        <ele>20.5</ele>
      </trkpt>
      <trkpt lat="34.03196" lon="-118.74762">
        <ele>18.4</ele>
      </trkpt>
      <trkpt lat="34.03206" lon="-118.74734">
        <ele>15.2</ele>
      </trkpt>
      <trkpt lat="34.03214" lon="-118.74709">
        <ele>16.1</ele>
      </trkpt>
      <trkpt lat="34.03216" lon="-118.747">
        <ele>16.4</ele>
      </trkpt>
      <trkpt lat="34.0322" lon="-118.74688">
        <ele>17.4</ele>
      </trkpt>
      <trkpt lat="34.03228" lon="-118.7466">
        <ele>18.3</ele>
      </trkpt>
      <trkpt lat="34.03234" lon="-118.74635">
        <ele>17.4</ele>
      </trkpt>
      <trkpt lat="34.03239" lon="-118.74617">
        <ele>18.5</ele>
      </trkpt>
      <trkpt lat="34.03244" lon="-118.74597">
        <ele>20.0</ele>
      </trkpt>
      <trkpt lat="34.03251" lon="-118.74567">
        <ele>17.3</ele>
      </trkpt>
      <trkpt lat="34.03256" lon="-118.74547">
        <ele>15.9</ele>
      </trkpt>
      <trkpt lat="34.03261" lon="-118.74526">
        <ele>14.6</ele>
      </trkpt>
      <trkpt lat="34.03267" lon="-118.74497">
        <ele>13.3</ele>
      </trkpt>
      <trkpt lat="34.03274" lon="-118.74466">
        <ele>13.3</ele>
      </trkpt>
      <trkpt lat="34.03277" lon="-118.7445">
        <ele>13.3</ele>
      </trkpt>
      <trkpt lat="34.0328" lon="-118.74435">
        <ele>13.2</ele>
      </trkpt>
      <trkpt lat="34.03285" lon="-118.7441">
        <ele>12.7</ele>
      </trkpt>
      <trkpt lat="34.03289" lon="-118.74389">
        <ele>12.9</ele>
      </trkpt>
      <trkpt lat="34.03305" lon="-118.74319">
        <ele>10.1</ele>
      </trkpt>
      <trkpt lat="34.03322" lon="-118.74237">
        <ele>10.9</ele>
      </trkpt>
      <trkpt lat="34.03322" lon="-118.74222">
        <ele>11.4</ele>
      </trkpt>
      <trkpt lat="34.03329" lon="-118.7413">
        <ele>13.1</ele>
      </trkpt>
      <trkpt lat="34.03331" lon="-118.7407">
        <ele>12.7</ele>
      </trkpt>
      <trkpt lat="34.03335" lon="-118.74013">
        <ele>12.4</ele>
      </trkpt>
      <trkpt lat="34.03335" lon="-118.73986">
        <ele>12.4</ele>
      </trkpt>
      <trkpt lat="34.03335" lon="-118.73969">
        <ele>12.8</ele>
      </trkpt>
      <trkpt lat="34.03336" lon="-118.73929">
        <ele>12.9</ele>
      </trkpt>
      <trkpt lat="34.03337" lon="-118.73921">
        <ele>12.9</ele>
      </trkpt>
      <trkpt lat="34.03337" lon="-118.73916">
        <ele>12.8</ele>
      </trkpt>
      <trkpt lat="34.03337" lon="-118.73911">
        <ele>12.8</ele>
      </trkpt>
      <trkpt lat="34.03337" lon="-118.73909">
        <ele>12.8</ele>
      </trkpt>
      <trkpt lat="34.03338" lon="-118.73899">
        <ele>12.8</ele>
      </trkpt>
      <trkpt lat="34.0334" lon="-118.73873">
        <ele>13.1</ele>
      </trkpt>
      <trkpt lat="34.03341" lon="-118.73856">
        <ele>13.1</ele>
      </trkpt>
      <trkpt lat="34.03341" lon="-118.73854">
        <ele>13.1</ele>
      </trkpt>
      <trkpt lat="34.03342" lon="-118.73844">
        <ele>13.3</ele>
      </trkpt>
      <trkpt lat="34.03343" lon="-118.73834">
        <ele>13.4</ele>
      </trkpt>
      <trkpt lat="34.03343" lon="-118.73823">
        <ele>13.5</ele>
      </trkpt>
      <trkpt lat="34.03344" lon="-118.7381">
        <ele>13.6</ele>
      </trkpt>
      <trkpt lat="34.03346" lon="-118.73758">
        <ele>12.4</ele>
      </trkpt>
      <trkpt lat="34.03348" lon="-118.73713">
        <ele>8.6</ele>
      </trkpt>
      <trkpt lat="34.03347" lon="-118.73671">
        <ele>7.0</ele>
      </trkpt>
      <trkpt lat="34.03347" lon="-118.73661">
        <ele>7.1</ele>
      </trkpt>
      <trkpt lat="34.03347" lon="-118.73656">
        <ele>7.2</ele>
      </trkpt>
      <trkpt lat="34.03347" lon="-118.73651">
        <ele>7.2</ele>
      </trkpt>
      <trkpt lat="34.03347" lon="-118.73649">
        <ele>7.2</ele>
      </trkpt>
      <trkpt lat="34.03346" lon="-118.73606">
        <ele>6.4</ele>
      </trkpt>
      <trkpt lat="34.03345" lon="-118.73595">
        <ele>6.3</ele>
      </trkpt>
      <trkpt lat="34.03345" lon="-118.73588">
        <ele>6.4</ele>
      </trkpt>
      <trkpt lat="34.03345" lon="-118.73586">
        <ele>6.4</ele>
      </trkpt>
      <trkpt lat="34.03345" lon="-118.73584">
        <ele>6.5</ele>
      </trkpt>
      <trkpt lat="34.03343" lon="-118.73539">
        <ele>6.8</ele>
      </trkpt>
      <trkpt lat="34.03343" lon="-118.7353">
        <ele>6.9</ele>
      </trkpt>
      <trkpt lat="34.03342" lon="-118.73519">
        <ele>6.7</ele>
      </trkpt>
      <trkpt lat="34.03339" lon="-118.73444">
        <ele>3.2</ele>
      </trkpt>
      <trkpt lat="34.03338" lon="-118.73422">
        <ele>3.2</ele>
      </trkpt>
      <trkpt lat="34.03338" lon="-118.73421">
        <ele>3.2</ele>
      </trkpt>
      <trkpt lat="34.03338" lon="-118.73416">
        <ele>3.3</ele>
      </trkpt>
      <trkpt lat="34.03338" lon="-118.7341">
        <ele>3.5</ele>
      </trkpt>
      <trkpt lat="34.03335" lon="-118.73357">
        <ele>7.4</ele>
      </trkpt>
      <trkpt lat="34.03335" lon="-118.73356">
        <ele>7.5</ele>
      </trkpt>
      <trkpt lat="34.03335" lon="-118.73348">
        <ele>7.9</ele>
      </trkpt>
      <trkpt lat="34.03335" lon="-118.73346">
        <ele>7.9</ele>
      </trkpt>
      <trkpt lat="34.03334" lon="-118.7334">
        <ele>7.6</ele>
      </trkpt>
      <trkpt lat="34.03333" lon="-118.73312">
        <ele>7.1</ele>
      </trkpt>
      <trkpt lat="34.03333" lon="-118.73292">
        <ele>7.0</ele>
      </trkpt>
      <trkpt lat="34.03333" lon="-118.73291">
        <ele>7.0</ele>
      </trkpt>
      <trkpt lat="34.03333" lon="-118.73283">
        <ele>7.0</ele>
      </trkpt>
      <trkpt lat="34.03333" lon="-118.7328">
        <ele>7.0</ele>
      </trkpt>
      <trkpt lat="34.03334" lon="-118.73265">
        <ele>7.3</ele>
      </trkpt>
      <trkpt lat="34.03335" lon="-118.73236">
        <ele>10.3</ele>
      </trkpt>
      <trkpt lat="34.03335" lon="-118.73227">
        <ele>11.8</ele>
      </trkpt>
      <trkpt lat="34.03335" lon="-118.73226">
        <ele>12.0</ele>
      </trkpt>
      <trkpt lat="34.03336" lon="-118.73216">
        <ele>12.8</ele>
      </trkpt>
      <trkpt lat="34.03336" lon="-118.73215">
        <ele>12.9</ele>
      </trkpt>
      <trkpt lat="34.03337" lon="-118.7321">
        <ele>13.1</ele>
      </trkpt>
      <trkpt lat="34.03337" lon="-118.73198">
        <ele>13.0</ele>
      </trkpt>
      <trkpt lat="34.0334" lon="-118.73169">
        <ele>13.5</ele>
      </trkpt>
      <trkpt lat="34.03344" lon="-118.73138">
        <ele>13.5</ele>
      </trkpt>
      <trkpt lat="34.03346" lon="-118.73125">
        <ele>13.6</ele>
      </trkpt>
      <trkpt lat="34.03347" lon="-118.73115">
        <ele>13.7</ele>
      </trkpt>
      <trkpt lat="34.03348" lon="-118.73107">
        <ele>14.0</ele>
      </trkpt>
      <trkpt lat="34.03348" lon="-118.73107">
        <ele>14.0</ele>
      </trkpt>
      <trkpt lat="34.03337" lon="-118.73111">
        <ele>12.8</ele>
      </trkpt>
      <trkpt lat="34.03336" lon="-118.73111">
        <ele>12.7</ele>
      </trkpt>
      <trkpt lat="34.03334" lon="-118.73111">
        <ele>12.6</ele>
      </trkpt>
      <trkpt lat="34.03332" lon="-118.73111">
        <ele>12.3</ele>
      </trkpt>
      <trkpt lat="34.03331" lon="-118.7311">
        <ele>12.2</ele>
      </trkpt>
      <trkpt lat="34.03328" lon="-118.73104">
        <ele>12.2</ele>
      </trkpt>
      <trkpt lat="34.03325" lon="-118.73086">
        <ele>13.4</ele>
      </trkpt>
      <trkpt lat="34.03325" lon="-118.73085">
        <ele>13.5</ele>
      </trkpt>
      <trkpt lat="34.03325" lon="-118.73084">
        <ele>13.6</ele>
      </trkpt>
      <trkpt lat="34.03324" lon="-118.73074">
        <ele>14.3</ele>
      </trkpt>
      <trkpt lat="34.03322" lon="-118.73061">
        <ele>14.2</ele>
      </trkpt>
      <trkpt lat="34.03322" lon="-118.7306">
        <ele>14.2</ele>
      </trkpt>
      <trkpt lat="34.03322" lon="-118.73057">
        <ele>14.2</ele>
      </trkpt>
      <trkpt lat="34.03321" lon="-118.73055">
        <ele>13.9</ele>
      </trkpt>
      <trkpt lat="34.03315" lon="-118.73013">
        <ele>7.4</ele>
      </trkpt>
      <trkpt lat="34.03315" lon="-118.73012">
        <ele>7.3</ele>
      </trkpt>
      <trkpt lat="34.03315" lon="-118.7301">
        <ele>7.3</ele>
      </trkpt>
      <trkpt lat="34.03314" lon="-118.73009">
        <ele>7.1</ele>
      </trkpt>
      <trkpt lat="34.03314" lon="-118.73003">
        <ele>7.2</ele>
      </trkpt>
      <trkpt lat="34.03313" lon="-118.72997">
        <ele>7.1</ele>
      </trkpt>
      <trkpt lat="34.03311" lon="-118.72981">
        <ele>7.0</ele>
      </trkpt>
      <trkpt lat="34.0331" lon="-118.72977">
        <ele>6.9</ele>
      </trkpt>
      <trkpt lat="34.0331" lon="-118.72976">
        <ele>6.9</ele>
      </trkpt>
      <trkpt lat="34.03309" lon="-118.72971">
        <ele>6.8</ele>
      </trkpt>
      <trkpt lat="34.03307" lon="-118.72956">
        <ele>6.6</ele>
      </trkpt>
      <trkpt lat="34.03305" lon="-118.72948">
        <ele>6.5</ele>
      </trkpt>
      <trkpt lat="34.03303" lon="-118.72928">
        <ele>7.3</ele>
      </trkpt>
      <trkpt lat="34.03302" lon="-118.72923">
        <ele>7.3</ele>
      </trkpt>
      <trkpt lat="34.03301" lon="-118.72918">
        <ele>7.2</ele>
      </trkpt>
      <trkpt lat="34.03297" lon="-118.72886">
        <ele>6.8</ele>
      </trkpt>
      <trkpt lat="34.03297" lon="-118.72886">
        <ele>6.8</ele>
      </trkpt>
      <trkpt lat="34.03289" lon="-118.72831">
        <ele>6.7</ele>
      </trkpt>
      <trkpt lat="34.03288" lon="-118.72828">
        <ele>6.7</ele>
      </trkpt>
      <trkpt lat="34.03286" lon="-118.72814">
        <ele>6.6</ele>
      </trkpt>
      <trkpt lat="34.03285" lon="-118.72808">
        <ele>6.5</ele>
      </trkpt>
      <trkpt lat="34.03285" lon="-118.72806">
        <ele>6.5</ele>
      </trkpt>
      <trkpt lat="34.03283" lon="-118.728">
        <ele>6.3</ele>
      </trkpt>
      <trkpt lat="34.03276" lon="-118.72763">
        <ele>5.8</ele>
      </trkpt>
      <trkpt lat="34.03273" lon="-118.72743">
        <ele>5.9</ele>
      </trkpt>
      <trkpt lat="34.0327" lon="-118.72723">
        <ele>6.0</ele>
      </trkpt>
      <trkpt lat="34.0327" lon="-118.72721">
        <ele>6.1</ele>
      </trkpt>
      <trkpt lat="34.03268" lon="-118.72711">
        <ele>6.0</ele>
      </trkpt>
      <trkpt lat="34.03267" lon="-118.72704">
        <ele>6.1</ele>
      </trkpt>
      <trkpt lat="34.03264" lon="-118.7268">
        <ele>6.5</ele>
      </trkpt>
      <trkpt lat="34.03264" lon="-118.72679">
        <ele>6.5</ele>
      </trkpt>
      <trkpt lat="34.03262" lon="-118.72659">
        <ele>6.8</ele>
      </trkpt>
      <trkpt lat="34.03261" lon="-118.72655">
        <ele>6.9</ele>
      </trkpt>
      <trkpt lat="34.03261" lon="-118.7265">
        <ele>7.3</ele>
      </trkpt>
      <trkpt lat="34.0326" lon="-118.72636">
        <ele>9.0</ele>
      </trkpt>
      <trkpt lat="34.03258" lon="-118.72616">
        <ele>11.4</ele>
      </trkpt>
      <trkpt lat="34.03258" lon="-118.72612">
        <ele>11.8</ele>
      </trkpt>
      <trkpt lat="34.03257" lon="-118.72606">
        <ele>12.1</ele>
      </trkpt>
      <trkpt lat="34.03256" lon="-118.72594">
        <ele>12.5</ele>
      </trkpt>
      <trkpt lat="34.03254" lon="-118.72579">
        <ele>12.7</ele>
      </trkpt>
      <trkpt lat="34.0325" lon="-118.72551">
        <ele>12.7</ele>
      </trkpt>
      <trkpt lat="34.03247" lon="-118.72528">
        <ele>12.9</ele>
      </trkpt>
      <trkpt lat="34.03243" lon="-118.72498">
        <ele>12.0</ele>
      </trkpt>
      <trkpt lat="34.03242" lon="-118.72486">
        <ele>11.6</ele>
      </trkpt>
      <trkpt lat="34.03241" lon="-118.7248">
        <ele>11.3</ele>
      </trkpt>
      <trkpt lat="34.03241" lon="-118.72479">
        <ele>11.3</ele>
      </trkpt>
      <trkpt lat="34.0324" lon="-118.72476">
        <ele>11.2</ele>
      </trkpt>
      <trkpt lat="34.0324" lon="-118.72474">
        <ele>11.1</ele>
      </trkpt>
      <trkpt lat="34.03239" lon="-118.7247">
        <ele>11.0</ele>
      </trkpt>
      <trkpt lat="34.03239" lon="-118.72465">
        <ele>10.9</ele>
      </trkpt>
      <trkpt lat="34.03239" lon="-118.72464">
        <ele>10.9</ele>
      </trkpt>
      <trkpt lat="34.03238" lon="-118.72459">
        <ele>10.8</ele>
      </trkpt>
      <trkpt lat="34.03233" lon="-118.72424">
        <ele>9.8</ele>
      </trkpt>
      <trkpt lat="34.03229" lon="-118.72387">
        <ele>6.6</ele>
      </trkpt>
      <trkpt lat="34.03227" lon="-118.72372">
        <ele>6.4</ele>
      </trkpt>
      <trkpt lat="34.03226" lon="-118.72364">
        <ele>6.4</ele>
      </trkpt>
      <trkpt lat="34.03224" lon="-118.72352">
        <ele>6.4</ele>
      </trkpt>
      <trkpt lat="34.03224" lon="-118.72351">
        <ele>6.5</ele>
      </trkpt>
      <trkpt lat="34.03214" lon="-118.7227">
        <ele>5.9</ele>
      </trkpt>
      <trkpt lat="34.03211" lon="-118.72252">
        <ele>6.0</ele>
      </trkpt>
      <trkpt lat="34.03209" lon="-118.72231">
        <ele>6.5</ele>
      </trkpt>
      <trkpt lat="34.03206" lon="-118.7221">
        <ele>6.6</ele>
      </trkpt>
      <trkpt lat="34.03204" lon="-118.72192">
        <ele>6.6</ele>
      </trkpt>
      <trkpt lat="34.032" lon="-118.72165">
        <ele>6.3</ele>
      </trkpt>
      <trkpt lat="34.03194" lon="-118.72116">
        <ele>6.6</ele>
      </trkpt>
      <trkpt lat="34.03192" lon="-118.72103">
        <ele>6.7</ele>
      </trkpt>
      <trkpt lat="34.03192" lon="-118.72102">
        <ele>6.7</ele>
      </trkpt>
      <trkpt lat="34.03192" lon="-118.721">
        <ele>6.8</ele>
      </trkpt>
      <trkpt lat="34.0319" lon="-118.72081">
        <ele>7.0</ele>
      </trkpt>
      <trkpt lat="34.03189" lon="-118.72076">
        <ele>7.0</ele>
      </trkpt>
      <trkpt lat="34.03181" lon="-118.71983">
        <ele>13.2</ele>
      </trkpt>
      <trkpt lat="34.03181" lon="-118.71978">
        <ele>13.3</ele>
      </trkpt>
      <trkpt lat="34.0318" lon="-118.71965">
        <ele>13.3</ele>
      </trkpt>
      <trkpt lat="34.03177" lon="-118.71898">
        <ele>13.8</ele>
      </trkpt>
      <trkpt lat="34.03176" lon="-118.71883">
        <ele>13.7</ele>
      </trkpt>
      <trkpt lat="34.03176" lon="-118.71874">
        <ele>14.2</ele>
      </trkpt>
      <trkpt lat="34.03176" lon="-118.71848">
        <ele>14.5</ele>
      </trkpt>
      <trkpt lat="34.03177" lon="-118.71818">
        <ele>14.1</ele>
      </trkpt>
      <trkpt lat="34.03178" lon="-118.71798">
        <ele>14.0</ele>
      </trkpt>
      <trkpt lat="34.03184" lon="-118.71707">
        <ele>12.8</ele>
      </trkpt>
      <trkpt lat="34.03189" lon="-118.71646">
        <ele>14.1</ele>
      </trkpt>
      <trkpt lat="34.03189" lon="-118.71636">
        <ele>13.9</ele>
      </trkpt>
      <trkpt lat="34.03189" lon="-118.71635">
        <ele>13.9</ele>
      </trkpt>
      <trkpt lat="34.03191" lon="-118.71565">
        <ele>13.4</ele>
      </trkpt>
      <trkpt lat="34.03188" lon="-118.71516">
        <ele>13.2</ele>
      </trkpt>
      <trkpt lat="34.03187" lon="-118.71509">
        <ele>12.8</ele>
      </trkpt>
      <trkpt lat="34.03186" lon="-118.71494">
        <ele>12.5</ele>
      </trkpt>
      <trkpt lat="34.0318" lon="-118.71439">
        <ele>11.8</ele>
      </trkpt>
      <trkpt lat="34.03179" lon="-118.71432">
        <ele>10.9</ele>
      </trkpt>
      <trkpt lat="34.03177" lon="-118.71421">
        <ele>9.2</ele>
      </trkpt>
      <trkpt lat="34.03177" lon="-118.7142">
        <ele>9.1</ele>
      </trkpt>
      <trkpt lat="34.03175" lon="-118.71409">
        <ele>8.6</ele>
      </trkpt>
      <trkpt lat="34.03174" lon="-118.71408">
        <ele>8.7</ele>
      </trkpt>
      <trkpt lat="34.03173" lon="-118.71402">
        <ele>8.9</ele>
      </trkpt>
      <trkpt lat="34.03168" lon="-118.7138">
        <ele>10.6</ele>
      </trkpt>
      <trkpt lat="34.03167" lon="-118.71374">
        <ele>11.3</ele>
      </trkpt>
      <trkpt lat="34.03165" lon="-118.71362">
        <ele>12.2</ele>
      </trkpt>
      <trkpt lat="34.03164" lon="-118.71362">
        <ele>12.0</ele>
      </trkpt>
      <trkpt lat="34.03164" lon="-118.71359">
        <ele>12.3</ele>
      </trkpt>
      <trkpt lat="34.03162" lon="-118.7135">
        <ele>12.8</ele>
      </trkpt>
      <trkpt lat="34.03162" lon="-118.71348">
        <ele>12.9</ele>
      </trkpt>
      <trkpt lat="34.03158" lon="-118.71333">
        <ele>13.0</ele>
      </trkpt>
      <trkpt lat="34.03151" lon="-118.71307">
        <ele>12.4</ele>
      </trkpt>
      <trkpt lat="34.03151" lon="-118.71304">
        <ele>12.5</ele>
      </trkpt>
      <trkpt lat="34.03148" lon="-118.71291">
        <ele>12.3</ele>
      </trkpt>
      <trkpt lat="34.03138" lon="-118.71253">
        <ele>12.8</ele>
      </trkpt>
      <trkpt lat="34.03135" lon="-118.7124">
        <ele>12.8</ele>
      </trkpt>
      <trkpt lat="34.03115" lon="-118.71147">
        <ele>11.8</ele>
      </trkpt>
      <trkpt lat="34.03105" lon="-118.71105">
        <ele>10.0</ele>
      </trkpt>
      <trkpt lat="34.03097" lon="-118.71068">
        <ele>8.7</ele>
      </trkpt>
      <trkpt lat="34.03077" lon="-118.70976">
        <ele>12.7</ele>
      </trkpt>
      <trkpt lat="34.03065" lon="-118.70921">
        <ele>12.6</ele>
      </trkpt>
      <trkpt lat="34.03062" lon="-118.70911">
        <ele>12.6</ele>
      </trkpt>
      <trkpt lat="34.03052" lon="-118.70873">
        <ele>12.5</ele>
      </trkpt>
      <trkpt lat="34.03039" lon="-118.70835">
        <ele>12.4</ele>
      </trkpt>
      <trkpt lat="34.03027" lon="-118.70801">
        <ele>12.4</ele>
      </trkpt>
      <trkpt lat="34.03026" lon="-118.70798">
        <ele>12.3</ele>
      </trkpt>
      <trkpt lat="34.03026" lon="-118.70796">
        <ele>12.4</ele>
      </trkpt>
      <trkpt lat="34.03024" lon="-118.70791">
        <ele>12.2</ele>
      </trkpt>
      <trkpt lat="34.03022" lon="-118.70784">
        <ele>12.0</ele>
      </trkpt>
      <trkpt lat="34.03019" lon="-118.70774">
        <ele>11.6</ele>
      </trkpt>
      <trkpt lat="34.03016" lon="-118.70764">
        <ele>11.2</ele>
      </trkpt>
      <trkpt lat="34.03012" lon="-118.70747">
        <ele>10.9</ele>
      </trkpt>
      <trkpt lat="34.0301" lon="-118.70736">
        <ele>11.0</ele>
      </trkpt>
      <trkpt lat="34.03009" lon="-118.70725">
        <ele>11.4</ele>
      </trkpt>
      <trkpt lat="34.03007" lon="-118.70707">
        <ele>12.2</ele>
      </trkpt>
      <trkpt lat="34.03007" lon="-118.70694">
        <ele>12.8</ele>
      </trkpt>
      <trkpt lat="34.03007" lon="-118.70684">
        <ele>13.0</ele>
      </trkpt>
      <trkpt lat="34.03008" lon="-118.70666">
        <ele>12.9</ele>
      </trkpt>
      <trkpt lat="34.0301" lon="-118.70651">
        <ele>12.6</ele>
      </trkpt>
      <trkpt lat="34.0301" lon="-118.70646">
        <ele>12.4</ele>
      </trkpt>
      <trkpt lat="34.03012" lon="-118.70638">
        <ele>12.5</ele>
      </trkpt>
      <trkpt lat="34.03016" lon="-118.70618">
        <ele>12.3</ele>
      </trkpt>
      <trkpt lat="34.03019" lon="-118.70601">
        <ele>12.1</ele>
      </trkpt>
      <trkpt lat="34.03022" lon="-118.70589">
        <ele>12.1</ele>
      </trkpt>
      <trkpt lat="34.03024" lon="-118.70583">
        <ele>12.2</ele>
      </trkpt>
      <trkpt lat="34.03028" lon="-118.70566">
        <ele>12.3</ele>
      </trkpt>
      <trkpt lat="34.03034" lon="-118.70542">
        <ele>12.2</ele>
      </trkpt>
      <trkpt lat="34.03039" lon="-118.70525">
        <ele>11.5</ele>
      </trkpt>
      <trkpt lat="34.03045" lon="-118.705">
        <ele>8.2</ele>
      </trkpt>
      <trkpt lat="34.03063" lon="-118.70426">
        <ele>8.1</ele>
      </trkpt>
      <trkpt lat="34.03064" lon="-118.70419">
        <ele>7.8</ele>
      </trkpt>
      <trkpt lat="34.03065" lon="-118.70415">
        <ele>7.7</ele>
      </trkpt>
      <trkpt lat="34.03069" lon="-118.70396">
        <ele>7.0</ele>
      </trkpt>
      <trkpt lat="34.03073" lon="-118.70375">
        <ele>6.7</ele>
      </trkpt>
      <trkpt lat="34.03079" lon="-118.70352">
        <ele>7.3</ele>
      </trkpt>
      <trkpt lat="34.03081" lon="-118.70341">
        <ele>7.0</ele>
      </trkpt>
      <trkpt lat="34.03084" lon="-118.70333">
        <ele>6.9</ele>
      </trkpt>
      <trkpt lat="34.031" lon="-118.70269">
        <ele>7.4</ele>
      </trkpt>
      <trkpt lat="34.03105" lon="-118.70248">
        <ele>7.8</ele>
      </trkpt>
      <trkpt lat="34.03127" lon="-118.70162">
        <ele>12.6</ele>
      </trkpt>
      <trkpt lat="34.03129" lon="-118.70156">
        <ele>12.8</ele>
      </trkpt>
      <trkpt lat="34.03142" lon="-118.701">
        <ele>13.4</ele>
      </trkpt>
      <trkpt lat="34.03156" lon="-118.70046">
        <ele>11.6</ele>
      </trkpt>
      <trkpt lat="34.03157" lon="-118.70045">
        <ele>11.6</ele>
      </trkpt>
      <trkpt lat="34.03158" lon="-118.70039">
        <ele>11.4</ele>
      </trkpt>
      <trkpt lat="34.03158" lon="-118.70034">
        <ele>11.2</ele>
      </trkpt>
      <trkpt lat="34.03159" lon="-118.70029">
        <ele>11.1</ele>
      </trkpt>
      <trkpt lat="34.0316" lon="-118.70027">
        <ele>11.2</ele>
      </trkpt>
      <trkpt lat="34.03161" lon="-118.70022">
        <ele>11.1</ele>
      </trkpt>
      <trkpt lat="34.03168" lon="-118.69995">
        <ele>11.0</ele>
      </trkpt>
      <trkpt lat="34.03175" lon="-118.69968">
        <ele>9.2</ele>
      </trkpt>
      <trkpt lat="34.03189" lon="-118.69915">
        <ele>7.3</ele>
      </trkpt>
      <trkpt lat="34.0319" lon="-118.69913">
        <ele>7.4</ele>
      </trkpt>
      <trkpt lat="34.03191" lon="-118.6991">
        <ele>7.4</ele>
      </trkpt>
      <trkpt lat="34.03195" lon="-118.69893">
        <ele>6.7</ele>
      </trkpt>
      <trkpt lat="34.03196" lon="-118.69891">
        <ele>6.7</ele>
      </trkpt>
      <trkpt lat="34.03197" lon="-118.69887">
        <ele>6.5</ele>
      </trkpt>
      <trkpt lat="34.03198" lon="-118.69884">
        <ele>6.5</ele>
      </trkpt>
      <trkpt lat="34.03204" lon="-118.69866">
        <ele>6.7</ele>
      </trkpt>
      <trkpt lat="34.03215" lon="-118.69836">
        <ele>6.8</ele>
      </trkpt>
      <trkpt lat="34.03221" lon="-118.69822">
        <ele>6.6</ele>
      </trkpt>
      <trkpt lat="34.03225" lon="-118.69813">
        <ele>6.8</ele>
      </trkpt>
      <trkpt lat="34.03226" lon="-118.69812">
        <ele>6.9</ele>
      </trkpt>
      <trkpt lat="34.03227" lon="-118.6981">
        <ele>6.8</ele>
      </trkpt>
      <trkpt lat="34.03235" lon="-118.69795">
        <ele>7.2</ele>
      </trkpt>
      <trkpt lat="34.03235" lon="-118.69793">
        <ele>7.0</ele>
      </trkpt>
      <trkpt lat="34.03237" lon="-118.69791">
        <ele>7.1</ele>
      </trkpt>
      <trkpt lat="34.03242" lon="-118.69781">
        <ele>7.2</ele>
      </trkpt>
      <trkpt lat="34.03242" lon="-118.6978">
        <ele>7.1</ele>
      </trkpt>
      <trkpt lat="34.03243" lon="-118.69779">
        <ele>7.3</ele>
      </trkpt>
      <trkpt lat="34.03244" lon="-118.69777">
        <ele>7.2</ele>
      </trkpt>
      <trkpt lat="34.03245" lon="-118.69775">
        <ele>7.2</ele>
      </trkpt>
      <trkpt lat="34.03246" lon="-118.69773">
        <ele>7.1</ele>
      </trkpt>
      <trkpt lat="34.03261" lon="-118.69746">
        <ele>7.3</ele>
      </trkpt>
      <trkpt lat="34.03271" lon="-118.69727">
        <ele>7.4</ele>
      </trkpt>
      <trkpt lat="34.03281" lon="-118.69708">
        <ele>7.4</ele>
      </trkpt>
      <trkpt lat="34.0329" lon="-118.69691">
        <ele>7.4</ele>
      </trkpt>
      <trkpt lat="34.033" lon="-118.69669">
        <ele>7.3</ele>
      </trkpt>
      <trkpt lat="34.03303" lon="-118.69662">
        <ele>7.1</ele>
      </trkpt>
      <trkpt lat="34.03308" lon="-118.6965">
        <ele>6.8</ele>
      </trkpt>
      <trkpt lat="34.03311" lon="-118.69641">
        <ele>6.5</ele>
      </trkpt>
      <trkpt lat="34.03312" lon="-118.69638">
        <ele>6.4</ele>
      </trkpt>
      <trkpt lat="34.03319" lon="-118.6962">
        <ele>6.6</ele>
      </trkpt>
      <trkpt lat="34.03321" lon="-118.69613">
        <ele>6.7</ele>
      </trkpt>
      <trkpt lat="34.03321" lon="-118.69611">
        <ele>6.7</ele>
      </trkpt>
      <trkpt lat="34.0333" lon="-118.69581">
        <ele>7.6</ele>
      </trkpt>
      <trkpt lat="34.0333" lon="-118.6958">
        <ele>7.6</ele>
      </trkpt>
      <trkpt lat="34.03331" lon="-118.69576">
        <ele>7.7</ele>
      </trkpt>
      <trkpt lat="34.03335" lon="-118.69557">
        <ele>7.9</ele>
      </trkpt>
      <trkpt lat="34.03336" lon="-118.69547">
        <ele>7.9</ele>
      </trkpt>
      <trkpt lat="34.03338" lon="-118.69537">
        <ele>7.8</ele>
      </trkpt>
      <trkpt lat="34.03341" lon="-118.69517">
        <ele>7.6</ele>
      </trkpt>
      <trkpt lat="34.03343" lon="-118.69503">
        <ele>7.3</ele>
      </trkpt>
      <trkpt lat="34.03344" lon="-118.69492">
        <ele>6.9</ele>
      </trkpt>
      <trkpt lat="34.03344" lon="-118.69488">
        <ele>6.8</ele>
      </trkpt>
      <trkpt lat="34.03345" lon="-118.69476">
        <ele>6.3</ele>
      </trkpt>
      <trkpt lat="34.03346" lon="-118.69474">
        <ele>6.3</ele>
      </trkpt>
      <trkpt lat="34.03354" lon="-118.69386">
        <ele>4.6</ele>
      </trkpt>
      <trkpt lat="34.03365" lon="-118.69268">
        <ele>3.9</ele>
      </trkpt>
      <trkpt lat="34.03366" lon="-118.69256">
        <ele>3.9</ele>
      </trkpt>
      <trkpt lat="34.03368" lon="-118.69243">
        <ele>3.8</ele>
      </trkpt>
      <trkpt lat="34.03368" lon="-118.6924">
        <ele>3.8</ele>
      </trkpt>
      <trkpt lat="34.03368" lon="-118.69236">
        <ele>3.7</ele>
      </trkpt>
      <trkpt lat="34.03369" lon="-118.69227">
        <ele>3.7</ele>
      </trkpt>
      <trkpt lat="34.0337" lon="-118.69219">
        <ele>3.7</ele>
      </trkpt>
      <trkpt lat="34.03371" lon="-118.69208">
        <ele>3.6</ele>
      </trkpt>
      <trkpt lat="34.03372" lon="-118.69199">
        <ele>3.6</ele>
      </trkpt>
      <trkpt lat="34.03373" lon="-118.69187">
        <ele>3.5</ele>
      </trkpt>
      <trkpt lat="34.03374" lon="-118.69181">
        <ele>3.5</ele>
      </trkpt>
      <trkpt lat="34.03374" lon="-118.69177">
        <ele>3.5</ele>
      </trkpt>
      <trkpt lat="34.03379" lon="-118.6912">
        <ele>3.6</ele>
      </trkpt>
      <trkpt lat="34.0338" lon="-118.69117">
        <ele>3.5</ele>
      </trkpt>
      <trkpt lat="34.0338" lon="-118.69114">
        <ele>3.5</ele>
      </trkpt>
      <trkpt lat="34.03381" lon="-118.6911">
        <ele>3.5</ele>
      </trkpt>
      <trkpt lat="34.03383" lon="-118.69101">
        <ele>3.5</ele>
      </trkpt>
      <trkpt lat="34.03384" lon="-118.69095">
        <ele>3.5</ele>
      </trkpt>
      <trkpt lat="34.03384" lon="-118.69091">
        <ele>3.5</ele>
      </trkpt>
      <trkpt lat="34.03384" lon="-118.69088">
        <ele>3.5</ele>
      </trkpt>
      <trkpt lat="34.03385" lon="-118.69085">
        <ele>3.5</ele>
      </trkpt>
      <trkpt lat="34.03385" lon="-118.69081">
        <ele>3.5</ele>
      </trkpt>
      <trkpt lat="34.03388" lon="-118.69037">
        <ele>3.4</ele>
      </trkpt>
      <trkpt lat="34.03389" lon="-118.69026">
        <ele>3.4</ele>
      </trkpt>
      <trkpt lat="34.0339" lon="-118.69022">
        <ele>3.4</ele>
      </trkpt>
      <trkpt lat="34.03393" lon="-118.68984">
        <ele>3.3</ele>
      </trkpt>
      <trkpt lat="34.03396" lon="-118.68959">
        <ele>3.3</ele>
      </trkpt>
      <trkpt lat="34.03397" lon="-118.6895">
        <ele>3.4</ele>
      </trkpt>
      <trkpt lat="34.03397" lon="-118.68941">
        <ele>3.3</ele>
      </trkpt>
      <trkpt lat="34.03402" lon="-118.68889">
        <ele>3.3</ele>
      </trkpt>
      <trkpt lat="34.03402" lon="-118.68887">
        <ele>3.3</ele>
      </trkpt>
      <trkpt lat="34.03405" lon="-118.68861">
        <ele>3.3</ele>
      </trkpt>
      <trkpt lat="34.03406" lon="-118.68837">
        <ele>3.3</ele>
      </trkpt>
      <trkpt lat="34.03406" lon="-118.68834">
        <ele>3.3</ele>
      </trkpt>
      <trkpt lat="34.03406" lon="-118.68829">
        <ele>3.3</ele>
      </trkpt>
      <trkpt lat="34.03407" lon="-118.6882">
        <ele>3.3</ele>
      </trkpt>
      <trkpt lat="34.03408" lon="-118.68813">
        <ele>3.3</ele>
      </trkpt>
      <trkpt lat="34.03409" lon="-118.68808">
        <ele>3.4</ele>
      </trkpt>
      <trkpt lat="34.03412" lon="-118.68799">
        <ele>3.4</ele>
      </trkpt>
      <trkpt lat="34.03416" lon="-118.68784">
        <ele>3.4</ele>
      </trkpt>
      <trkpt lat="34.03419" lon="-118.68771">
        <ele>3.4</ele>
      </trkpt>
      <trkpt lat="34.0342" lon="-118.68767">
        <ele>3.4</ele>
      </trkpt>
      <trkpt lat="34.03424" lon="-118.68751">
        <ele>3.5</ele>
      </trkpt>
      <trkpt lat="34.03424" lon="-118.68731">
        <ele>3.5</ele>
      </trkpt>
      <trkpt lat="34.03424" lon="-118.68731">
        <ele>3.5</ele>
      </trkpt>
      <trkpt lat="34.03421" lon="-118.68685">
        <ele>3.5</ele>
      </trkpt>
      <trkpt lat="34.03422" lon="-118.68664">
        <ele>3.5</ele>
      </trkpt>
      <trkpt lat="34.03424" lon="-118.6864">
        <ele>3.6</ele>
      </trkpt>
      <trkpt lat="34.03425" lon="-118.68637">
        <ele>3.6</ele>
      </trkpt>
      <trkpt lat="34.03428" lon="-118.68603">
        <ele>3.7</ele>
      </trkpt>
      <trkpt lat="34.03432" lon="-118.68529">
        <ele>3.8</ele>
      </trkpt>
      <trkpt lat="34.03432" lon="-118.68519">
        <ele>3.8</ele>
      </trkpt>
      <trkpt lat="34.03434" lon="-118.68508">
        <ele>3.8</ele>
      </trkpt>
      <trkpt lat="34.03434" lon="-118.68496">
        <ele>3.9</ele>
      </trkpt>
      <trkpt lat="34.03435" lon="-118.68491">
        <ele>3.9</ele>
      </trkpt>
      <trkpt lat="34.03435" lon="-118.6849">
        <ele>3.9</ele>
      </trkpt>
      <trkpt lat="34.03446" lon="-118.68382">
        <ele>3.5</ele>
      </trkpt>
      <trkpt lat="34.03448" lon="-118.68355">
        <ele>3.4</ele>
      </trkpt>
      <trkpt lat="34.03451" lon="-118.68324">
        <ele>3.2</ele>
      </trkpt>
      <trkpt lat="34.03452" lon="-118.68315">
        <ele>3.2</ele>
      </trkpt>
      <trkpt lat="34.03453" lon="-118.6831">
        <ele>3.2</ele>
      </trkpt>
      <trkpt lat="34.03453" lon="-118.68305">
        <ele>3.2</ele>
      </trkpt>
      <trkpt lat="34.03453" lon="-118.68302">
        <ele>3.2</ele>
      </trkpt>
      <trkpt lat="34.03458" lon="-118.68259">
        <ele>3.0</ele>
      </trkpt>
      <trkpt lat="34.03464" lon="-118.68198">
        <ele>2.8</ele>
      </trkpt>
      <trkpt lat="34.03465" lon="-118.68185">
        <ele>2.7</ele>
      </trkpt>
      <trkpt lat="34.03467" lon="-118.68176">
        <ele>2.7</ele>
      </trkpt>
      <trkpt lat="34.03467" lon="-118.68175">
        <ele>2.7</ele>
      </trkpt>
      <trkpt lat="34.03467" lon="-118.68173">
        <ele>2.7</ele>
      </trkpt>
      <trkpt lat="34.03469" lon="-118.68162">
        <ele>2.7</ele>
      </trkpt>
      <trkpt lat="34.03469" lon="-118.68158">
        <ele>2.7</ele>
      </trkpt>
      <trkpt lat="34.0347" lon="-118.68155">
        <ele>2.9</ele>
      </trkpt>
      <trkpt lat="34.0347" lon="-118.68154">
        <ele>2.9</ele>
      </trkpt>
      <trkpt lat="34.0347" lon="-118.68153">
        <ele>3.0</ele>
      </trkpt>
      <trkpt lat="34.03472" lon="-118.68141">
        <ele>4.0</ele>
      </trkpt>
      <trkpt lat="34.03475" lon="-118.68125">
        <ele>4.8</ele>
      </trkpt>
      <trkpt lat="34.0348" lon="-118.68108">
        <ele>5.5</ele>
      </trkpt>
      <trkpt lat="34.0349" lon="-118.68095">
        <ele>6.3</ele>
      </trkpt>
      <trkpt lat="34.03491" lon="-118.68089">
        <ele>6.5</ele>
      </trkpt>
      <trkpt lat="34.03492" lon="-118.68086">
        <ele>6.7</ele>
      </trkpt>
      <trkpt lat="34.03492" lon="-118.68083">
        <ele>6.8</ele>
      </trkpt>
      <trkpt lat="34.03496" lon="-118.68071">
        <ele>7.4</ele>
      </trkpt>
      <trkpt lat="34.03497" lon="-118.68069">
        <ele>7.5</ele>
      </trkpt>
      <trkpt lat="34.03498" lon="-118.68065">
        <ele>7.7</ele>
      </trkpt>
      <trkpt lat="34.03501" lon="-118.68057">
        <ele>7.8</ele>
      </trkpt>
      <trkpt lat="34.03503" lon="-118.68048">
        <ele>7.9</ele>
      </trkpt>
      <trkpt lat="34.03506" lon="-118.68039">
        <ele>8.1</ele>
      </trkpt>
      <trkpt lat="34.03507" lon="-118.68035">
        <ele>8.1</ele>
      </trkpt>
      <trkpt lat="34.03508" lon="-118.6803">
        <ele>8.1</ele>
      </trkpt>
      <trkpt lat="34.03511" lon="-118.68017">
        <ele>8.0</ele>
      </trkpt>
      <trkpt lat="34.03512" lon="-118.68012">
        <ele>7.9</ele>
      </trkpt>
      <trkpt lat="34.03513" lon="-118.6801">
        <ele>7.9</ele>
      </trkpt>
      <trkpt lat="34.03513" lon="-118.68009">
        <ele>7.9</ele>
      </trkpt>
      <trkpt lat="34.03526" lon="-118.67982">
        <ele>7.8</ele>
      </trkpt>
      <trkpt lat="34.03533" lon="-118.67969">
        <ele>7.6</ele>
      </trkpt>
      <trkpt lat="34.03541" lon="-118.67956">
        <ele>7.5</ele>
      </trkpt>
      <trkpt lat="34.03541" lon="-118.67955">
        <ele>7.5</ele>
      </trkpt>
      <trkpt lat="34.03542" lon="-118.67954">
        <ele>7.5</ele>
      </trkpt>
      <trkpt lat="34.03549" lon="-118.67942">
        <ele>7.5</ele>
      </trkpt>
      <trkpt lat="34.03553" lon="-118.67937">
        <ele>7.3</ele>
      </trkpt>
      <trkpt lat="34.03566" lon="-118.67918">
        <ele>7.1</ele>
      </trkpt>
      <trkpt lat="34.03574" lon="-118.67907">
        <ele>7.1</ele>
      </trkpt>
      <trkpt lat="34.03583" lon="-118.67896">
        <ele>7.0</ele>
      </trkpt>
      <trkpt lat="34.03583" lon="-118.67895">
        <ele>6.9</ele>
      </trkpt>
      <trkpt lat="34.03588" lon="-118.6789">
        <ele>6.9</ele>
      </trkpt>
      <trkpt lat="34.03592" lon="-118.67885">
        <ele>6.9</ele>
      </trkpt>
      <trkpt lat="34.03594" lon="-118.67882">
        <ele>6.8</ele>
      </trkpt>
      <trkpt lat="34.03611" lon="-118.67861">
        <ele>6.6</ele>
      </trkpt>
      <trkpt lat="34.03629" lon="-118.6784">
        <ele>6.6</ele>
      </trkpt>
      <trkpt lat="34.03634" lon="-118.67835">
        <ele>6.6</ele>
      </trkpt>
      <trkpt lat="34.03649" lon="-118.67816">
        <ele>6.4</ele>
      </trkpt>
      <trkpt lat="34.03652" lon="-118.67813">
        <ele>6.4</ele>
      </trkpt>
      <trkpt lat="34.03654" lon="-118.67811">
        <ele>6.4</ele>
      </trkpt>
      <trkpt lat="34.03666" lon="-118.67802">
        <ele>6.6</ele>
      </trkpt>
      <trkpt lat="34.03666" lon="-118.67802">
        <ele>6.6</ele>
      </trkpt>
      <trkpt lat="34.03671" lon="-118.67798">
        <ele>6.6</ele>
      </trkpt>
      <trkpt lat="34.03678" lon="-118.67789">
        <ele>6.3</ele>
      </trkpt>
      <trkpt lat="34.03694" lon="-118.67768">
        <ele>6.1</ele>
      </trkpt>
      <trkpt lat="34.03707" lon="-118.67751">
        <ele>6.2</ele>
      </trkpt>
      <trkpt lat="34.03708" lon="-118.67749">
        <ele>6.1</ele>
      </trkpt>
      <trkpt lat="34.0371" lon="-118.67746">
        <ele>6.1</ele>
      </trkpt>
      <trkpt lat="34.03715" lon="-118.67739">
        <ele>6.2</ele>
      </trkpt>
      <trkpt lat="34.03727" lon="-118.67719">
        <ele>6.5</ele>
      </trkpt>
      <trkpt lat="34.03728" lon="-118.67719">
        <ele>6.6</ele>
      </trkpt>
      <trkpt lat="34.03742" lon="-118.67694">
        <ele>6.0</ele>
      </trkpt>
      <trkpt lat="34.03744" lon="-118.67689">
        <ele>5.9</ele>
      </trkpt>
      <trkpt lat="34.03746" lon="-118.67683">
        <ele>5.7</ele>
      </trkpt>
      <trkpt lat="34.03746" lon="-118.67683">
        <ele>5.7</ele>
      </trkpt>
      <trkpt lat="34.0373" lon="-118.67671">
        <ele>4.2</ele>
      </trkpt>
      <trkpt lat="34.03728" lon="-118.67669">
        <ele>4.0</ele>
      </trkpt>
      <trkpt lat="34.03716" lon="-118.67661">
        <ele>3.3</ele>
      </trkpt>
      <trkpt lat="34.03706" lon="-118.67654">
        <ele>2.0</ele>
      </trkpt>
      <trkpt lat="34.037" lon="-118.67651">
        <ele>1.0</ele>
      </trkpt>
      <trkpt lat="34.03685" lon="-118.6764">
        <ele>0.0</ele>
      </trkpt>
      <trkpt lat="34.03677" lon="-118.67635">
        <ele>0.0</ele>
      </trkpt>
      <trkpt lat="34.03669" lon="-118.67629">
        <ele>0.0</ele>
      </trkpt>
      <trkpt lat="34.03669" lon="-118.67629">
        <ele>0.0</ele>
      </trkpt>
      <trkpt lat="34.03669" lon="-118.67629">
        <ele>0.0</ele>
      </trkpt>
      <trkpt lat="34.03677" lon="-118.67635">
        <ele>0.0</ele>
      </trkpt>
      <trkpt lat="34.03685" lon="-118.6764">
        <ele>0.0</ele>
      </trkpt>
      <trkpt lat="34.037" lon="-118.67651">
        <ele>1.0</ele>
      </trkpt>
      <trkpt lat="34.03706" lon="-118.67654">
        <ele>2.0</ele>
      </trkpt>
      <trkpt lat="34.03716" lon="-118.67661">
        <ele>3.3</ele>
      </trkpt>
      <trkpt lat="34.03728" lon="-118.67669">
        <ele>4.0</ele>
      </trkpt>
      <trkpt lat="34.0373" lon="-118.67671">
        <ele>4.2</ele>
      </trkpt>
      <trkpt lat="34.03746" lon="-118.67683">
        <ele>5.7</ele>
      </trkpt>
      <trkpt lat="34.03746" lon="-118.67683">
        <ele>5.7</ele>
      </trkpt>
      <trkpt lat="34.03748" lon="-118.6768">
        <ele>5.6</ele>
      </trkpt>
      <trkpt lat="34.03751" lon="-118.67672">
        <ele>5.5</ele>
      </trkpt>
      <trkpt lat="34.03754" lon="-118.67669">
        <ele>5.6</ele>
      </trkpt>
      <trkpt lat="34.03757" lon="-118.67662">
        <ele>5.6</ele>
      </trkpt>
      <trkpt lat="34.03762" lon="-118.67649">
        <ele>5.5</ele>
      </trkpt>
      <trkpt lat="34.03766" lon="-118.6764">
        <ele>5.5</ele>
      </trkpt>
      <trkpt lat="34.0377" lon="-118.6763">
        <ele>5.5</ele>
      </trkpt>
      <trkpt lat="34.03771" lon="-118.67629">
        <ele>5.6</ele>
      </trkpt>
      <trkpt lat="34.03778" lon="-118.67611">
        <ele>5.6</ele>
      </trkpt>
      <trkpt lat="34.03785" lon="-118.67593">
        <ele>5.7</ele>
      </trkpt>
      <trkpt lat="34.03792" lon="-118.67576">
        <ele>6.0</ele>
      </trkpt>
      <trkpt lat="34.03798" lon="-118.67559">
        <ele>5.7</ele>
      </trkpt>
      <trkpt lat="34.03812" lon="-118.67523">
        <ele>5.2</ele>
      </trkpt>
      <trkpt lat="34.03816" lon="-118.67514">
        <ele>5.2</ele>
      </trkpt>
      <trkpt lat="34.03818" lon="-118.67509">
        <ele>5.2</ele>
      </trkpt>
      <trkpt lat="34.0382" lon="-118.67503">
        <ele>5.3</ele>
      </trkpt>
      <trkpt lat="34.03847" lon="-118.67434">
        <ele>6.5</ele>
      </trkpt>
      <trkpt lat="34.03848" lon="-118.67433">
        <ele>6.5</ele>
      </trkpt>
      <trkpt lat="34.03853" lon="-118.6742">
        <ele>6.0</ele>
      </trkpt>
      <trkpt lat="34.03854" lon="-118.67418">
        <ele>5.9</ele>
      </trkpt>
      <trkpt lat="34.03857" lon="-118.6741">
        <ele>5.6</ele>
      </trkpt>
      <trkpt lat="34.03861" lon="-118.67398">
        <ele>5.4</ele>
      </trkpt>
      <trkpt lat="34.03862" lon="-118.67396">
        <ele>5.6</ele>
      </trkpt>
      <trkpt lat="34.03864" lon="-118.67391">
        <ele>5.9</ele>
      </trkpt>
      <trkpt lat="34.03865" lon="-118.6739">
        <ele>6.1</ele>
      </trkpt>
      <trkpt lat="34.0387" lon="-118.67375">
        <ele>6.3</ele>
      </trkpt>
      <trkpt lat="34.03885" lon="-118.67333">
        <ele>6.7</ele>
      </trkpt>
      <trkpt lat="34.03885" lon="-118.67332">
        <ele>6.7</ele>
      </trkpt>
      <trkpt lat="34.03892" lon="-118.67309">
        <ele>6.5</ele>
      </trkpt>
      <trkpt lat="34.03898" lon="-118.67288">
        <ele>6.2</ele>
      </trkpt>
      <trkpt lat="34.03904" lon="-118.67266">
        <ele>6.2</ele>
      </trkpt>
      <trkpt lat="34.0391" lon="-118.67244">
        <ele>6.3</ele>
      </trkpt>
      <trkpt lat="34.03913" lon="-118.6723">
        <ele>6.1</ele>
      </trkpt>
      <trkpt lat="34.03917" lon="-118.67209">
        <ele>6.0</ele>
      </trkpt>
      <trkpt lat="34.03922" lon="-118.67187">
        <ele>6.1</ele>
      </trkpt>
      <trkpt lat="34.03925" lon="-118.67168">
        <ele>6.4</ele>
      </trkpt>
      <trkpt lat="34.03928" lon="-118.67147">
        <ele>6.7</ele>
      </trkpt>
      <trkpt lat="34.03931" lon="-118.67128">
        <ele>6.8</ele>
      </trkpt>
      <trkpt lat="34.03933" lon="-118.67107">
        <ele>6.5</ele>
      </trkpt>
      <trkpt lat="34.03934" lon="-118.67104">
        <ele>6.5</ele>
      </trkpt>
      <trkpt lat="34.03934" lon="-118.67097">
        <ele>6.3</ele>
      </trkpt>
      <trkpt lat="34.03935" lon="-118.67088">
        <ele>6.1</ele>
      </trkpt>
      <trkpt lat="34.03936" lon="-118.67085">
        <ele>6.1</ele>
      </trkpt>
      <trkpt lat="34.03937" lon="-118.67075">
        <ele>6.0</ele>
      </trkpt>
      <trkpt lat="34.03938" lon="-118.67065">
        <ele>5.9</ele>
      </trkpt>
      <trkpt lat="34.03939" lon="-118.67039">
        <ele>5.7</ele>
      </trkpt>
      <trkpt lat="34.0394" lon="-118.67029">
        <ele>5.8</ele>
      </trkpt>
      <trkpt lat="34.03941" lon="-118.67019">
        <ele>5.9</ele>
      </trkpt>
      <trkpt lat="34.03941" lon="-118.67009">
        <ele>5.9</ele>
      </trkpt>
      <trkpt lat="34.03941" lon="-118.67007">
        <ele>5.9</ele>
      </trkpt>
      <trkpt lat="34.03943" lon="-118.66986">
        <ele>6.2</ele>
      </trkpt>
      <trkpt lat="34.03943" lon="-118.66979">
        <ele>6.2</ele>
      </trkpt>
      <trkpt lat="34.03943" lon="-118.66975">
        <ele>6.1</ele>
      </trkpt>
      <trkpt lat="34.03943" lon="-118.66969">
        <ele>6.1</ele>
      </trkpt>
      <trkpt lat="34.03944" lon="-118.66962">
        <ele>6.1</ele>
      </trkpt>
      <trkpt lat="34.03944" lon="-118.66957">
        <ele>6.0</ele>
      </trkpt>
      <trkpt lat="34.03944" lon="-118.66956">
        <ele>6.0</ele>
      </trkpt>
      <trkpt lat="34.03944" lon="-118.66952">
        <ele>6.0</ele>
      </trkpt>
      <trkpt lat="34.03945" lon="-118.66943">
        <ele>5.9</ele>
      </trkpt>
      <trkpt lat="34.03945" lon="-118.66942">
        <ele>5.9</ele>
      </trkpt>
      <trkpt lat="34.03945" lon="-118.66931">
        <ele>5.8</ele>
      </trkpt>
      <trkpt lat="34.03946" lon="-118.66921">
        <ele>5.9</ele>
      </trkpt>
      <trkpt lat="34.03946" lon="-118.66911">
        <ele>5.9</ele>
      </trkpt>
      <trkpt lat="34.03947" lon="-118.66904">
        <ele>6.0</ele>
      </trkpt>
      <trkpt lat="34.03947" lon="-118.6689">
        <ele>5.9</ele>
      </trkpt>
      <trkpt lat="34.03948" lon="-118.66881">
        <ele>5.9</ele>
      </trkpt>
      <trkpt lat="34.03955" lon="-118.66755">
        <ele>6.5</ele>
      </trkpt>
      <trkpt lat="34.03956" lon="-118.66735">
        <ele>6.4</ele>
      </trkpt>
      <trkpt lat="34.03956" lon="-118.6673">
        <ele>6.4</ele>
      </trkpt>
      <trkpt lat="34.03957" lon="-118.66715">
        <ele>6.3</ele>
      </trkpt>
      <trkpt lat="34.03958" lon="-118.66696">
        <ele>6.3</ele>
      </trkpt>
      <trkpt lat="34.03961" lon="-118.66649">
        <ele>6.5</ele>
      </trkpt>
      <trkpt lat="34.03961" lon="-118.66638">
        <ele>6.3</ele>
      </trkpt>
      <trkpt lat="34.03962" lon="-118.66631">
        <ele>6.3</ele>
      </trkpt>
      <trkpt lat="34.03962" lon="-118.66629">
        <ele>6.2</ele>
      </trkpt>
      <trkpt lat="34.03963" lon="-118.66603">
        <ele>5.8</ele>
      </trkpt>
      <trkpt lat="34.03964" lon="-118.6659">
        <ele>5.8</ele>
      </trkpt>
      <trkpt lat="34.03965" lon="-118.66558">
        <ele>6.0</ele>
      </trkpt>
      <trkpt lat="34.03966" lon="-118.66544">
        <ele>6.1</ele>
      </trkpt>
      <trkpt lat="34.03967" lon="-118.66528">
        <ele>6.2</ele>
      </trkpt>
      <trkpt lat="34.03967" lon="-118.66525">
        <ele>6.2</ele>
      </trkpt>
      <trkpt lat="34.03967" lon="-118.66517">
        <ele>6.2</ele>
      </trkpt>
      <trkpt lat="34.03967" lon="-118.66488">
        <ele>6.1</ele>
      </trkpt>
      <trkpt lat="34.03967" lon="-118.66459">
        <ele>6.1</ele>
      </trkpt>
      <trkpt lat="34.03967" lon="-118.66441">
        <ele>6.2</ele>
      </trkpt>
      <trkpt lat="34.03967" lon="-118.66421">
        <ele>6.2</ele>
      </trkpt>
      <trkpt lat="34.03967" lon="-118.66419">
        <ele>6.2</ele>
      </trkpt>
      <trkpt lat="34.03966" lon="-118.66401">
        <ele>6.1</ele>
      </trkpt>
      <trkpt lat="34.03966" lon="-118.66393">
        <ele>6.1</ele>
      </trkpt>
      <trkpt lat="34.03965" lon="-118.6637">
        <ele>6.2</ele>
      </trkpt>
      <trkpt lat="34.03965" lon="-118.66358">
        <ele>6.4</ele>
      </trkpt>
      <trkpt lat="34.03963" lon="-118.66323">
        <ele>6.4</ele>
      </trkpt>
      <trkpt lat="34.03961" lon="-118.66296">
        <ele>6.2</ele>
      </trkpt>
      <trkpt lat="34.03958" lon="-118.66267">
        <ele>6.0</ele>
      </trkpt>
      <trkpt lat="34.03957" lon="-118.66249">
        <ele>6.1</ele>
      </trkpt>
      <trkpt lat="34.03957" lon="-118.66248">
        <ele>6.1</ele>
      </trkpt>
      <trkpt lat="34.03956" lon="-118.66244">
        <ele>6.0</ele>
      </trkpt>
      <trkpt lat="34.03955" lon="-118.66234">
        <ele>5.9</ele>
      </trkpt>
      <trkpt lat="34.03949" lon="-118.6616">
        <ele>5.7</ele>
      </trkpt>
      <trkpt lat="34.03942" lon="-118.66093">
        <ele>5.6</ele>
      </trkpt>
      <trkpt lat="34.03942" lon="-118.66092">
        <ele>5.6</ele>
      </trkpt>
      <trkpt lat="34.03942" lon="-118.66088">
        <ele>5.6</ele>
      </trkpt>
      <trkpt lat="34.03942" lon="-118.66086">
        <ele>5.7</ele>
      </trkpt>
      <trkpt lat="34.03941" lon="-118.66083">
        <ele>5.6</ele>
      </trkpt>
      <trkpt lat="34.0394" lon="-118.66072">
        <ele>5.5</ele>
      </trkpt>
      <trkpt lat="34.0394" lon="-118.66063">
        <ele>5.5</ele>
      </trkpt>
      <trkpt lat="34.03939" lon="-118.66057">
        <ele>5.5</ele>
      </trkpt>
      <trkpt lat="34.03938" lon="-118.66048">
        <ele>5.3</ele>
      </trkpt>
      <trkpt lat="34.03938" lon="-118.66043">
        <ele>5.3</ele>
      </trkpt>
      <trkpt lat="34.03937" lon="-118.66032">
        <ele>5.1</ele>
      </trkpt>
      <trkpt lat="34.03936" lon="-118.66024">
        <ele>5.0</ele>
      </trkpt>
      <trkpt lat="34.03936" lon="-118.66021">
        <ele>5.0</ele>
      </trkpt>
      <trkpt lat="34.03934" lon="-118.66005">
        <ele>4.8</ele>
      </trkpt>
      <trkpt lat="34.03934" lon="-118.65998">
        <ele>4.8</ele>
      </trkpt>
      <trkpt lat="34.03933" lon="-118.65994">
        <ele>4.8</ele>
      </trkpt>
      <trkpt lat="34.03932" lon="-118.65983">
        <ele>4.9</ele>
      </trkpt>
      <trkpt lat="34.03932" lon="-118.65981">
        <ele>4.9</ele>
      </trkpt>
      <trkpt lat="34.03932" lon="-118.65977">
        <ele>5.1</ele>
      </trkpt>
      <trkpt lat="34.0393" lon="-118.6596">
        <ele>5.3</ele>
      </trkpt>
      <trkpt lat="34.03929" lon="-118.65954">
        <ele>5.3</ele>
      </trkpt>
      <trkpt lat="34.03922" lon="-118.65869">
        <ele>5.6</ele>
      </trkpt>
      <trkpt lat="34.03912" lon="-118.65771">
        <ele>5.7</ele>
      </trkpt>
      <trkpt lat="34.03912" lon="-118.65763">
        <ele>5.8</ele>
      </trkpt>
      <trkpt lat="34.03912" lon="-118.65763">
        <ele>5.8</ele>
      </trkpt>
      <trkpt lat="34.03904" lon="-118.65684">
        <ele>6.0</ele>
      </trkpt>
      <trkpt lat="34.03903" lon="-118.65668">
        <ele>6.1</ele>
      </trkpt>
      <trkpt lat="34.03898" lon="-118.65617">
        <ele>6.4</ele>
      </trkpt>
      <trkpt lat="34.03895" lon="-118.65582">
        <ele>6.7</ele>
      </trkpt>
      <trkpt lat="34.03892" lon="-118.65547">
        <ele>6.6</ele>
      </trkpt>
      <trkpt lat="34.0389" lon="-118.65531">
        <ele>6.3</ele>
      </trkpt>
      <trkpt lat="34.03888" lon="-118.65511">
        <ele>6.2</ele>
      </trkpt>
      <trkpt lat="34.03886" lon="-118.65497">
        <ele>6.3</ele>
      </trkpt>
      <trkpt lat="34.03886" lon="-118.65494">
        <ele>6.4</ele>
      </trkpt>
      <trkpt lat="34.03885" lon="-118.65486">
        <ele>6.4</ele>
      </trkpt>
      <trkpt lat="34.03884" lon="-118.65478">
        <ele>6.5</ele>
      </trkpt>
      <trkpt lat="34.03881" lon="-118.65458">
        <ele>6.4</ele>
      </trkpt>
      <trkpt lat="34.03879" lon="-118.65442">
        <ele>6.3</ele>
      </trkpt>
      <trkpt lat="34.03876" lon="-118.65424">
        <ele>6.3</ele>
      </trkpt>
      <trkpt lat="34.0387" lon="-118.65386">
        <ele>6.4</ele>
      </trkpt>
      <trkpt lat="34.03865" lon="-118.65356">
        <ele>5.8</ele>
      </trkpt>
      <trkpt lat="34.03865" lon="-118.65352">
        <ele>5.8</ele>
      </trkpt>
      <trkpt lat="34.03862" lon="-118.65339">
        <ele>5.7</ele>
      </trkpt>
      <trkpt lat="34.0386" lon="-118.65327">
        <ele>5.8</ele>
      </trkpt>
      <trkpt lat="34.0386" lon="-118.65322">
        <ele>5.9</ele>
      </trkpt>
      <trkpt lat="34.03855" lon="-118.65292">
        <ele>6.0</ele>
      </trkpt>
      <trkpt lat="34.03851" lon="-118.65269">
        <ele>6.2</ele>
      </trkpt>
      <trkpt lat="34.03845" lon="-118.65237">
        <ele>6.1</ele>
      </trkpt>
      <trkpt lat="34.03824" lon="-118.65109">
        <ele>6.3</ele>
      </trkpt>
      <trkpt lat="34.03823" lon="-118.65105">
        <ele>6.3</ele>
      </trkpt>
      <trkpt lat="34.03822" lon="-118.65096">
        <ele>6.4</ele>
      </trkpt>
      <trkpt lat="34.03816" lon="-118.65064">
        <ele>6.2</ele>
      </trkpt>
      <trkpt lat="34.03816" lon="-118.65061">
        <ele>6.3</ele>
      </trkpt>
      <trkpt lat="34.03811" lon="-118.65032">
        <ele>6.0</ele>
      </trkpt>
      <trkpt lat="34.03811" lon="-118.65029">
        <ele>6.0</ele>
      </trkpt>
      <trkpt lat="34.03809" lon="-118.65019">
        <ele>5.8</ele>
      </trkpt>
      <trkpt lat="34.03808" lon="-118.65009">
        <ele>5.9</ele>
      </trkpt>
      <trkpt lat="34.03806" lon="-118.64991">
        <ele>6.2</ele>
      </trkpt>
      <trkpt lat="34.03805" lon="-118.64982">
        <ele>6.5</ele>
      </trkpt>
      <trkpt lat="34.03805" lon="-118.64979">
        <ele>6.5</ele>
      </trkpt>
      <trkpt lat="34.03804" lon="-118.64975">
        <ele>6.4</ele>
      </trkpt>
      <trkpt lat="34.03803" lon="-118.6495">
        <ele>6.0</ele>
      </trkpt>
      <trkpt lat="34.03802" lon="-118.64947">
        <ele>5.6</ele>
      </trkpt>
      <trkpt lat="34.03803" lon="-118.64924">
        <ele>3.5</ele>
      </trkpt>
      <trkpt lat="34.03805" lon="-118.64901">
        <ele>3.9</ele>
      </trkpt>
      <trkpt lat="34.03807" lon="-118.64882">
        <ele>5.9</ele>
      </trkpt>
      <trkpt lat="34.03811" lon="-118.64859">
        <ele>6.2</ele>
      </trkpt>
      <trkpt lat="34.03814" lon="-118.64846">
        <ele>5.9</ele>
      </trkpt>
      <trkpt lat="34.03816" lon="-118.64839">
        <ele>5.8</ele>
      </trkpt>
      <trkpt lat="34.0382" lon="-118.64827">
        <ele>5.5</ele>
      </trkpt>
      <trkpt lat="34.0382" lon="-118.64824">
        <ele>5.2</ele>
      </trkpt>
      <trkpt lat="34.03821" lon="-118.64821">
        <ele>5.1</ele>
      </trkpt>
      <trkpt lat="34.03822" lon="-118.64819">
        <ele>5.1</ele>
      </trkpt>
      <trkpt lat="34.03824" lon="-118.64812">
        <ele>4.8</ele>
      </trkpt>
      <trkpt lat="34.03829" lon="-118.64797">
        <ele>4.4</ele>
      </trkpt>
      <trkpt lat="34.03834" lon="-118.64782">
        <ele>4.3</ele>
      </trkpt>
      <trkpt lat="34.03835" lon="-118.64779">
        <ele>4.3</ele>
      </trkpt>
      <trkpt lat="34.03836" lon="-118.64776">
        <ele>4.4</ele>
      </trkpt>
      <trkpt lat="34.03837" lon="-118.64773">
        <ele>4.4</ele>
      </trkpt>
      <trkpt lat="34.03839" lon="-118.64767">
        <ele>4.5</ele>
      </trkpt>
      <trkpt lat="34.03841" lon="-118.64758">
        <ele>4.7</ele>
      </trkpt>
      <trkpt lat="34.03842" lon="-118.64754">
        <ele>4.7</ele>
      </trkpt>
      <trkpt lat="34.03846" lon="-118.64739">
        <ele>5.1</ele>
      </trkpt>
      <trkpt lat="34.03848" lon="-118.64728">
        <ele>5.2</ele>
      </trkpt>
      <trkpt lat="34.03851" lon="-118.64715">
        <ele>5.4</ele>
      </trkpt>
      <trkpt lat="34.03854" lon="-118.64702">
        <ele>5.4</ele>
      </trkpt>
      <trkpt lat="34.03857" lon="-118.64678">
        <ele>5.2</ele>
      </trkpt>
      <trkpt lat="34.03859" lon="-118.64664">
        <ele>5.2</ele>
      </trkpt>
      <trkpt lat="34.03861" lon="-118.6465">
        <ele>5.2</ele>
      </trkpt>
      <trkpt lat="34.03862" lon="-118.64635">
        <ele>5.2</ele>
      </trkpt>
      <trkpt lat="34.03863" lon="-118.64621">
        <ele>5.2</ele>
      </trkpt>
      <trkpt lat="34.03864" lon="-118.64606">
        <ele>5.3</ele>
      </trkpt>
      <trkpt lat="34.03864" lon="-118.64591">
        <ele>5.4</ele>
      </trkpt>
      <trkpt lat="34.03865" lon="-118.64577">
        <ele>5.7</ele>
      </trkpt>
      <trkpt lat="34.03864" lon="-118.64567">
        <ele>5.6</ele>
      </trkpt>
      <trkpt lat="34.03864" lon="-118.64565">
        <ele>5.6</ele>
      </trkpt>
      <trkpt lat="34.03864" lon="-118.64564">
        <ele>5.6</ele>
      </trkpt>
      <trkpt lat="34.03864" lon="-118.6456">
        <ele>5.7</ele>
      </trkpt>
      <trkpt lat="34.03864" lon="-118.64552">
        <ele>5.7</ele>
      </trkpt>
      <trkpt lat="34.03863" lon="-118.64531">
        <ele>5.6</ele>
      </trkpt>
      <trkpt lat="34.03862" lon="-118.64516">
        <ele>5.6</ele>
      </trkpt>
      <trkpt lat="34.03861" lon="-118.64508">
        <ele>5.5</ele>
      </trkpt>
      <trkpt lat="34.0386" lon="-118.64497">
        <ele>5.5</ele>
      </trkpt>
      <trkpt lat="34.03858" lon="-118.64482">
        <ele>5.5</ele>
      </trkpt>
      <trkpt lat="34.03857" lon="-118.64471">
        <ele>5.5</ele>
      </trkpt>
      <trkpt lat="34.03856" lon="-118.64463">
        <ele>5.5</ele>
      </trkpt>
      <trkpt lat="34.03854" lon="-118.64455">
        <ele>5.4</ele>
      </trkpt>
      <trkpt lat="34.03849" lon="-118.6443">
        <ele>5.3</ele>
      </trkpt>
      <trkpt lat="34.03847" lon="-118.64417">
        <ele>5.4</ele>
      </trkpt>
      <trkpt lat="34.03847" lon="-118.64415">
        <ele>5.5</ele>
      </trkpt>
      <trkpt lat="34.03845" lon="-118.64405">
        <ele>5.5</ele>
      </trkpt>
      <trkpt lat="34.03843" lon="-118.64396">
        <ele>5.6</ele>
      </trkpt>
      <trkpt lat="34.03843" lon="-118.64394">
        <ele>5.6</ele>
      </trkpt>
      <trkpt lat="34.03838" lon="-118.64371">
        <ele>5.4</ele>
      </trkpt>
      <trkpt lat="34.03829" lon="-118.64325">
        <ele>4.9</ele>
      </trkpt>
      <trkpt lat="34.03824" lon="-118.64296">
        <ele>4.8</ele>
      </trkpt>
      <trkpt lat="34.03819" lon="-118.64273">
        <ele>4.7</ele>
      </trkpt>
      <trkpt lat="34.03813" lon="-118.64242">
        <ele>4.7</ele>
      </trkpt>
      <trkpt lat="34.03803" lon="-118.64189">
        <ele>4.8</ele>
      </trkpt>
      <trkpt lat="34.038" lon="-118.64177">
        <ele>4.8</ele>
      </trkpt>
      <trkpt lat="34.03798" lon="-118.64164">
        <ele>4.8</ele>
      </trkpt>
      <trkpt lat="34.03792" lon="-118.64133">
        <ele>4.9</ele>
      </trkpt>
      <trkpt lat="34.03787" lon="-118.64108">
        <ele>5.2</ele>
      </trkpt>
      <trkpt lat="34.03782" lon="-118.64081">
        <ele>5.7</ele>
      </trkpt>
      <trkpt lat="34.03779" lon="-118.64067">
        <ele>5.8</ele>
      </trkpt>
      <trkpt lat="34.03776" lon="-118.64053">
        <ele>5.5</ele>
      </trkpt>
      <trkpt lat="34.03772" lon="-118.64036">
        <ele>5.2</ele>
      </trkpt>
      <trkpt lat="34.03771" lon="-118.64032">
        <ele>5.2</ele>
      </trkpt>
      <trkpt lat="34.03767" lon="-118.64016">
        <ele>5.1</ele>
      </trkpt>
      <trkpt lat="34.03765" lon="-118.64006">
        <ele>5.1</ele>
      </trkpt>
      <trkpt lat="34.03764" lon="-118.64002">
        <ele>5.1</ele>
      </trkpt>
      <trkpt lat="34.03758" lon="-118.63978">
        <ele>5.2</ele>
      </trkpt>
      <trkpt lat="34.03756" lon="-118.63969">
        <ele>5.3</ele>
      </trkpt>
      <trkpt lat="34.03754" lon="-118.63959">
        <ele>5.4</ele>
      </trkpt>
      <trkpt lat="34.03748" lon="-118.63937">
        <ele>5.7</ele>
      </trkpt>
      <trkpt lat="34.03747" lon="-118.6393">
        <ele>5.8</ele>
      </trkpt>
      <trkpt lat="34.03744" lon="-118.63921">
        <ele>5.8</ele>
      </trkpt>
      <trkpt lat="34.03744" lon="-118.6392">
        <ele>5.9</ele>
      </trkpt>
      <trkpt lat="34.03743" lon="-118.63918">
        <ele>5.8</ele>
      </trkpt>
      <trkpt lat="34.03738" lon="-118.63895">
        <ele>6.1</ele>
      </trkpt>
      <trkpt lat="34.03728" lon="-118.63856">
        <ele>5.7</ele>
      </trkpt>
      <trkpt lat="34.03727" lon="-118.63852">
        <ele>5.7</ele>
      </trkpt>
      <trkpt lat="34.03727" lon="-118.6385">
        <ele>5.7</ele>
      </trkpt>
      <trkpt lat="34.03724" lon="-118.6384">
        <ele>5.6</ele>
      </trkpt>
      <trkpt lat="34.03722" lon="-118.63829">
        <ele>5.7</ele>
      </trkpt>
      <trkpt lat="34.03719" lon="-118.63816">
        <ele>5.6</ele>
      </trkpt>
      <trkpt lat="34.03716" lon="-118.63799">
        <ele>5.7</ele>
      </trkpt>
      <trkpt lat="34.03716" lon="-118.63799">
        <ele>5.7</ele>
      </trkpt>
      <trkpt lat="34.03715" lon="-118.63797">
        <ele>5.7</ele>
      </trkpt>
      <trkpt lat="34.03714" lon="-118.63788">
        <ele>5.6</ele>
      </trkpt>
      <trkpt lat="34.03712" lon="-118.63775">
        <ele>5.6</ele>
      </trkpt>
      <trkpt lat="34.03711" lon="-118.63768">
        <ele>5.4</ele>
      </trkpt>
      <trkpt lat="34.03707" lon="-118.6375">
        <ele>4.5</ele>
      </trkpt>
      <trkpt lat="34.03706" lon="-118.63744">
        <ele>4.4</ele>
      </trkpt>
      <trkpt lat="34.03706" lon="-118.6374">
        <ele>4.3</ele>
      </trkpt>
      <trkpt lat="34.03704" lon="-118.63728">
        <ele>3.8</ele>
      </trkpt>
      <trkpt lat="34.03702" lon="-118.63717">
        <ele>3.3</ele>
      </trkpt>
      <trkpt lat="34.03702" lon="-118.63714">
        <ele>3.3</ele>
      </trkpt>
      <trkpt lat="34.03702" lon="-118.63707">
        <ele>3.2</ele>
      </trkpt>
      <trkpt lat="34.03698" lon="-118.63703">
        <ele>3.1</ele>
      </trkpt>
      <trkpt lat="34.03697" lon="-118.63702">
        <ele>3.0</ele>
      </trkpt>
      <trkpt lat="34.03697" lon="-118.63701">
        <ele>3.0</ele>
      </trkpt>
      <trkpt lat="34.03695" lon="-118.63695">
        <ele>2.9</ele>
      </trkpt>
      <trkpt lat="34.03694" lon="-118.63689">
        <ele>2.9</ele>
      </trkpt>
      <trkpt lat="34.03693" lon="-118.6368">
        <ele>2.9</ele>
      </trkpt>
      <trkpt lat="34.03693" lon="-118.63677">
        <ele>2.9</ele>
      </trkpt>
      <trkpt lat="34.03693" lon="-118.63676">
        <ele>2.9</ele>
      </trkpt>
      <trkpt lat="34.03691" lon="-118.63665">
        <ele>2.9</ele>
      </trkpt>
      <trkpt lat="34.0369" lon="-118.63655">
        <ele>3.0</ele>
      </trkpt>
      <trkpt lat="34.03689" lon="-118.63651">
        <ele>3.0</ele>
      </trkpt>
      <trkpt lat="34.03688" lon="-118.63643">
        <ele>3.3</ele>
      </trkpt>
      <trkpt lat="34.03688" lon="-118.63631">
        <ele>3.6</ele>
      </trkpt>
      <trkpt lat="34.03688" lon="-118.63629">
        <ele>3.7</ele>
      </trkpt>
      <trkpt lat="34.03687" lon="-118.63619">
        <ele>4.0</ele>
      </trkpt>
      <trkpt lat="34.03687" lon="-118.6361">
        <ele>4.4</ele>
      </trkpt>
      <trkpt lat="34.03687" lon="-118.63599">
        <ele>5.0</ele>
      </trkpt>
      <trkpt lat="34.03688" lon="-118.63591">
        <ele>5.5</ele>
      </trkpt>
      <trkpt lat="34.03688" lon="-118.63581">
        <ele>5.8</ele>
      </trkpt>
      <trkpt lat="34.0369" lon="-118.63567">
        <ele>6.2</ele>
      </trkpt>
      <trkpt lat="34.03692" lon="-118.63554">
        <ele>6.4</ele>
      </trkpt>
      <trkpt lat="34.03696" lon="-118.63536">
        <ele>6.3</ele>
      </trkpt>
      <trkpt lat="34.03698" lon="-118.63527">
        <ele>6.3</ele>
      </trkpt>
      <trkpt lat="34.037" lon="-118.63521">
        <ele>6.3</ele>
      </trkpt>
      <trkpt lat="34.03704" lon="-118.63507">
        <ele>6.3</ele>
      </trkpt>
      <trkpt lat="34.03705" lon="-118.63504">
        <ele>6.3</ele>
      </trkpt>
      <trkpt lat="34.03705" lon="-118.63502">
        <ele>6.2</ele>
      </trkpt>
      <trkpt lat="34.03714" lon="-118.63485">
        <ele>6.8</ele>
      </trkpt>
      <trkpt lat="34.03717" lon="-118.63471">
        <ele>6.6</ele>
      </trkpt>
      <trkpt lat="34.03722" lon="-118.63448">
        <ele>6.5</ele>
      </trkpt>
      <trkpt lat="34.03725" lon="-118.6343">
        <ele>6.5</ele>
      </trkpt>
      <trkpt lat="34.03726" lon="-118.63424">
        <ele>6.4</ele>
      </trkpt>
      <trkpt lat="34.03728" lon="-118.63411">
        <ele>6.5</ele>
      </trkpt>
      <trkpt lat="34.0373" lon="-118.63399">
        <ele>6.9</ele>
      </trkpt>
      <trkpt lat="34.0373" lon="-118.63396">
        <ele>7.0</ele>
      </trkpt>
      <trkpt lat="34.03732" lon="-118.63383">
        <ele>8.5</ele>
      </trkpt>
      <trkpt lat="34.03733" lon="-118.63379">
        <ele>9.2</ele>
      </trkpt>
      <trkpt lat="34.03735" lon="-118.6336">
        <ele>12.2</ele>
      </trkpt>
      <trkpt lat="34.0374" lon="-118.63324">
        <ele>12.7</ele>
      </trkpt>
      <trkpt lat="34.03741" lon="-118.63315">
        <ele>11.0</ele>
      </trkpt>
      <trkpt lat="34.03742" lon="-118.63309">
        <ele>9.9</ele>
      </trkpt>
      <trkpt lat="34.03743" lon="-118.63299">
        <ele>8.7</ele>
      </trkpt>
      <trkpt lat="34.03744" lon="-118.63295">
        <ele>8.4</ele>
      </trkpt>
      <trkpt lat="34.03744" lon="-118.63293">
        <ele>8.3</ele>
      </trkpt>
      <trkpt lat="34.03748" lon="-118.63261">
        <ele>8.8</ele>
      </trkpt>
      <trkpt lat="34.03752" lon="-118.63231">
        <ele>13.0</ele>
      </trkpt>
      <trkpt lat="34.03755" lon="-118.63214">
        <ele>13.7</ele>
      </trkpt>
      <trkpt lat="34.03757" lon="-118.63196">
        <ele>13.4</ele>
      </trkpt>
      <trkpt lat="34.03758" lon="-118.63186">
        <ele>13.3</ele>
      </trkpt>
      <trkpt lat="34.03759" lon="-118.63173">
        <ele>13.2</ele>
      </trkpt>
      <trkpt lat="34.0376" lon="-118.63165">
        <ele>13.3</ele>
      </trkpt>
      <trkpt lat="34.0376" lon="-118.6316">
        <ele>13.2</ele>
      </trkpt>
      <trkpt lat="34.03761" lon="-118.63153">
        <ele>13.3</ele>
      </trkpt>
      <trkpt lat="34.03761" lon="-118.63147">
        <ele>13.2</ele>
      </trkpt>
      <trkpt lat="34.03762" lon="-118.63142">
        <ele>13.3</ele>
      </trkpt>
      <trkpt lat="34.03762" lon="-118.63132">
        <ele>13.3</ele>
      </trkpt>
      <trkpt lat="34.03762" lon="-118.63129">
        <ele>13.3</ele>
      </trkpt>
      <trkpt lat="34.03762" lon="-118.63116">
        <ele>13.2</ele>
      </trkpt>
      <trkpt lat="34.03762" lon="-118.63094">
        <ele>13.3</ele>
      </trkpt>
      <trkpt lat="34.03762" lon="-118.63081">
        <ele>13.4</ele>
      </trkpt>
      <trkpt lat="34.03761" lon="-118.6307">
        <ele>13.5</ele>
      </trkpt>
      <trkpt lat="34.0376" lon="-118.63059">
        <ele>13.6</ele>
      </trkpt>
      <trkpt lat="34.03759" lon="-118.63045">
        <ele>13.8</ele>
      </trkpt>
      <trkpt lat="34.03759" lon="-118.63043">
        <ele>13.8</ele>
      </trkpt>
      <trkpt lat="34.03756" lon="-118.63021">
        <ele>13.6</ele>
      </trkpt>
      <trkpt lat="34.03755" lon="-118.63013">
        <ele>13.6</ele>
      </trkpt>
      <trkpt lat="34.03754" lon="-118.63004">
        <ele>13.7</ele>
      </trkpt>
      <trkpt lat="34.03753" lon="-118.63">
        <ele>13.6</ele>
      </trkpt>
      <trkpt lat="34.03751" lon="-118.62986">
        <ele>13.5</ele>
      </trkpt>
      <trkpt lat="34.0375" lon="-118.62979">
        <ele>13.6</ele>
      </trkpt>
      <trkpt lat="34.0375" lon="-118.62978">
        <ele>13.6</ele>
      </trkpt>
      <trkpt lat="34.03749" lon="-118.62966">
        <ele>14.1</ele>
      </trkpt>
      <trkpt lat="34.03747" lon="-118.62952">
        <ele>14.2</ele>
      </trkpt>
      <trkpt lat="34.03744" lon="-118.62929">
        <ele>13.8</ele>
      </trkpt>
      <trkpt lat="34.03743" lon="-118.6292">
        <ele>13.1</ele>
      </trkpt>
      <trkpt lat="34.03741" lon="-118.62905">
        <ele>10.8</ele>
      </trkpt>
      <trkpt lat="34.0374" lon="-118.62893">
        <ele>8.6</ele>
      </trkpt>
      <trkpt lat="34.03738" lon="-118.6288">
        <ele>7.0</ele>
      </trkpt>
      <trkpt lat="34.03737" lon="-118.62868">
        <ele>6.6</ele>
      </trkpt>
      <trkpt lat="34.03736" lon="-118.62848">
        <ele>6.3</ele>
      </trkpt>
      <trkpt lat="34.03735" lon="-118.62831">
        <ele>6.3</ele>
      </trkpt>
      <trkpt lat="34.03735" lon="-118.62821">
        <ele>6.3</ele>
      </trkpt>
      <trkpt lat="34.03735" lon="-118.62819">
        <ele>6.3</ele>
      </trkpt>
      <trkpt lat="34.03735" lon="-118.62815">
        <ele>6.3</ele>
      </trkpt>
      <trkpt lat="34.03734" lon="-118.62795">
        <ele>6.3</ele>
      </trkpt>
      <trkpt lat="34.03734" lon="-118.62792">
        <ele>6.3</ele>
      </trkpt>
      <trkpt lat="34.03734" lon="-118.62786">
        <ele>6.4</ele>
      </trkpt>
      <trkpt lat="34.03734" lon="-118.6278">
        <ele>6.3</ele>
      </trkpt>
      <trkpt lat="34.03734" lon="-118.62777">
        <ele>6.3</ele>
      </trkpt>
      <trkpt lat="34.03734" lon="-118.62767">
        <ele>6.1</ele>
      </trkpt>
      <trkpt lat="34.03734" lon="-118.62756">
        <ele>6.0</ele>
      </trkpt>
      <trkpt lat="34.03734" lon="-118.62754">
        <ele>6.0</ele>
      </trkpt>
      <trkpt lat="34.03735" lon="-118.62737">
        <ele>6.5</ele>
      </trkpt>
      <trkpt lat="34.03735" lon="-118.62731">
        <ele>6.6</ele>
      </trkpt>
      <trkpt lat="34.03737" lon="-118.62718">
        <ele>6.9</ele>
      </trkpt>
      <trkpt lat="34.03737" lon="-118.62712">
        <ele>6.8</ele>
      </trkpt>
      <trkpt lat="34.03738" lon="-118.6271">
        <ele>6.9</ele>
      </trkpt>
      <trkpt lat="34.03738" lon="-118.62707">
        <ele>6.8</ele>
      </trkpt>
      <trkpt lat="34.03739" lon="-118.62702">
        <ele>6.7</ele>
      </trkpt>
      <trkpt lat="34.0374" lon="-118.62693">
        <ele>6.1</ele>
      </trkpt>
      <trkpt lat="34.03743" lon="-118.62675">
        <ele>5.4</ele>
      </trkpt>
      <trkpt lat="34.03746" lon="-118.62662">
        <ele>5.6</ele>
      </trkpt>
      <trkpt lat="34.03749" lon="-118.62646">
        <ele>5.8</ele>
      </trkpt>
      <trkpt lat="34.03752" lon="-118.62634">
        <ele>6.1</ele>
      </trkpt>
      <trkpt lat="34.03755" lon="-118.62621">
        <ele>6.2</ele>
      </trkpt>
      <trkpt lat="34.0376" lon="-118.62605">
        <ele>6.0</ele>
      </trkpt>
      <trkpt lat="34.03766" lon="-118.62589">
        <ele>6.0</ele>
      </trkpt>
      <trkpt lat="34.03774" lon="-118.62568">
        <ele>6.9</ele>
      </trkpt>
      <trkpt lat="34.03776" lon="-118.62562">
        <ele>7.4</ele>
      </trkpt>
      <trkpt lat="34.03783" lon="-118.62547">
        <ele>9.0</ele>
      </trkpt>
      <trkpt lat="34.03788" lon="-118.62532">
        <ele>8.7</ele>
      </trkpt>
      <trkpt lat="34.03791" lon="-118.62524">
        <ele>7.9</ele>
      </trkpt>
      <trkpt lat="34.03794" lon="-118.62515">
        <ele>7.1</ele>
      </trkpt>
      <trkpt lat="34.03799" lon="-118.625">
        <ele>6.2</ele>
      </trkpt>
      <trkpt lat="34.03803" lon="-118.62484">
        <ele>5.9</ele>
      </trkpt>
      <trkpt lat="34.03806" lon="-118.6247">
        <ele>6.3</ele>
      </trkpt>
      <trkpt lat="34.03808" lon="-118.62456">
        <ele>6.8</ele>
      </trkpt>
      <trkpt lat="34.0381" lon="-118.62441">
        <ele>6.8</ele>
      </trkpt>
      <trkpt lat="34.03812" lon="-118.62425">
        <ele>6.7</ele>
      </trkpt>
      <trkpt lat="34.03813" lon="-118.62399">
        <ele>6.3</ele>
      </trkpt>
      <trkpt lat="34.03815" lon="-118.6237">
        <ele>6.0</ele>
      </trkpt>
      <trkpt lat="34.03816" lon="-118.62339">
        <ele>6.1</ele>
      </trkpt>
      <trkpt lat="34.03817" lon="-118.62327">
        <ele>6.3</ele>
      </trkpt>
      <trkpt lat="34.03817" lon="-118.62307">
        <ele>6.1</ele>
      </trkpt>
      <trkpt lat="34.03817" lon="-118.62291">
        <ele>6.1</ele>
      </trkpt>
      <trkpt lat="34.03817" lon="-118.6227">
        <ele>6.5</ele>
      </trkpt>
      <trkpt lat="34.03815" lon="-118.62252">
        <ele>6.5</ele>
      </trkpt>
      <trkpt lat="34.03815" lon="-118.62243">
        <ele>6.7</ele>
      </trkpt>
      <trkpt lat="34.03813" lon="-118.6223">
        <ele>6.5</ele>
      </trkpt>
      <trkpt lat="34.03809" lon="-118.62189">
        <ele>6.9</ele>
      </trkpt>
      <trkpt lat="34.03804" lon="-118.62146">
        <ele>6.4</ele>
      </trkpt>
      <trkpt lat="34.03801" lon="-118.62119">
        <ele>5.8</ele>
      </trkpt>
      <trkpt lat="34.03798" lon="-118.62099">
        <ele>6.1</ele>
      </trkpt>
      <trkpt lat="34.03794" lon="-118.62062">
        <ele>6.2</ele>
      </trkpt>
      <trkpt lat="34.03791" lon="-118.62034">
        <ele>6.5</ele>
      </trkpt>
      <trkpt lat="34.03787" lon="-118.62004">
        <ele>6.6</ele>
      </trkpt>
      <trkpt lat="34.03781" lon="-118.61953">
        <ele>6.0</ele>
      </trkpt>
      <trkpt lat="34.03778" lon="-118.61927">
        <ele>5.9</ele>
      </trkpt>
      <trkpt lat="34.03772" lon="-118.61871">
        <ele>6.0</ele>
      </trkpt>
      <trkpt lat="34.03766" lon="-118.61807">
        <ele>6.5</ele>
      </trkpt>
      <trkpt lat="34.0376" lon="-118.61756">
        <ele>5.7</ele>
      </trkpt>
      <trkpt lat="34.03756" lon="-118.61718">
        <ele>5.6</ele>
      </trkpt>
      <trkpt lat="34.0375" lon="-118.6167">
        <ele>6.0</ele>
      </trkpt>
      <trkpt lat="34.03748" lon="-118.61649">
        <ele>6.4</ele>
      </trkpt>
      <trkpt lat="34.03747" lon="-118.61638">
        <ele>6.7</ele>
      </trkpt>
      <trkpt lat="34.0374" lon="-118.61577">
        <ele>6.3</ele>
      </trkpt>
      <trkpt lat="34.03732" lon="-118.61504">
        <ele>6.7</ele>
      </trkpt>
      <trkpt lat="34.0373" lon="-118.61484">
        <ele>6.5</ele>
      </trkpt>
      <trkpt lat="34.03726" lon="-118.61448">
        <ele>6.3</ele>
      </trkpt>
      <trkpt lat="34.03725" lon="-118.61441">
        <ele>6.2</ele>
      </trkpt>
      <trkpt lat="34.03722" lon="-118.61404">
        <ele>6.3</ele>
      </trkpt>
      <trkpt lat="34.03717" lon="-118.61395">
        <ele>5.9</ele>
      </trkpt>
      <trkpt lat="34.03717" lon="-118.61394">
        <ele>6.0</ele>
      </trkpt>
      <trkpt lat="34.03716" lon="-118.6138">
        <ele>6.3</ele>
      </trkpt>
      <trkpt lat="34.03715" lon="-118.61347">
        <ele>6.4</ele>
      </trkpt>
      <trkpt lat="34.03715" lon="-118.61292">
        <ele>6.9</ele>
      </trkpt>
      <trkpt lat="34.03714" lon="-118.61245">
        <ele>6.9</ele>
      </trkpt>
      <trkpt lat="34.03714" lon="-118.61232">
        <ele>6.8</ele>
      </trkpt>
      <trkpt lat="34.03712" lon="-118.61221">
        <ele>6.4</ele>
      </trkpt>
      <trkpt lat="34.03711" lon="-118.61209">
        <ele>6.4</ele>
      </trkpt>
      <trkpt lat="34.03708" lon="-118.61196">
        <ele>6.3</ele>
      </trkpt>
      <trkpt lat="34.03707" lon="-118.6119">
        <ele>6.4</ele>
      </trkpt>
      <trkpt lat="34.03707" lon="-118.6119">
        <ele>6.4</ele>
      </trkpt>
      <trkpt lat="34.03706" lon="-118.61181">
        <ele>7.0</ele>
      </trkpt>
      <trkpt lat="34.03702" lon="-118.61164">
        <ele>9.5</ele>
      </trkpt>
      <trkpt lat="34.03693" lon="-118.61131">
        <ele>13.0</ele>
      </trkpt>
      <trkpt lat="34.03689" lon="-118.61114">
        <ele>13.2</ele>
      </trkpt>
      <trkpt lat="34.03686" lon="-118.61102">
        <ele>13.2</ele>
      </trkpt>
      <trkpt lat="34.03686" lon="-118.61099">
        <ele>13.3</ele>
      </trkpt>
      <trkpt lat="34.03685" lon="-118.61096">
        <ele>13.2</ele>
      </trkpt>
      <trkpt lat="34.03685" lon="-118.61075">
        <ele>14.1</ele>
      </trkpt>
      <trkpt lat="34.03685" lon="-118.61069">
        <ele>14.3</ele>
      </trkpt>
      <trkpt lat="34.03685" lon="-118.61063">
        <ele>14.5</ele>
      </trkpt>
      <trkpt lat="34.03684" lon="-118.61058">
        <ele>14.5</ele>
      </trkpt>
      <trkpt lat="34.03684" lon="-118.61055">
        <ele>14.6</ele>
      </trkpt>
      <trkpt lat="34.03684" lon="-118.61042">
        <ele>14.9</ele>
      </trkpt>
      <trkpt lat="34.03683" lon="-118.61027">
        <ele>15.1</ele>
      </trkpt>
      <trkpt lat="34.03683" lon="-118.61025">
        <ele>15.0</ele>
      </trkpt>
      <trkpt lat="34.03684" lon="-118.61012">
        <ele>13.7</ele>
      </trkpt>
      <trkpt lat="34.03684" lon="-118.60997">
        <ele>11.4</ele>
      </trkpt>
      <trkpt lat="34.03685" lon="-118.60983">
        <ele>9.2</ele>
      </trkpt>
      <trkpt lat="34.03687" lon="-118.6097">
        <ele>7.7</ele>
      </trkpt>
      <trkpt lat="34.03688" lon="-118.60961">
        <ele>7.1</ele>
      </trkpt>
      <trkpt lat="34.0369" lon="-118.6095">
        <ele>6.9</ele>
      </trkpt>
      <trkpt lat="34.03694" lon="-118.60933">
        <ele>7.2</ele>
      </trkpt>
      <trkpt lat="34.03697" lon="-118.60918">
        <ele>8.0</ele>
      </trkpt>
      <trkpt lat="34.03702" lon="-118.60903">
        <ele>6.9</ele>
      </trkpt>
      <trkpt lat="34.03705" lon="-118.60894">
        <ele>5.5</ele>
      </trkpt>
      <trkpt lat="34.03709" lon="-118.60884">
        <ele>5.2</ele>
      </trkpt>
      <trkpt lat="34.03721" lon="-118.60857">
        <ele>7.5</ele>
      </trkpt>
      <trkpt lat="34.03722" lon="-118.60847">
        <ele>7.0</ele>
      </trkpt>
      <trkpt lat="34.03722" lon="-118.60846">
        <ele>7.0</ele>
      </trkpt>
      <trkpt lat="34.03727" lon="-118.60838">
        <ele>6.9</ele>
      </trkpt>
      <trkpt lat="34.03737" lon="-118.60821">
        <ele>6.7</ele>
      </trkpt>
      <trkpt lat="34.03742" lon="-118.60812">
        <ele>6.4</ele>
      </trkpt>
      <trkpt lat="34.03749" lon="-118.60802">
        <ele>6.2</ele>
      </trkpt>
      <trkpt lat="34.03778" lon="-118.60763">
        <ele>6.1</ele>
      </trkpt>
      <trkpt lat="34.03785" lon="-118.60754">
        <ele>6.0</ele>
      </trkpt>
      <trkpt lat="34.03802" lon="-118.60729">
        <ele>5.7</ele>
      </trkpt>
      <trkpt lat="34.03818" lon="-118.60707">
        <ele>5.9</ele>
      </trkpt>
      <trkpt lat="34.03826" lon="-118.60699">
        <ele>6.4</ele>
      </trkpt>
      <trkpt lat="34.03834" lon="-118.60684">
        <ele>6.3</ele>
      </trkpt>
      <trkpt lat="34.0384" lon="-118.6067">
        <ele>6.4</ele>
      </trkpt>
      <trkpt lat="34.03847" lon="-118.60653">
        <ele>6.6</ele>
      </trkpt>
      <trkpt lat="34.03853" lon="-118.60637">
        <ele>6.6</ele>
      </trkpt>
      <trkpt lat="34.03861" lon="-118.60616">
        <ele>6.5</ele>
      </trkpt>
      <trkpt lat="34.03867" lon="-118.60596">
        <ele>7.7</ele>
      </trkpt>
      <trkpt lat="34.03873" lon="-118.6058">
        <ele>11.6</ele>
      </trkpt>
      <trkpt lat="34.03879" lon="-118.60559">
        <ele>12.8</ele>
      </trkpt>
      <trkpt lat="34.03883" lon="-118.60548">
        <ele>12.7</ele>
      </trkpt>
      <trkpt lat="34.03885" lon="-118.60542">
        <ele>12.7</ele>
      </trkpt>
      <trkpt lat="34.039" lon="-118.60502">
        <ele>13.4</ele>
      </trkpt>
      <trkpt lat="34.03902" lon="-118.60494">
        <ele>13.1</ele>
      </trkpt>
      <trkpt lat="34.03904" lon="-118.60488">
        <ele>13.1</ele>
      </trkpt>
      <trkpt lat="34.03918" lon="-118.60449">
        <ele>12.9</ele>
      </trkpt>
      <trkpt lat="34.0392" lon="-118.60443">
        <ele>13.0</ele>
      </trkpt>
      <trkpt lat="34.03923" lon="-118.60435">
        <ele>13.2</ele>
      </trkpt>
      <trkpt lat="34.03926" lon="-118.60425">
        <ele>13.3</ele>
      </trkpt>
      <trkpt lat="34.03928" lon="-118.60417">
        <ele>13.2</ele>
      </trkpt>
      <trkpt lat="34.0393" lon="-118.60409">
        <ele>13.2</ele>
      </trkpt>
      <trkpt lat="34.03932" lon="-118.60402">
        <ele>13.3</ele>
      </trkpt>
      <trkpt lat="34.03938" lon="-118.60377">
        <ele>13.5</ele>
      </trkpt>
      <trkpt lat="34.0394" lon="-118.60367">
        <ele>13.5</ele>
      </trkpt>
      <trkpt lat="34.03941" lon="-118.60357">
        <ele>13.4</ele>
      </trkpt>
      <trkpt lat="34.03943" lon="-118.60348">
        <ele>13.3</ele>
      </trkpt>
      <trkpt lat="34.03944" lon="-118.60332">
        <ele>12.5</ele>
      </trkpt>
      <trkpt lat="34.03945" lon="-118.60322">
        <ele>12.4</ele>
      </trkpt>
      <trkpt lat="34.03945" lon="-118.60317">
        <ele>12.5</ele>
      </trkpt>
      <trkpt lat="34.03945" lon="-118.60314">
        <ele>12.5</ele>
      </trkpt>
      <trkpt lat="34.03945" lon="-118.60307">
        <ele>12.8</ele>
      </trkpt>
      <trkpt lat="34.03944" lon="-118.60292">
        <ele>13.3</ele>
      </trkpt>
      <trkpt lat="34.03944" lon="-118.60285">
        <ele>13.6</ele>
      </trkpt>
      <trkpt lat="34.03943" lon="-118.60275">
        <ele>13.4</ele>
      </trkpt>
      <trkpt lat="34.03943" lon="-118.6027">
        <ele>13.4</ele>
      </trkpt>
      <trkpt lat="34.03942" lon="-118.60252">
        <ele>13.3</ele>
      </trkpt>
      <trkpt lat="34.03942" lon="-118.60249">
        <ele>13.3</ele>
      </trkpt>
      <trkpt lat="34.03942" lon="-118.60248">
        <ele>13.3</ele>
      </trkpt>
      <trkpt lat="34.0394" lon="-118.60227">
        <ele>11.9</ele>
      </trkpt>
      <trkpt lat="34.03939" lon="-118.60203">
        <ele>7.4</ele>
      </trkpt>
      <trkpt lat="34.03939" lon="-118.60181">
        <ele>6.5</ele>
      </trkpt>
      <trkpt lat="34.03938" lon="-118.60163">
        <ele>6.6</ele>
      </trkpt>
      <trkpt lat="34.03938" lon="-118.60139">
        <ele>7.0</ele>
      </trkpt>
      <trkpt lat="34.03938" lon="-118.60113">
        <ele>7.6</ele>
      </trkpt>
      <trkpt lat="34.03938" lon="-118.60092">
        <ele>8.2</ele>
      </trkpt>
      <trkpt lat="34.03939" lon="-118.60075">
        <ele>9.1</ele>
      </trkpt>
      <trkpt lat="34.03941" lon="-118.60023">
        <ele>13.1</ele>
      </trkpt>
      <trkpt lat="34.03944" lon="-118.59967">
        <ele>10.0</ele>
      </trkpt>
      <trkpt lat="34.03948" lon="-118.59885">
        <ele>12.6</ele>
      </trkpt>
      <trkpt lat="34.03949" lon="-118.59883">
        <ele>13.6</ele>
      </trkpt>
      <trkpt lat="34.0395" lon="-118.59838">
        <ele>8.2</ele>
      </trkpt>
      <trkpt lat="34.03953" lon="-118.59791">
        <ele>8.0</ele>
      </trkpt>
      <trkpt lat="34.03953" lon="-118.59782">
        <ele>7.9</ele>
      </trkpt>
      <trkpt lat="34.03954" lon="-118.59769">
        <ele>8.3</ele>
      </trkpt>
      <trkpt lat="34.03954" lon="-118.59766">
        <ele>8.3</ele>
      </trkpt>
      <trkpt lat="34.03954" lon="-118.59763">
        <ele>8.3</ele>
      </trkpt>
      <trkpt lat="34.03956" lon="-118.59729">
        <ele>7.8</ele>
      </trkpt>
      <trkpt lat="34.03956" lon="-118.59721">
        <ele>7.1</ele>
      </trkpt>
      <trkpt lat="34.03956" lon="-118.5972">
        <ele>7.0</ele>
      </trkpt>
      <trkpt lat="34.03957" lon="-118.5971">
        <ele>6.6</ele>
      </trkpt>
      <trkpt lat="34.03957" lon="-118.59703">
        <ele>6.5</ele>
      </trkpt>
      <trkpt lat="34.03958" lon="-118.59701">
        <ele>6.6</ele>
      </trkpt>
      <trkpt lat="34.03958" lon="-118.59694">
        <ele>6.7</ele>
      </trkpt>
      <trkpt lat="34.03959" lon="-118.5969">
        <ele>6.8</ele>
      </trkpt>
      <trkpt lat="34.03959" lon="-118.59686">
        <ele>6.9</ele>
      </trkpt>
      <trkpt lat="34.0396" lon="-118.59681">
        <ele>7.1</ele>
      </trkpt>
      <trkpt lat="34.03964" lon="-118.59656">
        <ele>7.6</ele>
      </trkpt>
      <trkpt lat="34.03969" lon="-118.59637">
        <ele>7.5</ele>
      </trkpt>
      <trkpt lat="34.03969" lon="-118.59635">
        <ele>7.4</ele>
      </trkpt>
      <trkpt lat="34.0397" lon="-118.5963">
        <ele>7.1</ele>
      </trkpt>
      <trkpt lat="34.03974" lon="-118.59617">
        <ele>7.7</ele>
      </trkpt>
      <trkpt lat="34.0398" lon="-118.59597">
        <ele>7.0</ele>
      </trkpt>
      <trkpt lat="34.03982" lon="-118.5959">
        <ele>7.2</ele>
      </trkpt>
      <trkpt lat="34.03986" lon="-118.59576">
        <ele>7.3</ele>
      </trkpt>
      <trkpt lat="34.03988" lon="-118.59569">
        <ele>7.0</ele>
      </trkpt>
      <trkpt lat="34.03988" lon="-118.59568">
        <ele>6.9</ele>
      </trkpt>
      <trkpt lat="34.03992" lon="-118.59552">
        <ele>7.6</ele>
      </trkpt>
      <trkpt lat="34.03996" lon="-118.59533">
        <ele>8.3</ele>
      </trkpt>
      <trkpt lat="34.04" lon="-118.59503">
        <ele>7.1</ele>
      </trkpt>
      <trkpt lat="34.04001" lon="-118.5949">
        <ele>7.5</ele>
      </trkpt>
      <trkpt lat="34.04001" lon="-118.59476">
        <ele>7.9</ele>
      </trkpt>
      <trkpt lat="34.04001" lon="-118.59451">
        <ele>9.9</ele>
      </trkpt>
      <trkpt lat="34.04001" lon="-118.59448">
        <ele>10.0</ele>
      </trkpt>
      <trkpt lat="34.03999" lon="-118.59431">
        <ele>9.2</ele>
      </trkpt>
      <trkpt lat="34.03999" lon="-118.59427">
        <ele>9.4</ele>
      </trkpt>
      <trkpt lat="34.03998" lon="-118.59419">
        <ele>9.5</ele>
      </trkpt>
      <trkpt lat="34.03996" lon="-118.59401">
        <ele>10.0</ele>
      </trkpt>
      <trkpt lat="34.03993" lon="-118.5937">
        <ele>11.5</ele>
      </trkpt>
      <trkpt lat="34.03992" lon="-118.5934">
        <ele>10.7</ele>
      </trkpt>
      <trkpt lat="34.03991" lon="-118.59325">
        <ele>9.4</ele>
      </trkpt>
      <trkpt lat="34.03991" lon="-118.59319">
        <ele>9.0</ele>
      </trkpt>
      <trkpt lat="34.03993" lon="-118.59301">
        <ele>9.2</ele>
      </trkpt>
      <trkpt lat="34.03993" lon="-118.59297">
        <ele>8.9</ele>
      </trkpt>
      <trkpt lat="34.03994" lon="-118.59288">
        <ele>8.8</ele>
      </trkpt>
      <trkpt lat="34.03995" lon="-118.59276">
        <ele>8.7</ele>
      </trkpt>
      <trkpt lat="34.03995" lon="-118.59273">
        <ele>8.6</ele>
      </trkpt>
      <trkpt lat="34.03995" lon="-118.59268">
        <ele>8.5</ele>
      </trkpt>
      <trkpt lat="34.03995" lon="-118.59267">
        <ele>8.4</ele>
      </trkpt>
      <trkpt lat="34.03996" lon="-118.59256">
        <ele>8.2</ele>
      </trkpt>
      <trkpt lat="34.03997" lon="-118.59235">
        <ele>8.0</ele>
      </trkpt>
      <trkpt lat="34.03996" lon="-118.59206">
        <ele>9.2</ele>
      </trkpt>
      <trkpt lat="34.03995" lon="-118.59191">
        <ele>11.1</ele>
      </trkpt>
      <trkpt lat="34.0399" lon="-118.59162">
        <ele>9.3</ele>
      </trkpt>
      <trkpt lat="34.03987" lon="-118.59146">
        <ele>8.8</ele>
      </trkpt>
      <trkpt lat="34.03986" lon="-118.59138">
        <ele>9.6</ele>
      </trkpt>
      <trkpt lat="34.03985" lon="-118.59137">
        <ele>9.3</ele>
      </trkpt>
      <trkpt lat="34.03983" lon="-118.59128">
        <ele>9.3</ele>
      </trkpt>
      <trkpt lat="34.03983" lon="-118.59125">
        <ele>9.6</ele>
      </trkpt>
      <trkpt lat="34.03981" lon="-118.59117">
        <ele>8.8</ele>
      </trkpt>
      <trkpt lat="34.03981" lon="-118.59116">
        <ele>8.9</ele>
      </trkpt>
      <trkpt lat="34.03978" lon="-118.59102">
        <ele>10.2</ele>
      </trkpt>
      <trkpt lat="34.03968" lon="-118.59056">
        <ele>10.4</ele>
      </trkpt>
      <trkpt lat="34.03962" lon="-118.59031">
        <ele>8.1</ele>
      </trkpt>
      <trkpt lat="34.03956" lon="-118.59">
        <ele>8.4</ele>
      </trkpt>
      <trkpt lat="34.03952" lon="-118.58979">
        <ele>6.3</ele>
      </trkpt>
      <trkpt lat="34.03951" lon="-118.58976">
        <ele>5.9</ele>
      </trkpt>
      <trkpt lat="34.03951" lon="-118.58974">
        <ele>5.8</ele>
      </trkpt>
      <trkpt lat="34.03949" lon="-118.58963">
        <ele>5.0</ele>
      </trkpt>
      <trkpt lat="34.03948" lon="-118.58959">
        <ele>5.0</ele>
      </trkpt>
      <trkpt lat="34.03946" lon="-118.58947">
        <ele>5.2</ele>
      </trkpt>
      <trkpt lat="34.03944" lon="-118.58927">
        <ele>6.7</ele>
      </trkpt>
      <trkpt lat="34.03944" lon="-118.58924">
        <ele>7.0</ele>
      </trkpt>
      <trkpt lat="34.03943" lon="-118.58921">
        <ele>7.2</ele>
      </trkpt>
      <trkpt lat="34.03943" lon="-118.58917">
        <ele>7.6</ele>
      </trkpt>
      <trkpt lat="34.03943" lon="-118.58914">
        <ele>7.8</ele>
      </trkpt>
      <trkpt lat="34.03943" lon="-118.58911">
        <ele>8.0</ele>
      </trkpt>
      <trkpt lat="34.03943" lon="-118.58907">
        <ele>8.3</ele>
      </trkpt>
      <trkpt lat="34.03942" lon="-118.58886">
        <ele>9.4</ele>
      </trkpt>
      <trkpt lat="34.03942" lon="-118.58863">
        <ele>13.2</ele>
      </trkpt>
      <trkpt lat="34.03941" lon="-118.58847">
        <ele>14.0</ele>
      </trkpt>
      <trkpt lat="34.03941" lon="-118.58845">
        <ele>14.1</ele>
      </trkpt>
      <trkpt lat="34.03939" lon="-118.58811">
        <ele>15.7</ele>
      </trkpt>
      <trkpt lat="34.03938" lon="-118.58802">
        <ele>15.7</ele>
      </trkpt>
      <trkpt lat="34.03936" lon="-118.58793">
        <ele>15.1</ele>
      </trkpt>
      <trkpt lat="34.03935" lon="-118.58785">
        <ele>15.3</ele>
      </trkpt>
      <trkpt lat="34.03934" lon="-118.5878">
        <ele>15.8</ele>
      </trkpt>
      <trkpt lat="34.03933" lon="-118.58776">
        <ele>16.0</ele>
      </trkpt>
      <trkpt lat="34.03932" lon="-118.58773">
        <ele>16.1</ele>
      </trkpt>
      <trkpt lat="34.03931" lon="-118.58767">
        <ele>16.4</ele>
      </trkpt>
      <trkpt lat="34.03928" lon="-118.58756">
        <ele>16.3</ele>
      </trkpt>
      <trkpt lat="34.03928" lon="-118.58755">
        <ele>16.4</ele>
      </trkpt>
      <trkpt lat="34.03903" lon="-118.58662">
        <ele>13.9</ele>
      </trkpt>
      <trkpt lat="34.03895" lon="-118.58632">
        <ele>14.0</ele>
      </trkpt>
      <trkpt lat="34.03889" lon="-118.58608">
        <ele>14.0</ele>
      </trkpt>
      <trkpt lat="34.03886" lon="-118.58592">
        <ele>14.1</ele>
      </trkpt>
      <trkpt lat="34.03886" lon="-118.5859">
        <ele>14.1</ele>
      </trkpt>
      <trkpt lat="34.03885" lon="-118.58588">
        <ele>14.0</ele>
      </trkpt>
      <trkpt lat="34.03884" lon="-118.58581">
        <ele>14.1</ele>
      </trkpt>
      <trkpt lat="34.03884" lon="-118.58579">
        <ele>14.2</ele>
      </trkpt>
      <trkpt lat="34.03883" lon="-118.58573">
        <ele>14.2</ele>
      </trkpt>
      <trkpt lat="34.03881" lon="-118.58557">
        <ele>14.5</ele>
      </trkpt>
      <trkpt lat="34.0388" lon="-118.58554">
        <ele>14.4</ele>
      </trkpt>
      <trkpt lat="34.03879" lon="-118.58551">
        <ele>14.2</ele>
      </trkpt>
      <trkpt lat="34.03879" lon="-118.58548">
        <ele>14.3</ele>
      </trkpt>
      <trkpt lat="34.03878" lon="-118.58544">
        <ele>14.2</ele>
      </trkpt>
      <trkpt lat="34.03878" lon="-118.58542">
        <ele>14.2</ele>
      </trkpt>
      <trkpt lat="34.03878" lon="-118.58541">
        <ele>14.2</ele>
      </trkpt>
      <trkpt lat="34.03878" lon="-118.58538">
        <ele>14.2</ele>
      </trkpt>
      <trkpt lat="34.03877" lon="-118.58535">
        <ele>14.0</ele>
      </trkpt>
      <trkpt lat="34.03877" lon="-118.58516">
        <ele>13.5</ele>
      </trkpt>
      <trkpt lat="34.03876" lon="-118.5851">
        <ele>13.0</ele>
      </trkpt>
      <trkpt lat="34.03876" lon="-118.58495">
        <ele>12.3</ele>
      </trkpt>
      <trkpt lat="34.03877" lon="-118.58484">
        <ele>12.2</ele>
      </trkpt>
      <trkpt lat="34.03877" lon="-118.58476">
        <ele>12.1</ele>
      </trkpt>
      <trkpt lat="34.03877" lon="-118.58474">
        <ele>12.1</ele>
      </trkpt>
      <trkpt lat="34.03878" lon="-118.58467">
        <ele>12.1</ele>
      </trkpt>
      <trkpt lat="34.03879" lon="-118.58454">
        <ele>12.0</ele>
      </trkpt>
      <trkpt lat="34.0388" lon="-118.58446">
        <ele>12.1</ele>
      </trkpt>
      <trkpt lat="34.03882" lon="-118.58438">
        <ele>12.2</ele>
      </trkpt>
      <trkpt lat="34.03883" lon="-118.5843">
        <ele>12.2</ele>
      </trkpt>
      <trkpt lat="34.03887" lon="-118.58413">
        <ele>12.1</ele>
      </trkpt>
      <trkpt lat="34.03892" lon="-118.58398">
        <ele>11.9</ele>
      </trkpt>
      <trkpt lat="34.03894" lon="-118.58389">
        <ele>11.5</ele>
      </trkpt>
      <trkpt lat="34.03902" lon="-118.58364">
        <ele>10.6</ele>
      </trkpt>
      <trkpt lat="34.03907" lon="-118.58347">
        <ele>9.7</ele>
      </trkpt>
      <trkpt lat="34.03911" lon="-118.58331">
        <ele>9.6</ele>
      </trkpt>
      <trkpt lat="34.03913" lon="-118.58326">
        <ele>9.6</ele>
      </trkpt>
      <trkpt lat="34.03914" lon="-118.5832">
        <ele>9.5</ele>
      </trkpt>
      <trkpt lat="34.03917" lon="-118.58311">
        <ele>9.5</ele>
      </trkpt>
      <trkpt lat="34.0392" lon="-118.58301">
        <ele>9.5</ele>
      </trkpt>
      <trkpt lat="34.03921" lon="-118.58297">
        <ele>9.5</ele>
      </trkpt>
      <trkpt lat="34.03923" lon="-118.58293">
        <ele>9.4</ele>
      </trkpt>
      <trkpt lat="34.03925" lon="-118.58285">
        <ele>9.4</ele>
      </trkpt>
      <trkpt lat="34.03927" lon="-118.58278">
        <ele>9.4</ele>
      </trkpt>
      <trkpt lat="34.03929" lon="-118.58271">
        <ele>9.4</ele>
      </trkpt>
      <trkpt lat="34.03935" lon="-118.58252">
        <ele>9.5</ele>
      </trkpt>
      <trkpt lat="34.03936" lon="-118.58248">
        <ele>9.5</ele>
      </trkpt>
      <trkpt lat="34.03937" lon="-118.58242">
        <ele>9.6</ele>
      </trkpt>
      <trkpt lat="34.03945" lon="-118.58217">
        <ele>10.0</ele>
      </trkpt>
      <trkpt lat="34.03947" lon="-118.58208">
        <ele>10.1</ele>
      </trkpt>
      <trkpt lat="34.03948" lon="-118.58205">
        <ele>10.2</ele>
      </trkpt>
      <trkpt lat="34.03951" lon="-118.58196">
        <ele>10.5</ele>
      </trkpt>
      <trkpt lat="34.03954" lon="-118.58187">
        <ele>10.8</ele>
      </trkpt>
      <trkpt lat="34.03956" lon="-118.58178">
        <ele>11.0</ele>
      </trkpt>
      <trkpt lat="34.03957" lon="-118.58175">
        <ele>11.1</ele>
      </trkpt>
      <trkpt lat="34.03959" lon="-118.58169">
        <ele>11.5</ele>
      </trkpt>
      <trkpt lat="34.03971" lon="-118.58128">
        <ele>13.3</ele>
      </trkpt>
      <trkpt lat="34.03972" lon="-118.58126">
        <ele>13.5</ele>
      </trkpt>
      <trkpt lat="34.03973" lon="-118.58123">
        <ele>13.5</ele>
      </trkpt>
      <trkpt lat="34.03976" lon="-118.5811">
        <ele>13.6</ele>
      </trkpt>
      <trkpt lat="34.03979" lon="-118.58099">
        <ele>13.5</ele>
      </trkpt>
      <trkpt lat="34.0398" lon="-118.58098">
        <ele>13.6</ele>
      </trkpt>
      <trkpt lat="34.0398" lon="-118.58098">
        <ele>13.6</ele>
      </trkpt>
      <trkpt lat="34.03981" lon="-118.58093">
        <ele>13.4</ele>
      </trkpt>
      <trkpt lat="34.03982" lon="-118.58091">
        <ele>13.7</ele>
      </trkpt>
      <trkpt lat="34.03982" lon="-118.58089">
        <ele>13.6</ele>
      </trkpt>
      <trkpt lat="34.03986" lon="-118.58076">
        <ele>13.9</ele>
      </trkpt>
      <trkpt lat="34.0399" lon="-118.58063">
        <ele>13.8</ele>
      </trkpt>
      <trkpt lat="34.03994" lon="-118.58047">
        <ele>15.0</ele>
      </trkpt>
      <trkpt lat="34.03995" lon="-118.58043">
        <ele>14.9</ele>
      </trkpt>
      <trkpt lat="34.03998" lon="-118.58033">
        <ele>14.5</ele>
      </trkpt>
      <trkpt lat="34.04001" lon="-118.58023">
        <ele>14.3</ele>
      </trkpt>
      <trkpt lat="34.04001" lon="-118.58021">
        <ele>14.2</ele>
      </trkpt>
      <trkpt lat="34.04001" lon="-118.5802">
        <ele>14.1</ele>
      </trkpt>
      <trkpt lat="34.04004" lon="-118.58006">
        <ele>13.2</ele>
      </trkpt>
      <trkpt lat="34.04005" lon="-118.57999">
        <ele>12.7</ele>
      </trkpt>
      <trkpt lat="34.04006" lon="-118.57992">
        <ele>12.2</ele>
      </trkpt>
      <trkpt lat="34.04007" lon="-118.5799">
        <ele>12.1</ele>
      </trkpt>
      <trkpt lat="34.04008" lon="-118.57977">
        <ele>11.6</ele>
      </trkpt>
      <trkpt lat="34.04009" lon="-118.57967">
        <ele>11.5</ele>
      </trkpt>
      <trkpt lat="34.0401" lon="-118.57957">
        <ele>11.7</ele>
      </trkpt>
      <trkpt lat="34.0401" lon="-118.57949">
        <ele>11.9</ele>
      </trkpt>
      <trkpt lat="34.04007" lon="-118.57939">
        <ele>12.1</ele>
      </trkpt>
      <trkpt lat="34.04007" lon="-118.57927">
        <ele>12.7</ele>
      </trkpt>
      <trkpt lat="34.04007" lon="-118.57903">
        <ele>13.8</ele>
      </trkpt>
      <trkpt lat="34.04007" lon="-118.57838">
        <ele>14.4</ele>
      </trkpt>
      <trkpt lat="34.04007" lon="-118.5781">
        <ele>13.7</ele>
      </trkpt>
      <trkpt lat="34.04007" lon="-118.578">
        <ele>12.4</ele>
      </trkpt>
      <trkpt lat="34.04006" lon="-118.57793">
        <ele>10.7</ele>
      </trkpt>
      <trkpt lat="34.04005" lon="-118.57778">
        <ele>8.5</ele>
      </trkpt>
      <trkpt lat="34.04004" lon="-118.57769">
        <ele>7.8</ele>
      </trkpt>
      <trkpt lat="34.04003" lon="-118.5776">
        <ele>7.4</ele>
      </trkpt>
      <trkpt lat="34.04002" lon="-118.5775">
        <ele>7.3</ele>
      </trkpt>
      <trkpt lat="34.04001" lon="-118.57743">
        <ele>7.1</ele>
      </trkpt>
      <trkpt lat="34.03999" lon="-118.5773">
        <ele>6.9</ele>
      </trkpt>
      <trkpt lat="34.03997" lon="-118.57721">
        <ele>6.9</ele>
      </trkpt>
      <trkpt lat="34.03995" lon="-118.57706">
        <ele>7.0</ele>
      </trkpt>
      <trkpt lat="34.03994" lon="-118.57697">
        <ele>7.2</ele>
      </trkpt>
      <trkpt lat="34.03993" lon="-118.5769">
        <ele>7.2</ele>
      </trkpt>
      <trkpt lat="34.03992" lon="-118.57683">
        <ele>7.2</ele>
      </trkpt>
      <trkpt lat="34.03991" lon="-118.57675">
        <ele>7.3</ele>
      </trkpt>
      <trkpt lat="34.03991" lon="-118.57667">
        <ele>7.6</ele>
      </trkpt>
      <trkpt lat="34.03991" lon="-118.57653">
        <ele>8.0</ele>
      </trkpt>
      <trkpt lat="34.03991" lon="-118.57641">
        <ele>8.3</ele>
      </trkpt>
      <trkpt lat="34.03993" lon="-118.57626">
        <ele>12.2</ele>
      </trkpt>
      <trkpt lat="34.03993" lon="-118.57624">
        <ele>12.0</ele>
      </trkpt>
      <trkpt lat="34.03994" lon="-118.57614">
        <ele>12.3</ele>
      </trkpt>
      <trkpt lat="34.03999" lon="-118.57606">
        <ele>15.7</ele>
      </trkpt>
      <trkpt lat="34.04" lon="-118.57603">
        <ele>14.6</ele>
      </trkpt>
      <trkpt lat="34.04002" lon="-118.57597">
        <ele>14.6</ele>
      </trkpt>
      <trkpt lat="34.04002" lon="-118.57596">
        <ele>14.0</ele>
      </trkpt>
      <trkpt lat="34.04003" lon="-118.57591">
        <ele>13.1</ele>
      </trkpt>
      <trkpt lat="34.04005" lon="-118.57582">
        <ele>11.3</ele>
      </trkpt>
      <trkpt lat="34.04006" lon="-118.57577">
        <ele>9.9</ele>
      </trkpt>
      <trkpt lat="34.04009" lon="-118.57569">
        <ele>8.5</ele>
      </trkpt>
      <trkpt lat="34.04011" lon="-118.57563">
        <ele>8.6</ele>
      </trkpt>
      <trkpt lat="34.04014" lon="-118.57555">
        <ele>8.1</ele>
      </trkpt>
      <trkpt lat="34.04017" lon="-118.57548">
        <ele>7.7</ele>
      </trkpt>
      <trkpt lat="34.0402" lon="-118.57543">
        <ele>8.1</ele>
      </trkpt>
      <trkpt lat="34.04023" lon="-118.57537">
        <ele>8.0</ele>
      </trkpt>
      <trkpt lat="34.04025" lon="-118.57533">
        <ele>7.8</ele>
      </trkpt>
      <trkpt lat="34.04026" lon="-118.57531">
        <ele>7.6</ele>
      </trkpt>
      <trkpt lat="34.0403" lon="-118.57525">
        <ele>8.0</ele>
      </trkpt>
      <trkpt lat="34.04034" lon="-118.57518">
        <ele>7.8</ele>
      </trkpt>
      <trkpt lat="34.04042" lon="-118.57503">
        <ele>8.0</ele>
      </trkpt>
      <trkpt lat="34.04044" lon="-118.57501">
        <ele>7.9</ele>
      </trkpt>
      <trkpt lat="34.04051" lon="-118.57489">
        <ele>8.4</ele>
      </trkpt>
      <trkpt lat="34.04069" lon="-118.57463">
        <ele>7.8</ele>
      </trkpt>
      <trkpt lat="34.04075" lon="-118.57452">
        <ele>7.5</ele>
      </trkpt>
      <trkpt lat="34.04088" lon="-118.57431">
        <ele>8.9</ele>
      </trkpt>
      <trkpt lat="34.04095" lon="-118.5742">
        <ele>8.2</ele>
      </trkpt>
      <trkpt lat="34.041" lon="-118.5741">
        <ele>7.6</ele>
      </trkpt>
      <trkpt lat="34.04105" lon="-118.57403">
        <ele>8.1</ele>
      </trkpt>
      <trkpt lat="34.04109" lon="-118.57394">
        <ele>7.6</ele>
      </trkpt>
      <trkpt lat="34.04121" lon="-118.57369">
        <ele>8.4</ele>
      </trkpt>
      <trkpt lat="34.04124" lon="-118.57364">
        <ele>9.4</ele>
      </trkpt>
      <trkpt lat="34.04128" lon="-118.57356">
        <ele>8.7</ele>
      </trkpt>
      <trkpt lat="34.04129" lon="-118.57353">
        <ele>8.1</ele>
      </trkpt>
      <trkpt lat="34.04137" lon="-118.57336">
        <ele>7.6</ele>
      </trkpt>
      <trkpt lat="34.04142" lon="-118.57324">
        <ele>7.3</ele>
      </trkpt>
      <trkpt lat="34.04143" lon="-118.57321">
        <ele>7.3</ele>
      </trkpt>
      <trkpt lat="34.04147" lon="-118.57312">
        <ele>7.2</ele>
      </trkpt>
      <trkpt lat="34.0415" lon="-118.57304">
        <ele>7.6</ele>
      </trkpt>
      <trkpt lat="34.04152" lon="-118.57297">
        <ele>7.5</ele>
      </trkpt>
      <trkpt lat="34.04174" lon="-118.57236">
        <ele>8.5</ele>
      </trkpt>
      <trkpt lat="34.0418" lon="-118.57221">
        <ele>10.1</ele>
      </trkpt>
      <trkpt lat="34.04183" lon="-118.57211">
        <ele>8.9</ele>
      </trkpt>
      <trkpt lat="34.04185" lon="-118.57204">
        <ele>7.9</ele>
      </trkpt>
      <trkpt lat="34.04187" lon="-118.57198">
        <ele>8.9</ele>
      </trkpt>
      <trkpt lat="34.04189" lon="-118.57191">
        <ele>9.5</ele>
      </trkpt>
      <trkpt lat="34.04192" lon="-118.57181">
        <ele>9.3</ele>
      </trkpt>
      <trkpt lat="34.04193" lon="-118.57174">
        <ele>8.4</ele>
      </trkpt>
      <trkpt lat="34.04195" lon="-118.57165">
        <ele>7.8</ele>
      </trkpt>
      <trkpt lat="34.04198" lon="-118.57154">
        <ele>8.2</ele>
      </trkpt>
      <trkpt lat="34.042" lon="-118.57141">
        <ele>8.6</ele>
      </trkpt>
      <trkpt lat="34.04201" lon="-118.57136">
        <ele>8.9</ele>
      </trkpt>
      <trkpt lat="34.04203" lon="-118.57127">
        <ele>9.3</ele>
      </trkpt>
      <trkpt lat="34.04204" lon="-118.57117">
        <ele>9.6</ele>
      </trkpt>
      <trkpt lat="34.04205" lon="-118.57108">
        <ele>10.4</ele>
      </trkpt>
      <trkpt lat="34.04206" lon="-118.57101">
        <ele>11.5</ele>
      </trkpt>
      <trkpt lat="34.04207" lon="-118.57089">
        <ele>12.6</ele>
      </trkpt>
      <trkpt lat="34.04208" lon="-118.57077">
        <ele>13.9</ele>
      </trkpt>
      <trkpt lat="34.04209" lon="-118.57066">
        <ele>14.5</ele>
      </trkpt>
      <trkpt lat="34.04209" lon="-118.57058">
        <ele>13.3</ele>
      </trkpt>
      <trkpt lat="34.0421" lon="-118.57049">
        <ele>12.1</ele>
      </trkpt>
      <trkpt lat="34.0421" lon="-118.57045">
        <ele>11.0</ele>
      </trkpt>
      <trkpt lat="34.0421" lon="-118.57038">
        <ele>8.7</ele>
      </trkpt>
      <trkpt lat="34.0421" lon="-118.57032">
        <ele>7.9</ele>
      </trkpt>
      <trkpt lat="34.0421" lon="-118.57031">
        <ele>7.8</ele>
      </trkpt>
      <trkpt lat="34.0421" lon="-118.57023">
        <ele>8.9</ele>
      </trkpt>
      <trkpt lat="34.0421" lon="-118.5701">
        <ele>13.6</ele>
      </trkpt>
      <trkpt lat="34.0421" lon="-118.57009">
        <ele>14.0</ele>
      </trkpt>
      <trkpt lat="34.04209" lon="-118.5699">
        <ele>17.5</ele>
      </trkpt>
      <trkpt lat="34.04209" lon="-118.56988">
        <ele>17.6</ele>
      </trkpt>
      <trkpt lat="34.04209" lon="-118.56977">
        <ele>16.6</ele>
      </trkpt>
      <trkpt lat="34.04208" lon="-118.56968">
        <ele>13.3</ele>
      </trkpt>
      <trkpt lat="34.04208" lon="-118.56956">
        <ele>12.8</ele>
      </trkpt>
      <trkpt lat="34.04206" lon="-118.56942">
        <ele>12.7</ele>
      </trkpt>
      <trkpt lat="34.04206" lon="-118.56938">
        <ele>13.2</ele>
      </trkpt>
      <trkpt lat="34.04204" lon="-118.56929">
        <ele>10.7</ele>
      </trkpt>
      <trkpt lat="34.04198" lon="-118.56915">
        <ele>7.4</ele>
      </trkpt>
      <trkpt lat="34.04197" lon="-118.56913">
        <ele>7.2</ele>
      </trkpt>
      <trkpt lat="34.04197" lon="-118.56906">
        <ele>7.2</ele>
      </trkpt>
      <trkpt lat="34.04193" lon="-118.56882">
        <ele>7.0</ele>
      </trkpt>
      <trkpt lat="34.04184" lon="-118.5681">
        <ele>8.2</ele>
      </trkpt>
      <trkpt lat="34.04184" lon="-118.56807">
        <ele>8.3</ele>
      </trkpt>
      <trkpt lat="34.04181" lon="-118.56788">
        <ele>8.1</ele>
      </trkpt>
      <trkpt lat="34.04181" lon="-118.56787">
        <ele>8.1</ele>
      </trkpt>
      <trkpt lat="34.04178" lon="-118.56768">
        <ele>6.7</ele>
      </trkpt>
      <trkpt lat="34.04176" lon="-118.56753">
        <ele>6.0</ele>
      </trkpt>
      <trkpt lat="34.04174" lon="-118.56737">
        <ele>6.2</ele>
      </trkpt>
      <trkpt lat="34.04173" lon="-118.56732">
        <ele>6.4</ele>
      </trkpt>
      <trkpt lat="34.0417" lon="-118.56709">
        <ele>8.1</ele>
      </trkpt>
      <trkpt lat="34.04163" lon="-118.56667">
        <ele>14.5</ele>
      </trkpt>
      <trkpt lat="34.04159" lon="-118.56645">
        <ele>15.8</ele>
      </trkpt>
      <trkpt lat="34.04156" lon="-118.5663">
        <ele>16.1</ele>
      </trkpt>
      <trkpt lat="34.04153" lon="-118.56615">
        <ele>17.4</ele>
      </trkpt>
      <trkpt lat="34.04149" lon="-118.56597">
        <ele>16.6</ele>
      </trkpt>
      <trkpt lat="34.04143" lon="-118.56576">
        <ele>16.2</ele>
      </trkpt>
      <trkpt lat="34.04138" lon="-118.56553">
        <ele>14.5</ele>
      </trkpt>
      <trkpt lat="34.04136" lon="-118.56543">
        <ele>14.7</ele>
      </trkpt>
      <trkpt lat="34.04135" lon="-118.56538">
        <ele>14.9</ele>
      </trkpt>
      <trkpt lat="34.04133" lon="-118.56522">
        <ele>15.8</ele>
      </trkpt>
      <trkpt lat="34.04133" lon="-118.56519">
        <ele>16.1</ele>
      </trkpt>
      <trkpt lat="34.04132" lon="-118.56517">
        <ele>15.5</ele>
      </trkpt>
      <trkpt lat="34.04132" lon="-118.56506">
        <ele>16.3</ele>
      </trkpt>
      <trkpt lat="34.04132" lon="-118.56505">
        <ele>16.3</ele>
      </trkpt>
      <trkpt lat="34.04131" lon="-118.56496">
        <ele>15.3</ele>
      </trkpt>
      <trkpt lat="34.04131" lon="-118.56495">
        <ele>15.3</ele>
      </trkpt>
      <trkpt lat="34.04131" lon="-118.56484">
        <ele>15.3</ele>
      </trkpt>
      <trkpt lat="34.04131" lon="-118.56473">
        <ele>15.2</ele>
      </trkpt>
      <trkpt lat="34.0413" lon="-118.56458">
        <ele>13.8</ele>
      </trkpt>
      <trkpt lat="34.0413" lon="-118.56454">
        <ele>13.7</ele>
      </trkpt>
      <trkpt lat="34.0413" lon="-118.56452">
        <ele>13.6</ele>
      </trkpt>
      <trkpt lat="34.0413" lon="-118.56443">
        <ele>13.3</ele>
      </trkpt>
      <trkpt lat="34.0413" lon="-118.56441">
        <ele>13.3</ele>
      </trkpt>
      <trkpt lat="34.04129" lon="-118.5643">
        <ele>12.8</ele>
      </trkpt>
      <trkpt lat="34.04129" lon="-118.56425">
        <ele>12.7</ele>
      </trkpt>
      <trkpt lat="34.04127" lon="-118.56411">
        <ele>12.3</ele>
      </trkpt>
      <trkpt lat="34.04124" lon="-118.56395">
        <ele>11.9</ele>
      </trkpt>
      <trkpt lat="34.04124" lon="-118.56392">
        <ele>12.0</ele>
      </trkpt>
      <trkpt lat="34.04124" lon="-118.5639">
        <ele>12.1</ele>
      </trkpt>
      <trkpt lat="34.04123" lon="-118.56389">
        <ele>11.9</ele>
      </trkpt>
      <trkpt lat="34.04123" lon="-118.56388">
        <ele>12.0</ele>
      </trkpt>
      <trkpt lat="34.04122" lon="-118.56381">
        <ele>12.0</ele>
      </trkpt>
      <trkpt lat="34.04121" lon="-118.56377">
        <ele>12.1</ele>
      </trkpt>
      <trkpt lat="34.04118" lon="-118.56364">
        <ele>12.2</ele>
      </trkpt>
      <trkpt lat="34.04114" lon="-118.56351">
        <ele>12.2</ele>
      </trkpt>
      <trkpt lat="34.04109" lon="-118.56334">
        <ele>12.7</ele>
      </trkpt>
      <trkpt lat="34.04103" lon="-118.56319">
        <ele>13.2</ele>
      </trkpt>
      <trkpt lat="34.04098" lon="-118.56307">
        <ele>13.7</ele>
      </trkpt>
      <trkpt lat="34.04093" lon="-118.56297">
        <ele>13.9</ele>
      </trkpt>
      <trkpt lat="34.04091" lon="-118.56293">
        <ele>14.0</ele>
      </trkpt>
      <trkpt lat="34.0409" lon="-118.5629">
        <ele>14.2</ele>
      </trkpt>
      <trkpt lat="34.04089" lon="-118.56288">
        <ele>14.2</ele>
      </trkpt>
      <trkpt lat="34.04077" lon="-118.56265">
        <ele>15.0</ele>
      </trkpt>
      <trkpt lat="34.04074" lon="-118.5626">
        <ele>15.1</ele>
      </trkpt>
      <trkpt lat="34.0407" lon="-118.56252">
        <ele>15.5</ele>
      </trkpt>
      <trkpt lat="34.04063" lon="-118.56238">
        <ele>16.2</ele>
      </trkpt>
      <trkpt lat="34.04057" lon="-118.56224">
        <ele>16.8</ele>
      </trkpt>
      <trkpt lat="34.04051" lon="-118.5621">
        <ele>17.2</ele>
      </trkpt>
      <trkpt lat="34.04046" lon="-118.56195">
        <ele>17.4</ele>
      </trkpt>
      <trkpt lat="34.04042" lon="-118.56182">
        <ele>16.6</ele>
      </trkpt>
      <trkpt lat="34.04037" lon="-118.56167">
        <ele>13.8</ele>
      </trkpt>
      <trkpt lat="34.04032" lon="-118.56151">
        <ele>11.7</ele>
      </trkpt>
      <trkpt lat="34.0403" lon="-118.56142">
        <ele>10.8</ele>
      </trkpt>
      <trkpt lat="34.04026" lon="-118.56132">
        <ele>9.9</ele>
      </trkpt>
      <trkpt lat="34.04014" lon="-118.56091">
        <ele>9.3</ele>
      </trkpt>
      <trkpt lat="34.04013" lon="-118.56088">
        <ele>9.1</ele>
      </trkpt>
      <trkpt lat="34.0401" lon="-118.56075">
        <ele>8.1</ele>
      </trkpt>
      <trkpt lat="34.04003" lon="-118.56054">
        <ele>7.5</ele>
      </trkpt>
      <trkpt lat="34.04002" lon="-118.56049">
        <ele>7.7</ele>
      </trkpt>
      <trkpt lat="34.04001" lon="-118.56047">
        <ele>7.6</ele>
      </trkpt>
      <trkpt lat="34.0399" lon="-118.56011">
        <ele>8.8</ele>
      </trkpt>
      <trkpt lat="34.03981" lon="-118.55985">
        <ele>9.3</ele>
      </trkpt>
      <trkpt lat="34.0398" lon="-118.55982">
        <ele>9.7</ele>
      </trkpt>
      <trkpt lat="34.03973" lon="-118.55959">
        <ele>9.2</ele>
      </trkpt>
      <trkpt lat="34.03967" lon="-118.55943">
        <ele>9.2</ele>
      </trkpt>
      <trkpt lat="34.03959" lon="-118.55921">
        <ele>9.1</ele>
      </trkpt>
      <trkpt lat="34.03959" lon="-118.5592">
        <ele>9.2</ele>
      </trkpt>
      <trkpt lat="34.03956" lon="-118.55913">
        <ele>8.8</ele>
      </trkpt>
      <trkpt lat="34.03954" lon="-118.55907">
        <ele>8.7</ele>
      </trkpt>
      <trkpt lat="34.03947" lon="-118.55891">
        <ele>8.5</ele>
      </trkpt>
      <trkpt lat="34.03942" lon="-118.55879">
        <ele>8.2</ele>
      </trkpt>
      <trkpt lat="34.03935" lon="-118.55863">
        <ele>7.8</ele>
      </trkpt>
      <trkpt lat="34.03934" lon="-118.5586">
        <ele>7.9</ele>
      </trkpt>
      <trkpt lat="34.03931" lon="-118.55855">
        <ele>7.8</ele>
      </trkpt>
      <trkpt lat="34.0393" lon="-118.55851">
        <ele>8.0</ele>
      </trkpt>
      <trkpt lat="34.03926" lon="-118.55843">
        <ele>7.5</ele>
      </trkpt>
      <trkpt lat="34.03923" lon="-118.55836">
        <ele>7.8</ele>
      </trkpt>
      <trkpt lat="34.03921" lon="-118.55834">
        <ele>7.6</ele>
      </trkpt>
      <trkpt lat="34.0392" lon="-118.5583">
        <ele>7.9</ele>
      </trkpt>
      <trkpt lat="34.03916" lon="-118.55823">
        <ele>7.5</ele>
      </trkpt>
      <trkpt lat="34.03903" lon="-118.55795">
        <ele>7.7</ele>
      </trkpt>
      <trkpt lat="34.0389" lon="-118.55766">
        <ele>7.8</ele>
      </trkpt>
      <trkpt lat="34.03887" lon="-118.55759">
        <ele>7.5</ele>
      </trkpt>
      <trkpt lat="34.0388" lon="-118.55744">
        <ele>7.7</ele>
      </trkpt>
      <trkpt lat="34.03876" lon="-118.55734">
        <ele>8.2</ele>
      </trkpt>
      <trkpt lat="34.0387" lon="-118.55716">
        <ele>8.6</ele>
      </trkpt>
      <trkpt lat="34.03867" lon="-118.55707">
        <ele>9.7</ele>
      </trkpt>
      <trkpt lat="34.03863" lon="-118.55695">
        <ele>9.1</ele>
      </trkpt>
      <trkpt lat="34.03861" lon="-118.55684">
        <ele>9.2</ele>
      </trkpt>
      <trkpt lat="34.03859" lon="-118.55677">
        <ele>9.7</ele>
      </trkpt>
      <trkpt lat="34.03857" lon="-118.55672">
        <ele>9.0</ele>
      </trkpt>
      <trkpt lat="34.03854" lon="-118.55654">
        <ele>7.6</ele>
      </trkpt>
      <trkpt lat="34.03853" lon="-118.5565">
        <ele>7.2</ele>
      </trkpt>
      <trkpt lat="34.03848" lon="-118.55615">
        <ele>6.1</ele>
      </trkpt>
      <trkpt lat="34.03844" lon="-118.55572">
        <ele>6.3</ele>
      </trkpt>
      <trkpt lat="34.03844" lon="-118.55559">
        <ele>6.1</ele>
      </trkpt>
      <trkpt lat="34.03843" lon="-118.55546">
        <ele>6.0</ele>
      </trkpt>
      <trkpt lat="34.03843" lon="-118.55541">
        <ele>6.1</ele>
      </trkpt>
      <trkpt lat="34.03843" lon="-118.55534">
        <ele>6.4</ele>
      </trkpt>
      <trkpt lat="34.03843" lon="-118.55526">
        <ele>6.9</ele>
      </trkpt>
      <trkpt lat="34.03844" lon="-118.55516">
        <ele>7.4</ele>
      </trkpt>
      <trkpt lat="34.03846" lon="-118.55487">
        <ele>8.0</ele>
      </trkpt>
      <trkpt lat="34.03847" lon="-118.55473">
        <ele>7.9</ele>
      </trkpt>
      <trkpt lat="34.03848" lon="-118.55469">
        <ele>8.0</ele>
      </trkpt>
      <trkpt lat="34.03854" lon="-118.55425">
        <ele>8.4</ele>
      </trkpt>
      <trkpt lat="34.03858" lon="-118.55402">
        <ele>8.4</ele>
      </trkpt>
      <trkpt lat="34.0386" lon="-118.55389">
        <ele>7.3</ele>
      </trkpt>
      <trkpt lat="34.03866" lon="-118.5536">
        <ele>7.8</ele>
      </trkpt>
      <trkpt lat="34.0387" lon="-118.55342">
        <ele>7.0</ele>
      </trkpt>
      <trkpt lat="34.03875" lon="-118.55319">
        <ele>6.9</ele>
      </trkpt>
      <trkpt lat="34.03889" lon="-118.55261">
        <ele>5.9</ele>
      </trkpt>
      <trkpt lat="34.03903" lon="-118.55204">
        <ele>5.8</ele>
      </trkpt>
      <trkpt lat="34.03904" lon="-118.55201">
        <ele>5.9</ele>
      </trkpt>
      <trkpt lat="34.03909" lon="-118.55182">
        <ele>6.3</ele>
      </trkpt>
      <trkpt lat="34.0392" lon="-118.55144">
        <ele>6.4</ele>
      </trkpt>
      <trkpt lat="34.03925" lon="-118.55128">
        <ele>6.7</ele>
      </trkpt>
      <trkpt lat="34.03933" lon="-118.55099">
        <ele>6.9</ele>
      </trkpt>
      <trkpt lat="34.03934" lon="-118.55092">
        <ele>6.6</ele>
      </trkpt>
      <trkpt lat="34.03936" lon="-118.55084">
        <ele>6.7</ele>
      </trkpt>
      <trkpt lat="34.03938" lon="-118.55074">
        <ele>6.8</ele>
      </trkpt>
      <trkpt lat="34.03941" lon="-118.55057">
        <ele>6.8</ele>
      </trkpt>
      <trkpt lat="34.03944" lon="-118.55038">
        <ele>7.2</ele>
      </trkpt>
      <trkpt lat="34.03945" lon="-118.55026">
        <ele>7.4</ele>
      </trkpt>
      <trkpt lat="34.03945" lon="-118.55023">
        <ele>7.4</ele>
      </trkpt>
      <trkpt lat="34.03946" lon="-118.5501">
        <ele>7.6</ele>
      </trkpt>
      <trkpt lat="34.03946" lon="-118.54996">
        <ele>7.3</ele>
      </trkpt>
      <trkpt lat="34.03946" lon="-118.54986">
        <ele>7.0</ele>
      </trkpt>
      <trkpt lat="34.03946" lon="-118.54979">
        <ele>6.8</ele>
      </trkpt>
      <trkpt lat="34.03946" lon="-118.5497">
        <ele>6.5</ele>
      </trkpt>
      <trkpt lat="34.03946" lon="-118.54962">
        <ele>6.4</ele>
      </trkpt>
      <trkpt lat="34.03945" lon="-118.54951">
        <ele>6.6</ele>
      </trkpt>
      <trkpt lat="34.03943" lon="-118.54938">
        <ele>6.6</ele>
      </trkpt>
      <trkpt lat="34.03938" lon="-118.54881">
        <ele>6.5</ele>
      </trkpt>
      <trkpt lat="34.03937" lon="-118.5485">
        <ele>6.9</ele>
      </trkpt>
      <trkpt lat="34.03936" lon="-118.54814">
        <ele>7.0</ele>
      </trkpt>
      <trkpt lat="34.03937" lon="-118.54795">
        <ele>7.2</ele>
      </trkpt>
      <trkpt lat="34.03939" lon="-118.54768">
        <ele>7.4</ele>
      </trkpt>
      <trkpt lat="34.03951" lon="-118.54691">
        <ele>7.3</ele>
      </trkpt>
      <trkpt lat="34.03954" lon="-118.54668">
        <ele>7.7</ele>
      </trkpt>
      <trkpt lat="34.03954" lon="-118.54661">
        <ele>7.7</ele>
      </trkpt>
      <trkpt lat="34.03956" lon="-118.54645">
        <ele>8.2</ele>
      </trkpt>
      <trkpt lat="34.03957" lon="-118.54624">
        <ele>7.4</ele>
      </trkpt>
      <trkpt lat="34.03957" lon="-118.54603">
        <ele>7.1</ele>
      </trkpt>
      <trkpt lat="34.03957" lon="-118.54585">
        <ele>7.4</ele>
      </trkpt>
      <trkpt lat="34.03957" lon="-118.54568">
        <ele>8.2</ele>
      </trkpt>
      <trkpt lat="34.03955" lon="-118.54544">
        <ele>8.4</ele>
      </trkpt>
      <trkpt lat="34.03954" lon="-118.54531">
        <ele>8.6</ele>
      </trkpt>
      <trkpt lat="34.03952" lon="-118.54516">
        <ele>8.6</ele>
      </trkpt>
      <trkpt lat="34.03952" lon="-118.54511">
        <ele>8.6</ele>
      </trkpt>
      <trkpt lat="34.03951" lon="-118.54507">
        <ele>8.4</ele>
      </trkpt>
      <trkpt lat="34.03946" lon="-118.54477">
        <ele>7.6</ele>
      </trkpt>
      <trkpt lat="34.03943" lon="-118.54464">
        <ele>7.4</ele>
      </trkpt>
      <trkpt lat="34.03942" lon="-118.54457">
        <ele>7.5</ele>
      </trkpt>
      <trkpt lat="34.03936" lon="-118.54434">
        <ele>7.7</ele>
      </trkpt>
      <trkpt lat="34.03931" lon="-118.54417">
        <ele>7.7</ele>
      </trkpt>
      <trkpt lat="34.03923" lon="-118.54393">
        <ele>7.5</ele>
      </trkpt>
      <trkpt lat="34.03914" lon="-118.54369">
        <ele>7.3</ele>
      </trkpt>
      <trkpt lat="34.03909" lon="-118.54351">
        <ele>7.5</ele>
      </trkpt>
      <trkpt lat="34.03904" lon="-118.54334">
        <ele>7.4</ele>
      </trkpt>
      <trkpt lat="34.03899" lon="-118.54313">
        <ele>7.6</ele>
      </trkpt>
      <trkpt lat="34.03898" lon="-118.54308">
        <ele>7.6</ele>
      </trkpt>
      <trkpt lat="34.03886" lon="-118.5425">
        <ele>7.5</ele>
      </trkpt>
      <trkpt lat="34.03884" lon="-118.5424">
        <ele>7.3</ele>
      </trkpt>
      <trkpt lat="34.03883" lon="-118.54234">
        <ele>7.4</ele>
      </trkpt>
      <trkpt lat="34.03881" lon="-118.54228">
        <ele>7.6</ele>
      </trkpt>
      <trkpt lat="34.03878" lon="-118.54216">
        <ele>8.0</ele>
      </trkpt>
      <trkpt lat="34.03875" lon="-118.54207">
        <ele>8.6</ele>
      </trkpt>
      <trkpt lat="34.03866" lon="-118.54178">
        <ele>8.0</ele>
      </trkpt>
      <trkpt lat="34.03865" lon="-118.54176">
        <ele>8.0</ele>
      </trkpt>
      <trkpt lat="34.03855" lon="-118.54146">
        <ele>8.0</ele>
      </trkpt>
      <trkpt lat="34.0385" lon="-118.54131">
        <ele>7.9</ele>
      </trkpt>
      <trkpt lat="34.03846" lon="-118.54118">
        <ele>7.9</ele>
      </trkpt>
      <trkpt lat="34.03838" lon="-118.54097">
        <ele>7.5</ele>
      </trkpt>
      <trkpt lat="34.03837" lon="-118.54094">
        <ele>7.5</ele>
      </trkpt>
      <trkpt lat="34.03833" lon="-118.54084">
        <ele>7.7</ele>
      </trkpt>
      <trkpt lat="34.03822" lon="-118.54062">
        <ele>7.8</ele>
      </trkpt>
      <trkpt lat="34.03816" lon="-118.5405">
        <ele>8.0</ele>
      </trkpt>
      <trkpt lat="34.03809" lon="-118.54037">
        <ele>8.1</ele>
      </trkpt>
      <trkpt lat="34.0379" lon="-118.54001">
        <ele>8.1</ele>
      </trkpt>
      <trkpt lat="34.03764" lon="-118.53953">
        <ele>8.0</ele>
      </trkpt>
      <trkpt lat="34.03757" lon="-118.53941">
        <ele>7.7</ele>
      </trkpt>
      <trkpt lat="34.03755" lon="-118.53937">
        <ele>7.8</ele>
      </trkpt>
      <trkpt lat="34.03726" lon="-118.53882">
        <ele>8.2</ele>
      </trkpt>
      <trkpt lat="34.03722" lon="-118.53875">
        <ele>7.6</ele>
      </trkpt>
      <trkpt lat="34.03717" lon="-118.53864">
        <ele>8.3</ele>
      </trkpt>
      <trkpt lat="34.03702" lon="-118.53833">
        <ele>7.7</ele>
      </trkpt>
      <trkpt lat="34.03694" lon="-118.53817">
        <ele>8.3</ele>
      </trkpt>
      <trkpt lat="34.03676" lon="-118.53781">
        <ele>7.7</ele>
      </trkpt>
      <trkpt lat="34.0367" lon="-118.5377">
        <ele>7.9</ele>
      </trkpt>
      <trkpt lat="34.03666" lon="-118.53761">
        <ele>7.5</ele>
      </trkpt>
      <trkpt lat="34.03648" lon="-118.53724">
        <ele>8.6</ele>
      </trkpt>
      <trkpt lat="34.03647" lon="-118.53722">
        <ele>8.8</ele>
      </trkpt>
      <trkpt lat="34.03612" lon="-118.53651">
        <ele>7.5</ele>
      </trkpt>
      <trkpt lat="34.03586" lon="-118.53598">
        <ele>9.3</ele>
      </trkpt>
      <trkpt lat="34.03586" lon="-118.53598">
        <ele>9.3</ele>
      </trkpt>
      <trkpt lat="34.03579" lon="-118.53601">
        <ele>7.5</ele>
      </trkpt>
      <trkpt lat="34.03572" lon="-118.53606">
        <ele>6.8</ele>
      </trkpt>
      <trkpt lat="34.03569" lon="-118.53608">
        <ele>6.5</ele>
      </trkpt>
      <trkpt lat="34.03567" lon="-118.53609">
        <ele>6.3</ele>
      </trkpt>
      <trkpt lat="34.03565" lon="-118.53611">
        <ele>6.1</ele>
      </trkpt>
      <trkpt lat="34.03564" lon="-118.53612">
        <ele>6.0</ele>
      </trkpt>
      <trkpt lat="34.03563" lon="-118.53613">
        <ele>5.9</ele>
      </trkpt>
      <trkpt lat="34.0356" lon="-118.53616">
        <ele>5.7</ele>
      </trkpt>
      <trkpt lat="34.03554" lon="-118.5362">
        <ele>5.2</ele>
      </trkpt>
      <trkpt lat="34.03548" lon="-118.53624">
        <ele>4.7</ele>
      </trkpt>
      <trkpt lat="34.03548" lon="-118.53624">
        <ele>4.7</ele>
      </trkpt>
      <trkpt lat="34.03548" lon="-118.53619">
        <ele>4.9</ele>
      </trkpt>
      <trkpt lat="34.03548" lon="-118.53618">
        <ele>4.9</ele>
      </trkpt>
      <trkpt lat="34.03547" lon="-118.53616">
        <ele>4.9</ele>
      </trkpt>
      <trkpt lat="34.03545" lon="-118.53613">
        <ele>4.8</ele>
      </trkpt>
      <trkpt lat="34.03543" lon="-118.53611">
        <ele>4.7</ele>
      </trkpt>
      <trkpt lat="34.03536" lon="-118.53601">
        <ele>4.5</ele>
      </trkpt>
      <trkpt lat="34.03531" lon="-118.53591">
        <ele>4.4</ele>
      </trkpt>
      <trkpt lat="34.03531" lon="-118.53591">
        <ele>4.4</ele>
      </trkpt>
      <trkpt lat="34.03526" lon="-118.53582">
        <ele>4.2</ele>
      </trkpt>
      <trkpt lat="34.03521" lon="-118.53574">
        <ele>4.0</ele>
      </trkpt>
      <trkpt lat="34.0351" lon="-118.53557">
        <ele>4.1</ele>
      </trkpt>
      <trkpt lat="34.03508" lon="-118.53554">
        <ele>4.1</ele>
      </trkpt>
      <trkpt lat="34.03496" lon="-118.53533">
        <ele>4.0</ele>
      </trkpt>
      <trkpt lat="34.03472" lon="-118.53489">
        <ele>3.8</ele>
      </trkpt>
      <trkpt lat="34.03456" lon="-118.53455">
        <ele>3.7</ele>
      </trkpt>
      <trkpt lat="34.03437" lon="-118.53407">
        <ele>3.7</ele>
      </trkpt>
      <trkpt lat="34.03413" lon="-118.5335">
        <ele>3.6</ele>
      </trkpt>
      <trkpt lat="34.03393" lon="-118.53301">
        <ele>3.5</ele>
      </trkpt>
      <trkpt lat="34.03393" lon="-118.53301">
        <ele>3.5</ele>
      </trkpt>
      <trkpt lat="34.03339" lon="-118.53171">
        <ele>3.2</ele>
      </trkpt>
      <trkpt lat="34.03331" lon="-118.53152">
        <ele>3.2</ele>
      </trkpt>
      <trkpt lat="34.03323" lon="-118.53132">
        <ele>3.1</ele>
      </trkpt>
      <trkpt lat="34.03293" lon="-118.53061">
        <ele>2.7</ele>
      </trkpt>
      <trkpt lat="34.03204" lon="-118.52843">
        <ele>3.2</ele>
      </trkpt>
      <trkpt lat="34.032" lon="-118.52835">
        <ele>3.3</ele>
      </trkpt>
      <trkpt lat="34.03199" lon="-118.52832">
        <ele>3.3</ele>
      </trkpt>
      <trkpt lat="34.03198" lon="-118.5283">
        <ele>3.3</ele>
      </trkpt>
      <trkpt lat="34.03198" lon="-118.52827">
        <ele>3.4</ele>
      </trkpt>
      <trkpt lat="34.03197" lon="-118.52824">
        <ele>3.4</ele>
      </trkpt>
      <trkpt lat="34.03196" lon="-118.5282">
        <ele>3.4</ele>
      </trkpt>
      <trkpt lat="34.03195" lon="-118.52812">
        <ele>3.5</ele>
      </trkpt>
      <trkpt lat="34.03191" lon="-118.52793">
        <ele>3.8</ele>
      </trkpt>
      <trkpt lat="34.03186" lon="-118.5277">
        <ele>4.1</ele>
      </trkpt>
      <trkpt lat="34.03183" lon="-118.52758">
        <ele>4.2</ele>
      </trkpt>
      <trkpt lat="34.03183" lon="-118.52758">
        <ele>4.2</ele>
      </trkpt>
      <trkpt lat="34.03183" lon="-118.52757">
        <ele>4.3</ele>
      </trkpt>
      <trkpt lat="34.03181" lon="-118.52748">
        <ele>4.4</ele>
      </trkpt>
      <trkpt lat="34.0318" lon="-118.52743">
        <ele>4.5</ele>
      </trkpt>
      <trkpt lat="34.03179" lon="-118.52741">
        <ele>4.5</ele>
      </trkpt>
      <trkpt lat="34.03177" lon="-118.52737">
        <ele>4.5</ele>
      </trkpt>
      <trkpt lat="34.03176" lon="-118.52734">
        <ele>4.5</ele>
      </trkpt>
      <trkpt lat="34.03175" lon="-118.52733">
        <ele>4.5</ele>
      </trkpt>
      <trkpt lat="34.03174" lon="-118.52731">
        <ele>4.5</ele>
      </trkpt>
      <trkpt lat="34.03172" lon="-118.5273">
        <ele>4.4</ele>
      </trkpt>
      <trkpt lat="34.03171" lon="-118.52728">
        <ele>4.4</ele>
      </trkpt>
      <trkpt lat="34.0317" lon="-118.52727">
        <ele>4.3</ele>
      </trkpt>
      <trkpt lat="34.03167" lon="-118.52725">
        <ele>4.2</ele>
      </trkpt>
      <trkpt lat="34.03164" lon="-118.52723">
        <ele>4.1</ele>
      </trkpt>
      <trkpt lat="34.03163" lon="-118.52722">
        <ele>4.1</ele>
      </trkpt>
      <trkpt lat="34.03157" lon="-118.52717">
        <ele>3.9</ele>
      </trkpt>
      <trkpt lat="34.03155" lon="-118.52715">
        <ele>3.8</ele>
      </trkpt>
      <trkpt lat="34.03153" lon="-118.52713">
        <ele>3.8</ele>
      </trkpt>
      <trkpt lat="34.03151" lon="-118.52711">
        <ele>3.7</ele>
      </trkpt>
      <trkpt lat="34.0315" lon="-118.5271">
        <ele>3.6</ele>
      </trkpt>
      <trkpt lat="34.03148" lon="-118.52708">
        <ele>3.6</ele>
      </trkpt>
      <trkpt lat="34.03147" lon="-118.52706">
        <ele>3.5</ele>
      </trkpt>
      <trkpt lat="34.03145" lon="-118.52704">
        <ele>3.5</ele>
      </trkpt>
      <trkpt lat="34.03143" lon="-118.527">
        <ele>3.4</ele>
      </trkpt>
      <trkpt lat="34.03142" lon="-118.52697">
        <ele>3.4</ele>
      </trkpt>
      <trkpt lat="34.03138" lon="-118.52688">
        <ele>3.3</ele>
      </trkpt>
      <trkpt lat="34.03128" lon="-118.52667">
        <ele>3.1</ele>
      </trkpt>
      <trkpt lat="34.03116" lon="-118.5264">
        <ele>3.0</ele>
      </trkpt>
      <trkpt lat="34.03114" lon="-118.52634">
        <ele>3.1</ele>
      </trkpt>
      <trkpt lat="34.0311" lon="-118.52625">
        <ele>3.1</ele>
      </trkpt>
      <trkpt lat="34.03109" lon="-118.52622">
        <ele>3.2</ele>
      </trkpt>
      <trkpt lat="34.03108" lon="-118.5262">
        <ele>3.2</ele>
      </trkpt>
      <trkpt lat="34.03107" lon="-118.52617">
        <ele>3.2</ele>
      </trkpt>
      <trkpt lat="34.03104" lon="-118.52608">
        <ele>3.4</ele>
      </trkpt>
      <trkpt lat="34.03101" lon="-118.52594">
        <ele>3.6</ele>
      </trkpt>
      <trkpt lat="34.03096" lon="-118.52577">
        <ele>3.9</ele>
      </trkpt>
      <trkpt lat="34.0309" lon="-118.52559">
        <ele>4.0</ele>
      </trkpt>
      <trkpt lat="34.03089" lon="-118.52553">
        <ele>4.1</ele>
      </trkpt>
      <trkpt lat="34.03084" lon="-118.52538">
        <ele>4.1</ele>
      </trkpt>
      <trkpt lat="34.03083" lon="-118.52534">
        <ele>4.2</ele>
      </trkpt>
      <trkpt lat="34.03082" lon="-118.5253">
        <ele>4.2</ele>
      </trkpt>
      <trkpt lat="34.03081" lon="-118.52527">
        <ele>4.3</ele>
      </trkpt>
      <trkpt lat="34.0308" lon="-118.52519">
        <ele>4.5</ele>
      </trkpt>
      <trkpt lat="34.03079" lon="-118.52512">
        <ele>4.5</ele>
      </trkpt>
      <trkpt lat="34.03079" lon="-118.52508">
        <ele>4.6</ele>
      </trkpt>
      <trkpt lat="34.03079" lon="-118.52507">
        <ele>4.6</ele>
      </trkpt>
      <trkpt lat="34.03079" lon="-118.52504">
        <ele>4.7</ele>
      </trkpt>
      <trkpt lat="34.0308" lon="-118.52503">
        <ele>4.8</ele>
      </trkpt>
      <trkpt lat="34.0308" lon="-118.52501">
        <ele>4.8</ele>
      </trkpt>
      <trkpt lat="34.03084" lon="-118.52494">
        <ele>5.2</ele>
      </trkpt>
      <trkpt lat="34.03087" lon="-118.52489">
        <ele>5.6</ele>
      </trkpt>
      <trkpt lat="34.03088" lon="-118.52487">
        <ele>5.7</ele>
      </trkpt>
      <trkpt lat="34.03088" lon="-118.52484">
        <ele>5.8</ele>
      </trkpt>
      <trkpt lat="34.03088" lon="-118.52479">
        <ele>5.9</ele>
      </trkpt>
      <trkpt lat="34.03087" lon="-118.52472">
        <ele>6.1</ele>
      </trkpt>
      <trkpt lat="34.03085" lon="-118.52467">
        <ele>6.1</ele>
      </trkpt>
      <trkpt lat="34.03084" lon="-118.52463">
        <ele>6.2</ele>
      </trkpt>
      <trkpt lat="34.03082" lon="-118.52461">
        <ele>6.1</ele>
      </trkpt>
      <trkpt lat="34.03077" lon="-118.52455">
        <ele>6.0</ele>
      </trkpt>
      <trkpt lat="34.03071" lon="-118.52444">
        <ele>5.9</ele>
      </trkpt>
      <trkpt lat="34.03069" lon="-118.5244">
        <ele>5.9</ele>
      </trkpt>
      <trkpt lat="34.03068" lon="-118.52438">
        <ele>5.9</ele>
      </trkpt>
      <trkpt lat="34.03067" lon="-118.52437">
        <ele>5.9</ele>
      </trkpt>
      <trkpt lat="34.03065" lon="-118.52434">
        <ele>5.8</ele>
      </trkpt>
      <trkpt lat="34.03063" lon="-118.52429">
        <ele>5.8</ele>
      </trkpt>
      <trkpt lat="34.0306" lon="-118.52424">
        <ele>5.8</ele>
      </trkpt>
      <trkpt lat="34.03055" lon="-118.52415">
        <ele>5.7</ele>
      </trkpt>
      <trkpt lat="34.03044" lon="-118.52396">
        <ele>5.4</ele>
      </trkpt>
      <trkpt lat="34.0304" lon="-118.5239">
        <ele>5.4</ele>
      </trkpt>
      <trkpt lat="34.03037" lon="-118.52385">
        <ele>5.3</ele>
      </trkpt>
      <trkpt lat="34.03027" lon="-118.52368">
        <ele>5.2</ele>
      </trkpt>
      <trkpt lat="34.03027" lon="-118.52367">
        <ele>5.2</ele>
      </trkpt>
      <trkpt lat="34.03023" lon="-118.5236">
        <ele>5.2</ele>
      </trkpt>
      <trkpt lat="34.03023" lon="-118.52359">
        <ele>5.2</ele>
      </trkpt>
      <trkpt lat="34.0302" lon="-118.52354">
        <ele>5.1</ele>
      </trkpt>
      <trkpt lat="34.03018" lon="-118.52348">
        <ele>5.2</ele>
      </trkpt>
      <trkpt lat="34.03016" lon="-118.52343">
        <ele>5.2</ele>
      </trkpt>
      <trkpt lat="34.03012" lon="-118.52335">
        <ele>5.2</ele>
      </trkpt>
      <trkpt lat="34.03009" lon="-118.52329">
        <ele>5.2</ele>
      </trkpt>
      <trkpt lat="34.03009" lon="-118.52328">
        <ele>5.2</ele>
      </trkpt>
      <trkpt lat="34.02999" lon="-118.52312">
        <ele>5.1</ele>
      </trkpt>
      <trkpt lat="34.02988" lon="-118.52294">
        <ele>5.1</ele>
      </trkpt>
      <trkpt lat="34.02986" lon="-118.52291">
        <ele>5.1</ele>
      </trkpt>
      <trkpt lat="34.02971" lon="-118.52264">
        <ele>5.0</ele>
      </trkpt>
      <trkpt lat="34.02964" lon="-118.52252">
        <ele>5.0</ele>
      </trkpt>
      <trkpt lat="34.02958" lon="-118.5224">
        <ele>5.0</ele>
      </trkpt>
      <trkpt lat="34.02943" lon="-118.52214">
        <ele>5.0</ele>
      </trkpt>
      <trkpt lat="34.02933" lon="-118.52196">
        <ele>5.0</ele>
      </trkpt>
      <trkpt lat="34.02912" lon="-118.52159">
        <ele>5.1</ele>
      </trkpt>
      <trkpt lat="34.02909" lon="-118.52154">
        <ele>5.1</ele>
      </trkpt>
      <trkpt lat="34.02909" lon="-118.52154">
        <ele>5.1</ele>
      </trkpt>
      <trkpt lat="34.02892" lon="-118.52126">
        <ele>5.1</ele>
      </trkpt>
      <trkpt lat="34.02873" lon="-118.521">
        <ele>5.1</ele>
      </trkpt>
      <trkpt lat="34.02862" lon="-118.52083">
        <ele>5.2</ele>
      </trkpt>
      <trkpt lat="34.0285" lon="-118.52067">
        <ele>5.0</ele>
      </trkpt>
      <trkpt lat="34.02838" lon="-118.5205">
        <ele>4.9</ele>
      </trkpt>
      <trkpt lat="34.02835" lon="-118.52045">
        <ele>4.9</ele>
      </trkpt>
      <trkpt lat="34.02833" lon="-118.52041">
        <ele>4.9</ele>
      </trkpt>
      <trkpt lat="34.02831" lon="-118.52036">
        <ele>5.0</ele>
      </trkpt>
      <trkpt lat="34.02829" lon="-118.52032">
        <ele>5.0</ele>
      </trkpt>
      <trkpt lat="34.02821" lon="-118.52012">
        <ele>5.1</ele>
      </trkpt>
      <trkpt lat="34.02817" lon="-118.52003">
        <ele>5.2</ele>
      </trkpt>
      <trkpt lat="34.02813" lon="-118.51993">
        <ele>5.2</ele>
      </trkpt>
      <trkpt lat="34.02811" lon="-118.51988">
        <ele>5.2</ele>
      </trkpt>
      <trkpt lat="34.0281" lon="-118.51985">
        <ele>5.2</ele>
      </trkpt>
      <trkpt lat="34.02809" lon="-118.51982">
        <ele>5.2</ele>
      </trkpt>
      <trkpt lat="34.02809" lon="-118.51979">
        <ele>5.3</ele>
      </trkpt>
      <trkpt lat="34.02809" lon="-118.51974">
        <ele>5.4</ele>
      </trkpt>
      <trkpt lat="34.02809" lon="-118.51972">
        <ele>5.3</ele>
      </trkpt>
      <trkpt lat="34.02809" lon="-118.51967">
        <ele>5.3</ele>
      </trkpt>
      <trkpt lat="34.02809" lon="-118.51963">
        <ele>5.2</ele>
      </trkpt>
      <trkpt lat="34.02808" lon="-118.51961">
        <ele>5.2</ele>
      </trkpt>
      <trkpt lat="34.02808" lon="-118.51959">
        <ele>5.2</ele>
      </trkpt>
      <trkpt lat="34.02808" lon="-118.51957">
        <ele>5.2</ele>
      </trkpt>
      <trkpt lat="34.02807" lon="-118.51956">
        <ele>5.1</ele>
      </trkpt>
      <trkpt lat="34.02806" lon="-118.51955">
        <ele>5.1</ele>
      </trkpt>
      <trkpt lat="34.02804" lon="-118.51953">
        <ele>5.1</ele>
      </trkpt>
      <trkpt lat="34.02801" lon="-118.51949">
        <ele>5.0</ele>
      </trkpt>
      <trkpt lat="34.02797" lon="-118.51946">
        <ele>5.0</ele>
      </trkpt>
      <trkpt lat="34.02796" lon="-118.51945">
        <ele>5.0</ele>
      </trkpt>
      <trkpt lat="34.02771" lon="-118.51921">
        <ele>4.6</ele>
      </trkpt>
      <trkpt lat="34.02768" lon="-118.51918">
        <ele>4.5</ele>
      </trkpt>
      <trkpt lat="34.02753" lon="-118.51905">
        <ele>4.5</ele>
      </trkpt>
      <trkpt lat="34.02751" lon="-118.51904">
        <ele>4.5</ele>
      </trkpt>
      <trkpt lat="34.0274" lon="-118.51894">
        <ele>4.5</ele>
      </trkpt>
      <trkpt lat="34.02739" lon="-118.51892">
        <ele>4.5</ele>
      </trkpt>
      <trkpt lat="34.02729" lon="-118.51883">
        <ele>4.5</ele>
      </trkpt>
      <trkpt lat="34.02727" lon="-118.51881">
        <ele>4.5</ele>
      </trkpt>
      <trkpt lat="34.02725" lon="-118.5188">
        <ele>4.5</ele>
      </trkpt>
      <trkpt lat="34.02724" lon="-118.5188">
        <ele>4.5</ele>
      </trkpt>
      <trkpt lat="34.02722" lon="-118.51879">
        <ele>4.4</ele>
      </trkpt>
      <trkpt lat="34.0272" lon="-118.51878">
        <ele>4.4</ele>
      </trkpt>
      <trkpt lat="34.02717" lon="-118.51878">
        <ele>4.4</ele>
      </trkpt>
      <trkpt lat="34.02706" lon="-118.51877">
        <ele>4.2</ele>
      </trkpt>
      <trkpt lat="34.02691" lon="-118.51875">
        <ele>3.9</ele>
      </trkpt>
      <trkpt lat="34.02688" lon="-118.51875">
        <ele>3.8</ele>
      </trkpt>
      <trkpt lat="34.02686" lon="-118.51875">
        <ele>3.8</ele>
      </trkpt>
      <trkpt lat="34.02683" lon="-118.51875">
        <ele>3.7</ele>
      </trkpt>
      <trkpt lat="34.0268" lon="-118.51875">
        <ele>3.6</ele>
      </trkpt>
      <trkpt lat="34.02678" lon="-118.51874">
        <ele>3.5</ele>
      </trkpt>
      <trkpt lat="34.02676" lon="-118.51873">
        <ele>3.5</ele>
      </trkpt>
      <trkpt lat="34.02674" lon="-118.51872">
        <ele>3.5</ele>
      </trkpt>
      <trkpt lat="34.02673" lon="-118.51871">
        <ele>3.5</ele>
      </trkpt>
      <trkpt lat="34.02672" lon="-118.5187">
        <ele>3.5</ele>
      </trkpt>
      <trkpt lat="34.02671" lon="-118.5187">
        <ele>3.5</ele>
      </trkpt>
      <trkpt lat="34.0267" lon="-118.51868">
        <ele>3.5</ele>
      </trkpt>
      <trkpt lat="34.02668" lon="-118.51865">
        <ele>3.5</ele>
      </trkpt>
      <trkpt lat="34.02661" lon="-118.51852">
        <ele>3.6</ele>
      </trkpt>
      <trkpt lat="34.0266" lon="-118.5185">
        <ele>3.6</ele>
      </trkpt>
      <trkpt lat="34.02651" lon="-118.51834">
        <ele>3.7</ele>
      </trkpt>
      <trkpt lat="34.0264" lon="-118.51817">
        <ele>3.6</ele>
      </trkpt>
      <trkpt lat="34.02632" lon="-118.51803">
        <ele>3.6</ele>
      </trkpt>
      <trkpt lat="34.0263" lon="-118.51799">
        <ele>3.6</ele>
      </trkpt>
      <trkpt lat="34.02625" lon="-118.5179">
        <ele>3.6</ele>
      </trkpt>
      <trkpt lat="34.02616" lon="-118.51776">
        <ele>3.6</ele>
      </trkpt>
      <trkpt lat="34.02609" lon="-118.51764">
        <ele>3.7</ele>
      </trkpt>
      <trkpt lat="34.02605" lon="-118.51759">
        <ele>3.6</ele>
      </trkpt>
      <trkpt lat="34.02597" lon="-118.51747">
        <ele>3.6</ele>
      </trkpt>
      <trkpt lat="34.02596" lon="-118.51746">
        <ele>3.6</ele>
      </trkpt>
      <trkpt lat="34.02585" lon="-118.51731">
        <ele>3.5</ele>
      </trkpt>
      <trkpt lat="34.02573" lon="-118.51715">
        <ele>3.4</ele>
      </trkpt>
      <trkpt lat="34.02571" lon="-118.51712">
        <ele>3.3</ele>
      </trkpt>
      <trkpt lat="34.02564" lon="-118.51702">
        <ele>3.3</ele>
      </trkpt>
      <trkpt lat="34.02561" lon="-118.51699">
        <ele>3.3</ele>
      </trkpt>
      <trkpt lat="34.02553" lon="-118.51687">
        <ele>3.3</ele>
      </trkpt>
      <trkpt lat="34.0255" lon="-118.51682">
        <ele>3.3</ele>
      </trkpt>
      <trkpt lat="34.0254" lon="-118.51666">
        <ele>3.3</ele>
      </trkpt>
      <trkpt lat="34.0254" lon="-118.51666">
        <ele>3.3</ele>
      </trkpt>
      <trkpt lat="34.02539" lon="-118.51665">
        <ele>3.3</ele>
      </trkpt>
      <trkpt lat="34.02532" lon="-118.51653">
        <ele>3.3</ele>
      </trkpt>
      <trkpt lat="34.02528" lon="-118.51648">
        <ele>3.3</ele>
      </trkpt>
      <trkpt lat="34.02522" lon="-118.51639">
        <ele>3.3</ele>
      </trkpt>
      <trkpt lat="34.02518" lon="-118.51632">
        <ele>3.3</ele>
      </trkpt>
      <trkpt lat="34.02513" lon="-118.51625">
        <ele>3.3</ele>
      </trkpt>
      <trkpt lat="34.02509" lon="-118.51619">
        <ele>3.3</ele>
      </trkpt>
      <trkpt lat="34.02505" lon="-118.51614">
        <ele>3.2</ele>
      </trkpt>
      <trkpt lat="34.02493" lon="-118.51598">
        <ele>3.2</ele>
      </trkpt>
      <trkpt lat="34.0249" lon="-118.51595">
        <ele>3.2</ele>
      </trkpt>
      <trkpt lat="34.02484" lon="-118.51587">
        <ele>3.1</ele>
      </trkpt>
      <trkpt lat="34.02481" lon="-118.51582">
        <ele>3.2</ele>
      </trkpt>
      <trkpt lat="34.02477" lon="-118.51578">
        <ele>3.1</ele>
      </trkpt>
      <trkpt lat="34.02469" lon="-118.51565">
        <ele>3.1</ele>
      </trkpt>
      <trkpt lat="34.02468" lon="-118.51563">
        <ele>3.1</ele>
      </trkpt>
      <trkpt lat="34.02462" lon="-118.51554">
        <ele>3.1</ele>
      </trkpt>
      <trkpt lat="34.02448" lon="-118.51531">
        <ele>3.1</ele>
      </trkpt>
      <trkpt lat="34.02445" lon="-118.51527">
        <ele>3.1</ele>
      </trkpt>
      <trkpt lat="34.02441" lon="-118.5152">
        <ele>3.1</ele>
      </trkpt>
      <trkpt lat="34.02437" lon="-118.51513">
        <ele>3.1</ele>
      </trkpt>
      <trkpt lat="34.02436" lon="-118.5151">
        <ele>3.1</ele>
      </trkpt>
      <trkpt lat="34.02428" lon="-118.51494">
        <ele>3.2</ele>
      </trkpt>
      <trkpt lat="34.02426" lon="-118.51491">
        <ele>3.2</ele>
      </trkpt>
      <trkpt lat="34.02419" lon="-118.51476">
        <ele>3.2</ele>
      </trkpt>
      <trkpt lat="34.02412" lon="-118.51462">
        <ele>3.2</ele>
      </trkpt>
      <trkpt lat="34.0241" lon="-118.51457">
        <ele>3.2</ele>
      </trkpt>
      <trkpt lat="34.02409" lon="-118.51454">
        <ele>3.2</ele>
      </trkpt>
      <trkpt lat="34.02402" lon="-118.51437">
        <ele>3.3</ele>
      </trkpt>
      <trkpt lat="34.02394" lon="-118.51418">
        <ele>3.4</ele>
      </trkpt>
      <trkpt lat="34.02391" lon="-118.51409">
        <ele>3.4</ele>
      </trkpt>
      <trkpt lat="34.02387" lon="-118.51398">
        <ele>3.5</ele>
      </trkpt>
      <trkpt lat="34.02378" lon="-118.51375">
        <ele>3.5</ele>
      </trkpt>
      <trkpt lat="34.02372" lon="-118.51358">
        <ele>3.6</ele>
      </trkpt>
      <trkpt lat="34.02371" lon="-118.51356">
        <ele>3.6</ele>
      </trkpt>
      <trkpt lat="34.02364" lon="-118.51339">
        <ele>3.7</ele>
      </trkpt>
      <trkpt lat="34.02362" lon="-118.51332">
        <ele>3.7</ele>
      </trkpt>
      <trkpt lat="34.02357" lon="-118.51321">
        <ele>3.8</ele>
      </trkpt>
      <trkpt lat="34.02357" lon="-118.51319">
        <ele>3.8</ele>
      </trkpt>
      <trkpt lat="34.02355" lon="-118.51315">
        <ele>3.8</ele>
      </trkpt>
      <trkpt lat="34.02353" lon="-118.5131">
        <ele>3.8</ele>
      </trkpt>
      <trkpt lat="34.0235" lon="-118.51305">
        <ele>3.8</ele>
      </trkpt>
      <trkpt lat="34.02348" lon="-118.513">
        <ele>3.9</ele>
      </trkpt>
      <trkpt lat="34.02347" lon="-118.513">
        <ele>3.8</ele>
      </trkpt>
      <trkpt lat="34.02344" lon="-118.51296">
        <ele>3.8</ele>
      </trkpt>
      <trkpt lat="34.02341" lon="-118.51292">
        <ele>3.8</ele>
      </trkpt>
      <trkpt lat="34.02337" lon="-118.51287">
        <ele>3.8</ele>
      </trkpt>
      <trkpt lat="34.02335" lon="-118.51285">
        <ele>3.8</ele>
      </trkpt>
      <trkpt lat="34.02333" lon="-118.51283">
        <ele>3.8</ele>
      </trkpt>
      <trkpt lat="34.02327" lon="-118.51278">
        <ele>3.7</ele>
      </trkpt>
      <trkpt lat="34.02323" lon="-118.51274">
        <ele>3.7</ele>
      </trkpt>
      <trkpt lat="34.02319" lon="-118.51272">
        <ele>3.7</ele>
      </trkpt>
      <trkpt lat="34.02315" lon="-118.51269">
        <ele>3.7</ele>
      </trkpt>
      <trkpt lat="34.02312" lon="-118.51267">
        <ele>3.6</ele>
      </trkpt>
      <trkpt lat="34.02305" lon="-118.51263">
        <ele>3.6</ele>
      </trkpt>
      <trkpt lat="34.02305" lon="-118.51263">
        <ele>3.6</ele>
      </trkpt>
      <trkpt lat="34.02304" lon="-118.51262">
        <ele>3.6</ele>
      </trkpt>
      <trkpt lat="34.023" lon="-118.5126">
        <ele>3.5</ele>
      </trkpt>
      <trkpt lat="34.02297" lon="-118.51258">
        <ele>3.5</ele>
      </trkpt>
      <trkpt lat="34.02294" lon="-118.51257">
        <ele>3.4</ele>
      </trkpt>
      <trkpt lat="34.0229" lon="-118.51254">
        <ele>3.4</ele>
      </trkpt>
      <trkpt lat="34.02287" lon="-118.51253">
        <ele>3.4</ele>
      </trkpt>
      <trkpt lat="34.02282" lon="-118.5125">
        <ele>3.3</ele>
      </trkpt>
      <trkpt lat="34.02278" lon="-118.51247">
        <ele>3.3</ele>
      </trkpt>
      <trkpt lat="34.02273" lon="-118.51244">
        <ele>3.2</ele>
      </trkpt>
      <trkpt lat="34.02266" lon="-118.51237">
        <ele>3.2</ele>
      </trkpt>
      <trkpt lat="34.02261" lon="-118.51231">
        <ele>3.2</ele>
      </trkpt>
      <trkpt lat="34.02256" lon="-118.51225">
        <ele>3.2</ele>
      </trkpt>
      <trkpt lat="34.02248" lon="-118.51216">
        <ele>3.2</ele>
      </trkpt>
      <trkpt lat="34.02245" lon="-118.51212">
        <ele>3.1</ele>
      </trkpt>
      <trkpt lat="34.02177" lon="-118.51085">
        <ele>3.6</ele>
      </trkpt>
      <trkpt lat="34.02145" lon="-118.51024">
        <ele>3.8</ele>
      </trkpt>
      <trkpt lat="34.02125" lon="-118.50988">
        <ele>4.0</ele>
      </trkpt>
      <trkpt lat="34.02115" lon="-118.50969">
        <ele>4.1</ele>
      </trkpt>
      <trkpt lat="34.02113" lon="-118.50964">
        <ele>4.1</ele>
      </trkpt>
      <trkpt lat="34.02086" lon="-118.50915">
        <ele>4.3</ele>
      </trkpt>
      <trkpt lat="34.02086" lon="-118.50914">
        <ele>4.3</ele>
      </trkpt>
      <trkpt lat="34.0208" lon="-118.50903">
        <ele>4.4</ele>
      </trkpt>
      <trkpt lat="34.02076" lon="-118.50897">
        <ele>4.4</ele>
      </trkpt>
      <trkpt lat="34.02071" lon="-118.5089">
        <ele>4.4</ele>
      </trkpt>
      <trkpt lat="34.02066" lon="-118.50885">
        <ele>4.4</ele>
      </trkpt>
      <trkpt lat="34.02056" lon="-118.50878">
        <ele>4.3</ele>
      </trkpt>
      <trkpt lat="34.02054" lon="-118.50876">
        <ele>4.3</ele>
      </trkpt>
      <trkpt lat="34.02044" lon="-118.50871">
        <ele>4.2</ele>
      </trkpt>
      <trkpt lat="34.02037" lon="-118.50867">
        <ele>4.1</ele>
      </trkpt>
      <trkpt lat="34.02028" lon="-118.50863">
        <ele>3.9</ele>
      </trkpt>
      <trkpt lat="34.02023" lon="-118.5086">
        <ele>3.9</ele>
      </trkpt>
      <trkpt lat="34.02021" lon="-118.50859">
        <ele>3.9</ele>
      </trkpt>
      <trkpt lat="34.02017" lon="-118.50857">
        <ele>3.8</ele>
      </trkpt>
      <trkpt lat="34.0201" lon="-118.50851">
        <ele>3.8</ele>
      </trkpt>
      <trkpt lat="34.02006" lon="-118.50846">
        <ele>3.8</ele>
      </trkpt>
      <trkpt lat="34.02001" lon="-118.5084">
        <ele>3.9</ele>
      </trkpt>
      <trkpt lat="34.02" lon="-118.50839">
        <ele>3.9</ele>
      </trkpt>
      <trkpt lat="34.02" lon="-118.50839">
        <ele>3.9</ele>
      </trkpt>
      <trkpt lat="34.01993" lon="-118.50831">
        <ele>3.8</ele>
      </trkpt>
      <trkpt lat="34.01987" lon="-118.50823">
        <ele>3.9</ele>
      </trkpt>
      <trkpt lat="34.0198" lon="-118.50816">
        <ele>3.8</ele>
      </trkpt>
      <trkpt lat="34.01976" lon="-118.50811">
        <ele>3.8</ele>
      </trkpt>
      <trkpt lat="34.01969" lon="-118.50805">
        <ele>3.8</ele>
      </trkpt>
      <trkpt lat="34.01963" lon="-118.50799">
        <ele>3.8</ele>
      </trkpt>
      <trkpt lat="34.01957" lon="-118.50795">
        <ele>3.7</ele>
      </trkpt>
      <trkpt lat="34.01952" lon="-118.5079">
        <ele>3.7</ele>
      </trkpt>
      <trkpt lat="34.01948" lon="-118.50787">
        <ele>3.7</ele>
      </trkpt>
      <trkpt lat="34.01937" lon="-118.50777">
        <ele>3.6</ele>
      </trkpt>
      <trkpt lat="34.01936" lon="-118.50776">
        <ele>3.6</ele>
      </trkpt>
      <trkpt lat="34.0193" lon="-118.50769">
        <ele>3.6</ele>
      </trkpt>
      <trkpt lat="34.01923" lon="-118.50762">
        <ele>3.6</ele>
      </trkpt>
      <trkpt lat="34.01916" lon="-118.50753">
        <ele>3.6</ele>
      </trkpt>
      <trkpt lat="34.01911" lon="-118.50747">
        <ele>3.6</ele>
      </trkpt>
      <trkpt lat="34.0191" lon="-118.50745">
        <ele>3.6</ele>
      </trkpt>
      <trkpt lat="34.01903" lon="-118.50734">
        <ele>3.7</ele>
      </trkpt>
      <trkpt lat="34.01901" lon="-118.5073">
        <ele>3.7</ele>
      </trkpt>
      <trkpt lat="34.01898" lon="-118.50724">
        <ele>3.7</ele>
      </trkpt>
      <trkpt lat="34.01892" lon="-118.50713">
        <ele>3.8</ele>
      </trkpt>
      <trkpt lat="34.01888" lon="-118.50705">
        <ele>3.8</ele>
      </trkpt>
      <trkpt lat="34.01885" lon="-118.50696">
        <ele>3.9</ele>
      </trkpt>
      <trkpt lat="34.01875" lon="-118.50672">
        <ele>4.0</ele>
      </trkpt>
      <trkpt lat="34.01871" lon="-118.50661">
        <ele>4.1</ele>
      </trkpt>
      <trkpt lat="34.01868" lon="-118.50655">
        <ele>4.1</ele>
      </trkpt>
      <trkpt lat="34.01864" lon="-118.50649">
        <ele>4.1</ele>
      </trkpt>
      <trkpt lat="34.01859" lon="-118.50641">
        <ele>4.1</ele>
      </trkpt>
      <trkpt lat="34.01854" lon="-118.50635">
        <ele>4.1</ele>
      </trkpt>
      <trkpt lat="34.01848" lon="-118.50628">
        <ele>4.1</ele>
      </trkpt>
      <trkpt lat="34.01834" lon="-118.50615">
        <ele>4.1</ele>
      </trkpt>
      <trkpt lat="34.0182" lon="-118.50601">
        <ele>4.0</ele>
      </trkpt>
      <trkpt lat="34.01795" lon="-118.50578">
        <ele>3.9</ele>
      </trkpt>
      <trkpt lat="34.01762" lon="-118.50547">
        <ele>3.8</ele>
      </trkpt>
      <trkpt lat="34.01739" lon="-118.50525">
        <ele>3.7</ele>
      </trkpt>
      <trkpt lat="34.01727" lon="-118.50512">
        <ele>3.7</ele>
      </trkpt>
      <trkpt lat="34.01715" lon="-118.50495">
        <ele>3.7</ele>
      </trkpt>
      <trkpt lat="34.01705" lon="-118.50482">
        <ele>3.8</ele>
      </trkpt>
      <trkpt lat="34.01697" lon="-118.50469">
        <ele>3.8</ele>
      </trkpt>
      <trkpt lat="34.0169" lon="-118.50455">
        <ele>3.9</ele>
      </trkpt>
      <trkpt lat="34.0169" lon="-118.50455">
        <ele>3.9</ele>
      </trkpt>
      <trkpt lat="34.0169" lon="-118.50454">
        <ele>3.9</ele>
      </trkpt>
      <trkpt lat="34.01689" lon="-118.5045">
        <ele>4.0</ele>
      </trkpt>
      <trkpt lat="34.01687" lon="-118.50447">
        <ele>4.0</ele>
      </trkpt>
      <trkpt lat="34.01685" lon="-118.50439">
        <ele>4.1</ele>
      </trkpt>
      <trkpt lat="34.01684" lon="-118.50433">
        <ele>4.1</ele>
      </trkpt>
      <trkpt lat="34.01683" lon="-118.50427">
        <ele>4.2</ele>
      </trkpt>
      <trkpt lat="34.01681" lon="-118.50414">
        <ele>4.4</ele>
      </trkpt>
      <trkpt lat="34.0168" lon="-118.50408">
        <ele>4.5</ele>
      </trkpt>
      <trkpt lat="34.01681" lon="-118.504">
        <ele>4.7</ele>
      </trkpt>
      <trkpt lat="34.01683" lon="-118.50374">
        <ele>5.2</ele>
      </trkpt>
      <trkpt lat="34.01683" lon="-118.50365">
        <ele>5.3</ele>
      </trkpt>
      <trkpt lat="34.01683" lon="-118.50357">
        <ele>5.5</ele>
      </trkpt>
      <trkpt lat="34.01682" lon="-118.50349">
        <ele>5.6</ele>
      </trkpt>
      <trkpt lat="34.01681" lon="-118.50339">
        <ele>5.8</ele>
      </trkpt>
      <trkpt lat="34.01679" lon="-118.5033">
        <ele>5.9</ele>
      </trkpt>
      <trkpt lat="34.01677" lon="-118.50322">
        <ele>6.0</ele>
      </trkpt>
      <trkpt lat="34.01676" lon="-118.50317">
        <ele>6.1</ele>
      </trkpt>
      <trkpt lat="34.01674" lon="-118.50313">
        <ele>6.1</ele>
      </trkpt>
      <trkpt lat="34.01672" lon="-118.50308">
        <ele>6.2</ele>
      </trkpt>
      <trkpt lat="34.01669" lon="-118.50304">
        <ele>6.2</ele>
      </trkpt>
      <trkpt lat="34.01666" lon="-118.503">
        <ele>6.2</ele>
      </trkpt>
      <trkpt lat="34.01663" lon="-118.50296">
        <ele>6.2</ele>
      </trkpt>
      <trkpt lat="34.01641" lon="-118.50271">
        <ele>6.3</ele>
      </trkpt>
      <trkpt lat="34.01628" lon="-118.50256">
        <ele>6.2</ele>
      </trkpt>
      <trkpt lat="34.01609" lon="-118.50233">
        <ele>5.9</ele>
      </trkpt>
      <trkpt lat="34.01607" lon="-118.50231">
        <ele>5.8</ele>
      </trkpt>
      <trkpt lat="34.01605" lon="-118.50229">
        <ele>5.8</ele>
      </trkpt>
      <trkpt lat="34.01604" lon="-118.50228">
        <ele>5.8</ele>
      </trkpt>
      <trkpt lat="34.01603" lon="-118.50228">
        <ele>5.8</ele>
      </trkpt>
      <trkpt lat="34.01601" lon="-118.50227">
        <ele>5.7</ele>
      </trkpt>
      <trkpt lat="34.01598" lon="-118.50226">
        <ele>5.7</ele>
      </trkpt>
      <trkpt lat="34.01595" lon="-118.50224">
        <ele>5.7</ele>
      </trkpt>
      <trkpt lat="34.01593" lon="-118.50223">
        <ele>5.6</ele>
      </trkpt>
      <trkpt lat="34.01592" lon="-118.50222">
        <ele>5.6</ele>
      </trkpt>
      <trkpt lat="34.01591" lon="-118.50221">
        <ele>5.6</ele>
      </trkpt>
      <trkpt lat="34.0159" lon="-118.50221">
        <ele>5.6</ele>
      </trkpt>
      <trkpt lat="34.01589" lon="-118.50219">
        <ele>5.6</ele>
      </trkpt>
      <trkpt lat="34.01588" lon="-118.50218">
        <ele>5.6</ele>
      </trkpt>
      <trkpt lat="34.01586" lon="-118.50215">
        <ele>5.6</ele>
      </trkpt>
      <trkpt lat="34.01584" lon="-118.50208">
        <ele>5.7</ele>
      </trkpt>
      <trkpt lat="34.01583" lon="-118.50205">
        <ele>5.7</ele>
      </trkpt>
      <trkpt lat="34.01582" lon="-118.50203">
        <ele>5.8</ele>
      </trkpt>
      <trkpt lat="34.0158" lon="-118.50201">
        <ele>5.8</ele>
      </trkpt>
      <trkpt lat="34.01578" lon="-118.50197">
        <ele>5.8</ele>
      </trkpt>
      <trkpt lat="34.01577" lon="-118.50195">
        <ele>5.9</ele>
      </trkpt>
      <trkpt lat="34.01573" lon="-118.50191">
        <ele>5.9</ele>
      </trkpt>
      <trkpt lat="34.01557" lon="-118.50172">
        <ele>6.0</ele>
      </trkpt>
      <trkpt lat="34.01523" lon="-118.50131">
        <ele>5.8</ele>
      </trkpt>
      <trkpt lat="34.01522" lon="-118.50129">
        <ele>5.8</ele>
      </trkpt>
      <trkpt lat="34.01519" lon="-118.50125">
        <ele>5.8</ele>
      </trkpt>
      <trkpt lat="34.01517" lon="-118.50123">
        <ele>5.8</ele>
      </trkpt>
      <trkpt lat="34.01516" lon="-118.50121">
        <ele>5.8</ele>
      </trkpt>
      <trkpt lat="34.01515" lon="-118.50118">
        <ele>5.8</ele>
      </trkpt>
      <trkpt lat="34.01511" lon="-118.50111">
        <ele>5.6</ele>
      </trkpt>
      <trkpt lat="34.01511" lon="-118.5011">
        <ele>5.6</ele>
      </trkpt>
      <trkpt lat="34.01509" lon="-118.50107">
        <ele>5.6</ele>
      </trkpt>
      <trkpt lat="34.01507" lon="-118.50104">
        <ele>5.5</ele>
      </trkpt>
      <trkpt lat="34.01504" lon="-118.50101">
        <ele>5.5</ele>
      </trkpt>
      <trkpt lat="34.01493" lon="-118.50088">
        <ele>5.6</ele>
      </trkpt>
      <trkpt lat="34.01468" lon="-118.50061">
        <ele>5.6</ele>
      </trkpt>
      <trkpt lat="34.01448" lon="-118.50038">
        <ele>5.7</ele>
      </trkpt>
      <trkpt lat="34.01427" lon="-118.50016">
        <ele>5.6</ele>
      </trkpt>
      <trkpt lat="34.01407" lon="-118.49993">
        <ele>5.6</ele>
      </trkpt>
      <trkpt lat="34.01386" lon="-118.49971">
        <ele>5.7</ele>
      </trkpt>
      <trkpt lat="34.01366" lon="-118.49949">
        <ele>5.7</ele>
      </trkpt>
      <trkpt lat="34.01346" lon="-118.49927">
        <ele>5.7</ele>
      </trkpt>
      <trkpt lat="34.01325" lon="-118.49904">
        <ele>5.6</ele>
      </trkpt>
      <trkpt lat="34.01305" lon="-118.49882">
        <ele>5.6</ele>
      </trkpt>
      <trkpt lat="34.01287" lon="-118.49862">
        <ele>5.6</ele>
      </trkpt>
      <trkpt lat="34.01285" lon="-118.4986">
        <ele>5.6</ele>
      </trkpt>
      <trkpt lat="34.01265" lon="-118.49838">
        <ele>5.5</ele>
      </trkpt>
      <trkpt lat="34.01243" lon="-118.49817">
        <ele>5.6</ele>
      </trkpt>
      <trkpt lat="34.01222" lon="-118.49804">
        <ele>5.5</ele>
      </trkpt>
      <trkpt lat="34.01205" lon="-118.49798">
        <ele>5.3</ele>
      </trkpt>
      <trkpt lat="34.01188" lon="-118.49795">
        <ele>5.2</ele>
      </trkpt>
      <trkpt lat="34.01183" lon="-118.49796">
        <ele>5.1</ele>
      </trkpt>
      <trkpt lat="34.0117" lon="-118.49797">
        <ele>4.9</ele>
      </trkpt>
      <trkpt lat="34.01155" lon="-118.49803">
        <ele>4.8</ele>
      </trkpt>
      <trkpt lat="34.01145" lon="-118.49809">
        <ele>4.6</ele>
      </trkpt>
      <trkpt lat="34.01128" lon="-118.49825">
        <ele>4.2</ele>
      </trkpt>
      <trkpt lat="34.0112" lon="-118.49833">
        <ele>4.0</ele>
      </trkpt>
      <trkpt lat="34.01119" lon="-118.49835">
        <ele>3.9</ele>
      </trkpt>
      <trkpt lat="34.01098" lon="-118.49864">
        <ele>3.3</ele>
      </trkpt>
      <trkpt lat="34.01092" lon="-118.49872">
        <ele>3.1</ele>
      </trkpt>
      <trkpt lat="34.01089" lon="-118.49875">
        <ele>3.0</ele>
      </trkpt>
      <trkpt lat="34.01087" lon="-118.49877">
        <ele>3.0</ele>
      </trkpt>
      <trkpt lat="34.01085" lon="-118.49879">
        <ele>2.9</ele>
      </trkpt>
      <trkpt lat="34.01081" lon="-118.49881">
        <ele>2.9</ele>
      </trkpt>
      <trkpt lat="34.01075" lon="-118.49883">
        <ele>2.8</ele>
      </trkpt>
      <trkpt lat="34.01071" lon="-118.49883">
        <ele>2.7</ele>
      </trkpt>
      <trkpt lat="34.01067" lon="-118.49882">
        <ele>2.6</ele>
      </trkpt>
      <trkpt lat="34.01066" lon="-118.49882">
        <ele>2.6</ele>
      </trkpt>
      <trkpt lat="34.01066" lon="-118.49882">
        <ele>2.6</ele>
      </trkpt>
      <trkpt lat="34.01062" lon="-118.49881">
        <ele>2.6</ele>
      </trkpt>
      <trkpt lat="34.01058" lon="-118.49879">
        <ele>2.5</ele>
      </trkpt>
      <trkpt lat="34.01054" lon="-118.49876">
        <ele>2.5</ele>
      </trkpt>
      <trkpt lat="34.0105" lon="-118.49869">
        <ele>2.5</ele>
      </trkpt>
      <trkpt lat="34.01044" lon="-118.49859">
        <ele>2.6</ele>
      </trkpt>
      <trkpt lat="34.01036" lon="-118.49843">
        <ele>2.6</ele>
      </trkpt>
      <trkpt lat="34.01035" lon="-118.49841">
        <ele>2.6</ele>
      </trkpt>
      <trkpt lat="34.01032" lon="-118.49834">
        <ele>2.6</ele>
      </trkpt>
      <trkpt lat="34.01028" lon="-118.49822">
        <ele>2.7</ele>
      </trkpt>
      <trkpt lat="34.01023" lon="-118.49811">
        <ele>2.7</ele>
      </trkpt>
      <trkpt lat="34.01013" lon="-118.49782">
        <ele>3.0</ele>
      </trkpt>
      <trkpt lat="34.01004" lon="-118.49753">
        <ele>3.2</ele>
      </trkpt>
      <trkpt lat="34.01" lon="-118.49742">
        <ele>3.3</ele>
      </trkpt>
      <trkpt lat="34.00997" lon="-118.49733">
        <ele>3.4</ele>
      </trkpt>
    </trkseg>
  </trk>
</gpx>
