<?xml version="1.0" encoding="UTF-8"?>
<gpx xmlns:gpxdata="http://www.cluetrust.com/XML/GPXDATA/1/0" xmlns:xsi="http://www.w3.org/2001/XMLSchema-instance" xmlns="http://www.topografix.com/GPX/1/1" version="1.1" creator="http://ridewithgps.com/" xsi:schemaLocation="http://www.topografix.com/GPX/1/1 http://www.topografix.com/GPX/1/1/gpx.xsd http://www.cluetrust.com/XML/GPXDATA/1/0 http://www.cluetrust.com/Schemas/gpxdata10.xsd">
  <metadata>
    <name>Day 6 - Santa Maria to Ventura</name>
    <link href="https://ridewithgps.com/routes/56930910">
      <text>Day 6 - Santa Maria to Ventura</text>
    </link>
    <time>2026-08-30T14:17:42Z</time>
  </metadata>
  <wpt lat="34.84784313" lon="-120.24105026">
    <name>The San Ramon Chapel</name>
    <cmt>generic</cmt>
    <sym>Dot</sym>
    <type>generic</type>
  </wpt>
  <wpt lat="34.665686" lon="-120.113531">
    <name>2902 San Marcos Avenue</name>
    <cmt>generic</cmt>
    <sym>Dot</sym>
    <type>generic</type>
  </wpt>
  <wpt lat="34.575435" lon="-119.958805">
    <name>1 Lakeview Drive</name>
    <cmt>generic</cmt>
    <sym>Dot</sym>
    <type>generic</type>
  </wpt>
  <wpt lat="34.97862" lon="-120.43339">
    <name>Right</name>
    <cmt>Turn right onto Preisker Ln</cmt>
    <desc>Turn right onto Preisker Ln</desc>
    <sym>Dot</sym>
    <type>Dot</type>
  </wpt>
  <wpt lat="34.97887" lon="-120.43472">
    <name>Left</name>
    <cmt>Turn left onto N Broadway</cmt>
    <desc>Turn left onto N Broadway</desc>
    <sym>Dot</sym>
    <type>Dot</type>
  </wpt>
  <wpt lat="34.96772" lon="-120.43572">
    <name>Left</name>
    <cmt>Turn left onto E Donovan Rd</cmt>
    <desc>Turn left onto E Donovan Rd</desc>
    <sym>Dot</sym>
    <type>Dot</type>
  </wpt>
  <wpt lat="34.96743" lon="-120.40885">
    <name>Right</name>
    <cmt>Turn right onto N Suey Rd</cmt>
    <desc>Turn right onto N Suey Rd</desc>
    <sym>Dot</sym>
    <type>Dot</type>
  </wpt>
  <wpt lat="34.94577" lon="-120.40923">
    <name>Left</name>
    <cmt>Turn left onto E Jones St</cmt>
    <desc>Turn left onto E Jones St</desc>
    <sym>Dot</sym>
    <type>Dot</type>
  </wpt>
  <wpt lat="34.94524" lon="-120.40045">
    <name>Straight</name>
    <cmt>Continue onto Rosemary Rd</cmt>
    <desc>Continue onto Rosemary Rd</desc>
    <sym>Dot</sym>
    <type>Dot</type>
  </wpt>
  <wpt lat="34.92381" lon="-120.40062">
    <name>Left</name>
    <cmt>Turn left onto Betteravia Rd</cmt>
    <desc>Turn left onto Betteravia Rd</desc>
    <sym>Dot</sym>
    <type>Dot</type>
  </wpt>
  <wpt lat="34.92342" lon="-120.37403">
    <name>Straight</name>
    <cmt>Continue onto Foxen Canyon Rd</cmt>
    <desc>Continue onto Foxen Canyon Rd</desc>
    <sym>Dot</sym>
    <type>Dot</type>
  </wpt>
  <wpt lat="34.89616" lon="-120.31512">
    <name>Straight</name>
    <cmt>Continue onto Santa Maria Mesa Rd</cmt>
    <desc>Continue onto Santa Maria Mesa Rd</desc>
    <sym>Dot</sym>
    <type>Dot</type>
  </wpt>
  <wpt lat="34.8956" lon="-120.31464">
    <name>Right</name>
    <cmt>Turn right onto Foxen Canyon Rd</cmt>
    <desc>Turn right onto Foxen Canyon Rd</desc>
    <sym>Dot</sym>
    <type>Dot</type>
  </wpt>
  <wpt lat="34.86455" lon="-120.29499">
    <name>Left</name>
    <cmt>Turn left to stay on Foxen Canyon Rd</cmt>
    <desc>Turn left to stay on Foxen Canyon Rd</desc>
    <sym>Dot</sym>
    <type>Dot</type>
  </wpt>
  <wpt lat="34.84837" lon="-120.24197">
    <name>Left</name>
    <cmt>Turn left onto Forest Rte 10N06</cmt>
    <desc>Turn left onto Forest Rte 10N06</desc>
    <sym>Dot</sym>
    <type>Dot</type>
  </wpt>
  <wpt lat="34.84837" lon="-120.24197">
    <name>Left</name>
    <cmt>Turn left onto Foxen Canyon Rd</cmt>
    <desc>Turn left onto Foxen Canyon Rd</desc>
    <sym>Dot</sym>
    <type>Dot</type>
  </wpt>
  <wpt lat="34.72455" lon="-120.13322">
    <name>Left</name>
    <cmt>Turn left to stay on Foxen Canyon Rd</cmt>
    <desc>Turn left to stay on Foxen Canyon Rd</desc>
    <sym>Dot</sym>
    <type>Dot</type>
  </wpt>
  <wpt lat="34.66766" lon="-120.12295">
    <name>Left</name>
    <cmt>Turn left onto Steele St</cmt>
    <desc>Turn left onto Steele St</desc>
    <sym>Dot</sym>
    <type>Dot</type>
  </wpt>
  <wpt lat="34.66566" lon="-120.12122">
    <name>Left</name>
    <cmt>Steele St turns slightly left and becomes Alamo Pintado Ave</cmt>
    <desc>Steele St turns slightly left and becomes Alamo Pintado Ave</desc>
    <sym>Dot</sym>
    <type>Dot</type>
  </wpt>
  <wpt lat="34.66552" lon="-120.11336">
    <name>Left</name>
    <cmt>Turn left</cmt>
    <desc>Turn left</desc>
    <sym>Dot</sym>
    <type>Dot</type>
  </wpt>
  <wpt lat="34.66552" lon="-120.11336">
    <name>Right</name>
    <cmt>Turn right onto Alamo Pintado Ave</cmt>
    <desc>Turn right onto Alamo Pintado Ave</desc>
    <sym>Dot</sym>
    <type>Dot</type>
  </wpt>
  <wpt lat="34.66552" lon="-120.11504">
    <name>Left</name>
    <cmt>Turn left onto Dan Henry Bike Rte/​Grand Ave</cmt>
    <desc>Turn left onto Dan Henry Bike Rte/​Grand Ave</desc>
    <sym>Dot</sym>
    <type>Dot</type>
  </wpt>
  <wpt lat="34.65411" lon="-120.11485">
    <name>Slight Left</name>
    <cmt>Slight left onto Roblar Ave</cmt>
    <desc>Slight left onto Roblar Ave</desc>
    <sym>Dot</sym>
    <type>Dot</type>
  </wpt>
  <wpt lat="34.64986" lon="-120.05235">
    <name>Slight Right</name>
    <cmt>Slight right onto Mora Ave</cmt>
    <desc>Slight right onto Mora Ave</desc>
    <sym>Dot</sym>
    <type>Dot</type>
  </wpt>
  <wpt lat="34.63541" lon="-120.05162">
    <name>Left</name>
    <cmt>Turn left onto Baseline Ave</cmt>
    <desc>Turn left onto Baseline Ave</desc>
    <sym>Dot</sym>
    <type>Dot</type>
  </wpt>
  <wpt lat="34.61996" lon="-120.02235">
    <name>Right</name>
    <cmt>Turn right onto Forest Rte 7N07/​Happy Canyon Rd</cmt>
    <desc>Turn right onto Forest Rte 7N07/​Happy Canyon Rd</desc>
    <sym>Dot</sym>
    <type>Dot</type>
  </wpt>
  <wpt lat="34.60749" lon="-120.03012">
    <name>Left</name>
    <cmt>Turn left onto Armour Ranch Rd</cmt>
    <desc>Turn left onto Armour Ranch Rd</desc>
    <sym>Dot</sym>
    <type>Dot</type>
  </wpt>
  <wpt lat="34.58971" lon="-120.03201">
    <name>Left</name>
    <cmt>Turn left onto CA-154 E</cmt>
    <desc>Turn left onto CA-154 E</desc>
    <sym>Dot</sym>
    <type>Dot</type>
  </wpt>
  <wpt lat="34.57295" lon="-119.95876">
    <name>Left</name>
    <cmt>Turn left onto Lakeview Dr</cmt>
    <desc>Turn left onto Lakeview Dr</desc>
    <sym>Dot</sym>
    <type>Dot</type>
  </wpt>
  <wpt lat="34.57867" lon="-119.95821">
    <name>Right</name>
    <cmt>Turn right</cmt>
    <desc>Turn right</desc>
    <sym>Dot</sym>
    <type>Dot</type>
  </wpt>
  <wpt lat="34.57835" lon="-119.9573">
    <name>Right</name>
    <cmt>Turn right toward Lakeview Dr</cmt>
    <desc>Turn right toward Lakeview Dr</desc>
    <sym>Dot</sym>
    <type>Dot</type>
  </wpt>
  <wpt lat="34.57841" lon="-119.95819">
    <name>Right</name>
    <cmt>Turn right toward Lakeview Dr</cmt>
    <desc>Turn right toward Lakeview Dr</desc>
    <sym>Dot</sym>
    <type>Dot</type>
  </wpt>
  <wpt lat="34.57857" lon="-119.95804">
    <name>Left</name>
    <cmt>Turn left toward Lakeview Dr</cmt>
    <desc>Turn left toward Lakeview Dr</desc>
    <sym>Dot</sym>
    <type>Dot</type>
  </wpt>
  <wpt lat="34.57867" lon="-119.95821">
    <name>Left</name>
    <cmt>Turn left onto Lakeview Dr</cmt>
    <desc>Turn left onto Lakeview Dr</desc>
    <sym>Dot</sym>
    <type>Dot</type>
  </wpt>
  <wpt lat="34.5772" lon="-119.95828">
    <name>Slight Left</name>
    <cmt>Slight left to stay on Lakeview Dr</cmt>
    <desc>Slight left to stay on Lakeview Dr</desc>
    <sym>Dot</sym>
    <type>Dot</type>
  </wpt>
  <wpt lat="34.57655" lon="-119.95837">
    <name>Right</name>
    <cmt>Turn right</cmt>
    <desc>Turn right</desc>
    <sym>Dot</sym>
    <type>Dot</type>
  </wpt>
  <wpt lat="34.57625" lon="-119.95681">
    <name>Left</name>
    <cmt>Turn left</cmt>
    <desc>Turn left</desc>
    <sym>Dot</sym>
    <type>Dot</type>
  </wpt>
  <wpt lat="34.57652" lon="-119.95689">
    <name>Sharp Right</name>
    <cmt>Sharp right</cmt>
    <desc>Sharp right</desc>
    <sym>Dot</sym>
    <type>Dot</type>
  </wpt>
  <wpt lat="34.57026" lon="-119.94899">
    <name>Right</name>
    <cmt>Turn right</cmt>
    <desc>Turn right</desc>
    <sym>Dot</sym>
    <type>Dot</type>
  </wpt>
  <wpt lat="34.56778" lon="-119.94875">
    <name>Left</name>
    <cmt>Turn left onto CA-154 E</cmt>
    <desc>Turn left onto CA-154 E</desc>
    <sym>Dot</sym>
    <type>Dot</type>
  </wpt>
  <wpt lat="34.54224" lon="-119.86895">
    <name>Left</name>
    <cmt>Turn left onto Stagecoach Rd</cmt>
    <desc>Turn left onto Stagecoach Rd</desc>
    <sym>Dot</sym>
    <type>Dot</type>
  </wpt>
  <wpt lat="34.52276" lon="-119.83205">
    <name>Slight Right</name>
    <cmt>Slight right to stay on Stagecoach Rd</cmt>
    <desc>Slight right to stay on Stagecoach Rd</desc>
    <sym>Dot</sym>
    <type>Dot</type>
  </wpt>
  <wpt lat="34.50971" lon="-119.82367">
    <name>Slight Left</name>
    <cmt>Slight left to stay on Stagecoach Rd</cmt>
    <desc>Slight left to stay on Stagecoach Rd</desc>
    <sym>Dot</sym>
    <type>Dot</type>
  </wpt>
  <wpt lat="34.50939" lon="-119.82323">
    <name>Slight Left</name>
    <cmt>Slight left onto Stagecoach Rd</cmt>
    <desc>Slight left onto Stagecoach Rd</desc>
    <sym>Dot</sym>
    <type>Dot</type>
  </wpt>
  <wpt lat="34.50894" lon="-119.8223">
    <name>Right</name>
    <cmt>Turn right onto Kinevan Rd</cmt>
    <desc>Turn right onto Kinevan Rd</desc>
    <sym>Dot</sym>
    <type>Dot</type>
  </wpt>
  <wpt lat="34.50688" lon="-119.82574">
    <name>Left</name>
    <cmt>Turn left to stay on Kinevan Rd</cmt>
    <desc>Turn left to stay on Kinevan Rd</desc>
    <sym>Dot</sym>
    <type>Dot</type>
  </wpt>
  <wpt lat="34.50466" lon="-119.81578">
    <name>Straight</name>
    <cmt>Continue onto W Camino Cielo/​Forest Rte 5N12</cmt>
    <desc>Continue onto W Camino Cielo/​Forest Rte 5N12</desc>
    <sym>Dot</sym>
    <type>Dot</type>
  </wpt>
  <wpt lat="34.50441" lon="-119.81226">
    <name>Right</name>
    <cmt>Turn right onto CA-154 E</cmt>
    <desc>Turn right onto CA-154 E</desc>
    <sym>Dot</sym>
    <type>Dot</type>
  </wpt>
  <wpt lat="34.49127" lon="-119.7954">
    <name>Right</name>
    <cmt>Turn right onto San Marcos</cmt>
    <desc>Turn right onto San Marcos</desc>
    <sym>Dot</sym>
    <type>Dot</type>
  </wpt>
  <wpt lat="34.4515" lon="-119.79622">
    <name>Left</name>
    <cmt>Turn left onto Cathedral Oaks Rd</cmt>
    <desc>Turn left onto Cathedral Oaks Rd</desc>
    <sym>Dot</sym>
    <type>Dot</type>
  </wpt>
  <wpt lat="34.45131" lon="-119.79007">
    <name>Right</name>
    <cmt>Turn right onto N Turnpike Rd</cmt>
    <desc>Turn right onto N Turnpike Rd</desc>
    <sym>Dot</sym>
    <type>Dot</type>
  </wpt>
  <wpt lat="34.43648" lon="-119.78952">
    <name>Left</name>
    <cmt>Turn left onto Cross-Town Rte/​Hollister Ave</cmt>
    <desc>Turn left onto Cross-Town Rte/​Hollister Ave</desc>
    <sym>Dot</sym>
    <type>Dot</type>
  </wpt>
  <wpt lat="34.44013" lon="-119.77006">
    <name>Right</name>
    <cmt>Turn right onto Modoc Rd</cmt>
    <desc>Turn right onto Modoc Rd</desc>
    <sym>Dot</sym>
    <type>Dot</type>
  </wpt>
  <wpt lat="34.432741" lon="-119.748021">
    <name>Generic</name>
    <cmt>Get on the bike path on the right</cmt>
    <desc>Get on the bike path on the right</desc>
    <sym>Dot</sym>
    <type>Dot</type>
  </wpt>
  <wpt lat="34.426434" lon="-119.736445">
    <name>Generic</name>
    <cmt>Stay right on the bike path as it turns</cmt>
    <desc>Stay right on the bike path as it turns</desc>
    <sym>Dot</sym>
    <type>Dot</type>
  </wpt>
  <wpt lat="34.42641" lon="-119.73544">
    <name>Right</name>
    <cmt>Turn right toward Las Positas Rd</cmt>
    <desc>Turn right toward Las Positas Rd</desc>
    <sym>Dot</sym>
    <type>Dot</type>
  </wpt>
  <wpt lat="34.42603" lon="-119.73555">
    <name>Straight</name>
    <cmt>Continue onto Las Positas Rd</cmt>
    <desc>Continue onto Las Positas Rd</desc>
    <sym>Dot</sym>
    <type>Dot</type>
  </wpt>
  <wpt lat="34.425451" lon="-119.736349">
    <name>Generic</name>
    <cmt>Stay on bike path all the way to Cliff Dr</cmt>
    <desc>Stay on bike path all the way to Cliff Dr</desc>
    <sym>Dot</sym>
    <type>Dot</type>
  </wpt>
  <wpt lat="34.40536" lon="-119.73928">
    <name>Straight</name>
    <cmt>Enter the traffic circle</cmt>
    <desc>Enter the traffic circle</desc>
    <sym>Dot</sym>
    <type>Dot</type>
  </wpt>
  <wpt lat="34.40155" lon="-119.72209">
    <name>Right</name>
    <cmt>Turn right onto Meigs Rd</cmt>
    <desc>Turn right onto Meigs Rd</desc>
    <sym>Dot</sym>
    <type>Dot</type>
  </wpt>
  <wpt lat="34.3969" lon="-119.71988">
    <name>Straight</name>
    <cmt>Continue onto Shoreline Dr</cmt>
    <desc>Continue onto Shoreline Dr</desc>
    <sym>Dot</sym>
    <type>Dot</type>
  </wpt>
  <wpt lat="34.396255" lon="-119.71074">
    <name>Generic</name>
    <cmt>Stop at Parking Lot 1 if necessary. Get on the bike path/sidewalk</cmt>
    <desc>Stop at Parking Lot 1 if necessary. Get on the bike path/sidewalk</desc>
    <sym>Dot</sym>
    <type>Dot</type>
  </wpt>
  <wpt lat="34.39626" lon="-119.70996">
    <name>Right</name>
    <cmt>Turn right</cmt>
    <desc>Turn right</desc>
    <sym>Dot</sym>
    <type>Dot</type>
  </wpt>
  <wpt lat="34.39609" lon="-119.70995">
    <name>Left</name>
    <cmt>Turn left</cmt>
    <desc>Turn left</desc>
    <sym>Dot</sym>
    <type>Dot</type>
  </wpt>
  <wpt lat="34.40211" lon="-119.70015">
    <name>Right</name>
    <cmt>Turn right</cmt>
    <desc>Turn right</desc>
    <sym>Dot</sym>
    <type>Dot</type>
  </wpt>
  <wpt lat="34.40283" lon="-119.69777">
    <name>Left</name>
    <cmt>Turn left toward Shoreline Dr</cmt>
    <desc>Turn left toward Shoreline Dr</desc>
    <sym>Dot</sym>
    <type>Dot</type>
  </wpt>
  <wpt lat="34.4051" lon="-119.69428">
    <name>Right</name>
    <cmt>Turn right</cmt>
    <desc>Turn right</desc>
    <sym>Dot</sym>
    <type>Dot</type>
  </wpt>
  <wpt lat="34.40649" lon="-119.69333">
    <name>Left</name>
    <cmt>Turn left</cmt>
    <desc>Turn left</desc>
    <sym>Dot</sym>
    <type>Dot</type>
  </wpt>
  <wpt lat="34.40649" lon="-119.69337">
    <name>Right</name>
    <cmt>Turn right</cmt>
    <desc>Turn right</desc>
    <sym>Dot</sym>
    <type>Dot</type>
  </wpt>
  <wpt lat="34.40723" lon="-119.69315">
    <name>Left</name>
    <cmt>Turn left</cmt>
    <desc>Turn left</desc>
    <sym>Dot</sym>
    <type>Dot</type>
  </wpt>
  <wpt lat="34.40749" lon="-119.69351">
    <name>Right</name>
    <cmt>Turn right</cmt>
    <desc>Turn right</desc>
    <sym>Dot</sym>
    <type>Dot</type>
  </wpt>
  <wpt lat="34.41193" lon="-119.68884">
    <name>Right</name>
    <cmt>Turn right onto Stearns Wharf</cmt>
    <desc>Turn right onto Stearns Wharf</desc>
    <sym>Dot</sym>
    <type>Dot</type>
  </wpt>
  <wpt lat="34.41193" lon="-119.68884">
    <name>Right</name>
    <cmt>Turn right</cmt>
    <desc>Turn right</desc>
    <sym>Dot</sym>
    <type>Dot</type>
  </wpt>
  <wpt lat="34.41673" lon="-119.67218">
    <name>Right</name>
    <cmt>Turn right onto E Cabrillo Blvd</cmt>
    <desc>Turn right onto E Cabrillo Blvd</desc>
    <sym>Dot</sym>
    <type>Dot</type>
  </wpt>
  <wpt lat="34.416734" lon="-119.672155">
    <name>Generic</name>
    <cmt>Cross a little further to get to the whole bike path stretch</cmt>
    <desc>Cross a little further to get to the whole bike path stretch</desc>
    <sym>Dot</sym>
    <type>Dot</type>
  </wpt>
  <wpt lat="34.41698" lon="-119.67091">
    <name>Left</name>
    <cmt>Turn left onto Corona Del Mar</cmt>
    <desc>Turn left onto Corona Del Mar</desc>
    <sym>Dot</sym>
    <type>Dot</type>
  </wpt>
  <wpt lat="34.41726" lon="-119.67098">
    <name>Right</name>
    <cmt>Turn right</cmt>
    <desc>Turn right</desc>
    <sym>Dot</sym>
    <type>Dot</type>
  </wpt>
  <wpt lat="34.41758" lon="-119.66806">
    <name>Slight Left</name>
    <cmt>Slight left</cmt>
    <desc>Slight left</desc>
    <sym>Dot</sym>
    <type>Dot</type>
  </wpt>
  <wpt lat="34.41765" lon="-119.66772">
    <name>Slight Right</name>
    <cmt>Slight right</cmt>
    <desc>Slight right</desc>
    <sym>Dot</sym>
    <type>Dot</type>
  </wpt>
  <wpt lat="34.41743" lon="-119.6674">
    <name>Slight Left</name>
    <cmt>Slight left</cmt>
    <desc>Slight left</desc>
    <sym>Dot</sym>
    <type>Dot</type>
  </wpt>
  <wpt lat="34.42127" lon="-119.65663">
    <name>Right</name>
    <cmt>Turn right toward E Cabrillo Blvd</cmt>
    <desc>Turn right toward E Cabrillo Blvd</desc>
    <sym>Dot</sym>
    <type>Dot</type>
  </wpt>
  <wpt lat="34.42129" lon="-119.65656">
    <name>Right</name>
    <cmt>At the traffic circle, take the 3rd exit onto E Cabrillo Blvd</cmt>
    <desc>At the traffic circle, take the 3rd exit onto E Cabrillo Blvd</desc>
    <sym>Dot</sym>
    <type>Dot</type>
  </wpt>
  <wpt lat="34.42286" lon="-119.65406">
    <name>Straight</name>
    <cmt>Continue onto Hot Springs Rd</cmt>
    <desc>Continue onto Hot Springs Rd</desc>
    <sym>Dot</sym>
    <type>Dot</type>
  </wpt>
  <wpt lat="34.42255" lon="-119.65275">
    <name>Right</name>
    <cmt>Turn right onto Coast Village Rd/​Cross-Town Rte</cmt>
    <desc>Turn right onto Coast Village Rd/​Cross-Town Rte</desc>
    <sym>Dot</sym>
    <type>Dot</type>
  </wpt>
  <wpt lat="34.42117" lon="-119.6458">
    <name>Right</name>
    <cmt>Turn right</cmt>
    <desc>Turn right</desc>
    <sym>Dot</sym>
    <type>Dot</type>
  </wpt>
  <wpt lat="34.42108" lon="-119.64582">
    <name>Left</name>
    <cmt>Turn left</cmt>
    <desc>Turn left</desc>
    <sym>Dot</sym>
    <type>Dot</type>
  </wpt>
  <wpt lat="34.42095" lon="-119.64384">
    <name>Left</name>
    <cmt>Turn left toward Coast Village Rd/​Cross-Town Rte</cmt>
    <desc>Turn left toward Coast Village Rd/​Cross-Town Rte</desc>
    <sym>Dot</sym>
    <type>Dot</type>
  </wpt>
  <wpt lat="34.42107" lon="-119.64383">
    <name>Right</name>
    <cmt>Turn right onto Coast Village Rd/​Cross-Town Rte</cmt>
    <desc>Turn right onto Coast Village Rd/​Cross-Town Rte</desc>
    <sym>Dot</sym>
    <type>Dot</type>
  </wpt>
  <wpt lat="34.42149" lon="-119.63999">
    <name>Right</name>
    <cmt>At the traffic circle, continue straight onto Cross-Town Rte/​N Jameson Ln</cmt>
    <desc>At the traffic circle, continue straight onto Cross-Town Rte/​N Jameson Ln</desc>
    <sym>Dot</sym>
    <type>Dot</type>
  </wpt>
  <wpt lat="34.42312" lon="-119.632">
    <name>Right</name>
    <cmt>Turn right toward N Jameson Ln</cmt>
    <desc>Turn right toward N Jameson Ln</desc>
    <sym>Dot</sym>
    <type>Dot</type>
  </wpt>
  <wpt lat="34.423" lon="-119.63179">
    <name>Right</name>
    <cmt>At the traffic circle, take the 3rd exit onto N Jameson Ln</cmt>
    <desc>At the traffic circle, take the 3rd exit onto N Jameson Ln</desc>
    <sym>Dot</sym>
    <type>Dot</type>
  </wpt>
  <wpt lat="34.42223" lon="-119.61252">
    <name>Right</name>
    <cmt>Turn right onto Ortega Hill Rd</cmt>
    <desc>Turn right onto Ortega Hill Rd</desc>
    <sym>Dot</sym>
    <type>Dot</type>
  </wpt>
  <wpt lat="34.42223" lon="-119.612">
    <name>Right</name>
    <cmt>Turn right</cmt>
    <desc>Turn right</desc>
    <sym>Dot</sym>
    <type>Dot</type>
  </wpt>
  <wpt lat="34.42165" lon="-119.60386">
    <name>Right</name>
    <cmt>Turn right onto Ortega Hill Rd</cmt>
    <desc>Turn right onto Ortega Hill Rd</desc>
    <sym>Dot</sym>
    <type>Dot</type>
  </wpt>
  <wpt lat="34.42169" lon="-119.60029">
    <name>Straight</name>
    <cmt>Continue onto Lillie Ave</cmt>
    <desc>Continue onto Lillie Ave</desc>
    <sym>Dot</sym>
    <type>Dot</type>
  </wpt>
  <wpt lat="34.41795" lon="-119.58865">
    <name>Straight</name>
    <cmt>Continue onto Via Real</cmt>
    <desc>Continue onto Via Real</desc>
    <sym>Dot</sym>
    <type>Dot</type>
  </wpt>
  <wpt lat="34.40446" lon="-119.52665">
    <name>Right</name>
    <cmt>Turn right onto Santa Ynez Ave</cmt>
    <desc>Turn right onto Santa Ynez Ave</desc>
    <sym>Dot</sym>
    <type>Dot</type>
  </wpt>
  <wpt lat="34.40178" lon="-119.52647">
    <name>Left</name>
    <cmt>Turn left onto Carpinteria Ave</cmt>
    <desc>Turn left onto Carpinteria Ave</desc>
    <sym>Dot</sym>
    <type>Dot</type>
  </wpt>
  <wpt lat="34.38319" lon="-119.48577">
    <name>Left</name>
    <cmt>Turn left onto Rincon Rd</cmt>
    <desc>Turn left onto Rincon Rd</desc>
    <sym>Dot</sym>
    <type>Dot</type>
  </wpt>
  <wpt lat="34.3846" lon="-119.47617">
    <name>Slight Right</name>
    <cmt>Slight right onto Rincon Hill Rd</cmt>
    <desc>Slight right onto Rincon Hill Rd</desc>
    <sym>Dot</sym>
    <type>Dot</type>
  </wpt>
  <wpt lat="34.37898" lon="-119.47707">
    <name>Straight</name>
    <cmt>Continue onto Bates Rd</cmt>
    <desc>Continue onto Bates Rd</desc>
    <sym>Dot</sym>
    <type>Dot</type>
  </wpt>
  <wpt lat="34.37559" lon="-119.47731">
    <name>Left</name>
    <cmt>Turn left</cmt>
    <desc>Turn left</desc>
    <sym>Dot</sym>
    <type>Dot</type>
  </wpt>
  <wpt lat="34.356012" lon="-119.440815">
    <name>Danger</name>
    <cmt>Cars are exiting fast. Be extra alert!</cmt>
    <desc>Cars are exiting fast. Be extra alert!</desc>
    <sym>Dot</sym>
    <type>Dot</type>
  </wpt>
  <wpt lat="34.356018" lon="-119.440446">
    <name>Danger</name>
    <cmt>Cars entering S-101. Be alert!</cmt>
    <desc>Cars entering S-101. Be alert!</desc>
    <sym>Dot</sym>
    <type>Dot</type>
  </wpt>
  <wpt lat="34.35217" lon="-119.42715">
    <name>Straight</name>
    <cmt>Continue onto Mobil Pier Rd</cmt>
    <desc>Continue onto Mobil Pier Rd</desc>
    <sym>Dot</sym>
    <type>Dot</type>
  </wpt>
  <wpt lat="34.35099" lon="-119.42611">
    <name>Left</name>
    <cmt>Turn left to stay on Mobil Pier Rd</cmt>
    <desc>Turn left to stay on Mobil Pier Rd</desc>
    <sym>Dot</sym>
    <type>Dot</type>
  </wpt>
  <wpt lat="34.35148" lon="-119.42517">
    <name>Right</name>
    <cmt>Turn right</cmt>
    <desc>Turn right</desc>
    <sym>Dot</sym>
    <type>Dot</type>
  </wpt>
  <wpt lat="34.345882" lon="-119.419452">
    <name>Danger</name>
    <cmt>Cars going in and out off Highway 101! Be alert!</cmt>
    <desc>Cars going in and out off Highway 101! Be alert!</desc>
    <sym>Dot</sym>
    <type>Dot</type>
  </wpt>
  <wpt lat="34.3455" lon="-119.41906">
    <name>Straight</name>
    <cmt>Continue onto CA-1 S</cmt>
    <desc>Continue onto CA-1 S</desc>
    <sym>Dot</sym>
    <type>Dot</type>
  </wpt>
  <wpt lat="34.345231" lon="-119.41877">
    <name>Danger</name>
    <cmt>Cars going in and out off Highway 101! Be alert!</cmt>
    <desc>Cars going in and out off Highway 101! Be alert!</desc>
    <sym>Dot</sym>
    <type>Dot</type>
  </wpt>
  <wpt lat="34.34294" lon="-119.416493">
    <name>Danger</name>
    <cmt>Cars going in and out off Highway 101! Be alert!</cmt>
    <desc>Cars going in and out off Highway 101! Be alert!</desc>
    <sym>Dot</sym>
    <type>Dot</type>
  </wpt>
  <wpt lat="34.290182" lon="-119.335445">
    <name>Danger</name>
    <cmt>Stay right to get on the bike path</cmt>
    <desc>Stay right to get on the bike path</desc>
    <sym>Dot</sym>
    <type>Dot</type>
  </wpt>
  <wpt lat="34.29009" lon="-119.33527">
    <name>Slight Right</name>
    <cmt>Slight right onto Caltrans First Adopt-a-Bike-Path in California</cmt>
    <desc>Slight right onto Caltrans First Adopt-a-Bike-Path in California</desc>
    <sym>Dot</sym>
    <type>Dot</type>
  </wpt>
  <wpt lat="34.28239" lon="-119.31499">
    <name>Slight Right</name>
    <cmt>Slight right onto Park Access Rd</cmt>
    <desc>Slight right onto Park Access Rd</desc>
    <sym>Dot</sym>
    <type>Dot</type>
  </wpt>
  <wpt lat="34.28265" lon="-119.31404">
    <name>Right</name>
    <cmt>Turn right onto US-101 BUS</cmt>
    <desc>Turn right onto US-101 BUS</desc>
    <sym>Dot</sym>
    <type>Dot</type>
  </wpt>
  <wpt lat="34.28236" lon="-119.31163">
    <name>Right</name>
    <cmt>Turn right</cmt>
    <desc>Turn right</desc>
    <sym>Dot</sym>
    <type>Dot</type>
  </wpt>
  <wpt lat="34.2816" lon="-119.30641">
    <name>Right</name>
    <cmt>Turn right</cmt>
    <desc>Turn right</desc>
    <sym>Dot</sym>
    <type>Dot</type>
  </wpt>
  <wpt lat="34.27436" lon="-119.30036">
    <name>Right</name>
    <cmt>Turn right onto Ventura Promenade</cmt>
    <desc>Turn right onto Ventura Promenade</desc>
    <sym>Dot</sym>
    <type>Dot</type>
  </wpt>
  <wpt lat="34.2687" lon="-119.27793">
    <name>Left</name>
    <cmt>Turn left toward Pierpont Blvd</cmt>
    <desc>Turn left toward Pierpont Blvd</desc>
    <sym>Dot</sym>
    <type>Dot</type>
  </wpt>
  <wpt lat="34.26879" lon="-119.27719">
    <name>Right</name>
    <cmt>Turn right onto Pierpont Blvd</cmt>
    <desc>Turn right onto Pierpont Blvd</desc>
    <sym>Dot</sym>
    <type>Dot</type>
  </wpt>
  <wpt lat="34.26414" lon="-119.27211">
    <name>Left</name>
    <cmt>Turn left onto S Seaward Ave</cmt>
    <desc>Turn left onto S Seaward Ave</desc>
    <sym>Dot</sym>
    <type>Dot</type>
  </wpt>
  <trk>
    <name>Day 6 - Santa Maria to Ventura</name>
    <trkseg>
      <trkpt lat="34.97882" lon="-120.43355">
        <ele>65.2</ele>
      </trkpt>
      <trkpt lat="34.97879" lon="-120.43353">
        <ele>65.2</ele>
      </trkpt>
      <trkpt lat="34.97875" lon="-120.4335">
        <ele>65.3</ele>
      </trkpt>
      <trkpt lat="34.97862" lon="-120.43339">
        <ele>65.6</ele>
      </trkpt>
      <trkpt lat="34.97862" lon="-120.43339">
        <ele>65.6</ele>
      </trkpt>
      <trkpt lat="34.97858" lon="-120.43347">
        <ele>65.4</ele>
      </trkpt>
      <trkpt lat="34.97855" lon="-120.43355">
        <ele>65.2</ele>
      </trkpt>
      <trkpt lat="34.97853" lon="-120.43364">
        <ele>65.0</ele>
      </trkpt>
      <trkpt lat="34.97851" lon="-120.43374">
        <ele>64.8</ele>
      </trkpt>
      <trkpt lat="34.9785" lon="-120.43384">
        <ele>64.8</ele>
      </trkpt>
      <trkpt lat="34.9785" lon="-120.43393">
        <ele>64.8</ele>
      </trkpt>
      <trkpt lat="34.9785" lon="-120.434">
        <ele>64.8</ele>
      </trkpt>
      <trkpt lat="34.97851" lon="-120.4341">
        <ele>64.8</ele>
      </trkpt>
      <trkpt lat="34.97853" lon="-120.43419">
        <ele>64.8</ele>
      </trkpt>
      <trkpt lat="34.9786" lon="-120.43435">
        <ele>64.8</ele>
      </trkpt>
      <trkpt lat="34.97868" lon="-120.43448">
        <ele>64.8</ele>
      </trkpt>
      <trkpt lat="34.97887" lon="-120.43472">
        <ele>64.8</ele>
      </trkpt>
      <trkpt lat="34.97887" lon="-120.43472">
        <ele>64.8</ele>
      </trkpt>
      <trkpt lat="34.97876" lon="-120.43482">
        <ele>64.8</ele>
      </trkpt>
      <trkpt lat="34.97869" lon="-120.43488">
        <ele>64.8</ele>
      </trkpt>
      <trkpt lat="34.97857" lon="-120.43498">
        <ele>64.8</ele>
      </trkpt>
      <trkpt lat="34.97843" lon="-120.43509">
        <ele>64.8</ele>
      </trkpt>
      <trkpt lat="34.9783" lon="-120.43518">
        <ele>64.8</ele>
      </trkpt>
      <trkpt lat="34.97824" lon="-120.43521">
        <ele>64.8</ele>
      </trkpt>
      <trkpt lat="34.9782" lon="-120.43524">
        <ele>64.8</ele>
      </trkpt>
      <trkpt lat="34.97808" lon="-120.4353">
        <ele>64.8</ele>
      </trkpt>
      <trkpt lat="34.97793" lon="-120.43537">
        <ele>64.8</ele>
      </trkpt>
      <trkpt lat="34.97782" lon="-120.43541">
        <ele>64.8</ele>
      </trkpt>
      <trkpt lat="34.97772" lon="-120.43545">
        <ele>64.8</ele>
      </trkpt>
      <trkpt lat="34.97764" lon="-120.43547">
        <ele>64.8</ele>
      </trkpt>
      <trkpt lat="34.97755" lon="-120.43549">
        <ele>64.8</ele>
      </trkpt>
      <trkpt lat="34.97742" lon="-120.43552">
        <ele>64.8</ele>
      </trkpt>
      <trkpt lat="34.97728" lon="-120.43554">
        <ele>64.8</ele>
      </trkpt>
      <trkpt lat="34.97713" lon="-120.43554">
        <ele>64.8</ele>
      </trkpt>
      <trkpt lat="34.97702" lon="-120.43555">
        <ele>64.8</ele>
      </trkpt>
      <trkpt lat="34.97696" lon="-120.43555">
        <ele>64.8</ele>
      </trkpt>
      <trkpt lat="34.97663" lon="-120.43556">
        <ele>65.4</ele>
      </trkpt>
      <trkpt lat="34.97617" lon="-120.43556">
        <ele>65.8</ele>
      </trkpt>
      <trkpt lat="34.97588" lon="-120.43556">
        <ele>65.8</ele>
      </trkpt>
      <trkpt lat="34.97579" lon="-120.43557">
        <ele>65.8</ele>
      </trkpt>
      <trkpt lat="34.97556" lon="-120.43557">
        <ele>65.8</ele>
      </trkpt>
      <trkpt lat="34.97548" lon="-120.43557">
        <ele>65.8</ele>
      </trkpt>
      <trkpt lat="34.97496" lon="-120.43557">
        <ele>65.8</ele>
      </trkpt>
      <trkpt lat="34.97439" lon="-120.43558">
        <ele>65.8</ele>
      </trkpt>
      <trkpt lat="34.97412" lon="-120.43558">
        <ele>65.8</ele>
      </trkpt>
      <trkpt lat="34.97389" lon="-120.43558">
        <ele>65.8</ele>
      </trkpt>
      <trkpt lat="34.97337" lon="-120.43559">
        <ele>65.8</ele>
      </trkpt>
      <trkpt lat="34.97277" lon="-120.43559">
        <ele>65.8</ele>
      </trkpt>
      <trkpt lat="34.97239" lon="-120.4356">
        <ele>65.8</ele>
      </trkpt>
      <trkpt lat="34.97234" lon="-120.4356">
        <ele>65.8</ele>
      </trkpt>
      <trkpt lat="34.97219" lon="-120.4356">
        <ele>65.8</ele>
      </trkpt>
      <trkpt lat="34.97167" lon="-120.43561">
        <ele>65.8</ele>
      </trkpt>
      <trkpt lat="34.97152" lon="-120.43561">
        <ele>65.8</ele>
      </trkpt>
      <trkpt lat="34.97118" lon="-120.43561">
        <ele>65.8</ele>
      </trkpt>
      <trkpt lat="34.97114" lon="-120.43567">
        <ele>65.8</ele>
      </trkpt>
      <trkpt lat="34.97113" lon="-120.43568">
        <ele>65.8</ele>
      </trkpt>
      <trkpt lat="34.97111" lon="-120.43568">
        <ele>65.8</ele>
      </trkpt>
      <trkpt lat="34.97096" lon="-120.43569">
        <ele>65.8</ele>
      </trkpt>
      <trkpt lat="34.97064" lon="-120.43569">
        <ele>65.8</ele>
      </trkpt>
      <trkpt lat="34.97025" lon="-120.4357">
        <ele>65.8</ele>
      </trkpt>
      <trkpt lat="34.96988" lon="-120.43571">
        <ele>65.8</ele>
      </trkpt>
      <trkpt lat="34.9697" lon="-120.43571">
        <ele>65.8</ele>
      </trkpt>
      <trkpt lat="34.96952" lon="-120.43571">
        <ele>65.8</ele>
      </trkpt>
      <trkpt lat="34.96888" lon="-120.43571">
        <ele>65.8</ele>
      </trkpt>
      <trkpt lat="34.96837" lon="-120.43572">
        <ele>65.8</ele>
      </trkpt>
      <trkpt lat="34.96819" lon="-120.43572">
        <ele>65.8</ele>
      </trkpt>
      <trkpt lat="34.96796" lon="-120.43572">
        <ele>65.8</ele>
      </trkpt>
      <trkpt lat="34.96772" lon="-120.43572">
        <ele>65.8</ele>
      </trkpt>
      <trkpt lat="34.96772" lon="-120.43572">
        <ele>65.8</ele>
      </trkpt>
      <trkpt lat="34.96772" lon="-120.43558">
        <ele>65.8</ele>
      </trkpt>
      <trkpt lat="34.96772" lon="-120.43522">
        <ele>65.8</ele>
      </trkpt>
      <trkpt lat="34.96772" lon="-120.43517">
        <ele>65.8</ele>
      </trkpt>
      <trkpt lat="34.96772" lon="-120.43504">
        <ele>65.8</ele>
      </trkpt>
      <trkpt lat="34.96772" lon="-120.4349">
        <ele>65.8</ele>
      </trkpt>
      <trkpt lat="34.96771" lon="-120.43472">
        <ele>65.8</ele>
      </trkpt>
      <trkpt lat="34.96771" lon="-120.43444">
        <ele>65.8</ele>
      </trkpt>
      <trkpt lat="34.96771" lon="-120.43411">
        <ele>65.8</ele>
      </trkpt>
      <trkpt lat="34.96771" lon="-120.43378">
        <ele>66.5</ele>
      </trkpt>
      <trkpt lat="34.96771" lon="-120.43367">
        <ele>66.7</ele>
      </trkpt>
      <trkpt lat="34.96771" lon="-120.43332">
        <ele>66.8</ele>
      </trkpt>
      <trkpt lat="34.9677" lon="-120.43273">
        <ele>66.8</ele>
      </trkpt>
      <trkpt lat="34.9677" lon="-120.43238">
        <ele>66.8</ele>
      </trkpt>
      <trkpt lat="34.9677" lon="-120.43177">
        <ele>66.8</ele>
      </trkpt>
      <trkpt lat="34.9677" lon="-120.43144">
        <ele>66.8</ele>
      </trkpt>
      <trkpt lat="34.9677" lon="-120.43118">
        <ele>67.4</ele>
      </trkpt>
      <trkpt lat="34.9677" lon="-120.43087">
        <ele>67.8</ele>
      </trkpt>
      <trkpt lat="34.96769" lon="-120.43081">
        <ele>67.8</ele>
      </trkpt>
      <trkpt lat="34.96767" lon="-120.42734">
        <ele>68.8</ele>
      </trkpt>
      <trkpt lat="34.96767" lon="-120.42705">
        <ele>68.8</ele>
      </trkpt>
      <trkpt lat="34.96768" lon="-120.42688">
        <ele>68.8</ele>
      </trkpt>
      <trkpt lat="34.96762" lon="-120.42677">
        <ele>68.8</ele>
      </trkpt>
      <trkpt lat="34.96762" lon="-120.42629">
        <ele>68.8</ele>
      </trkpt>
      <trkpt lat="34.96762" lon="-120.42612">
        <ele>68.8</ele>
      </trkpt>
      <trkpt lat="34.96763" lon="-120.42565">
        <ele>68.8</ele>
      </trkpt>
      <trkpt lat="34.96763" lon="-120.42526">
        <ele>68.8</ele>
      </trkpt>
      <trkpt lat="34.96763" lon="-120.42501">
        <ele>68.8</ele>
      </trkpt>
      <trkpt lat="34.96762" lon="-120.42487">
        <ele>68.9</ele>
      </trkpt>
      <trkpt lat="34.96763" lon="-120.42463">
        <ele>69.4</ele>
      </trkpt>
      <trkpt lat="34.96763" lon="-120.42408">
        <ele>69.8</ele>
      </trkpt>
      <trkpt lat="34.96764" lon="-120.42354">
        <ele>69.9</ele>
      </trkpt>
      <trkpt lat="34.96764" lon="-120.42335">
        <ele>70.0</ele>
      </trkpt>
      <trkpt lat="34.96766" lon="-120.42291">
        <ele>70.1</ele>
      </trkpt>
      <trkpt lat="34.96766" lon="-120.42288">
        <ele>70.1</ele>
      </trkpt>
      <trkpt lat="34.96765" lon="-120.42269">
        <ele>70.1</ele>
      </trkpt>
      <trkpt lat="34.96763" lon="-120.42207">
        <ele>70.3</ele>
      </trkpt>
      <trkpt lat="34.9676" lon="-120.42129">
        <ele>70.6</ele>
      </trkpt>
      <trkpt lat="34.96758" lon="-120.42072">
        <ele>70.8</ele>
      </trkpt>
      <trkpt lat="34.96763" lon="-120.42056">
        <ele>70.8</ele>
      </trkpt>
      <trkpt lat="34.96763" lon="-120.4201">
        <ele>70.8</ele>
      </trkpt>
      <trkpt lat="34.96763" lon="-120.42002">
        <ele>70.8</ele>
      </trkpt>
      <trkpt lat="34.96763" lon="-120.41983">
        <ele>70.8</ele>
      </trkpt>
      <trkpt lat="34.96763" lon="-120.4196">
        <ele>70.8</ele>
      </trkpt>
      <trkpt lat="34.96762" lon="-120.41888">
        <ele>70.8</ele>
      </trkpt>
      <trkpt lat="34.96762" lon="-120.41792">
        <ele>70.8</ele>
      </trkpt>
      <trkpt lat="34.96762" lon="-120.41787">
        <ele>70.8</ele>
      </trkpt>
      <trkpt lat="34.96761" lon="-120.41782">
        <ele>70.8</ele>
      </trkpt>
      <trkpt lat="34.96761" lon="-120.41761">
        <ele>70.8</ele>
      </trkpt>
      <trkpt lat="34.96759" lon="-120.41651">
        <ele>71.1</ele>
      </trkpt>
      <trkpt lat="34.96758" lon="-120.41564">
        <ele>71.8</ele>
      </trkpt>
      <trkpt lat="34.96756" lon="-120.4148">
        <ele>71.8</ele>
      </trkpt>
      <trkpt lat="34.96755" lon="-120.4145">
        <ele>71.8</ele>
      </trkpt>
      <trkpt lat="34.96753" lon="-120.41348">
        <ele>72.3</ele>
      </trkpt>
      <trkpt lat="34.96752" lon="-120.41319">
        <ele>72.8</ele>
      </trkpt>
      <trkpt lat="34.96752" lon="-120.41279">
        <ele>72.8</ele>
      </trkpt>
      <trkpt lat="34.96748" lon="-120.41108">
        <ele>72.8</ele>
      </trkpt>
      <trkpt lat="34.96747" lon="-120.41085">
        <ele>72.8</ele>
      </trkpt>
      <trkpt lat="34.96746" lon="-120.41021">
        <ele>73.8</ele>
      </trkpt>
      <trkpt lat="34.96743" lon="-120.40885">
        <ele>73.8</ele>
      </trkpt>
      <trkpt lat="34.96743" lon="-120.40885">
        <ele>73.8</ele>
      </trkpt>
      <trkpt lat="34.96701" lon="-120.40887">
        <ele>73.8</ele>
      </trkpt>
      <trkpt lat="34.96657" lon="-120.40888">
        <ele>73.8</ele>
      </trkpt>
      <trkpt lat="34.96576" lon="-120.4089">
        <ele>73.8</ele>
      </trkpt>
      <trkpt lat="34.96501" lon="-120.40892">
        <ele>74.8</ele>
      </trkpt>
      <trkpt lat="34.96473" lon="-120.40893">
        <ele>74.8</ele>
      </trkpt>
      <trkpt lat="34.96401" lon="-120.40892">
        <ele>74.8</ele>
      </trkpt>
      <trkpt lat="34.96365" lon="-120.40891">
        <ele>74.8</ele>
      </trkpt>
      <trkpt lat="34.96315" lon="-120.4089">
        <ele>74.8</ele>
      </trkpt>
      <trkpt lat="34.9631" lon="-120.40891">
        <ele>74.8</ele>
      </trkpt>
      <trkpt lat="34.96161" lon="-120.40893">
        <ele>74.8</ele>
      </trkpt>
      <trkpt lat="34.96056" lon="-120.40894">
        <ele>74.8</ele>
      </trkpt>
      <trkpt lat="34.96014" lon="-120.40895">
        <ele>74.9</ele>
      </trkpt>
      <trkpt lat="34.95998" lon="-120.40895">
        <ele>74.9</ele>
      </trkpt>
      <trkpt lat="34.95816" lon="-120.40898">
        <ele>75.8</ele>
      </trkpt>
      <trkpt lat="34.95692" lon="-120.409">
        <ele>75.8</ele>
      </trkpt>
      <trkpt lat="34.95641" lon="-120.40902">
        <ele>75.8</ele>
      </trkpt>
      <trkpt lat="34.9563" lon="-120.40902">
        <ele>75.8</ele>
      </trkpt>
      <trkpt lat="34.95599" lon="-120.40902">
        <ele>75.8</ele>
      </trkpt>
      <trkpt lat="34.95543" lon="-120.40903">
        <ele>75.8</ele>
      </trkpt>
      <trkpt lat="34.9545" lon="-120.40905">
        <ele>75.8</ele>
      </trkpt>
      <trkpt lat="34.95402" lon="-120.40906">
        <ele>75.8</ele>
      </trkpt>
      <trkpt lat="34.95381" lon="-120.40906">
        <ele>75.8</ele>
      </trkpt>
      <trkpt lat="34.95376" lon="-120.40906">
        <ele>75.8</ele>
      </trkpt>
      <trkpt lat="34.95358" lon="-120.40906">
        <ele>75.8</ele>
      </trkpt>
      <trkpt lat="34.95338" lon="-120.40907">
        <ele>75.8</ele>
      </trkpt>
      <trkpt lat="34.95325" lon="-120.40907">
        <ele>75.8</ele>
      </trkpt>
      <trkpt lat="34.95283" lon="-120.40907">
        <ele>75.8</ele>
      </trkpt>
      <trkpt lat="34.95242" lon="-120.40908">
        <ele>75.8</ele>
      </trkpt>
      <trkpt lat="34.95225" lon="-120.40909">
        <ele>75.8</ele>
      </trkpt>
      <trkpt lat="34.95201" lon="-120.40909">
        <ele>75.8</ele>
      </trkpt>
      <trkpt lat="34.95195" lon="-120.4091">
        <ele>75.8</ele>
      </trkpt>
      <trkpt lat="34.95139" lon="-120.4091">
        <ele>75.8</ele>
      </trkpt>
      <trkpt lat="34.9509" lon="-120.4091">
        <ele>75.8</ele>
      </trkpt>
      <trkpt lat="34.94885" lon="-120.40913">
        <ele>75.8</ele>
      </trkpt>
      <trkpt lat="34.94623" lon="-120.40917">
        <ele>75.8</ele>
      </trkpt>
      <trkpt lat="34.9461" lon="-120.40917">
        <ele>75.8</ele>
      </trkpt>
      <trkpt lat="34.94605" lon="-120.40917">
        <ele>75.8</ele>
      </trkpt>
      <trkpt lat="34.94601" lon="-120.40917">
        <ele>75.8</ele>
      </trkpt>
      <trkpt lat="34.94586" lon="-120.40918">
        <ele>75.8</ele>
      </trkpt>
      <trkpt lat="34.94585" lon="-120.40918">
        <ele>75.8</ele>
      </trkpt>
      <trkpt lat="34.94582" lon="-120.40918">
        <ele>75.8</ele>
      </trkpt>
      <trkpt lat="34.9458" lon="-120.4092">
        <ele>75.8</ele>
      </trkpt>
      <trkpt lat="34.94577" lon="-120.40923">
        <ele>75.8</ele>
      </trkpt>
      <trkpt lat="34.94577" lon="-120.40923">
        <ele>75.8</ele>
      </trkpt>
      <trkpt lat="34.9456" lon="-120.40909">
        <ele>76.5</ele>
      </trkpt>
      <trkpt lat="34.94555" lon="-120.40904">
        <ele>76.7</ele>
      </trkpt>
      <trkpt lat="34.94546" lon="-120.40895">
        <ele>76.8</ele>
      </trkpt>
      <trkpt lat="34.94543" lon="-120.40887">
        <ele>76.8</ele>
      </trkpt>
      <trkpt lat="34.94542" lon="-120.40882">
        <ele>76.8</ele>
      </trkpt>
      <trkpt lat="34.94541" lon="-120.4087">
        <ele>76.8</ele>
      </trkpt>
      <trkpt lat="34.94541" lon="-120.4085">
        <ele>76.8</ele>
      </trkpt>
      <trkpt lat="34.94543" lon="-120.40648">
        <ele>76.8</ele>
      </trkpt>
      <trkpt lat="34.94542" lon="-120.40577">
        <ele>77.1</ele>
      </trkpt>
      <trkpt lat="34.94542" lon="-120.40568">
        <ele>77.3</ele>
      </trkpt>
      <trkpt lat="34.94537" lon="-120.40442">
        <ele>77.8</ele>
      </trkpt>
      <trkpt lat="34.94536" lon="-120.40433">
        <ele>77.8</ele>
      </trkpt>
      <trkpt lat="34.94536" lon="-120.40417">
        <ele>77.8</ele>
      </trkpt>
      <trkpt lat="34.94536" lon="-120.40257">
        <ele>78.8</ele>
      </trkpt>
      <trkpt lat="34.94537" lon="-120.40061">
        <ele>79.8</ele>
      </trkpt>
      <trkpt lat="34.94536" lon="-120.40056">
        <ele>79.8</ele>
      </trkpt>
      <trkpt lat="34.94534" lon="-120.40051">
        <ele>79.8</ele>
      </trkpt>
      <trkpt lat="34.9453" lon="-120.40046">
        <ele>79.8</ele>
      </trkpt>
      <trkpt lat="34.94529" lon="-120.40046">
        <ele>79.8</ele>
      </trkpt>
      <trkpt lat="34.94524" lon="-120.40045">
        <ele>79.8</ele>
      </trkpt>
      <trkpt lat="34.94524" lon="-120.40045">
        <ele>79.8</ele>
      </trkpt>
      <trkpt lat="34.9452" lon="-120.40044">
        <ele>79.8</ele>
      </trkpt>
      <trkpt lat="34.94452" lon="-120.40044">
        <ele>79.8</ele>
      </trkpt>
      <trkpt lat="34.9439" lon="-120.40044">
        <ele>79.8</ele>
      </trkpt>
      <trkpt lat="34.9436" lon="-120.40044">
        <ele>79.8</ele>
      </trkpt>
      <trkpt lat="34.94326" lon="-120.40045">
        <ele>79.8</ele>
      </trkpt>
      <trkpt lat="34.94294" lon="-120.40045">
        <ele>79.8</ele>
      </trkpt>
      <trkpt lat="34.94238" lon="-120.40045">
        <ele>79.8</ele>
      </trkpt>
      <trkpt lat="34.94228" lon="-120.40045">
        <ele>79.8</ele>
      </trkpt>
      <trkpt lat="34.94178" lon="-120.40046">
        <ele>79.8</ele>
      </trkpt>
      <trkpt lat="34.94175" lon="-120.40046">
        <ele>79.8</ele>
      </trkpt>
      <trkpt lat="34.94013" lon="-120.40048">
        <ele>79.8</ele>
      </trkpt>
      <trkpt lat="34.9401" lon="-120.40048">
        <ele>79.8</ele>
      </trkpt>
      <trkpt lat="34.93833" lon="-120.40049">
        <ele>79.8</ele>
      </trkpt>
      <trkpt lat="34.93815" lon="-120.40048">
        <ele>79.8</ele>
      </trkpt>
      <trkpt lat="34.93734" lon="-120.4005">
        <ele>79.8</ele>
      </trkpt>
      <trkpt lat="34.93098" lon="-120.40053">
        <ele>80.8</ele>
      </trkpt>
      <trkpt lat="34.92885" lon="-120.40055">
        <ele>81.8</ele>
      </trkpt>
      <trkpt lat="34.92882" lon="-120.40056">
        <ele>81.8</ele>
      </trkpt>
      <trkpt lat="34.92846" lon="-120.40056">
        <ele>81.8</ele>
      </trkpt>
      <trkpt lat="34.92759" lon="-120.40057">
        <ele>82.8</ele>
      </trkpt>
      <trkpt lat="34.92756" lon="-120.40057">
        <ele>82.8</ele>
      </trkpt>
      <trkpt lat="34.92738" lon="-120.40057">
        <ele>82.8</ele>
      </trkpt>
      <trkpt lat="34.92705" lon="-120.40058">
        <ele>82.8</ele>
      </trkpt>
      <trkpt lat="34.92702" lon="-120.40058">
        <ele>82.8</ele>
      </trkpt>
      <trkpt lat="34.92684" lon="-120.40058">
        <ele>83.3</ele>
      </trkpt>
      <trkpt lat="34.92615" lon="-120.40059">
        <ele>88.7</ele>
      </trkpt>
      <trkpt lat="34.92612" lon="-120.40059">
        <ele>88.8</ele>
      </trkpt>
      <trkpt lat="34.92579" lon="-120.4006">
        <ele>89.8</ele>
      </trkpt>
      <trkpt lat="34.92569" lon="-120.4006">
        <ele>89.8</ele>
      </trkpt>
      <trkpt lat="34.92489" lon="-120.40061">
        <ele>90.6</ele>
      </trkpt>
      <trkpt lat="34.92381" lon="-120.40062">
        <ele>90.8</ele>
      </trkpt>
      <trkpt lat="34.92381" lon="-120.40062">
        <ele>90.8</ele>
      </trkpt>
      <trkpt lat="34.92379" lon="-120.39924">
        <ele>91.2</ele>
      </trkpt>
      <trkpt lat="34.92371" lon="-120.39389">
        <ele>92.8</ele>
      </trkpt>
      <trkpt lat="34.92371" lon="-120.39372">
        <ele>92.8</ele>
      </trkpt>
      <trkpt lat="34.9237" lon="-120.39323">
        <ele>92.8</ele>
      </trkpt>
      <trkpt lat="34.9237" lon="-120.39302">
        <ele>92.8</ele>
      </trkpt>
      <trkpt lat="34.9237" lon="-120.39285">
        <ele>92.8</ele>
      </trkpt>
      <trkpt lat="34.92362" lon="-120.38736">
        <ele>93.8</ele>
      </trkpt>
      <trkpt lat="34.92361" lon="-120.38663">
        <ele>93.8</ele>
      </trkpt>
      <trkpt lat="34.92359" lon="-120.38616">
        <ele>93.9</ele>
      </trkpt>
      <trkpt lat="34.92355" lon="-120.38363">
        <ele>94.8</ele>
      </trkpt>
      <trkpt lat="34.92354" lon="-120.3829">
        <ele>95.8</ele>
      </trkpt>
      <trkpt lat="34.92349" lon="-120.38">
        <ele>95.8</ele>
      </trkpt>
      <trkpt lat="34.92348" lon="-120.37989">
        <ele>95.8</ele>
      </trkpt>
      <trkpt lat="34.92348" lon="-120.37968">
        <ele>95.8</ele>
      </trkpt>
      <trkpt lat="34.92348" lon="-120.37946">
        <ele>95.8</ele>
      </trkpt>
      <trkpt lat="34.92347" lon="-120.37858">
        <ele>95.8</ele>
      </trkpt>
      <trkpt lat="34.92346" lon="-120.37792">
        <ele>95.6</ele>
      </trkpt>
      <trkpt lat="34.92346" lon="-120.3777">
        <ele>95.1</ele>
      </trkpt>
      <trkpt lat="34.92345" lon="-120.37686">
        <ele>92.0</ele>
      </trkpt>
      <trkpt lat="34.92344" lon="-120.3762">
        <ele>89.5</ele>
      </trkpt>
      <trkpt lat="34.92344" lon="-120.3755">
        <ele>89.8</ele>
      </trkpt>
      <trkpt lat="34.92342" lon="-120.37403">
        <ele>91.8</ele>
      </trkpt>
      <trkpt lat="34.92342" lon="-120.37403">
        <ele>91.8</ele>
      </trkpt>
      <trkpt lat="34.92341" lon="-120.37323">
        <ele>91.8</ele>
      </trkpt>
      <trkpt lat="34.92341" lon="-120.37214">
        <ele>91.8</ele>
      </trkpt>
      <trkpt lat="34.9234" lon="-120.37196">
        <ele>91.8</ele>
      </trkpt>
      <trkpt lat="34.9234" lon="-120.37192">
        <ele>91.8</ele>
      </trkpt>
      <trkpt lat="34.92337" lon="-120.36928">
        <ele>92.8</ele>
      </trkpt>
      <trkpt lat="34.92337" lon="-120.36906">
        <ele>92.8</ele>
      </trkpt>
      <trkpt lat="34.92336" lon="-120.36857">
        <ele>92.8</ele>
      </trkpt>
      <trkpt lat="34.92333" lon="-120.36534">
        <ele>94.2</ele>
      </trkpt>
      <trkpt lat="34.9233" lon="-120.36336">
        <ele>94.8</ele>
      </trkpt>
      <trkpt lat="34.92327" lon="-120.36076">
        <ele>95.0</ele>
      </trkpt>
      <trkpt lat="34.92325" lon="-120.35945">
        <ele>95.8</ele>
      </trkpt>
      <trkpt lat="34.92324" lon="-120.35868">
        <ele>95.8</ele>
      </trkpt>
      <trkpt lat="34.92324" lon="-120.35805">
        <ele>95.8</ele>
      </trkpt>
      <trkpt lat="34.92323" lon="-120.35758">
        <ele>95.8</ele>
      </trkpt>
      <trkpt lat="34.92323" lon="-120.35736">
        <ele>95.8</ele>
      </trkpt>
      <trkpt lat="34.92322" lon="-120.35714">
        <ele>95.8</ele>
      </trkpt>
      <trkpt lat="34.92322" lon="-120.3568">
        <ele>95.8</ele>
      </trkpt>
      <trkpt lat="34.92322" lon="-120.35669">
        <ele>95.8</ele>
      </trkpt>
      <trkpt lat="34.92321" lon="-120.35613">
        <ele>96.0</ele>
      </trkpt>
      <trkpt lat="34.9232" lon="-120.35504">
        <ele>96.6</ele>
      </trkpt>
      <trkpt lat="34.92317" lon="-120.35271">
        <ele>97.8</ele>
      </trkpt>
      <trkpt lat="34.92317" lon="-120.35222">
        <ele>97.8</ele>
      </trkpt>
      <trkpt lat="34.92317" lon="-120.35219">
        <ele>97.8</ele>
      </trkpt>
      <trkpt lat="34.92316" lon="-120.35176">
        <ele>97.8</ele>
      </trkpt>
      <trkpt lat="34.92315" lon="-120.3515">
        <ele>97.8</ele>
      </trkpt>
      <trkpt lat="34.92315" lon="-120.35139">
        <ele>97.9</ele>
      </trkpt>
      <trkpt lat="34.92314" lon="-120.35127">
        <ele>98.2</ele>
      </trkpt>
      <trkpt lat="34.92312" lon="-120.35105">
        <ele>98.7</ele>
      </trkpt>
      <trkpt lat="34.92308" lon="-120.35083">
        <ele>98.8</ele>
      </trkpt>
      <trkpt lat="34.92304" lon="-120.35061">
        <ele>98.8</ele>
      </trkpt>
      <trkpt lat="34.92301" lon="-120.3505">
        <ele>98.8</ele>
      </trkpt>
      <trkpt lat="34.92294" lon="-120.35026">
        <ele>98.8</ele>
      </trkpt>
      <trkpt lat="34.92288" lon="-120.35006">
        <ele>98.8</ele>
      </trkpt>
      <trkpt lat="34.92281" lon="-120.34989">
        <ele>98.8</ele>
      </trkpt>
      <trkpt lat="34.92269" lon="-120.34961">
        <ele>98.8</ele>
      </trkpt>
      <trkpt lat="34.92259" lon="-120.34942">
        <ele>98.8</ele>
      </trkpt>
      <trkpt lat="34.92246" lon="-120.34921">
        <ele>98.8</ele>
      </trkpt>
      <trkpt lat="34.92235" lon="-120.34905">
        <ele>98.8</ele>
      </trkpt>
      <trkpt lat="34.92221" lon="-120.34887">
        <ele>98.8</ele>
      </trkpt>
      <trkpt lat="34.92203" lon="-120.34866">
        <ele>98.8</ele>
      </trkpt>
      <trkpt lat="34.92187" lon="-120.3485">
        <ele>98.8</ele>
      </trkpt>
      <trkpt lat="34.92167" lon="-120.34833">
        <ele>98.8</ele>
      </trkpt>
      <trkpt lat="34.92147" lon="-120.34818">
        <ele>98.8</ele>
      </trkpt>
      <trkpt lat="34.92133" lon="-120.34809">
        <ele>98.8</ele>
      </trkpt>
      <trkpt lat="34.92119" lon="-120.34802">
        <ele>98.8</ele>
      </trkpt>
      <trkpt lat="34.92114" lon="-120.34799">
        <ele>98.8</ele>
      </trkpt>
      <trkpt lat="34.92107" lon="-120.34795">
        <ele>98.8</ele>
      </trkpt>
      <trkpt lat="34.92097" lon="-120.34791">
        <ele>98.8</ele>
      </trkpt>
      <trkpt lat="34.92094" lon="-120.34789">
        <ele>98.9</ele>
      </trkpt>
      <trkpt lat="34.92089" lon="-120.34787">
        <ele>99.0</ele>
      </trkpt>
      <trkpt lat="34.92082" lon="-120.34785">
        <ele>99.2</ele>
      </trkpt>
      <trkpt lat="34.92076" lon="-120.34783">
        <ele>99.4</ele>
      </trkpt>
      <trkpt lat="34.9207" lon="-120.3478">
        <ele>99.7</ele>
      </trkpt>
      <trkpt lat="34.92055" lon="-120.34776">
        <ele>99.8</ele>
      </trkpt>
      <trkpt lat="34.92042" lon="-120.34773">
        <ele>99.8</ele>
      </trkpt>
      <trkpt lat="34.92029" lon="-120.34771">
        <ele>99.8</ele>
      </trkpt>
      <trkpt lat="34.92016" lon="-120.3477">
        <ele>99.8</ele>
      </trkpt>
      <trkpt lat="34.91995" lon="-120.34767">
        <ele>99.8</ele>
      </trkpt>
      <trkpt lat="34.91925" lon="-120.34769">
        <ele>99.8</ele>
      </trkpt>
      <trkpt lat="34.91919" lon="-120.34769">
        <ele>99.8</ele>
      </trkpt>
      <trkpt lat="34.91861" lon="-120.3477">
        <ele>99.8</ele>
      </trkpt>
      <trkpt lat="34.91803" lon="-120.34771">
        <ele>99.8</ele>
      </trkpt>
      <trkpt lat="34.91759" lon="-120.34772">
        <ele>99.8</ele>
      </trkpt>
      <trkpt lat="34.91583" lon="-120.34774">
        <ele>99.8</ele>
      </trkpt>
      <trkpt lat="34.91403" lon="-120.34777">
        <ele>99.8</ele>
      </trkpt>
      <trkpt lat="34.91348" lon="-120.34778">
        <ele>100.5</ele>
      </trkpt>
      <trkpt lat="34.91249" lon="-120.34779">
        <ele>100.8</ele>
      </trkpt>
      <trkpt lat="34.91213" lon="-120.3478">
        <ele>100.8</ele>
      </trkpt>
      <trkpt lat="34.91191" lon="-120.34779">
        <ele>100.8</ele>
      </trkpt>
      <trkpt lat="34.91173" lon="-120.34776">
        <ele>100.8</ele>
      </trkpt>
      <trkpt lat="34.91152" lon="-120.34771">
        <ele>100.8</ele>
      </trkpt>
      <trkpt lat="34.91146" lon="-120.3477">
        <ele>100.8</ele>
      </trkpt>
      <trkpt lat="34.91131" lon="-120.34765">
        <ele>100.8</ele>
      </trkpt>
      <trkpt lat="34.91106" lon="-120.34755">
        <ele>100.8</ele>
      </trkpt>
      <trkpt lat="34.91077" lon="-120.3474">
        <ele>100.8</ele>
      </trkpt>
      <trkpt lat="34.91051" lon="-120.34724">
        <ele>100.8</ele>
      </trkpt>
      <trkpt lat="34.91025" lon="-120.34705">
        <ele>100.8</ele>
      </trkpt>
      <trkpt lat="34.91008" lon="-120.34687">
        <ele>100.8</ele>
      </trkpt>
      <trkpt lat="34.90994" lon="-120.34673">
        <ele>100.8</ele>
      </trkpt>
      <trkpt lat="34.90984" lon="-120.34661">
        <ele>100.8</ele>
      </trkpt>
      <trkpt lat="34.90974" lon="-120.34648">
        <ele>100.9</ele>
      </trkpt>
      <trkpt lat="34.90964" lon="-120.34634">
        <ele>101.2</ele>
      </trkpt>
      <trkpt lat="34.90952" lon="-120.34615">
        <ele>101.8</ele>
      </trkpt>
      <trkpt lat="34.9094" lon="-120.34594">
        <ele>101.8</ele>
      </trkpt>
      <trkpt lat="34.90928" lon="-120.34569">
        <ele>101.8</ele>
      </trkpt>
      <trkpt lat="34.90921" lon="-120.34552">
        <ele>102.4</ele>
      </trkpt>
      <trkpt lat="34.90914" lon="-120.34535">
        <ele>102.8</ele>
      </trkpt>
      <trkpt lat="34.90908" lon="-120.34515">
        <ele>102.4</ele>
      </trkpt>
      <trkpt lat="34.90903" lon="-120.34496">
        <ele>102.4</ele>
      </trkpt>
      <trkpt lat="34.90897" lon="-120.34468">
        <ele>103.0</ele>
      </trkpt>
      <trkpt lat="34.90891" lon="-120.3444">
        <ele>103.3</ele>
      </trkpt>
      <trkpt lat="34.90885" lon="-120.34412">
        <ele>103.4</ele>
      </trkpt>
      <trkpt lat="34.90878" lon="-120.34383">
        <ele>105.2</ele>
      </trkpt>
      <trkpt lat="34.90874" lon="-120.34359">
        <ele>106.4</ele>
      </trkpt>
      <trkpt lat="34.9087" lon="-120.34343">
        <ele>107.1</ele>
      </trkpt>
      <trkpt lat="34.90868" lon="-120.34329">
        <ele>107.7</ele>
      </trkpt>
      <trkpt lat="34.90865" lon="-120.34311">
        <ele>108.5</ele>
      </trkpt>
      <trkpt lat="34.90864" lon="-120.34307">
        <ele>108.7</ele>
      </trkpt>
      <trkpt lat="34.90862" lon="-120.34295">
        <ele>109.0</ele>
      </trkpt>
      <trkpt lat="34.90861" lon="-120.34289">
        <ele>109.1</ele>
      </trkpt>
      <trkpt lat="34.9086" lon="-120.34281">
        <ele>109.2</ele>
      </trkpt>
      <trkpt lat="34.90858" lon="-120.34264">
        <ele>109.1</ele>
      </trkpt>
      <trkpt lat="34.90858" lon="-120.34244">
        <ele>109.1</ele>
      </trkpt>
      <trkpt lat="34.90857" lon="-120.34114">
        <ele>109.0</ele>
      </trkpt>
      <trkpt lat="34.90857" lon="-120.34102">
        <ele>109.0</ele>
      </trkpt>
      <trkpt lat="34.90856" lon="-120.34092">
        <ele>109.1</ele>
      </trkpt>
      <trkpt lat="34.90854" lon="-120.33807">
        <ele>105.9</ele>
      </trkpt>
      <trkpt lat="34.90851" lon="-120.33442">
        <ele>105.6</ele>
      </trkpt>
      <trkpt lat="34.9085" lon="-120.33307">
        <ele>105.8</ele>
      </trkpt>
      <trkpt lat="34.90848" lon="-120.33095">
        <ele>105.8</ele>
      </trkpt>
      <trkpt lat="34.90848" lon="-120.32998">
        <ele>105.8</ele>
      </trkpt>
      <trkpt lat="34.90847" lon="-120.32964">
        <ele>105.8</ele>
      </trkpt>
      <trkpt lat="34.90846" lon="-120.32949">
        <ele>105.8</ele>
      </trkpt>
      <trkpt lat="34.90845" lon="-120.32935">
        <ele>105.8</ele>
      </trkpt>
      <trkpt lat="34.90843" lon="-120.32919">
        <ele>105.8</ele>
      </trkpt>
      <trkpt lat="34.90842" lon="-120.32914">
        <ele>105.8</ele>
      </trkpt>
      <trkpt lat="34.90837" lon="-120.32893">
        <ele>105.8</ele>
      </trkpt>
      <trkpt lat="34.90825" lon="-120.32847">
        <ele>105.8</ele>
      </trkpt>
      <trkpt lat="34.90811" lon="-120.32793">
        <ele>105.9</ele>
      </trkpt>
      <trkpt lat="34.90806" lon="-120.32772">
        <ele>106.3</ele>
      </trkpt>
      <trkpt lat="34.90779" lon="-120.32671">
        <ele>106.8</ele>
      </trkpt>
      <trkpt lat="34.90773" lon="-120.32647">
        <ele>106.8</ele>
      </trkpt>
      <trkpt lat="34.90768" lon="-120.32626">
        <ele>106.8</ele>
      </trkpt>
      <trkpt lat="34.90762" lon="-120.32605">
        <ele>106.8</ele>
      </trkpt>
      <trkpt lat="34.90757" lon="-120.32584">
        <ele>106.8</ele>
      </trkpt>
      <trkpt lat="34.90728" lon="-120.32476">
        <ele>106.8</ele>
      </trkpt>
      <trkpt lat="34.90723" lon="-120.32459">
        <ele>106.8</ele>
      </trkpt>
      <trkpt lat="34.90718" lon="-120.32438">
        <ele>106.8</ele>
      </trkpt>
      <trkpt lat="34.90713" lon="-120.32417">
        <ele>106.8</ele>
      </trkpt>
      <trkpt lat="34.90702" lon="-120.32375">
        <ele>106.8</ele>
      </trkpt>
      <trkpt lat="34.9069" lon="-120.3233">
        <ele>106.9</ele>
      </trkpt>
      <trkpt lat="34.90662" lon="-120.32222">
        <ele>106.9</ele>
      </trkpt>
      <trkpt lat="34.90658" lon="-120.32208">
        <ele>106.9</ele>
      </trkpt>
      <trkpt lat="34.90649" lon="-120.32171">
        <ele>106.9</ele>
      </trkpt>
      <trkpt lat="34.90643" lon="-120.32145">
        <ele>106.8</ele>
      </trkpt>
      <trkpt lat="34.90641" lon="-120.32135">
        <ele>106.9</ele>
      </trkpt>
      <trkpt lat="34.90627" lon="-120.32059">
        <ele>107.8</ele>
      </trkpt>
      <trkpt lat="34.90627" lon="-120.32058">
        <ele>107.8</ele>
      </trkpt>
      <trkpt lat="34.90623" lon="-120.32038">
        <ele>108.0</ele>
      </trkpt>
      <trkpt lat="34.90618" lon="-120.32017">
        <ele>108.1</ele>
      </trkpt>
      <trkpt lat="34.90612" lon="-120.31986">
        <ele>107.6</ele>
      </trkpt>
      <trkpt lat="34.90604" lon="-120.31948">
        <ele>107.4</ele>
      </trkpt>
      <trkpt lat="34.90601" lon="-120.31935">
        <ele>107.6</ele>
      </trkpt>
      <trkpt lat="34.90598" lon="-120.31925">
        <ele>108.0</ele>
      </trkpt>
      <trkpt lat="34.90593" lon="-120.31912">
        <ele>108.3</ele>
      </trkpt>
      <trkpt lat="34.9059" lon="-120.31905">
        <ele>108.3</ele>
      </trkpt>
      <trkpt lat="34.90581" lon="-120.31888">
        <ele>108.3</ele>
      </trkpt>
      <trkpt lat="34.90572" lon="-120.31875">
        <ele>108.7</ele>
      </trkpt>
      <trkpt lat="34.90565" lon="-120.31864">
        <ele>108.8</ele>
      </trkpt>
      <trkpt lat="34.90557" lon="-120.31855">
        <ele>108.6</ele>
      </trkpt>
      <trkpt lat="34.90548" lon="-120.31845">
        <ele>108.4</ele>
      </trkpt>
      <trkpt lat="34.90538" lon="-120.31836">
        <ele>108.9</ele>
      </trkpt>
      <trkpt lat="34.90523" lon="-120.31824">
        <ele>109.5</ele>
      </trkpt>
      <trkpt lat="34.90491" lon="-120.318">
        <ele>109.6</ele>
      </trkpt>
      <trkpt lat="34.9048" lon="-120.31791">
        <ele>110.7</ele>
      </trkpt>
      <trkpt lat="34.90461" lon="-120.31771">
        <ele>109.1</ele>
      </trkpt>
      <trkpt lat="34.90455" lon="-120.31765">
        <ele>109.8</ele>
      </trkpt>
      <trkpt lat="34.90444" lon="-120.31753">
        <ele>110.2</ele>
      </trkpt>
      <trkpt lat="34.90442" lon="-120.3175">
        <ele>109.9</ele>
      </trkpt>
      <trkpt lat="34.90433" lon="-120.3174">
        <ele>109.2</ele>
      </trkpt>
      <trkpt lat="34.90423" lon="-120.31731">
        <ele>110.0</ele>
      </trkpt>
      <trkpt lat="34.90414" lon="-120.31724">
        <ele>110.7</ele>
      </trkpt>
      <trkpt lat="34.90405" lon="-120.31717">
        <ele>110.4</ele>
      </trkpt>
      <trkpt lat="34.90396" lon="-120.31712">
        <ele>110.1</ele>
      </trkpt>
      <trkpt lat="34.90388" lon="-120.31708">
        <ele>110.2</ele>
      </trkpt>
      <trkpt lat="34.90374" lon="-120.31702">
        <ele>110.8</ele>
      </trkpt>
      <trkpt lat="34.90363" lon="-120.31699">
        <ele>111.1</ele>
      </trkpt>
      <trkpt lat="34.90346" lon="-120.31694">
        <ele>111.1</ele>
      </trkpt>
      <trkpt lat="34.90325" lon="-120.31688">
        <ele>110.9</ele>
      </trkpt>
      <trkpt lat="34.90316" lon="-120.31686">
        <ele>110.8</ele>
      </trkpt>
      <trkpt lat="34.90311" lon="-120.31685">
        <ele>110.8</ele>
      </trkpt>
      <trkpt lat="34.90288" lon="-120.3168">
        <ele>110.9</ele>
      </trkpt>
      <trkpt lat="34.90269" lon="-120.31677">
        <ele>110.9</ele>
      </trkpt>
      <trkpt lat="34.90205" lon="-120.31665">
        <ele>111.1</ele>
      </trkpt>
      <trkpt lat="34.90185" lon="-120.31661">
        <ele>111.0</ele>
      </trkpt>
      <trkpt lat="34.90173" lon="-120.31659">
        <ele>111.0</ele>
      </trkpt>
      <trkpt lat="34.90153" lon="-120.31655">
        <ele>110.9</ele>
      </trkpt>
      <trkpt lat="34.90151" lon="-120.31654">
        <ele>110.9</ele>
      </trkpt>
      <trkpt lat="34.90141" lon="-120.31651">
        <ele>110.9</ele>
      </trkpt>
      <trkpt lat="34.90134" lon="-120.31648">
        <ele>110.8</ele>
      </trkpt>
      <trkpt lat="34.90129" lon="-120.31646">
        <ele>110.8</ele>
      </trkpt>
      <trkpt lat="34.90117" lon="-120.3164">
        <ele>110.8</ele>
      </trkpt>
      <trkpt lat="34.90116" lon="-120.31639">
        <ele>110.8</ele>
      </trkpt>
      <trkpt lat="34.90109" lon="-120.31635">
        <ele>110.8</ele>
      </trkpt>
      <trkpt lat="34.90094" lon="-120.31623">
        <ele>110.8</ele>
      </trkpt>
      <trkpt lat="34.90074" lon="-120.31606">
        <ele>110.8</ele>
      </trkpt>
      <trkpt lat="34.90063" lon="-120.31598">
        <ele>110.8</ele>
      </trkpt>
      <trkpt lat="34.9005" lon="-120.3159">
        <ele>110.8</ele>
      </trkpt>
      <trkpt lat="34.90035" lon="-120.31582">
        <ele>110.8</ele>
      </trkpt>
      <trkpt lat="34.90021" lon="-120.31577">
        <ele>110.8</ele>
      </trkpt>
      <trkpt lat="34.90006" lon="-120.31571">
        <ele>110.8</ele>
      </trkpt>
      <trkpt lat="34.89999" lon="-120.31569">
        <ele>110.8</ele>
      </trkpt>
      <trkpt lat="34.8998" lon="-120.31563">
        <ele>110.8</ele>
      </trkpt>
      <trkpt lat="34.89966" lon="-120.31559">
        <ele>110.8</ele>
      </trkpt>
      <trkpt lat="34.89952" lon="-120.31557">
        <ele>110.8</ele>
      </trkpt>
      <trkpt lat="34.89934" lon="-120.31556">
        <ele>110.8</ele>
      </trkpt>
      <trkpt lat="34.89865" lon="-120.31555">
        <ele>111.2</ele>
      </trkpt>
      <trkpt lat="34.89863" lon="-120.31555">
        <ele>111.3</ele>
      </trkpt>
      <trkpt lat="34.89849" lon="-120.31555">
        <ele>111.6</ele>
      </trkpt>
      <trkpt lat="34.89845" lon="-120.31555">
        <ele>111.7</ele>
      </trkpt>
      <trkpt lat="34.89833" lon="-120.31556">
        <ele>111.9</ele>
      </trkpt>
      <trkpt lat="34.89819" lon="-120.31558">
        <ele>111.8</ele>
      </trkpt>
      <trkpt lat="34.898" lon="-120.31563">
        <ele>112.0</ele>
      </trkpt>
      <trkpt lat="34.89781" lon="-120.31569">
        <ele>112.6</ele>
      </trkpt>
      <trkpt lat="34.89774" lon="-120.3157">
        <ele>112.7</ele>
      </trkpt>
      <trkpt lat="34.89768" lon="-120.31572">
        <ele>112.8</ele>
      </trkpt>
      <trkpt lat="34.89757" lon="-120.31574">
        <ele>112.8</ele>
      </trkpt>
      <trkpt lat="34.89742" lon="-120.31573">
        <ele>113.2</ele>
      </trkpt>
      <trkpt lat="34.89728" lon="-120.31572">
        <ele>113.6</ele>
      </trkpt>
      <trkpt lat="34.89719" lon="-120.31569">
        <ele>113.7</ele>
      </trkpt>
      <trkpt lat="34.89708" lon="-120.31564">
        <ele>113.8</ele>
      </trkpt>
      <trkpt lat="34.89691" lon="-120.31555">
        <ele>113.8</ele>
      </trkpt>
      <trkpt lat="34.89674" lon="-120.31545">
        <ele>113.8</ele>
      </trkpt>
      <trkpt lat="34.89634" lon="-120.31522">
        <ele>113.8</ele>
      </trkpt>
      <trkpt lat="34.89616" lon="-120.31512">
        <ele>113.8</ele>
      </trkpt>
      <trkpt lat="34.89616" lon="-120.31512">
        <ele>113.8</ele>
      </trkpt>
      <trkpt lat="34.89599" lon="-120.31501">
        <ele>113.8</ele>
      </trkpt>
      <trkpt lat="34.89589" lon="-120.31492">
        <ele>113.8</ele>
      </trkpt>
      <trkpt lat="34.8956" lon="-120.31464">
        <ele>113.8</ele>
      </trkpt>
      <trkpt lat="34.8956" lon="-120.31464">
        <ele>113.8</ele>
      </trkpt>
      <trkpt lat="34.89546" lon="-120.31478">
        <ele>113.8</ele>
      </trkpt>
      <trkpt lat="34.89533" lon="-120.31485">
        <ele>113.8</ele>
      </trkpt>
      <trkpt lat="34.89521" lon="-120.3149">
        <ele>113.9</ele>
      </trkpt>
      <trkpt lat="34.89508" lon="-120.31496">
        <ele>114.2</ele>
      </trkpt>
      <trkpt lat="34.89493" lon="-120.31502">
        <ele>114.7</ele>
      </trkpt>
      <trkpt lat="34.89481" lon="-120.31506">
        <ele>114.9</ele>
      </trkpt>
      <trkpt lat="34.89469" lon="-120.31508">
        <ele>114.8</ele>
      </trkpt>
      <trkpt lat="34.89416" lon="-120.31508">
        <ele>114.8</ele>
      </trkpt>
      <trkpt lat="34.89383" lon="-120.31507">
        <ele>114.8</ele>
      </trkpt>
      <trkpt lat="34.89283" lon="-120.31506">
        <ele>115.8</ele>
      </trkpt>
      <trkpt lat="34.88986" lon="-120.31504">
        <ele>116.8</ele>
      </trkpt>
      <trkpt lat="34.88901" lon="-120.31503">
        <ele>117.8</ele>
      </trkpt>
      <trkpt lat="34.88883" lon="-120.31503">
        <ele>117.8</ele>
      </trkpt>
      <trkpt lat="34.88775" lon="-120.31502">
        <ele>117.9</ele>
      </trkpt>
      <trkpt lat="34.88774" lon="-120.31502">
        <ele>117.9</ele>
      </trkpt>
      <trkpt lat="34.88702" lon="-120.31502">
        <ele>118.8</ele>
      </trkpt>
      <trkpt lat="34.88674" lon="-120.31501">
        <ele>118.8</ele>
      </trkpt>
      <trkpt lat="34.88594" lon="-120.31501">
        <ele>119.3</ele>
      </trkpt>
      <trkpt lat="34.88523" lon="-120.315">
        <ele>119.8</ele>
      </trkpt>
      <trkpt lat="34.88468" lon="-120.315">
        <ele>119.8</ele>
      </trkpt>
      <trkpt lat="34.88433" lon="-120.315">
        <ele>120.0</ele>
      </trkpt>
      <trkpt lat="34.88419" lon="-120.315">
        <ele>120.4</ele>
      </trkpt>
      <trkpt lat="34.88384" lon="-120.31499">
        <ele>121.5</ele>
      </trkpt>
      <trkpt lat="34.88352" lon="-120.31498">
        <ele>123.4</ele>
      </trkpt>
      <trkpt lat="34.88334" lon="-120.31495">
        <ele>124.6</ele>
      </trkpt>
      <trkpt lat="34.88312" lon="-120.3149">
        <ele>124.8</ele>
      </trkpt>
      <trkpt lat="34.8828" lon="-120.31479">
        <ele>123.5</ele>
      </trkpt>
      <trkpt lat="34.88264" lon="-120.31471">
        <ele>124.0</ele>
      </trkpt>
      <trkpt lat="34.88249" lon="-120.31464">
        <ele>124.4</ele>
      </trkpt>
      <trkpt lat="34.88231" lon="-120.31454">
        <ele>125.0</ele>
      </trkpt>
      <trkpt lat="34.8822" lon="-120.31447">
        <ele>125.9</ele>
      </trkpt>
      <trkpt lat="34.88214" lon="-120.31443">
        <ele>126.5</ele>
      </trkpt>
      <trkpt lat="34.88208" lon="-120.31439">
        <ele>127.1</ele>
      </trkpt>
      <trkpt lat="34.88199" lon="-120.31432">
        <ele>128.0</ele>
      </trkpt>
      <trkpt lat="34.88181" lon="-120.31419">
        <ele>128.9</ele>
      </trkpt>
      <trkpt lat="34.88154" lon="-120.31395">
        <ele>128.7</ele>
      </trkpt>
      <trkpt lat="34.88139" lon="-120.31383">
        <ele>128.2</ele>
      </trkpt>
      <trkpt lat="34.88129" lon="-120.31374">
        <ele>127.2</ele>
      </trkpt>
      <trkpt lat="34.88116" lon="-120.31363">
        <ele>125.3</ele>
      </trkpt>
      <trkpt lat="34.88097" lon="-120.31349">
        <ele>123.6</ele>
      </trkpt>
      <trkpt lat="34.88094" lon="-120.31347">
        <ele>123.6</ele>
      </trkpt>
      <trkpt lat="34.88078" lon="-120.31337">
        <ele>123.5</ele>
      </trkpt>
      <trkpt lat="34.88049" lon="-120.3132">
        <ele>122.0</ele>
      </trkpt>
      <trkpt lat="34.87996" lon="-120.3129">
        <ele>121.5</ele>
      </trkpt>
      <trkpt lat="34.87994" lon="-120.31289">
        <ele>121.4</ele>
      </trkpt>
      <trkpt lat="34.8798" lon="-120.31281">
        <ele>121.7</ele>
      </trkpt>
      <trkpt lat="34.87921" lon="-120.31246">
        <ele>122.2</ele>
      </trkpt>
      <trkpt lat="34.87897" lon="-120.31231">
        <ele>122.5</ele>
      </trkpt>
      <trkpt lat="34.87857" lon="-120.31206">
        <ele>126.2</ele>
      </trkpt>
      <trkpt lat="34.87856" lon="-120.31205">
        <ele>126.3</ele>
      </trkpt>
      <trkpt lat="34.87841" lon="-120.31195">
        <ele>127.0</ele>
      </trkpt>
      <trkpt lat="34.87791" lon="-120.31163">
        <ele>127.5</ele>
      </trkpt>
      <trkpt lat="34.87746" lon="-120.31133">
        <ele>129.5</ele>
      </trkpt>
      <trkpt lat="34.8773" lon="-120.31123">
        <ele>129.7</ele>
      </trkpt>
      <trkpt lat="34.87721" lon="-120.31116">
        <ele>129.4</ele>
      </trkpt>
      <trkpt lat="34.87714" lon="-120.31112">
        <ele>129.4</ele>
      </trkpt>
      <trkpt lat="34.87691" lon="-120.31098">
        <ele>129.7</ele>
      </trkpt>
      <trkpt lat="34.87657" lon="-120.31077">
        <ele>131.5</ele>
      </trkpt>
      <trkpt lat="34.87635" lon="-120.31065">
        <ele>131.6</ele>
      </trkpt>
      <trkpt lat="34.87628" lon="-120.3106">
        <ele>131.5</ele>
      </trkpt>
      <trkpt lat="34.87612" lon="-120.31049">
        <ele>131.5</ele>
      </trkpt>
      <trkpt lat="34.87605" lon="-120.31043">
        <ele>131.3</ele>
      </trkpt>
      <trkpt lat="34.87602" lon="-120.31041">
        <ele>131.3</ele>
      </trkpt>
      <trkpt lat="34.87595" lon="-120.31034">
        <ele>131.2</ele>
      </trkpt>
      <trkpt lat="34.87583" lon="-120.31021">
        <ele>131.7</ele>
      </trkpt>
      <trkpt lat="34.8757" lon="-120.31008">
        <ele>132.2</ele>
      </trkpt>
      <trkpt lat="34.87569" lon="-120.31005">
        <ele>132.2</ele>
      </trkpt>
      <trkpt lat="34.87543" lon="-120.30975">
        <ele>133.1</ele>
      </trkpt>
      <trkpt lat="34.87541" lon="-120.30972">
        <ele>132.9</ele>
      </trkpt>
      <trkpt lat="34.87525" lon="-120.30954">
        <ele>131.1</ele>
      </trkpt>
      <trkpt lat="34.87461" lon="-120.30879">
        <ele>130.1</ele>
      </trkpt>
      <trkpt lat="34.87447" lon="-120.30863">
        <ele>129.4</ele>
      </trkpt>
      <trkpt lat="34.87439" lon="-120.30854">
        <ele>129.4</ele>
      </trkpt>
      <trkpt lat="34.87426" lon="-120.30839">
        <ele>130.5</ele>
      </trkpt>
      <trkpt lat="34.87408" lon="-120.30818">
        <ele>131.3</ele>
      </trkpt>
      <trkpt lat="34.874" lon="-120.30808">
        <ele>131.5</ele>
      </trkpt>
      <trkpt lat="34.87392" lon="-120.308">
        <ele>131.5</ele>
      </trkpt>
      <trkpt lat="34.87378" lon="-120.30784">
        <ele>131.4</ele>
      </trkpt>
      <trkpt lat="34.87367" lon="-120.3077">
        <ele>131.7</ele>
      </trkpt>
      <trkpt lat="34.87355" lon="-120.30754">
        <ele>131.7</ele>
      </trkpt>
      <trkpt lat="34.8735" lon="-120.30745">
        <ele>131.4</ele>
      </trkpt>
      <trkpt lat="34.87348" lon="-120.30742">
        <ele>131.3</ele>
      </trkpt>
      <trkpt lat="34.87346" lon="-120.30738">
        <ele>131.2</ele>
      </trkpt>
      <trkpt lat="34.8734" lon="-120.30727">
        <ele>131.0</ele>
      </trkpt>
      <trkpt lat="34.87338" lon="-120.30724">
        <ele>130.9</ele>
      </trkpt>
      <trkpt lat="34.8733" lon="-120.30708">
        <ele>130.8</ele>
      </trkpt>
      <trkpt lat="34.87325" lon="-120.30696">
        <ele>130.7</ele>
      </trkpt>
      <trkpt lat="34.8732" lon="-120.30681">
        <ele>130.7</ele>
      </trkpt>
      <trkpt lat="34.87317" lon="-120.30674">
        <ele>130.8</ele>
      </trkpt>
      <trkpt lat="34.87312" lon="-120.30657">
        <ele>130.7</ele>
      </trkpt>
      <trkpt lat="34.87308" lon="-120.3064">
        <ele>130.7</ele>
      </trkpt>
      <trkpt lat="34.87305" lon="-120.30627">
        <ele>130.5</ele>
      </trkpt>
      <trkpt lat="34.87303" lon="-120.30618">
        <ele>130.2</ele>
      </trkpt>
      <trkpt lat="34.87302" lon="-120.30614">
        <ele>130.1</ele>
      </trkpt>
      <trkpt lat="34.873" lon="-120.30605">
        <ele>129.8</ele>
      </trkpt>
      <trkpt lat="34.87295" lon="-120.30579">
        <ele>128.7</ele>
      </trkpt>
      <trkpt lat="34.87291" lon="-120.30555">
        <ele>127.6</ele>
      </trkpt>
      <trkpt lat="34.87283" lon="-120.30525">
        <ele>125.6</ele>
      </trkpt>
      <trkpt lat="34.87276" lon="-120.30497">
        <ele>125.8</ele>
      </trkpt>
      <trkpt lat="34.87271" lon="-120.30481">
        <ele>127.0</ele>
      </trkpt>
      <trkpt lat="34.87264" lon="-120.30461">
        <ele>128.6</ele>
      </trkpt>
      <trkpt lat="34.87263" lon="-120.30459">
        <ele>128.7</ele>
      </trkpt>
      <trkpt lat="34.87257" lon="-120.30443">
        <ele>129.4</ele>
      </trkpt>
      <trkpt lat="34.87248" lon="-120.30421">
        <ele>130.2</ele>
      </trkpt>
      <trkpt lat="34.87238" lon="-120.30398">
        <ele>130.2</ele>
      </trkpt>
      <trkpt lat="34.87229" lon="-120.30382">
        <ele>129.4</ele>
      </trkpt>
      <trkpt lat="34.87223" lon="-120.30373">
        <ele>129.0</ele>
      </trkpt>
      <trkpt lat="34.87215" lon="-120.30362">
        <ele>128.7</ele>
      </trkpt>
      <trkpt lat="34.87195" lon="-120.30339">
        <ele>128.8</ele>
      </trkpt>
      <trkpt lat="34.87194" lon="-120.30337">
        <ele>128.8</ele>
      </trkpt>
      <trkpt lat="34.87169" lon="-120.30307">
        <ele>128.9</ele>
      </trkpt>
      <trkpt lat="34.87166" lon="-120.30304">
        <ele>128.8</ele>
      </trkpt>
      <trkpt lat="34.87143" lon="-120.30276">
        <ele>128.8</ele>
      </trkpt>
      <trkpt lat="34.8714" lon="-120.30273">
        <ele>128.8</ele>
      </trkpt>
      <trkpt lat="34.8713" lon="-120.30261">
        <ele>128.7</ele>
      </trkpt>
      <trkpt lat="34.87128" lon="-120.30258">
        <ele>128.7</ele>
      </trkpt>
      <trkpt lat="34.87104" lon="-120.3023">
        <ele>128.8</ele>
      </trkpt>
      <trkpt lat="34.87091" lon="-120.30215">
        <ele>128.8</ele>
      </trkpt>
      <trkpt lat="34.87089" lon="-120.30212">
        <ele>128.8</ele>
      </trkpt>
      <trkpt lat="34.8706" lon="-120.30177">
        <ele>128.8</ele>
      </trkpt>
      <trkpt lat="34.87038" lon="-120.3015">
        <ele>129.0</ele>
      </trkpt>
      <trkpt lat="34.87027" lon="-120.30138">
        <ele>129.1</ele>
      </trkpt>
      <trkpt lat="34.87025" lon="-120.30135">
        <ele>129.1</ele>
      </trkpt>
      <trkpt lat="34.8702" lon="-120.30129">
        <ele>129.1</ele>
      </trkpt>
      <trkpt lat="34.86989" lon="-120.3009">
        <ele>129.0</ele>
      </trkpt>
      <trkpt lat="34.8698" lon="-120.30076">
        <ele>129.2</ele>
      </trkpt>
      <trkpt lat="34.86979" lon="-120.30074">
        <ele>129.3</ele>
      </trkpt>
      <trkpt lat="34.86975" lon="-120.30067">
        <ele>129.6</ele>
      </trkpt>
      <trkpt lat="34.86948" lon="-120.30011">
        <ele>129.4</ele>
      </trkpt>
      <trkpt lat="34.86939" lon="-120.29992">
        <ele>129.5</ele>
      </trkpt>
      <trkpt lat="34.86923" lon="-120.29961">
        <ele>129.4</ele>
      </trkpt>
      <trkpt lat="34.86921" lon="-120.29955">
        <ele>129.4</ele>
      </trkpt>
      <trkpt lat="34.86916" lon="-120.29946">
        <ele>129.6</ele>
      </trkpt>
      <trkpt lat="34.86889" lon="-120.29889">
        <ele>128.8</ele>
      </trkpt>
      <trkpt lat="34.8687" lon="-120.29849">
        <ele>128.8</ele>
      </trkpt>
      <trkpt lat="34.86869" lon="-120.29847">
        <ele>128.8</ele>
      </trkpt>
      <trkpt lat="34.86859" lon="-120.29828">
        <ele>128.8</ele>
      </trkpt>
      <trkpt lat="34.8684" lon="-120.29792">
        <ele>128.8</ele>
      </trkpt>
      <trkpt lat="34.86822" lon="-120.29766">
        <ele>128.8</ele>
      </trkpt>
      <trkpt lat="34.86759" lon="-120.29671">
        <ele>128.9</ele>
      </trkpt>
      <trkpt lat="34.86697" lon="-120.29576">
        <ele>131.1</ele>
      </trkpt>
      <trkpt lat="34.86657" lon="-120.29515">
        <ele>131.8</ele>
      </trkpt>
      <trkpt lat="34.86649" lon="-120.29504">
        <ele>131.8</ele>
      </trkpt>
      <trkpt lat="34.86637" lon="-120.29495">
        <ele>131.8</ele>
      </trkpt>
      <trkpt lat="34.86625" lon="-120.29494">
        <ele>131.9</ele>
      </trkpt>
      <trkpt lat="34.86591" lon="-120.29494">
        <ele>132.8</ele>
      </trkpt>
      <trkpt lat="34.86541" lon="-120.29496">
        <ele>133.3</ele>
      </trkpt>
      <trkpt lat="34.86498" lon="-120.29497">
        <ele>134.2</ele>
      </trkpt>
      <trkpt lat="34.86481" lon="-120.29498">
        <ele>134.3</ele>
      </trkpt>
      <trkpt lat="34.86455" lon="-120.29499">
        <ele>134.3</ele>
      </trkpt>
      <trkpt lat="34.86455" lon="-120.29499">
        <ele>134.3</ele>
      </trkpt>
      <trkpt lat="34.86456" lon="-120.2945">
        <ele>134.0</ele>
      </trkpt>
      <trkpt lat="34.86457" lon="-120.29341">
        <ele>133.9</ele>
      </trkpt>
      <trkpt lat="34.86456" lon="-120.29236">
        <ele>132.7</ele>
      </trkpt>
      <trkpt lat="34.86456" lon="-120.29198">
        <ele>132.8</ele>
      </trkpt>
      <trkpt lat="34.86456" lon="-120.29192">
        <ele>132.8</ele>
      </trkpt>
      <trkpt lat="34.86456" lon="-120.29173">
        <ele>133.2</ele>
      </trkpt>
      <trkpt lat="34.86455" lon="-120.29085">
        <ele>133.6</ele>
      </trkpt>
      <trkpt lat="34.86455" lon="-120.29075">
        <ele>133.3</ele>
      </trkpt>
      <trkpt lat="34.86455" lon="-120.29065">
        <ele>133.1</ele>
      </trkpt>
      <trkpt lat="34.86454" lon="-120.29032">
        <ele>132.8</ele>
      </trkpt>
      <trkpt lat="34.86453" lon="-120.28829">
        <ele>130.8</ele>
      </trkpt>
      <trkpt lat="34.86452" lon="-120.28617">
        <ele>130.7</ele>
      </trkpt>
      <trkpt lat="34.86451" lon="-120.28612">
        <ele>130.8</ele>
      </trkpt>
      <trkpt lat="34.86451" lon="-120.28585">
        <ele>130.5</ele>
      </trkpt>
      <trkpt lat="34.86447" lon="-120.28218">
        <ele>130.8</ele>
      </trkpt>
      <trkpt lat="34.86447" lon="-120.28196">
        <ele>130.8</ele>
      </trkpt>
      <trkpt lat="34.86446" lon="-120.28174">
        <ele>130.8</ele>
      </trkpt>
      <trkpt lat="34.86445" lon="-120.28064">
        <ele>130.8</ele>
      </trkpt>
      <trkpt lat="34.86445" lon="-120.27911">
        <ele>130.8</ele>
      </trkpt>
      <trkpt lat="34.86445" lon="-120.27889">
        <ele>130.9</ele>
      </trkpt>
      <trkpt lat="34.86445" lon="-120.27867">
        <ele>131.3</ele>
      </trkpt>
      <trkpt lat="34.86445" lon="-120.27765">
        <ele>131.8</ele>
      </trkpt>
      <trkpt lat="34.86444" lon="-120.27755">
        <ele>131.8</ele>
      </trkpt>
      <trkpt lat="34.86443" lon="-120.27751">
        <ele>131.8</ele>
      </trkpt>
      <trkpt lat="34.8644" lon="-120.27739">
        <ele>131.8</ele>
      </trkpt>
      <trkpt lat="34.86434" lon="-120.2773">
        <ele>131.8</ele>
      </trkpt>
      <trkpt lat="34.8643" lon="-120.27726">
        <ele>131.8</ele>
      </trkpt>
      <trkpt lat="34.86423" lon="-120.27725">
        <ele>131.8</ele>
      </trkpt>
      <trkpt lat="34.86415" lon="-120.27723">
        <ele>131.8</ele>
      </trkpt>
      <trkpt lat="34.86377" lon="-120.27723">
        <ele>132.5</ele>
      </trkpt>
      <trkpt lat="34.86285" lon="-120.27723">
        <ele>132.8</ele>
      </trkpt>
      <trkpt lat="34.86267" lon="-120.27723">
        <ele>132.8</ele>
      </trkpt>
      <trkpt lat="34.86177" lon="-120.27723">
        <ele>132.8</ele>
      </trkpt>
      <trkpt lat="34.86159" lon="-120.27723">
        <ele>132.8</ele>
      </trkpt>
      <trkpt lat="34.86098" lon="-120.27724">
        <ele>133.8</ele>
      </trkpt>
      <trkpt lat="34.86069" lon="-120.27724">
        <ele>133.8</ele>
      </trkpt>
      <trkpt lat="34.86051" lon="-120.27724">
        <ele>133.8</ele>
      </trkpt>
      <trkpt lat="34.86033" lon="-120.27724">
        <ele>133.8</ele>
      </trkpt>
      <trkpt lat="34.86018" lon="-120.27724">
        <ele>133.8</ele>
      </trkpt>
      <trkpt lat="34.85979" lon="-120.27724">
        <ele>134.2</ele>
      </trkpt>
      <trkpt lat="34.85961" lon="-120.27724">
        <ele>134.8</ele>
      </trkpt>
      <trkpt lat="34.85928" lon="-120.27724">
        <ele>134.8</ele>
      </trkpt>
      <trkpt lat="34.85902" lon="-120.27723">
        <ele>134.8</ele>
      </trkpt>
      <trkpt lat="34.85896" lon="-120.27722">
        <ele>134.8</ele>
      </trkpt>
      <trkpt lat="34.8589" lon="-120.27721">
        <ele>134.8</ele>
      </trkpt>
      <trkpt lat="34.85884" lon="-120.27717">
        <ele>134.8</ele>
      </trkpt>
      <trkpt lat="34.8588" lon="-120.27714">
        <ele>134.9</ele>
      </trkpt>
      <trkpt lat="34.85875" lon="-120.27706">
        <ele>135.0</ele>
      </trkpt>
      <trkpt lat="34.85872" lon="-120.277">
        <ele>135.0</ele>
      </trkpt>
      <trkpt lat="34.85867" lon="-120.27686">
        <ele>135.2</ele>
      </trkpt>
      <trkpt lat="34.85863" lon="-120.27668">
        <ele>135.3</ele>
      </trkpt>
      <trkpt lat="34.85846" lon="-120.27564">
        <ele>136.1</ele>
      </trkpt>
      <trkpt lat="34.85821" lon="-120.27418">
        <ele>136.7</ele>
      </trkpt>
      <trkpt lat="34.8582" lon="-120.27414">
        <ele>136.8</ele>
      </trkpt>
      <trkpt lat="34.85813" lon="-120.2738">
        <ele>137.1</ele>
      </trkpt>
      <trkpt lat="34.85809" lon="-120.27356">
        <ele>137.2</ele>
      </trkpt>
      <trkpt lat="34.85806" lon="-120.2734">
        <ele>137.2</ele>
      </trkpt>
      <trkpt lat="34.85803" lon="-120.27328">
        <ele>137.3</ele>
      </trkpt>
      <trkpt lat="34.85793" lon="-120.27293">
        <ele>137.7</ele>
      </trkpt>
      <trkpt lat="34.85779" lon="-120.27253">
        <ele>138.0</ele>
      </trkpt>
      <trkpt lat="34.85756" lon="-120.272">
        <ele>138.1</ele>
      </trkpt>
      <trkpt lat="34.85703" lon="-120.2707">
        <ele>137.9</ele>
      </trkpt>
      <trkpt lat="34.85691" lon="-120.27042">
        <ele>138.0</ele>
      </trkpt>
      <trkpt lat="34.85638" lon="-120.26913">
        <ele>137.8</ele>
      </trkpt>
      <trkpt lat="34.85612" lon="-120.26852">
        <ele>138.0</ele>
      </trkpt>
      <trkpt lat="34.85564" lon="-120.26735">
        <ele>139.5</ele>
      </trkpt>
      <trkpt lat="34.85563" lon="-120.26732">
        <ele>139.6</ele>
      </trkpt>
      <trkpt lat="34.85556" lon="-120.26715">
        <ele>140.2</ele>
      </trkpt>
      <trkpt lat="34.8555" lon="-120.267">
        <ele>140.4</ele>
      </trkpt>
      <trkpt lat="34.85503" lon="-120.26581">
        <ele>141.1</ele>
      </trkpt>
      <trkpt lat="34.85492" lon="-120.26558">
        <ele>142.6</ele>
      </trkpt>
      <trkpt lat="34.85481" lon="-120.26539">
        <ele>142.7</ele>
      </trkpt>
      <trkpt lat="34.85464" lon="-120.26523">
        <ele>143.2</ele>
      </trkpt>
      <trkpt lat="34.85431" lon="-120.26494">
        <ele>144.3</ele>
      </trkpt>
      <trkpt lat="34.85422" lon="-120.26486">
        <ele>144.7</ele>
      </trkpt>
      <trkpt lat="34.85409" lon="-120.26472">
        <ele>145.3</ele>
      </trkpt>
      <trkpt lat="34.85393" lon="-120.2645">
        <ele>145.8</ele>
      </trkpt>
      <trkpt lat="34.85382" lon="-120.26432">
        <ele>146.0</ele>
      </trkpt>
      <trkpt lat="34.85377" lon="-120.26422">
        <ele>145.9</ele>
      </trkpt>
      <trkpt lat="34.85368" lon="-120.26401">
        <ele>146.2</ele>
      </trkpt>
      <trkpt lat="34.85366" lon="-120.26394">
        <ele>146.4</ele>
      </trkpt>
      <trkpt lat="34.85361" lon="-120.26374">
        <ele>146.5</ele>
      </trkpt>
      <trkpt lat="34.85358" lon="-120.2635">
        <ele>146.5</ele>
      </trkpt>
      <trkpt lat="34.85358" lon="-120.26337">
        <ele>146.6</ele>
      </trkpt>
      <trkpt lat="34.85357" lon="-120.26315">
        <ele>147.2</ele>
      </trkpt>
      <trkpt lat="34.85357" lon="-120.26314">
        <ele>147.3</ele>
      </trkpt>
      <trkpt lat="34.85357" lon="-120.26254">
        <ele>149.8</ele>
      </trkpt>
      <trkpt lat="34.85356" lon="-120.26228">
        <ele>148.6</ele>
      </trkpt>
      <trkpt lat="34.85356" lon="-120.26206">
        <ele>146.6</ele>
      </trkpt>
      <trkpt lat="34.85356" lon="-120.26197">
        <ele>145.9</ele>
      </trkpt>
      <trkpt lat="34.85355" lon="-120.26184">
        <ele>145.2</ele>
      </trkpt>
      <trkpt lat="34.85352" lon="-120.26148">
        <ele>143.6</ele>
      </trkpt>
      <trkpt lat="34.85352" lon="-120.2614">
        <ele>143.2</ele>
      </trkpt>
      <trkpt lat="34.85349" lon="-120.26106">
        <ele>142.9</ele>
      </trkpt>
      <trkpt lat="34.85344" lon="-120.26053">
        <ele>143.6</ele>
      </trkpt>
      <trkpt lat="34.85334" lon="-120.25971">
        <ele>144.1</ele>
      </trkpt>
      <trkpt lat="34.85326" lon="-120.25931">
        <ele>143.9</ele>
      </trkpt>
      <trkpt lat="34.85319" lon="-120.25904">
        <ele>144.7</ele>
      </trkpt>
      <trkpt lat="34.85313" lon="-120.2588">
        <ele>145.1</ele>
      </trkpt>
      <trkpt lat="34.85299" lon="-120.25839">
        <ele>145.7</ele>
      </trkpt>
      <trkpt lat="34.85297" lon="-120.25834">
        <ele>145.9</ele>
      </trkpt>
      <trkpt lat="34.8529" lon="-120.25815">
        <ele>146.3</ele>
      </trkpt>
      <trkpt lat="34.85289" lon="-120.25814">
        <ele>146.3</ele>
      </trkpt>
      <trkpt lat="34.85282" lon="-120.25799">
        <ele>146.0</ele>
      </trkpt>
      <trkpt lat="34.85277" lon="-120.25788">
        <ele>145.7</ele>
      </trkpt>
      <trkpt lat="34.85254" lon="-120.25757">
        <ele>146.3</ele>
      </trkpt>
      <trkpt lat="34.8523" lon="-120.25728">
        <ele>146.3</ele>
      </trkpt>
      <trkpt lat="34.8522" lon="-120.25715">
        <ele>146.3</ele>
      </trkpt>
      <trkpt lat="34.8521" lon="-120.257">
        <ele>146.2</ele>
      </trkpt>
      <trkpt lat="34.85208" lon="-120.25698">
        <ele>146.1</ele>
      </trkpt>
      <trkpt lat="34.85203" lon="-120.2569">
        <ele>145.8</ele>
      </trkpt>
      <trkpt lat="34.85198" lon="-120.2568">
        <ele>145.6</ele>
      </trkpt>
      <trkpt lat="34.85188" lon="-120.2566">
        <ele>147.0</ele>
      </trkpt>
      <trkpt lat="34.85163" lon="-120.25604">
        <ele>146.8</ele>
      </trkpt>
      <trkpt lat="34.8514" lon="-120.25544">
        <ele>146.6</ele>
      </trkpt>
      <trkpt lat="34.8512" lon="-120.25488">
        <ele>146.4</ele>
      </trkpt>
      <trkpt lat="34.85082" lon="-120.2537">
        <ele>143.5</ele>
      </trkpt>
      <trkpt lat="34.85075" lon="-120.2535">
        <ele>144.2</ele>
      </trkpt>
      <trkpt lat="34.85075" lon="-120.25349">
        <ele>144.2</ele>
      </trkpt>
      <trkpt lat="34.8507" lon="-120.25335">
        <ele>144.8</ele>
      </trkpt>
      <trkpt lat="34.85039" lon="-120.25249">
        <ele>145.2</ele>
      </trkpt>
      <trkpt lat="34.85013" lon="-120.25174">
        <ele>146.5</ele>
      </trkpt>
      <trkpt lat="34.85005" lon="-120.25148">
        <ele>150.7</ele>
      </trkpt>
      <trkpt lat="34.84999" lon="-120.25124">
        <ele>150.8</ele>
      </trkpt>
      <trkpt lat="34.84994" lon="-120.25103">
        <ele>150.7</ele>
      </trkpt>
      <trkpt lat="34.84988" lon="-120.25082">
        <ele>153.0</ele>
      </trkpt>
      <trkpt lat="34.84972" lon="-120.2502">
        <ele>146.9</ele>
      </trkpt>
      <trkpt lat="34.84964" lon="-120.24987">
        <ele>145.9</ele>
      </trkpt>
      <trkpt lat="34.8496" lon="-120.24972">
        <ele>145.7</ele>
      </trkpt>
      <trkpt lat="34.84959" lon="-120.24966">
        <ele>145.8</ele>
      </trkpt>
      <trkpt lat="34.84953" lon="-120.24945">
        <ele>146.2</ele>
      </trkpt>
      <trkpt lat="34.84951" lon="-120.24934">
        <ele>146.6</ele>
      </trkpt>
      <trkpt lat="34.84948" lon="-120.24924">
        <ele>146.7</ele>
      </trkpt>
      <trkpt lat="34.84942" lon="-120.24903">
        <ele>146.8</ele>
      </trkpt>
      <trkpt lat="34.84934" lon="-120.2487">
        <ele>146.9</ele>
      </trkpt>
      <trkpt lat="34.84909" lon="-120.24778">
        <ele>147.1</ele>
      </trkpt>
      <trkpt lat="34.84901" lon="-120.24746">
        <ele>147.1</ele>
      </trkpt>
      <trkpt lat="34.84893" lon="-120.24715">
        <ele>147.1</ele>
      </trkpt>
      <trkpt lat="34.84889" lon="-120.247">
        <ele>147.1</ele>
      </trkpt>
      <trkpt lat="34.84888" lon="-120.24694">
        <ele>147.1</ele>
      </trkpt>
      <trkpt lat="34.84886" lon="-120.24677">
        <ele>147.1</ele>
      </trkpt>
      <trkpt lat="34.84884" lon="-120.2466">
        <ele>147.1</ele>
      </trkpt>
      <trkpt lat="34.84883" lon="-120.24649">
        <ele>147.1</ele>
      </trkpt>
      <trkpt lat="34.84882" lon="-120.24641">
        <ele>147.1</ele>
      </trkpt>
      <trkpt lat="34.84882" lon="-120.24628">
        <ele>147.1</ele>
      </trkpt>
      <trkpt lat="34.84882" lon="-120.24529">
        <ele>147.1</ele>
      </trkpt>
      <trkpt lat="34.84882" lon="-120.24434">
        <ele>151.7</ele>
      </trkpt>
      <trkpt lat="34.84881" lon="-120.24388">
        <ele>151.5</ele>
      </trkpt>
      <trkpt lat="34.84881" lon="-120.24327">
        <ele>151.0</ele>
      </trkpt>
      <trkpt lat="34.84881" lon="-120.24302">
        <ele>150.9</ele>
      </trkpt>
      <trkpt lat="34.84881" lon="-120.24283">
        <ele>150.7</ele>
      </trkpt>
      <trkpt lat="34.8488" lon="-120.24272">
        <ele>150.6</ele>
      </trkpt>
      <trkpt lat="34.84879" lon="-120.24264">
        <ele>150.5</ele>
      </trkpt>
      <trkpt lat="34.84878" lon="-120.24258">
        <ele>150.5</ele>
      </trkpt>
      <trkpt lat="34.84876" lon="-120.24253">
        <ele>150.6</ele>
      </trkpt>
      <trkpt lat="34.84875" lon="-120.24247">
        <ele>150.6</ele>
      </trkpt>
      <trkpt lat="34.8487" lon="-120.24237">
        <ele>150.6</ele>
      </trkpt>
      <trkpt lat="34.84864" lon="-120.24228">
        <ele>150.6</ele>
      </trkpt>
      <trkpt lat="34.84851" lon="-120.24211">
        <ele>150.6</ele>
      </trkpt>
      <trkpt lat="34.84845" lon="-120.24204">
        <ele>150.6</ele>
      </trkpt>
      <trkpt lat="34.84837" lon="-120.24197">
        <ele>150.7</ele>
      </trkpt>
      <trkpt lat="34.84837" lon="-120.24197">
        <ele>150.7</ele>
      </trkpt>
      <trkpt lat="34.8484" lon="-120.24191">
        <ele>150.6</ele>
      </trkpt>
      <trkpt lat="34.84842" lon="-120.24178">
        <ele>150.6</ele>
      </trkpt>
      <trkpt lat="34.84842" lon="-120.24172">
        <ele>150.6</ele>
      </trkpt>
      <trkpt lat="34.84841" lon="-120.24131">
        <ele>152.2</ele>
      </trkpt>
      <trkpt lat="34.84842" lon="-120.24112">
        <ele>152.7</ele>
      </trkpt>
      <trkpt lat="34.84842" lon="-120.24112">
        <ele>152.7</ele>
      </trkpt>
      <trkpt lat="34.84842" lon="-120.24112">
        <ele>152.7</ele>
      </trkpt>
      <trkpt lat="34.84841" lon="-120.24131">
        <ele>152.2</ele>
      </trkpt>
      <trkpt lat="34.84842" lon="-120.24172">
        <ele>150.6</ele>
      </trkpt>
      <trkpt lat="34.84842" lon="-120.24178">
        <ele>150.6</ele>
      </trkpt>
      <trkpt lat="34.8484" lon="-120.24191">
        <ele>150.6</ele>
      </trkpt>
      <trkpt lat="34.84837" lon="-120.24197">
        <ele>150.7</ele>
      </trkpt>
      <trkpt lat="34.84837" lon="-120.24197">
        <ele>150.7</ele>
      </trkpt>
      <trkpt lat="34.84828" lon="-120.24192">
        <ele>150.7</ele>
      </trkpt>
      <trkpt lat="34.84826" lon="-120.24191">
        <ele>150.7</ele>
      </trkpt>
      <trkpt lat="34.84821" lon="-120.24189">
        <ele>150.8</ele>
      </trkpt>
      <trkpt lat="34.84818" lon="-120.24189">
        <ele>150.8</ele>
      </trkpt>
      <trkpt lat="34.84813" lon="-120.24188">
        <ele>150.8</ele>
      </trkpt>
      <trkpt lat="34.84806" lon="-120.24188">
        <ele>150.9</ele>
      </trkpt>
      <trkpt lat="34.848" lon="-120.24188">
        <ele>151.0</ele>
      </trkpt>
      <trkpt lat="34.84788" lon="-120.2419">
        <ele>151.0</ele>
      </trkpt>
      <trkpt lat="34.84747" lon="-120.24194">
        <ele>151.4</ele>
      </trkpt>
      <trkpt lat="34.84713" lon="-120.24197">
        <ele>151.7</ele>
      </trkpt>
      <trkpt lat="34.84663" lon="-120.24202">
        <ele>152.2</ele>
      </trkpt>
      <trkpt lat="34.8466" lon="-120.24202">
        <ele>152.2</ele>
      </trkpt>
      <trkpt lat="34.84633" lon="-120.24204">
        <ele>153.4</ele>
      </trkpt>
      <trkpt lat="34.8461" lon="-120.24204">
        <ele>153.8</ele>
      </trkpt>
      <trkpt lat="34.84589" lon="-120.24205">
        <ele>155.2</ele>
      </trkpt>
      <trkpt lat="34.8457" lon="-120.24204">
        <ele>155.9</ele>
      </trkpt>
      <trkpt lat="34.84555" lon="-120.24203">
        <ele>156.4</ele>
      </trkpt>
      <trkpt lat="34.84552" lon="-120.24203">
        <ele>156.6</ele>
      </trkpt>
      <trkpt lat="34.8454" lon="-120.24202">
        <ele>157.0</ele>
      </trkpt>
      <trkpt lat="34.84537" lon="-120.24201">
        <ele>157.1</ele>
      </trkpt>
      <trkpt lat="34.8453" lon="-120.242">
        <ele>157.2</ele>
      </trkpt>
      <trkpt lat="34.84512" lon="-120.24196">
        <ele>157.5</ele>
      </trkpt>
      <trkpt lat="34.84502" lon="-120.24194">
        <ele>157.6</ele>
      </trkpt>
      <trkpt lat="34.84491" lon="-120.24191">
        <ele>157.5</ele>
      </trkpt>
      <trkpt lat="34.84477" lon="-120.24186">
        <ele>157.6</ele>
      </trkpt>
      <trkpt lat="34.84464" lon="-120.24181">
        <ele>157.7</ele>
      </trkpt>
      <trkpt lat="34.84444" lon="-120.24172">
        <ele>157.9</ele>
      </trkpt>
      <trkpt lat="34.84435" lon="-120.24168">
        <ele>158.3</ele>
      </trkpt>
      <trkpt lat="34.84433" lon="-120.24167">
        <ele>158.5</ele>
      </trkpt>
      <trkpt lat="34.8442" lon="-120.2416">
        <ele>159.9</ele>
      </trkpt>
      <trkpt lat="34.84416" lon="-120.24158">
        <ele>160.5</ele>
      </trkpt>
      <trkpt lat="34.84401" lon="-120.2415">
        <ele>162.9</ele>
      </trkpt>
      <trkpt lat="34.8438" lon="-120.24135">
        <ele>164.7</ele>
      </trkpt>
      <trkpt lat="34.84369" lon="-120.24127">
        <ele>164.9</ele>
      </trkpt>
      <trkpt lat="34.84358" lon="-120.24119">
        <ele>165.4</ele>
      </trkpt>
      <trkpt lat="34.84345" lon="-120.2411">
        <ele>166.0</ele>
      </trkpt>
      <trkpt lat="34.84332" lon="-120.24102">
        <ele>166.5</ele>
      </trkpt>
      <trkpt lat="34.8432" lon="-120.24095">
        <ele>167.0</ele>
      </trkpt>
      <trkpt lat="34.84313" lon="-120.2409">
        <ele>167.0</ele>
      </trkpt>
      <trkpt lat="34.84308" lon="-120.24087">
        <ele>167.0</ele>
      </trkpt>
      <trkpt lat="34.84296" lon="-120.24079">
        <ele>167.0</ele>
      </trkpt>
      <trkpt lat="34.84287" lon="-120.24072">
        <ele>166.9</ele>
      </trkpt>
      <trkpt lat="34.84283" lon="-120.24067">
        <ele>166.6</ele>
      </trkpt>
      <trkpt lat="34.84279" lon="-120.24063">
        <ele>166.5</ele>
      </trkpt>
      <trkpt lat="34.84276" lon="-120.24059">
        <ele>166.4</ele>
      </trkpt>
      <trkpt lat="34.84273" lon="-120.24054">
        <ele>166.2</ele>
      </trkpt>
      <trkpt lat="34.84269" lon="-120.24047">
        <ele>165.9</ele>
      </trkpt>
      <trkpt lat="34.84264" lon="-120.24039">
        <ele>165.5</ele>
      </trkpt>
      <trkpt lat="34.84254" lon="-120.24022">
        <ele>165.6</ele>
      </trkpt>
      <trkpt lat="34.84249" lon="-120.24016">
        <ele>166.7</ele>
      </trkpt>
      <trkpt lat="34.84245" lon="-120.24011">
        <ele>167.1</ele>
      </trkpt>
      <trkpt lat="34.84238" lon="-120.24004">
        <ele>167.9</ele>
      </trkpt>
      <trkpt lat="34.84235" lon="-120.24002">
        <ele>168.2</ele>
      </trkpt>
      <trkpt lat="34.84233" lon="-120.24001">
        <ele>168.4</ele>
      </trkpt>
      <trkpt lat="34.84228" lon="-120.23998">
        <ele>168.7</ele>
      </trkpt>
      <trkpt lat="34.84222" lon="-120.23995">
        <ele>169.0</ele>
      </trkpt>
      <trkpt lat="34.84218" lon="-120.23993">
        <ele>169.0</ele>
      </trkpt>
      <trkpt lat="34.84217" lon="-120.23993">
        <ele>169.0</ele>
      </trkpt>
      <trkpt lat="34.84208" lon="-120.23991">
        <ele>169.3</ele>
      </trkpt>
      <trkpt lat="34.84201" lon="-120.2399">
        <ele>169.4</ele>
      </trkpt>
      <trkpt lat="34.84193" lon="-120.23989">
        <ele>169.6</ele>
      </trkpt>
      <trkpt lat="34.84168" lon="-120.23983">
        <ele>169.6</ele>
      </trkpt>
      <trkpt lat="34.84148" lon="-120.23977">
        <ele>169.6</ele>
      </trkpt>
      <trkpt lat="34.84138" lon="-120.23973">
        <ele>169.6</ele>
      </trkpt>
      <trkpt lat="34.84104" lon="-120.23957">
        <ele>169.4</ele>
      </trkpt>
      <trkpt lat="34.84067" lon="-120.23934">
        <ele>169.8</ele>
      </trkpt>
      <trkpt lat="34.84066" lon="-120.23932">
        <ele>169.7</ele>
      </trkpt>
      <trkpt lat="34.84038" lon="-120.23912">
        <ele>169.9</ele>
      </trkpt>
      <trkpt lat="34.84035" lon="-120.2391">
        <ele>169.9</ele>
      </trkpt>
      <trkpt lat="34.84011" lon="-120.23893">
        <ele>169.9</ele>
      </trkpt>
      <trkpt lat="34.83983" lon="-120.23873">
        <ele>169.6</ele>
      </trkpt>
      <trkpt lat="34.83973" lon="-120.23865">
        <ele>169.4</ele>
      </trkpt>
      <trkpt lat="34.83955" lon="-120.23851">
        <ele>169.0</ele>
      </trkpt>
      <trkpt lat="34.83935" lon="-120.23836">
        <ele>168.4</ele>
      </trkpt>
      <trkpt lat="34.83921" lon="-120.23827">
        <ele>167.6</ele>
      </trkpt>
      <trkpt lat="34.83912" lon="-120.23819">
        <ele>165.9</ele>
      </trkpt>
      <trkpt lat="34.83911" lon="-120.23819">
        <ele>165.9</ele>
      </trkpt>
      <trkpt lat="34.83898" lon="-120.23812">
        <ele>163.7</ele>
      </trkpt>
      <trkpt lat="34.83895" lon="-120.23811">
        <ele>163.4</ele>
      </trkpt>
      <trkpt lat="34.83881" lon="-120.23804">
        <ele>161.8</ele>
      </trkpt>
      <trkpt lat="34.8386" lon="-120.23795">
        <ele>161.3</ele>
      </trkpt>
      <trkpt lat="34.83841" lon="-120.23787">
        <ele>161.0</ele>
      </trkpt>
      <trkpt lat="34.83828" lon="-120.2378">
        <ele>160.8</ele>
      </trkpt>
      <trkpt lat="34.83812" lon="-120.23772">
        <ele>161.6</ele>
      </trkpt>
      <trkpt lat="34.83784" lon="-120.23756">
        <ele>163.7</ele>
      </trkpt>
      <trkpt lat="34.83747" lon="-120.23733">
        <ele>166.4</ele>
      </trkpt>
      <trkpt lat="34.83733" lon="-120.23724">
        <ele>167.0</ele>
      </trkpt>
      <trkpt lat="34.83721" lon="-120.23717">
        <ele>167.5</ele>
      </trkpt>
      <trkpt lat="34.83701" lon="-120.23706">
        <ele>168.0</ele>
      </trkpt>
      <trkpt lat="34.83668" lon="-120.23688">
        <ele>168.0</ele>
      </trkpt>
      <trkpt lat="34.83655" lon="-120.23681">
        <ele>168.4</ele>
      </trkpt>
      <trkpt lat="34.83609" lon="-120.23656">
        <ele>168.6</ele>
      </trkpt>
      <trkpt lat="34.83556" lon="-120.23628">
        <ele>168.4</ele>
      </trkpt>
      <trkpt lat="34.83532" lon="-120.23615">
        <ele>168.1</ele>
      </trkpt>
      <trkpt lat="34.83523" lon="-120.2361">
        <ele>167.9</ele>
      </trkpt>
      <trkpt lat="34.83513" lon="-120.23604">
        <ele>167.7</ele>
      </trkpt>
      <trkpt lat="34.83507" lon="-120.23601">
        <ele>167.5</ele>
      </trkpt>
      <trkpt lat="34.83496" lon="-120.23596">
        <ele>167.2</ele>
      </trkpt>
      <trkpt lat="34.8349" lon="-120.23593">
        <ele>166.9</ele>
      </trkpt>
      <trkpt lat="34.83479" lon="-120.23589">
        <ele>166.6</ele>
      </trkpt>
      <trkpt lat="34.83452" lon="-120.23579">
        <ele>165.3</ele>
      </trkpt>
      <trkpt lat="34.83442" lon="-120.23575">
        <ele>165.0</ele>
      </trkpt>
      <trkpt lat="34.83421" lon="-120.23568">
        <ele>166.2</ele>
      </trkpt>
      <trkpt lat="34.83404" lon="-120.23562">
        <ele>167.2</ele>
      </trkpt>
      <trkpt lat="34.83402" lon="-120.23561">
        <ele>167.2</ele>
      </trkpt>
      <trkpt lat="34.83387" lon="-120.23556">
        <ele>167.6</ele>
      </trkpt>
      <trkpt lat="34.83352" lon="-120.23543">
        <ele>168.5</ele>
      </trkpt>
      <trkpt lat="34.83316" lon="-120.2353">
        <ele>168.9</ele>
      </trkpt>
      <trkpt lat="34.83301" lon="-120.23524">
        <ele>169.1</ele>
      </trkpt>
      <trkpt lat="34.833" lon="-120.23524">
        <ele>169.2</ele>
      </trkpt>
      <trkpt lat="34.83287" lon="-120.23519">
        <ele>169.8</ele>
      </trkpt>
      <trkpt lat="34.83283" lon="-120.23519">
        <ele>170.4</ele>
      </trkpt>
      <trkpt lat="34.83271" lon="-120.23516">
        <ele>172.5</ele>
      </trkpt>
      <trkpt lat="34.83261" lon="-120.23514">
        <ele>174.0</ele>
      </trkpt>
      <trkpt lat="34.83251" lon="-120.23513">
        <ele>174.8</ele>
      </trkpt>
      <trkpt lat="34.83236" lon="-120.23512">
        <ele>175.2</ele>
      </trkpt>
      <trkpt lat="34.83223" lon="-120.23512">
        <ele>175.3</ele>
      </trkpt>
      <trkpt lat="34.83205" lon="-120.23513">
        <ele>175.8</ele>
      </trkpt>
      <trkpt lat="34.83188" lon="-120.23513">
        <ele>174.9</ele>
      </trkpt>
      <trkpt lat="34.83176" lon="-120.2351">
        <ele>173.3</ele>
      </trkpt>
      <trkpt lat="34.8317" lon="-120.23509">
        <ele>172.9</ele>
      </trkpt>
      <trkpt lat="34.83158" lon="-120.23505">
        <ele>172.1</ele>
      </trkpt>
      <trkpt lat="34.83146" lon="-120.23501">
        <ele>172.5</ele>
      </trkpt>
      <trkpt lat="34.83141" lon="-120.23499">
        <ele>173.4</ele>
      </trkpt>
      <trkpt lat="34.83124" lon="-120.23493">
        <ele>176.1</ele>
      </trkpt>
      <trkpt lat="34.83121" lon="-120.23492">
        <ele>176.5</ele>
      </trkpt>
      <trkpt lat="34.83111" lon="-120.23488">
        <ele>177.7</ele>
      </trkpt>
      <trkpt lat="34.83106" lon="-120.23488">
        <ele>178.3</ele>
      </trkpt>
      <trkpt lat="34.83099" lon="-120.23486">
        <ele>178.9</ele>
      </trkpt>
      <trkpt lat="34.83093" lon="-120.23486">
        <ele>179.5</ele>
      </trkpt>
      <trkpt lat="34.83083" lon="-120.23485">
        <ele>180.0</ele>
      </trkpt>
      <trkpt lat="34.83073" lon="-120.23486">
        <ele>180.5</ele>
      </trkpt>
      <trkpt lat="34.83063" lon="-120.23488">
        <ele>181.0</ele>
      </trkpt>
      <trkpt lat="34.83049" lon="-120.23491">
        <ele>181.4</ele>
      </trkpt>
      <trkpt lat="34.83005" lon="-120.23505">
        <ele>183.1</ele>
      </trkpt>
      <trkpt lat="34.83001" lon="-120.23506">
        <ele>183.4</ele>
      </trkpt>
      <trkpt lat="34.8299" lon="-120.23509">
        <ele>184.9</ele>
      </trkpt>
      <trkpt lat="34.82984" lon="-120.23509">
        <ele>185.5</ele>
      </trkpt>
      <trkpt lat="34.82983" lon="-120.23509">
        <ele>185.6</ele>
      </trkpt>
      <trkpt lat="34.82978" lon="-120.23509">
        <ele>186.0</ele>
      </trkpt>
      <trkpt lat="34.82973" lon="-120.23509">
        <ele>186.3</ele>
      </trkpt>
      <trkpt lat="34.82968" lon="-120.23508">
        <ele>186.4</ele>
      </trkpt>
      <trkpt lat="34.82965" lon="-120.23507">
        <ele>186.4</ele>
      </trkpt>
      <trkpt lat="34.8296" lon="-120.23505">
        <ele>186.3</ele>
      </trkpt>
      <trkpt lat="34.82953" lon="-120.23503">
        <ele>186.2</ele>
      </trkpt>
      <trkpt lat="34.82948" lon="-120.235">
        <ele>186.0</ele>
      </trkpt>
      <trkpt lat="34.82923" lon="-120.23488">
        <ele>184.8</ele>
      </trkpt>
      <trkpt lat="34.82873" lon="-120.23462">
        <ele>184.3</ele>
      </trkpt>
      <trkpt lat="34.82815" lon="-120.23433">
        <ele>185.4</ele>
      </trkpt>
      <trkpt lat="34.82799" lon="-120.23424">
        <ele>185.8</ele>
      </trkpt>
      <trkpt lat="34.82716" lon="-120.2338">
        <ele>184.3</ele>
      </trkpt>
      <trkpt lat="34.82703" lon="-120.23374">
        <ele>184.3</ele>
      </trkpt>
      <trkpt lat="34.82688" lon="-120.23366">
        <ele>184.2</ele>
      </trkpt>
      <trkpt lat="34.82665" lon="-120.23355">
        <ele>184.2</ele>
      </trkpt>
      <trkpt lat="34.82653" lon="-120.23348">
        <ele>184.1</ele>
      </trkpt>
      <trkpt lat="34.8263" lon="-120.23337">
        <ele>184.2</ele>
      </trkpt>
      <trkpt lat="34.8258" lon="-120.23312">
        <ele>184.8</ele>
      </trkpt>
      <trkpt lat="34.82564" lon="-120.23303">
        <ele>185.1</ele>
      </trkpt>
      <trkpt lat="34.82551" lon="-120.23297">
        <ele>185.5</ele>
      </trkpt>
      <trkpt lat="34.82492" lon="-120.23267">
        <ele>187.1</ele>
      </trkpt>
      <trkpt lat="34.82477" lon="-120.23259">
        <ele>187.2</ele>
      </trkpt>
      <trkpt lat="34.82466" lon="-120.23254">
        <ele>187.3</ele>
      </trkpt>
      <trkpt lat="34.82464" lon="-120.23253">
        <ele>187.3</ele>
      </trkpt>
      <trkpt lat="34.82461" lon="-120.23252">
        <ele>187.3</ele>
      </trkpt>
      <trkpt lat="34.82459" lon="-120.23251">
        <ele>187.3</ele>
      </trkpt>
      <trkpt lat="34.82454" lon="-120.23249">
        <ele>187.3</ele>
      </trkpt>
      <trkpt lat="34.82448" lon="-120.23247">
        <ele>187.3</ele>
      </trkpt>
      <trkpt lat="34.82442" lon="-120.23246">
        <ele>187.4</ele>
      </trkpt>
      <trkpt lat="34.82431" lon="-120.23243">
        <ele>187.6</ele>
      </trkpt>
      <trkpt lat="34.82426" lon="-120.23243">
        <ele>187.9</ele>
      </trkpt>
      <trkpt lat="34.82414" lon="-120.23242">
        <ele>188.6</ele>
      </trkpt>
      <trkpt lat="34.82413" lon="-120.23242">
        <ele>188.6</ele>
      </trkpt>
      <trkpt lat="34.82408" lon="-120.23242">
        <ele>189.0</ele>
      </trkpt>
      <trkpt lat="34.82395" lon="-120.23241">
        <ele>190.1</ele>
      </trkpt>
      <trkpt lat="34.82377" lon="-120.2324">
        <ele>191.8</ele>
      </trkpt>
      <trkpt lat="34.8236" lon="-120.23239">
        <ele>193.2</ele>
      </trkpt>
      <trkpt lat="34.82342" lon="-120.23238">
        <ele>194.0</ele>
      </trkpt>
      <trkpt lat="34.82333" lon="-120.23237">
        <ele>194.2</ele>
      </trkpt>
      <trkpt lat="34.82325" lon="-120.23235">
        <ele>194.1</ele>
      </trkpt>
      <trkpt lat="34.82318" lon="-120.23234">
        <ele>193.9</ele>
      </trkpt>
      <trkpt lat="34.82309" lon="-120.2323">
        <ele>193.6</ele>
      </trkpt>
      <trkpt lat="34.82295" lon="-120.23223">
        <ele>193.5</ele>
      </trkpt>
      <trkpt lat="34.82278" lon="-120.23214">
        <ele>193.5</ele>
      </trkpt>
      <trkpt lat="34.82274" lon="-120.23211">
        <ele>193.4</ele>
      </trkpt>
      <trkpt lat="34.82259" lon="-120.23203">
        <ele>193.4</ele>
      </trkpt>
      <trkpt lat="34.82244" lon="-120.23195">
        <ele>193.6</ele>
      </trkpt>
      <trkpt lat="34.82231" lon="-120.23186">
        <ele>193.7</ele>
      </trkpt>
      <trkpt lat="34.82218" lon="-120.23179">
        <ele>194.0</ele>
      </trkpt>
      <trkpt lat="34.82206" lon="-120.23172">
        <ele>194.3</ele>
      </trkpt>
      <trkpt lat="34.82196" lon="-120.23165">
        <ele>194.5</ele>
      </trkpt>
      <trkpt lat="34.82187" lon="-120.23161">
        <ele>195.5</ele>
      </trkpt>
      <trkpt lat="34.82181" lon="-120.23157">
        <ele>196.6</ele>
      </trkpt>
      <trkpt lat="34.82176" lon="-120.23155">
        <ele>197.2</ele>
      </trkpt>
      <trkpt lat="34.82175" lon="-120.23154">
        <ele>197.3</ele>
      </trkpt>
      <trkpt lat="34.82169" lon="-120.23151">
        <ele>197.7</ele>
      </trkpt>
      <trkpt lat="34.82165" lon="-120.2315">
        <ele>198.0</ele>
      </trkpt>
      <trkpt lat="34.82161" lon="-120.23149">
        <ele>198.2</ele>
      </trkpt>
      <trkpt lat="34.82154" lon="-120.23148">
        <ele>198.5</ele>
      </trkpt>
      <trkpt lat="34.82148" lon="-120.23147">
        <ele>198.7</ele>
      </trkpt>
      <trkpt lat="34.82119" lon="-120.23147">
        <ele>200.5</ele>
      </trkpt>
      <trkpt lat="34.82103" lon="-120.23145">
        <ele>201.2</ele>
      </trkpt>
      <trkpt lat="34.82088" lon="-120.23143">
        <ele>202.7</ele>
      </trkpt>
      <trkpt lat="34.82087" lon="-120.23143">
        <ele>202.8</ele>
      </trkpt>
      <trkpt lat="34.82082" lon="-120.23141">
        <ele>203.1</ele>
      </trkpt>
      <trkpt lat="34.82044" lon="-120.23132">
        <ele>205.2</ele>
      </trkpt>
      <trkpt lat="34.82022" lon="-120.23126">
        <ele>205.7</ele>
      </trkpt>
      <trkpt lat="34.82003" lon="-120.23119">
        <ele>205.6</ele>
      </trkpt>
      <trkpt lat="34.82" lon="-120.23118">
        <ele>205.6</ele>
      </trkpt>
      <trkpt lat="34.81997" lon="-120.23117">
        <ele>205.7</ele>
      </trkpt>
      <trkpt lat="34.81988" lon="-120.23113">
        <ele>205.8</ele>
      </trkpt>
      <trkpt lat="34.81978" lon="-120.23106">
        <ele>206.0</ele>
      </trkpt>
      <trkpt lat="34.81972" lon="-120.23101">
        <ele>206.0</ele>
      </trkpt>
      <trkpt lat="34.81948" lon="-120.23082">
        <ele>206.3</ele>
      </trkpt>
      <trkpt lat="34.81928" lon="-120.23065">
        <ele>206.4</ele>
      </trkpt>
      <trkpt lat="34.81917" lon="-120.23056">
        <ele>206.5</ele>
      </trkpt>
      <trkpt lat="34.81903" lon="-120.23043">
        <ele>207.1</ele>
      </trkpt>
      <trkpt lat="34.8189" lon="-120.2303">
        <ele>208.3</ele>
      </trkpt>
      <trkpt lat="34.81889" lon="-120.23029">
        <ele>208.4</ele>
      </trkpt>
      <trkpt lat="34.81882" lon="-120.23019">
        <ele>208.6</ele>
      </trkpt>
      <trkpt lat="34.81878" lon="-120.23014">
        <ele>208.6</ele>
      </trkpt>
      <trkpt lat="34.81872" lon="-120.23006">
        <ele>208.6</ele>
      </trkpt>
      <trkpt lat="34.81853" lon="-120.22982">
        <ele>208.7</ele>
      </trkpt>
      <trkpt lat="34.81847" lon="-120.22974">
        <ele>208.8</ele>
      </trkpt>
      <trkpt lat="34.81838" lon="-120.22962">
        <ele>208.8</ele>
      </trkpt>
      <trkpt lat="34.81825" lon="-120.22945">
        <ele>208.7</ele>
      </trkpt>
      <trkpt lat="34.8181" lon="-120.22926">
        <ele>206.9</ele>
      </trkpt>
      <trkpt lat="34.81804" lon="-120.22918">
        <ele>206.4</ele>
      </trkpt>
      <trkpt lat="34.81801" lon="-120.22914">
        <ele>206.2</ele>
      </trkpt>
      <trkpt lat="34.81792" lon="-120.22902">
        <ele>205.6</ele>
      </trkpt>
      <trkpt lat="34.81781" lon="-120.22888">
        <ele>205.2</ele>
      </trkpt>
      <trkpt lat="34.81779" lon="-120.22886">
        <ele>205.1</ele>
      </trkpt>
      <trkpt lat="34.81775" lon="-120.22881">
        <ele>205.1</ele>
      </trkpt>
      <trkpt lat="34.81767" lon="-120.22871">
        <ele>204.9</ele>
      </trkpt>
      <trkpt lat="34.81766" lon="-120.22869">
        <ele>204.7</ele>
      </trkpt>
      <trkpt lat="34.81761" lon="-120.22863">
        <ele>204.3</ele>
      </trkpt>
      <trkpt lat="34.81756" lon="-120.22859">
        <ele>204.1</ele>
      </trkpt>
      <trkpt lat="34.81746" lon="-120.22849">
        <ele>203.3</ele>
      </trkpt>
      <trkpt lat="34.81731" lon="-120.22836">
        <ele>202.2</ele>
      </trkpt>
      <trkpt lat="34.81725" lon="-120.2283">
        <ele>201.6</ele>
      </trkpt>
      <trkpt lat="34.8171" lon="-120.22816">
        <ele>200.7</ele>
      </trkpt>
      <trkpt lat="34.81707" lon="-120.22814">
        <ele>200.8</ele>
      </trkpt>
      <trkpt lat="34.81702" lon="-120.22808">
        <ele>200.4</ele>
      </trkpt>
      <trkpt lat="34.81697" lon="-120.22801">
        <ele>199.9</ele>
      </trkpt>
      <trkpt lat="34.81691" lon="-120.22792">
        <ele>199.5</ele>
      </trkpt>
      <trkpt lat="34.81689" lon="-120.22787">
        <ele>199.2</ele>
      </trkpt>
      <trkpt lat="34.81687" lon="-120.22783">
        <ele>199.4</ele>
      </trkpt>
      <trkpt lat="34.81686" lon="-120.2278">
        <ele>199.4</ele>
      </trkpt>
      <trkpt lat="34.81681" lon="-120.22767">
        <ele>199.9</ele>
      </trkpt>
      <trkpt lat="34.81678" lon="-120.22756">
        <ele>200.2</ele>
      </trkpt>
      <trkpt lat="34.81671" lon="-120.22731">
        <ele>201.2</ele>
      </trkpt>
      <trkpt lat="34.81665" lon="-120.22707">
        <ele>202.1</ele>
      </trkpt>
      <trkpt lat="34.81663" lon="-120.22701">
        <ele>202.4</ele>
      </trkpt>
      <trkpt lat="34.81647" lon="-120.22641">
        <ele>203.1</ele>
      </trkpt>
      <trkpt lat="34.81635" lon="-120.22597">
        <ele>200.0</ele>
      </trkpt>
      <trkpt lat="34.81618" lon="-120.22535">
        <ele>197.7</ele>
      </trkpt>
      <trkpt lat="34.8159" lon="-120.2244">
        <ele>205.7</ele>
      </trkpt>
      <trkpt lat="34.81588" lon="-120.22431">
        <ele>206.1</ele>
      </trkpt>
      <trkpt lat="34.81561" lon="-120.22343">
        <ele>208.5</ele>
      </trkpt>
      <trkpt lat="34.81557" lon="-120.22328">
        <ele>209.6</ele>
      </trkpt>
      <trkpt lat="34.81532" lon="-120.22248">
        <ele>210.3</ele>
      </trkpt>
      <trkpt lat="34.81519" lon="-120.22205">
        <ele>210.6</ele>
      </trkpt>
      <trkpt lat="34.81513" lon="-120.22185">
        <ele>211.2</ele>
      </trkpt>
      <trkpt lat="34.81509" lon="-120.22174">
        <ele>211.5</ele>
      </trkpt>
      <trkpt lat="34.81491" lon="-120.22116">
        <ele>215.6</ele>
      </trkpt>
      <trkpt lat="34.81481" lon="-120.2208">
        <ele>216.6</ele>
      </trkpt>
      <trkpt lat="34.81474" lon="-120.22057">
        <ele>215.8</ele>
      </trkpt>
      <trkpt lat="34.81472" lon="-120.22047">
        <ele>215.2</ele>
      </trkpt>
      <trkpt lat="34.81471" lon="-120.22043">
        <ele>214.9</ele>
      </trkpt>
      <trkpt lat="34.81471" lon="-120.2204">
        <ele>214.7</ele>
      </trkpt>
      <trkpt lat="34.81471" lon="-120.22033">
        <ele>214.2</ele>
      </trkpt>
      <trkpt lat="34.81471" lon="-120.22028">
        <ele>213.9</ele>
      </trkpt>
      <trkpt lat="34.81472" lon="-120.22024">
        <ele>213.6</ele>
      </trkpt>
      <trkpt lat="34.81473" lon="-120.22021">
        <ele>213.4</ele>
      </trkpt>
      <trkpt lat="34.81474" lon="-120.22019">
        <ele>213.5</ele>
      </trkpt>
      <trkpt lat="34.81475" lon="-120.22015">
        <ele>213.3</ele>
      </trkpt>
      <trkpt lat="34.81481" lon="-120.22003">
        <ele>213.8</ele>
      </trkpt>
      <trkpt lat="34.81483" lon="-120.22">
        <ele>214.2</ele>
      </trkpt>
      <trkpt lat="34.81493" lon="-120.21981">
        <ele>215.2</ele>
      </trkpt>
      <trkpt lat="34.81495" lon="-120.21978">
        <ele>215.4</ele>
      </trkpt>
      <trkpt lat="34.81512" lon="-120.21947">
        <ele>216.3</ele>
      </trkpt>
      <trkpt lat="34.81528" lon="-120.2192">
        <ele>216.1</ele>
      </trkpt>
      <trkpt lat="34.81535" lon="-120.21907">
        <ele>215.9</ele>
      </trkpt>
      <trkpt lat="34.81542" lon="-120.2189">
        <ele>216.0</ele>
      </trkpt>
      <trkpt lat="34.81545" lon="-120.21885">
        <ele>216.5</ele>
      </trkpt>
      <trkpt lat="34.81547" lon="-120.21879">
        <ele>216.8</ele>
      </trkpt>
      <trkpt lat="34.81548" lon="-120.21874">
        <ele>217.1</ele>
      </trkpt>
      <trkpt lat="34.81549" lon="-120.21871">
        <ele>217.3</ele>
      </trkpt>
      <trkpt lat="34.81549" lon="-120.2187">
        <ele>217.3</ele>
      </trkpt>
      <trkpt lat="34.81549" lon="-120.21869">
        <ele>217.4</ele>
      </trkpt>
      <trkpt lat="34.81549" lon="-120.21866">
        <ele>217.5</ele>
      </trkpt>
      <trkpt lat="34.81549" lon="-120.21862">
        <ele>217.6</ele>
      </trkpt>
      <trkpt lat="34.81549" lon="-120.21858">
        <ele>217.7</ele>
      </trkpt>
      <trkpt lat="34.81549" lon="-120.21852">
        <ele>217.9</ele>
      </trkpt>
      <trkpt lat="34.81547" lon="-120.21845">
        <ele>217.8</ele>
      </trkpt>
      <trkpt lat="34.81546" lon="-120.21837">
        <ele>218.0</ele>
      </trkpt>
      <trkpt lat="34.81543" lon="-120.21828">
        <ele>217.8</ele>
      </trkpt>
      <trkpt lat="34.81531" lon="-120.21784">
        <ele>217.7</ele>
      </trkpt>
      <trkpt lat="34.81525" lon="-120.21765">
        <ele>217.7</ele>
      </trkpt>
      <trkpt lat="34.81522" lon="-120.21757">
        <ele>217.6</ele>
      </trkpt>
      <trkpt lat="34.81521" lon="-120.21752">
        <ele>217.7</ele>
      </trkpt>
      <trkpt lat="34.81518" lon="-120.21747">
        <ele>217.4</ele>
      </trkpt>
      <trkpt lat="34.81516" lon="-120.21742">
        <ele>217.3</ele>
      </trkpt>
      <trkpt lat="34.81511" lon="-120.21733">
        <ele>216.9</ele>
      </trkpt>
      <trkpt lat="34.81507" lon="-120.21727">
        <ele>216.5</ele>
      </trkpt>
      <trkpt lat="34.81503" lon="-120.21722">
        <ele>216.1</ele>
      </trkpt>
      <trkpt lat="34.81494" lon="-120.21714">
        <ele>214.8</ele>
      </trkpt>
      <trkpt lat="34.81482" lon="-120.21702">
        <ele>213.9</ele>
      </trkpt>
      <trkpt lat="34.81465" lon="-120.21686">
        <ele>214.3</ele>
      </trkpt>
      <trkpt lat="34.81423" lon="-120.21645">
        <ele>215.0</ele>
      </trkpt>
      <trkpt lat="34.81418" lon="-120.21641">
        <ele>215.1</ele>
      </trkpt>
      <trkpt lat="34.81398" lon="-120.21622">
        <ele>215.5</ele>
      </trkpt>
      <trkpt lat="34.81386" lon="-120.21611">
        <ele>215.7</ele>
      </trkpt>
      <trkpt lat="34.81383" lon="-120.21607">
        <ele>215.7</ele>
      </trkpt>
      <trkpt lat="34.81378" lon="-120.21601">
        <ele>215.8</ele>
      </trkpt>
      <trkpt lat="34.81369" lon="-120.2159">
        <ele>216.6</ele>
      </trkpt>
      <trkpt lat="34.81354" lon="-120.21571">
        <ele>219.9</ele>
      </trkpt>
      <trkpt lat="34.81341" lon="-120.21554">
        <ele>220.3</ele>
      </trkpt>
      <trkpt lat="34.81321" lon="-120.21528">
        <ele>220.9</ele>
      </trkpt>
      <trkpt lat="34.81318" lon="-120.21525">
        <ele>221.0</ele>
      </trkpt>
      <trkpt lat="34.81306" lon="-120.21509">
        <ele>221.4</ele>
      </trkpt>
      <trkpt lat="34.81285" lon="-120.21482">
        <ele>220.9</ele>
      </trkpt>
      <trkpt lat="34.81272" lon="-120.21463">
        <ele>220.4</ele>
      </trkpt>
      <trkpt lat="34.81269" lon="-120.21459">
        <ele>220.2</ele>
      </trkpt>
      <trkpt lat="34.81266" lon="-120.21452">
        <ele>219.5</ele>
      </trkpt>
      <trkpt lat="34.81263" lon="-120.21447">
        <ele>219.8</ele>
      </trkpt>
      <trkpt lat="34.81261" lon="-120.21442">
        <ele>220.0</ele>
      </trkpt>
      <trkpt lat="34.81254" lon="-120.21423">
        <ele>220.3</ele>
      </trkpt>
      <trkpt lat="34.81253" lon="-120.21422">
        <ele>220.7</ele>
      </trkpt>
      <trkpt lat="34.81249" lon="-120.21409">
        <ele>222.1</ele>
      </trkpt>
      <trkpt lat="34.81248" lon="-120.21402">
        <ele>222.4</ele>
      </trkpt>
      <trkpt lat="34.81247" lon="-120.21396">
        <ele>222.8</ele>
      </trkpt>
      <trkpt lat="34.81246" lon="-120.2139">
        <ele>223.2</ele>
      </trkpt>
      <trkpt lat="34.81246" lon="-120.21385">
        <ele>223.3</ele>
      </trkpt>
      <trkpt lat="34.81246" lon="-120.21369">
        <ele>223.7</ele>
      </trkpt>
      <trkpt lat="34.81247" lon="-120.21359">
        <ele>224.1</ele>
      </trkpt>
      <trkpt lat="34.81247" lon="-120.21357">
        <ele>224.3</ele>
      </trkpt>
      <trkpt lat="34.81247" lon="-120.21351">
        <ele>224.6</ele>
      </trkpt>
      <trkpt lat="34.81246" lon="-120.21345">
        <ele>224.8</ele>
      </trkpt>
      <trkpt lat="34.81246" lon="-120.21342">
        <ele>224.7</ele>
      </trkpt>
      <trkpt lat="34.81245" lon="-120.21336">
        <ele>224.6</ele>
      </trkpt>
      <trkpt lat="34.81245" lon="-120.21335">
        <ele>224.5</ele>
      </trkpt>
      <trkpt lat="34.81244" lon="-120.21331">
        <ele>224.3</ele>
      </trkpt>
      <trkpt lat="34.81242" lon="-120.21326">
        <ele>224.1</ele>
      </trkpt>
      <trkpt lat="34.81241" lon="-120.21322">
        <ele>223.8</ele>
      </trkpt>
      <trkpt lat="34.81238" lon="-120.21317">
        <ele>223.6</ele>
      </trkpt>
      <trkpt lat="34.81237" lon="-120.21316">
        <ele>223.7</ele>
      </trkpt>
      <trkpt lat="34.81236" lon="-120.21313">
        <ele>223.4</ele>
      </trkpt>
      <trkpt lat="34.81229" lon="-120.21303">
        <ele>223.1</ele>
      </trkpt>
      <trkpt lat="34.81219" lon="-120.21289">
        <ele>222.7</ele>
      </trkpt>
      <trkpt lat="34.81211" lon="-120.21277">
        <ele>221.9</ele>
      </trkpt>
      <trkpt lat="34.81202" lon="-120.21266">
        <ele>221.3</ele>
      </trkpt>
      <trkpt lat="34.81192" lon="-120.21251">
        <ele>220.7</ele>
      </trkpt>
      <trkpt lat="34.8119" lon="-120.21249">
        <ele>220.7</ele>
      </trkpt>
      <trkpt lat="34.81182" lon="-120.21238">
        <ele>220.5</ele>
      </trkpt>
      <trkpt lat="34.81178" lon="-120.21234">
        <ele>220.5</ele>
      </trkpt>
      <trkpt lat="34.81174" lon="-120.21228">
        <ele>220.4</ele>
      </trkpt>
      <trkpt lat="34.81167" lon="-120.21221">
        <ele>220.4</ele>
      </trkpt>
      <trkpt lat="34.81163" lon="-120.21217">
        <ele>220.6</ele>
      </trkpt>
      <trkpt lat="34.81159" lon="-120.21214">
        <ele>220.6</ele>
      </trkpt>
      <trkpt lat="34.81153" lon="-120.21207">
        <ele>220.7</ele>
      </trkpt>
      <trkpt lat="34.81146" lon="-120.212">
        <ele>220.8</ele>
      </trkpt>
      <trkpt lat="34.81144" lon="-120.21198">
        <ele>220.9</ele>
      </trkpt>
      <trkpt lat="34.8114" lon="-120.21192">
        <ele>220.7</ele>
      </trkpt>
      <trkpt lat="34.81136" lon="-120.21188">
        <ele>221.0</ele>
      </trkpt>
      <trkpt lat="34.81134" lon="-120.21184">
        <ele>220.9</ele>
      </trkpt>
      <trkpt lat="34.81128" lon="-120.21175">
        <ele>221.0</ele>
      </trkpt>
      <trkpt lat="34.81123" lon="-120.21166">
        <ele>221.5</ele>
      </trkpt>
      <trkpt lat="34.81122" lon="-120.21164">
        <ele>221.6</ele>
      </trkpt>
      <trkpt lat="34.81118" lon="-120.21156">
        <ele>222.2</ele>
      </trkpt>
      <trkpt lat="34.81113" lon="-120.21145">
        <ele>223.2</ele>
      </trkpt>
      <trkpt lat="34.81101" lon="-120.21117">
        <ele>220.7</ele>
      </trkpt>
      <trkpt lat="34.81095" lon="-120.21103">
        <ele>220.6</ele>
      </trkpt>
      <trkpt lat="34.8109" lon="-120.21093">
        <ele>221.7</ele>
      </trkpt>
      <trkpt lat="34.81086" lon="-120.21087">
        <ele>222.5</ele>
      </trkpt>
      <trkpt lat="34.81083" lon="-120.21083">
        <ele>223.2</ele>
      </trkpt>
      <trkpt lat="34.81078" lon="-120.21078">
        <ele>224.4</ele>
      </trkpt>
      <trkpt lat="34.81062" lon="-120.21065">
        <ele>228.0</ele>
      </trkpt>
      <trkpt lat="34.81039" lon="-120.21048">
        <ele>230.9</ele>
      </trkpt>
      <trkpt lat="34.8103" lon="-120.2104">
        <ele>231.7</ele>
      </trkpt>
      <trkpt lat="34.81007" lon="-120.21023">
        <ele>232.7</ele>
      </trkpt>
      <trkpt lat="34.80994" lon="-120.21012">
        <ele>233.4</ele>
      </trkpt>
      <trkpt lat="34.8099" lon="-120.21009">
        <ele>233.1</ele>
      </trkpt>
      <trkpt lat="34.80969" lon="-120.20994">
        <ele>233.6</ele>
      </trkpt>
      <trkpt lat="34.80945" lon="-120.20977">
        <ele>233.8</ele>
      </trkpt>
      <trkpt lat="34.8093" lon="-120.20967">
        <ele>236.8</ele>
      </trkpt>
      <trkpt lat="34.80908" lon="-120.20951">
        <ele>237.8</ele>
      </trkpt>
      <trkpt lat="34.8089" lon="-120.20938">
        <ele>237.6</ele>
      </trkpt>
      <trkpt lat="34.80871" lon="-120.20923">
        <ele>237.4</ele>
      </trkpt>
      <trkpt lat="34.80849" lon="-120.20907">
        <ele>237.0</ele>
      </trkpt>
      <trkpt lat="34.80836" lon="-120.20897">
        <ele>237.0</ele>
      </trkpt>
      <trkpt lat="34.80824" lon="-120.20889">
        <ele>236.9</ele>
      </trkpt>
      <trkpt lat="34.80819" lon="-120.20886">
        <ele>236.9</ele>
      </trkpt>
      <trkpt lat="34.80808" lon="-120.20878">
        <ele>237.5</ele>
      </trkpt>
      <trkpt lat="34.80793" lon="-120.2087">
        <ele>238.4</ele>
      </trkpt>
      <trkpt lat="34.8079" lon="-120.20868">
        <ele>238.7</ele>
      </trkpt>
      <trkpt lat="34.80782" lon="-120.20863">
        <ele>239.5</ele>
      </trkpt>
      <trkpt lat="34.80776" lon="-120.20858">
        <ele>240.2</ele>
      </trkpt>
      <trkpt lat="34.80769" lon="-120.20852">
        <ele>240.9</ele>
      </trkpt>
      <trkpt lat="34.80763" lon="-120.20844">
        <ele>241.5</ele>
      </trkpt>
      <trkpt lat="34.80757" lon="-120.20836">
        <ele>242.0</ele>
      </trkpt>
      <trkpt lat="34.80748" lon="-120.20819">
        <ele>242.7</ele>
      </trkpt>
      <trkpt lat="34.80742" lon="-120.20808">
        <ele>242.9</ele>
      </trkpt>
      <trkpt lat="34.80733" lon="-120.20789">
        <ele>243.1</ele>
      </trkpt>
      <trkpt lat="34.80724" lon="-120.20772">
        <ele>243.2</ele>
      </trkpt>
      <trkpt lat="34.80715" lon="-120.20751">
        <ele>243.7</ele>
      </trkpt>
      <trkpt lat="34.8071" lon="-120.20741">
        <ele>243.8</ele>
      </trkpt>
      <trkpt lat="34.80706" lon="-120.20732">
        <ele>243.8</ele>
      </trkpt>
      <trkpt lat="34.80698" lon="-120.20713">
        <ele>243.7</ele>
      </trkpt>
      <trkpt lat="34.80687" lon="-120.2069">
        <ele>243.7</ele>
      </trkpt>
      <trkpt lat="34.80677" lon="-120.20665">
        <ele>244.1</ele>
      </trkpt>
      <trkpt lat="34.80674" lon="-120.20654">
        <ele>244.2</ele>
      </trkpt>
      <trkpt lat="34.80667" lon="-120.20634">
        <ele>244.4</ele>
      </trkpt>
      <trkpt lat="34.80665" lon="-120.20628">
        <ele>244.4</ele>
      </trkpt>
      <trkpt lat="34.80661" lon="-120.20619">
        <ele>244.5</ele>
      </trkpt>
      <trkpt lat="34.80659" lon="-120.20614">
        <ele>244.5</ele>
      </trkpt>
      <trkpt lat="34.80649" lon="-120.20591">
        <ele>244.2</ele>
      </trkpt>
      <trkpt lat="34.8064" lon="-120.2057">
        <ele>244.2</ele>
      </trkpt>
      <trkpt lat="34.80624" lon="-120.20536">
        <ele>244.2</ele>
      </trkpt>
      <trkpt lat="34.80615" lon="-120.20518">
        <ele>244.6</ele>
      </trkpt>
      <trkpt lat="34.80611" lon="-120.20511">
        <ele>244.5</ele>
      </trkpt>
      <trkpt lat="34.80606" lon="-120.205">
        <ele>244.8</ele>
      </trkpt>
      <trkpt lat="34.80598" lon="-120.2048">
        <ele>247.2</ele>
      </trkpt>
      <trkpt lat="34.80571" lon="-120.20423">
        <ele>250.5</ele>
      </trkpt>
      <trkpt lat="34.80563" lon="-120.20404">
        <ele>250.6</ele>
      </trkpt>
      <trkpt lat="34.80538" lon="-120.2035">
        <ele>250.7</ele>
      </trkpt>
      <trkpt lat="34.80527" lon="-120.20327">
        <ele>251.1</ele>
      </trkpt>
      <trkpt lat="34.80517" lon="-120.20305">
        <ele>251.7</ele>
      </trkpt>
      <trkpt lat="34.80493" lon="-120.20251">
        <ele>253.7</ele>
      </trkpt>
      <trkpt lat="34.80493" lon="-120.2025">
        <ele>253.8</ele>
      </trkpt>
      <trkpt lat="34.80486" lon="-120.2023">
        <ele>254.3</ele>
      </trkpt>
      <trkpt lat="34.80478" lon="-120.20211">
        <ele>254.6</ele>
      </trkpt>
      <trkpt lat="34.80478" lon="-120.2021">
        <ele>254.7</ele>
      </trkpt>
      <trkpt lat="34.80442" lon="-120.2011">
        <ele>255.4</ele>
      </trkpt>
      <trkpt lat="34.80408" lon="-120.20017">
        <ele>255.1</ele>
      </trkpt>
      <trkpt lat="34.80384" lon="-120.1995">
        <ele>256.7</ele>
      </trkpt>
      <trkpt lat="34.80377" lon="-120.19931">
        <ele>256.7</ele>
      </trkpt>
      <trkpt lat="34.80367" lon="-120.19909">
        <ele>258.0</ele>
      </trkpt>
      <trkpt lat="34.80358" lon="-120.19896">
        <ele>259.2</ele>
      </trkpt>
      <trkpt lat="34.80304" lon="-120.19823">
        <ele>260.1</ele>
      </trkpt>
      <trkpt lat="34.80297" lon="-120.19814">
        <ele>260.2</ele>
      </trkpt>
      <trkpt lat="34.80286" lon="-120.19796">
        <ele>260.7</ele>
      </trkpt>
      <trkpt lat="34.80266" lon="-120.19758">
        <ele>261.0</ele>
      </trkpt>
      <trkpt lat="34.80256" lon="-120.1974">
        <ele>261.1</ele>
      </trkpt>
      <trkpt lat="34.80217" lon="-120.19667">
        <ele>262.8</ele>
      </trkpt>
      <trkpt lat="34.80207" lon="-120.19648">
        <ele>263.3</ele>
      </trkpt>
      <trkpt lat="34.80187" lon="-120.19612">
        <ele>264.0</ele>
      </trkpt>
      <trkpt lat="34.80179" lon="-120.19596">
        <ele>264.1</ele>
      </trkpt>
      <trkpt lat="34.80138" lon="-120.1952">
        <ele>265.1</ele>
      </trkpt>
      <trkpt lat="34.80126" lon="-120.19496">
        <ele>266.0</ele>
      </trkpt>
      <trkpt lat="34.80099" lon="-120.19447">
        <ele>268.5</ele>
      </trkpt>
      <trkpt lat="34.8009" lon="-120.19427">
        <ele>268.8</ele>
      </trkpt>
      <trkpt lat="34.80081" lon="-120.19408">
        <ele>269.0</ele>
      </trkpt>
      <trkpt lat="34.80075" lon="-120.19395">
        <ele>269.1</ele>
      </trkpt>
      <trkpt lat="34.80067" lon="-120.19379">
        <ele>269.7</ele>
      </trkpt>
      <trkpt lat="34.80059" lon="-120.19357">
        <ele>270.9</ele>
      </trkpt>
      <trkpt lat="34.80051" lon="-120.19332">
        <ele>271.5</ele>
      </trkpt>
      <trkpt lat="34.8005" lon="-120.19329">
        <ele>271.6</ele>
      </trkpt>
      <trkpt lat="34.80044" lon="-120.19309">
        <ele>271.8</ele>
      </trkpt>
      <trkpt lat="34.80041" lon="-120.19297">
        <ele>271.8</ele>
      </trkpt>
      <trkpt lat="34.80038" lon="-120.19288">
        <ele>271.7</ele>
      </trkpt>
      <trkpt lat="34.80033" lon="-120.19267">
        <ele>271.5</ele>
      </trkpt>
      <trkpt lat="34.80012" lon="-120.19183">
        <ele>271.9</ele>
      </trkpt>
      <trkpt lat="34.80001" lon="-120.19142">
        <ele>271.8</ele>
      </trkpt>
      <trkpt lat="34.8" lon="-120.19138">
        <ele>271.8</ele>
      </trkpt>
      <trkpt lat="34.79985" lon="-120.19079">
        <ele>271.8</ele>
      </trkpt>
      <trkpt lat="34.7998" lon="-120.19058">
        <ele>271.8</ele>
      </trkpt>
      <trkpt lat="34.79974" lon="-120.19037">
        <ele>271.7</ele>
      </trkpt>
      <trkpt lat="34.79954" lon="-120.18956">
        <ele>276.7</ele>
      </trkpt>
      <trkpt lat="34.79953" lon="-120.18953">
        <ele>276.9</ele>
      </trkpt>
      <trkpt lat="34.79948" lon="-120.1894">
        <ele>277.6</ele>
      </trkpt>
      <trkpt lat="34.79945" lon="-120.18934">
        <ele>277.6</ele>
      </trkpt>
      <trkpt lat="34.79943" lon="-120.18928">
        <ele>277.7</ele>
      </trkpt>
      <trkpt lat="34.79935" lon="-120.18916">
        <ele>276.9</ele>
      </trkpt>
      <trkpt lat="34.79927" lon="-120.18903">
        <ele>275.8</ele>
      </trkpt>
      <trkpt lat="34.79915" lon="-120.1889">
        <ele>273.5</ele>
      </trkpt>
      <trkpt lat="34.79909" lon="-120.18885">
        <ele>272.2</ele>
      </trkpt>
      <trkpt lat="34.7989" lon="-120.1887">
        <ele>271.2</ele>
      </trkpt>
      <trkpt lat="34.79868" lon="-120.18856">
        <ele>271.7</ele>
      </trkpt>
      <trkpt lat="34.79818" lon="-120.18825">
        <ele>274.1</ele>
      </trkpt>
      <trkpt lat="34.79802" lon="-120.18809">
        <ele>275.0</ele>
      </trkpt>
      <trkpt lat="34.79792" lon="-120.18795">
        <ele>275.3</ele>
      </trkpt>
      <trkpt lat="34.79786" lon="-120.18786">
        <ele>275.3</ele>
      </trkpt>
      <trkpt lat="34.79776" lon="-120.18768">
        <ele>275.8</ele>
      </trkpt>
      <trkpt lat="34.79762" lon="-120.18739">
        <ele>276.9</ele>
      </trkpt>
      <trkpt lat="34.79752" lon="-120.18711">
        <ele>278.5</ele>
      </trkpt>
      <trkpt lat="34.79738" lon="-120.18668">
        <ele>279.5</ele>
      </trkpt>
      <trkpt lat="34.79736" lon="-120.18661">
        <ele>279.6</ele>
      </trkpt>
      <trkpt lat="34.7973" lon="-120.18645">
        <ele>279.6</ele>
      </trkpt>
      <trkpt lat="34.79727" lon="-120.18638">
        <ele>279.9</ele>
      </trkpt>
      <trkpt lat="34.79721" lon="-120.18629">
        <ele>280.1</ele>
      </trkpt>
      <trkpt lat="34.79714" lon="-120.18619">
        <ele>280.3</ele>
      </trkpt>
      <trkpt lat="34.79685" lon="-120.18589">
        <ele>281.1</ele>
      </trkpt>
      <trkpt lat="34.79678" lon="-120.1858">
        <ele>281.2</ele>
      </trkpt>
      <trkpt lat="34.79664" lon="-120.18566">
        <ele>281.7</ele>
      </trkpt>
      <trkpt lat="34.79651" lon="-120.18551">
        <ele>281.9</ele>
      </trkpt>
      <trkpt lat="34.79649" lon="-120.18548">
        <ele>281.9</ele>
      </trkpt>
      <trkpt lat="34.7964" lon="-120.18541">
        <ele>281.9</ele>
      </trkpt>
      <trkpt lat="34.79636" lon="-120.18539">
        <ele>281.9</ele>
      </trkpt>
      <trkpt lat="34.79631" lon="-120.18537">
        <ele>281.9</ele>
      </trkpt>
      <trkpt lat="34.79622" lon="-120.18535">
        <ele>281.9</ele>
      </trkpt>
      <trkpt lat="34.79613" lon="-120.18535">
        <ele>282.0</ele>
      </trkpt>
      <trkpt lat="34.79601" lon="-120.18539">
        <ele>282.1</ele>
      </trkpt>
      <trkpt lat="34.79537" lon="-120.18572">
        <ele>282.1</ele>
      </trkpt>
      <trkpt lat="34.79521" lon="-120.18581">
        <ele>282.0</ele>
      </trkpt>
      <trkpt lat="34.79405" lon="-120.18642">
        <ele>281.2</ele>
      </trkpt>
      <trkpt lat="34.7939" lon="-120.1865">
        <ele>283.0</ele>
      </trkpt>
      <trkpt lat="34.79377" lon="-120.18655">
        <ele>284.4</ele>
      </trkpt>
      <trkpt lat="34.7937" lon="-120.18654">
        <ele>284.9</ele>
      </trkpt>
      <trkpt lat="34.79364" lon="-120.18651">
        <ele>285.2</ele>
      </trkpt>
      <trkpt lat="34.7936" lon="-120.18646">
        <ele>285.3</ele>
      </trkpt>
      <trkpt lat="34.79356" lon="-120.18642">
        <ele>285.5</ele>
      </trkpt>
      <trkpt lat="34.79339" lon="-120.18606">
        <ele>285.6</ele>
      </trkpt>
      <trkpt lat="34.793" lon="-120.18511">
        <ele>290.5</ele>
      </trkpt>
      <trkpt lat="34.7929" lon="-120.18489">
        <ele>291.7</ele>
      </trkpt>
      <trkpt lat="34.79282" lon="-120.18469">
        <ele>292.1</ele>
      </trkpt>
      <trkpt lat="34.79274" lon="-120.18449">
        <ele>292.3</ele>
      </trkpt>
      <trkpt lat="34.79251" lon="-120.18392">
        <ele>292.4</ele>
      </trkpt>
      <trkpt lat="34.79242" lon="-120.18371">
        <ele>292.4</ele>
      </trkpt>
      <trkpt lat="34.79226" lon="-120.18334">
        <ele>292.7</ele>
      </trkpt>
      <trkpt lat="34.79209" lon="-120.18302">
        <ele>292.7</ele>
      </trkpt>
      <trkpt lat="34.79194" lon="-120.18279">
        <ele>292.4</ele>
      </trkpt>
      <trkpt lat="34.79183" lon="-120.18261">
        <ele>292.5</ele>
      </trkpt>
      <trkpt lat="34.79178" lon="-120.18253">
        <ele>292.6</ele>
      </trkpt>
      <trkpt lat="34.79116" lon="-120.18155">
        <ele>292.5</ele>
      </trkpt>
      <trkpt lat="34.79104" lon="-120.18136">
        <ele>292.6</ele>
      </trkpt>
      <trkpt lat="34.79075" lon="-120.18081">
        <ele>292.7</ele>
      </trkpt>
      <trkpt lat="34.7905" lon="-120.18028">
        <ele>292.9</ele>
      </trkpt>
      <trkpt lat="34.79048" lon="-120.18024">
        <ele>292.9</ele>
      </trkpt>
      <trkpt lat="34.79036" lon="-120.17994">
        <ele>293.0</ele>
      </trkpt>
      <trkpt lat="34.79034" lon="-120.17989">
        <ele>293.0</ele>
      </trkpt>
      <trkpt lat="34.79031" lon="-120.17979">
        <ele>293.0</ele>
      </trkpt>
      <trkpt lat="34.79014" lon="-120.1791">
        <ele>293.5</ele>
      </trkpt>
      <trkpt lat="34.79006" lon="-120.17883">
        <ele>297.6</ele>
      </trkpt>
      <trkpt lat="34.78999" lon="-120.17865">
        <ele>300.6</ele>
      </trkpt>
      <trkpt lat="34.78996" lon="-120.17858">
        <ele>301.5</ele>
      </trkpt>
      <trkpt lat="34.78963" lon="-120.1779">
        <ele>304.4</ele>
      </trkpt>
      <trkpt lat="34.78941" lon="-120.17747">
        <ele>304.5</ele>
      </trkpt>
      <trkpt lat="34.78917" lon="-120.17709">
        <ele>304.4</ele>
      </trkpt>
      <trkpt lat="34.78899" lon="-120.17686">
        <ele>304.3</ele>
      </trkpt>
      <trkpt lat="34.78898" lon="-120.17684">
        <ele>304.3</ele>
      </trkpt>
      <trkpt lat="34.78882" lon="-120.17667">
        <ele>304.0</ele>
      </trkpt>
      <trkpt lat="34.78867" lon="-120.17655">
        <ele>303.5</ele>
      </trkpt>
      <trkpt lat="34.78824" lon="-120.17626">
        <ele>302.4</ele>
      </trkpt>
      <trkpt lat="34.788" lon="-120.17609">
        <ele>302.4</ele>
      </trkpt>
      <trkpt lat="34.78792" lon="-120.17602">
        <ele>302.4</ele>
      </trkpt>
      <trkpt lat="34.7879" lon="-120.176">
        <ele>302.5</ele>
      </trkpt>
      <trkpt lat="34.78782" lon="-120.17592">
        <ele>302.6</ele>
      </trkpt>
      <trkpt lat="34.78779" lon="-120.17587">
        <ele>302.7</ele>
      </trkpt>
      <trkpt lat="34.78774" lon="-120.17581">
        <ele>302.9</ele>
      </trkpt>
      <trkpt lat="34.78766" lon="-120.17564">
        <ele>303.2</ele>
      </trkpt>
      <trkpt lat="34.78759" lon="-120.17549">
        <ele>303.5</ele>
      </trkpt>
      <trkpt lat="34.78752" lon="-120.17531">
        <ele>303.8</ele>
      </trkpt>
      <trkpt lat="34.78731" lon="-120.17477">
        <ele>304.1</ele>
      </trkpt>
      <trkpt lat="34.78652" lon="-120.17272">
        <ele>304.2</ele>
      </trkpt>
      <trkpt lat="34.78644" lon="-120.17253">
        <ele>304.3</ele>
      </trkpt>
      <trkpt lat="34.78623" lon="-120.17203">
        <ele>305.4</ele>
      </trkpt>
      <trkpt lat="34.78601" lon="-120.17157">
        <ele>308.2</ele>
      </trkpt>
      <trkpt lat="34.78581" lon="-120.17121">
        <ele>311.2</ele>
      </trkpt>
      <trkpt lat="34.7858" lon="-120.1712">
        <ele>311.3</ele>
      </trkpt>
      <trkpt lat="34.7854" lon="-120.17052">
        <ele>312.5</ele>
      </trkpt>
      <trkpt lat="34.78531" lon="-120.17033">
        <ele>312.4</ele>
      </trkpt>
      <trkpt lat="34.78514" lon="-120.16991">
        <ele>312.6</ele>
      </trkpt>
      <trkpt lat="34.78514" lon="-120.1699">
        <ele>312.6</ele>
      </trkpt>
      <trkpt lat="34.78507" lon="-120.16971">
        <ele>312.8</ele>
      </trkpt>
      <trkpt lat="34.78472" lon="-120.1687">
        <ele>315.1</ele>
      </trkpt>
      <trkpt lat="34.78467" lon="-120.16857">
        <ele>315.4</ele>
      </trkpt>
      <trkpt lat="34.78464" lon="-120.1685">
        <ele>315.5</ele>
      </trkpt>
      <trkpt lat="34.78457" lon="-120.1683">
        <ele>315.6</ele>
      </trkpt>
      <trkpt lat="34.78423" lon="-120.16745">
        <ele>315.5</ele>
      </trkpt>
      <trkpt lat="34.78419" lon="-120.16731">
        <ele>315.6</ele>
      </trkpt>
      <trkpt lat="34.78407" lon="-120.16695">
        <ele>316.2</ele>
      </trkpt>
      <trkpt lat="34.78397" lon="-120.16662">
        <ele>316.6</ele>
      </trkpt>
      <trkpt lat="34.78386" lon="-120.16622">
        <ele>318.5</ele>
      </trkpt>
      <trkpt lat="34.78374" lon="-120.16576">
        <ele>323.6</ele>
      </trkpt>
      <trkpt lat="34.78365" lon="-120.16545">
        <ele>326.2</ele>
      </trkpt>
      <trkpt lat="34.7836" lon="-120.16524">
        <ele>326.6</ele>
      </trkpt>
      <trkpt lat="34.78357" lon="-120.16514">
        <ele>326.6</ele>
      </trkpt>
      <trkpt lat="34.78349" lon="-120.16484">
        <ele>325.8</ele>
      </trkpt>
      <trkpt lat="34.78343" lon="-120.16468">
        <ele>325.3</ele>
      </trkpt>
      <trkpt lat="34.78341" lon="-120.16463">
        <ele>325.2</ele>
      </trkpt>
      <trkpt lat="34.78336" lon="-120.16453">
        <ele>325.1</ele>
      </trkpt>
      <trkpt lat="34.78331" lon="-120.16445">
        <ele>325.3</ele>
      </trkpt>
      <trkpt lat="34.78328" lon="-120.16439">
        <ele>325.3</ele>
      </trkpt>
      <trkpt lat="34.78309" lon="-120.16412">
        <ele>325.7</ele>
      </trkpt>
      <trkpt lat="34.78289" lon="-120.16383">
        <ele>325.9</ele>
      </trkpt>
      <trkpt lat="34.78273" lon="-120.1636">
        <ele>325.9</ele>
      </trkpt>
      <trkpt lat="34.7827" lon="-120.16355">
        <ele>325.8</ele>
      </trkpt>
      <trkpt lat="34.78225" lon="-120.16285">
        <ele>327.0</ele>
      </trkpt>
      <trkpt lat="34.782" lon="-120.16245">
        <ele>327.0</ele>
      </trkpt>
      <trkpt lat="34.78172" lon="-120.162">
        <ele>327.0</ele>
      </trkpt>
      <trkpt lat="34.78164" lon="-120.16187">
        <ele>327.0</ele>
      </trkpt>
      <trkpt lat="34.78153" lon="-120.16169">
        <ele>327.2</ele>
      </trkpt>
      <trkpt lat="34.78137" lon="-120.16144">
        <ele>327.9</ele>
      </trkpt>
      <trkpt lat="34.78114" lon="-120.16106">
        <ele>329.1</ele>
      </trkpt>
      <trkpt lat="34.78085" lon="-120.1606">
        <ele>329.9</ele>
      </trkpt>
      <trkpt lat="34.78077" lon="-120.16047">
        <ele>330.0</ele>
      </trkpt>
      <trkpt lat="34.78067" lon="-120.16029">
        <ele>330.4</ele>
      </trkpt>
      <trkpt lat="34.78052" lon="-120.16005">
        <ele>331.6</ele>
      </trkpt>
      <trkpt lat="34.7802" lon="-120.15953">
        <ele>335.1</ele>
      </trkpt>
      <trkpt lat="34.78013" lon="-120.15941">
        <ele>335.2</ele>
      </trkpt>
      <trkpt lat="34.78002" lon="-120.15924">
        <ele>335.3</ele>
      </trkpt>
      <trkpt lat="34.77995" lon="-120.15913">
        <ele>335.4</ele>
      </trkpt>
      <trkpt lat="34.7797" lon="-120.1587">
        <ele>335.0</ele>
      </trkpt>
      <trkpt lat="34.77949" lon="-120.15836">
        <ele>335.1</ele>
      </trkpt>
      <trkpt lat="34.77938" lon="-120.15818">
        <ele>335.0</ele>
      </trkpt>
      <trkpt lat="34.77934" lon="-120.15812">
        <ele>335.0</ele>
      </trkpt>
      <trkpt lat="34.77919" lon="-120.15791">
        <ele>335.4</ele>
      </trkpt>
      <trkpt lat="34.77873" lon="-120.15731">
        <ele>336.2</ele>
      </trkpt>
      <trkpt lat="34.77866" lon="-120.15721">
        <ele>336.3</ele>
      </trkpt>
      <trkpt lat="34.77863" lon="-120.15717">
        <ele>336.3</ele>
      </trkpt>
      <trkpt lat="34.77851" lon="-120.15699">
        <ele>336.5</ele>
      </trkpt>
      <trkpt lat="34.77844" lon="-120.15685">
        <ele>336.4</ele>
      </trkpt>
      <trkpt lat="34.77824" lon="-120.15643">
        <ele>336.9</ele>
      </trkpt>
      <trkpt lat="34.77774" lon="-120.15547">
        <ele>338.7</ele>
      </trkpt>
      <trkpt lat="34.7775" lon="-120.15505">
        <ele>339.6</ele>
      </trkpt>
      <trkpt lat="34.77736" lon="-120.15477">
        <ele>340.3</ele>
      </trkpt>
      <trkpt lat="34.7773" lon="-120.15464">
        <ele>340.7</ele>
      </trkpt>
      <trkpt lat="34.77727" lon="-120.15452">
        <ele>341.0</ele>
      </trkpt>
      <trkpt lat="34.77709" lon="-120.15382">
        <ele>343.3</ele>
      </trkpt>
      <trkpt lat="34.77696" lon="-120.1533">
        <ele>343.5</ele>
      </trkpt>
      <trkpt lat="34.77693" lon="-120.1532">
        <ele>343.7</ele>
      </trkpt>
      <trkpt lat="34.77688" lon="-120.15299">
        <ele>343.9</ele>
      </trkpt>
      <trkpt lat="34.7768" lon="-120.15271">
        <ele>344.1</ele>
      </trkpt>
      <trkpt lat="34.77674" lon="-120.15246">
        <ele>344.6</ele>
      </trkpt>
      <trkpt lat="34.77671" lon="-120.15229">
        <ele>344.9</ele>
      </trkpt>
      <trkpt lat="34.7767" lon="-120.15213">
        <ele>345.2</ele>
      </trkpt>
      <trkpt lat="34.77669" lon="-120.15192">
        <ele>345.5</ele>
      </trkpt>
      <trkpt lat="34.77669" lon="-120.1517">
        <ele>345.7</ele>
      </trkpt>
      <trkpt lat="34.77668" lon="-120.15127">
        <ele>346.4</ele>
      </trkpt>
      <trkpt lat="34.77667" lon="-120.1507">
        <ele>347.1</ele>
      </trkpt>
      <trkpt lat="34.77665" lon="-120.14953">
        <ele>349.1</ele>
      </trkpt>
      <trkpt lat="34.77665" lon="-120.1493">
        <ele>349.5</ele>
      </trkpt>
      <trkpt lat="34.77665" lon="-120.14908">
        <ele>350.4</ele>
      </trkpt>
      <trkpt lat="34.77666" lon="-120.14886">
        <ele>353.7</ele>
      </trkpt>
      <trkpt lat="34.77666" lon="-120.14856">
        <ele>355.9</ele>
      </trkpt>
      <trkpt lat="34.77664" lon="-120.14829">
        <ele>355.4</ele>
      </trkpt>
      <trkpt lat="34.77662" lon="-120.1482">
        <ele>355.4</ele>
      </trkpt>
      <trkpt lat="34.77659" lon="-120.14805">
        <ele>355.2</ele>
      </trkpt>
      <trkpt lat="34.77658" lon="-120.14799">
        <ele>355.1</ele>
      </trkpt>
      <trkpt lat="34.77654" lon="-120.14782">
        <ele>354.9</ele>
      </trkpt>
      <trkpt lat="34.7762" lon="-120.14676">
        <ele>356.4</ele>
      </trkpt>
      <trkpt lat="34.77614" lon="-120.14655">
        <ele>355.8</ele>
      </trkpt>
      <trkpt lat="34.7759" lon="-120.14579">
        <ele>355.6</ele>
      </trkpt>
      <trkpt lat="34.77582" lon="-120.14553">
        <ele>356.0</ele>
      </trkpt>
      <trkpt lat="34.77552" lon="-120.1445">
        <ele>358.5</ele>
      </trkpt>
      <trkpt lat="34.77527" lon="-120.14368">
        <ele>360.8</ele>
      </trkpt>
      <trkpt lat="34.77522" lon="-120.14351">
        <ele>360.9</ele>
      </trkpt>
      <trkpt lat="34.77521" lon="-120.14347">
        <ele>360.9</ele>
      </trkpt>
      <trkpt lat="34.77515" lon="-120.14327">
        <ele>361.2</ele>
      </trkpt>
      <trkpt lat="34.77494" lon="-120.14259">
        <ele>367.1</ele>
      </trkpt>
      <trkpt lat="34.77489" lon="-120.14245">
        <ele>368.9</ele>
      </trkpt>
      <trkpt lat="34.77482" lon="-120.14225">
        <ele>369.5</ele>
      </trkpt>
      <trkpt lat="34.77475" lon="-120.14205">
        <ele>369.5</ele>
      </trkpt>
      <trkpt lat="34.7747" lon="-120.14191">
        <ele>369.4</ele>
      </trkpt>
      <trkpt lat="34.7746" lon="-120.14165">
        <ele>369.3</ele>
      </trkpt>
      <trkpt lat="34.77453" lon="-120.14144">
        <ele>369.3</ele>
      </trkpt>
      <trkpt lat="34.77451" lon="-120.14137">
        <ele>369.2</ele>
      </trkpt>
      <trkpt lat="34.77447" lon="-120.14124">
        <ele>369.1</ele>
      </trkpt>
      <trkpt lat="34.77429" lon="-120.14062">
        <ele>369.5</ele>
      </trkpt>
      <trkpt lat="34.77421" lon="-120.14035">
        <ele>370.1</ele>
      </trkpt>
      <trkpt lat="34.77408" lon="-120.13991">
        <ele>369.1</ele>
      </trkpt>
      <trkpt lat="34.77395" lon="-120.13948">
        <ele>369.4</ele>
      </trkpt>
      <trkpt lat="34.77376" lon="-120.13876">
        <ele>370.5</ele>
      </trkpt>
      <trkpt lat="34.77365" lon="-120.13834">
        <ele>372.5</ele>
      </trkpt>
      <trkpt lat="34.7736" lon="-120.13814">
        <ele>373.4</ele>
      </trkpt>
      <trkpt lat="34.77341" lon="-120.13752">
        <ele>374.9</ele>
      </trkpt>
      <trkpt lat="34.7733" lon="-120.13716">
        <ele>375.4</ele>
      </trkpt>
      <trkpt lat="34.77323" lon="-120.13684">
        <ele>376.5</ele>
      </trkpt>
      <trkpt lat="34.7732" lon="-120.13668">
        <ele>377.1</ele>
      </trkpt>
      <trkpt lat="34.77319" lon="-120.1364">
        <ele>377.7</ele>
      </trkpt>
      <trkpt lat="34.77319" lon="-120.13619">
        <ele>377.9</ele>
      </trkpt>
      <trkpt lat="34.77319" lon="-120.13615">
        <ele>378.0</ele>
      </trkpt>
      <trkpt lat="34.77319" lon="-120.13597">
        <ele>378.2</ele>
      </trkpt>
      <trkpt lat="34.77319" lon="-120.13593">
        <ele>378.3</ele>
      </trkpt>
      <trkpt lat="34.77318" lon="-120.13515">
        <ele>383.2</ele>
      </trkpt>
      <trkpt lat="34.77318" lon="-120.13461">
        <ele>383.9</ele>
      </trkpt>
      <trkpt lat="34.77318" lon="-120.13417">
        <ele>384.2</ele>
      </trkpt>
      <trkpt lat="34.77318" lon="-120.13407">
        <ele>384.3</ele>
      </trkpt>
      <trkpt lat="34.77318" lon="-120.134">
        <ele>384.2</ele>
      </trkpt>
      <trkpt lat="34.77318" lon="-120.1333">
        <ele>384.7</ele>
      </trkpt>
      <trkpt lat="34.77317" lon="-120.13285">
        <ele>385.6</ele>
      </trkpt>
      <trkpt lat="34.77317" lon="-120.13269">
        <ele>385.9</ele>
      </trkpt>
      <trkpt lat="34.77317" lon="-120.13155">
        <ele>387.8</ele>
      </trkpt>
      <trkpt lat="34.77316" lon="-120.13074">
        <ele>389.9</ele>
      </trkpt>
      <trkpt lat="34.77316" lon="-120.13072">
        <ele>389.9</ele>
      </trkpt>
      <trkpt lat="34.77316" lon="-120.13067">
        <ele>390.1</ele>
      </trkpt>
      <trkpt lat="34.77316" lon="-120.1294">
        <ele>396.2</ele>
      </trkpt>
      <trkpt lat="34.77315" lon="-120.12936">
        <ele>396.5</ele>
      </trkpt>
      <trkpt lat="34.77314" lon="-120.12919">
        <ele>397.0</ele>
      </trkpt>
      <trkpt lat="34.77314" lon="-120.12914">
        <ele>397.2</ele>
      </trkpt>
      <trkpt lat="34.77314" lon="-120.12913">
        <ele>397.2</ele>
      </trkpt>
      <trkpt lat="34.77311" lon="-120.12896">
        <ele>397.9</ele>
      </trkpt>
      <trkpt lat="34.77306" lon="-120.12881">
        <ele>398.5</ele>
      </trkpt>
      <trkpt lat="34.77301" lon="-120.12868">
        <ele>399.2</ele>
      </trkpt>
      <trkpt lat="34.77295" lon="-120.12858">
        <ele>399.9</ele>
      </trkpt>
      <trkpt lat="34.77283" lon="-120.12839">
        <ele>401.1</ele>
      </trkpt>
      <trkpt lat="34.77282" lon="-120.12837">
        <ele>401.2</ele>
      </trkpt>
      <trkpt lat="34.77274" lon="-120.12828">
        <ele>401.7</ele>
      </trkpt>
      <trkpt lat="34.7727" lon="-120.12823">
        <ele>401.8</ele>
      </trkpt>
      <trkpt lat="34.77257" lon="-120.12808">
        <ele>402.4</ele>
      </trkpt>
      <trkpt lat="34.77255" lon="-120.12805">
        <ele>402.4</ele>
      </trkpt>
      <trkpt lat="34.77245" lon="-120.12792">
        <ele>403.1</ele>
      </trkpt>
      <trkpt lat="34.77237" lon="-120.12782">
        <ele>404.2</ele>
      </trkpt>
      <trkpt lat="34.77232" lon="-120.12776">
        <ele>405.0</ele>
      </trkpt>
      <trkpt lat="34.77222" lon="-120.12764">
        <ele>407.2</ele>
      </trkpt>
      <trkpt lat="34.77195" lon="-120.12739">
        <ele>411.3</ele>
      </trkpt>
      <trkpt lat="34.77175" lon="-120.12723">
        <ele>413.7</ele>
      </trkpt>
      <trkpt lat="34.77154" lon="-120.12706">
        <ele>416.7</ele>
      </trkpt>
      <trkpt lat="34.7714" lon="-120.12694">
        <ele>418.4</ele>
      </trkpt>
      <trkpt lat="34.77129" lon="-120.12681">
        <ele>418.9</ele>
      </trkpt>
      <trkpt lat="34.77106" lon="-120.12655">
        <ele>420.8</ele>
      </trkpt>
      <trkpt lat="34.7709" lon="-120.12636">
        <ele>422.9</ele>
      </trkpt>
      <trkpt lat="34.77078" lon="-120.12622">
        <ele>426.4</ele>
      </trkpt>
      <trkpt lat="34.77066" lon="-120.12609">
        <ele>429.7</ele>
      </trkpt>
      <trkpt lat="34.77053" lon="-120.12594">
        <ele>431.8</ele>
      </trkpt>
      <trkpt lat="34.77046" lon="-120.12583">
        <ele>432.5</ele>
      </trkpt>
      <trkpt lat="34.77039" lon="-120.12572">
        <ele>432.8</ele>
      </trkpt>
      <trkpt lat="34.77037" lon="-120.12566">
        <ele>432.7</ele>
      </trkpt>
      <trkpt lat="34.77036" lon="-120.12559">
        <ele>432.4</ele>
      </trkpt>
      <trkpt lat="34.77035" lon="-120.12535">
        <ele>432.8</ele>
      </trkpt>
      <trkpt lat="34.77035" lon="-120.12492">
        <ele>434.7</ele>
      </trkpt>
      <trkpt lat="34.77035" lon="-120.1247">
        <ele>438.7</ele>
      </trkpt>
      <trkpt lat="34.77036" lon="-120.12455">
        <ele>441.3</ele>
      </trkpt>
      <trkpt lat="34.77037" lon="-120.12441">
        <ele>442.6</ele>
      </trkpt>
      <trkpt lat="34.77039" lon="-120.12428">
        <ele>443.2</ele>
      </trkpt>
      <trkpt lat="34.77044" lon="-120.12413">
        <ele>445.0</ele>
      </trkpt>
      <trkpt lat="34.77047" lon="-120.12407">
        <ele>446.1</ele>
      </trkpt>
      <trkpt lat="34.77053" lon="-120.12396">
        <ele>447.8</ele>
      </trkpt>
      <trkpt lat="34.77057" lon="-120.12389">
        <ele>448.7</ele>
      </trkpt>
      <trkpt lat="34.77064" lon="-120.12377">
        <ele>449.5</ele>
      </trkpt>
      <trkpt lat="34.77068" lon="-120.12371">
        <ele>449.7</ele>
      </trkpt>
      <trkpt lat="34.77103" lon="-120.12321">
        <ele>451.1</ele>
      </trkpt>
      <trkpt lat="34.77114" lon="-120.12304">
        <ele>451.3</ele>
      </trkpt>
      <trkpt lat="34.77125" lon="-120.12287">
        <ele>452.3</ele>
      </trkpt>
      <trkpt lat="34.77148" lon="-120.12254">
        <ele>456.5</ele>
      </trkpt>
      <trkpt lat="34.77213" lon="-120.1215">
        <ele>467.1</ele>
      </trkpt>
      <trkpt lat="34.77236" lon="-120.12111">
        <ele>469.4</ele>
      </trkpt>
      <trkpt lat="34.77243" lon="-120.12094">
        <ele>470.1</ele>
      </trkpt>
      <trkpt lat="34.77244" lon="-120.1209">
        <ele>470.2</ele>
      </trkpt>
      <trkpt lat="34.77247" lon="-120.12082">
        <ele>470.1</ele>
      </trkpt>
      <trkpt lat="34.77247" lon="-120.12078">
        <ele>470.2</ele>
      </trkpt>
      <trkpt lat="34.77248" lon="-120.12073">
        <ele>470.1</ele>
      </trkpt>
      <trkpt lat="34.77248" lon="-120.12066">
        <ele>470.0</ele>
      </trkpt>
      <trkpt lat="34.77247" lon="-120.12059">
        <ele>469.7</ele>
      </trkpt>
      <trkpt lat="34.77245" lon="-120.12055">
        <ele>469.8</ele>
      </trkpt>
      <trkpt lat="34.77244" lon="-120.12052">
        <ele>469.5</ele>
      </trkpt>
      <trkpt lat="34.77244" lon="-120.12051">
        <ele>469.4</ele>
      </trkpt>
      <trkpt lat="34.77238" lon="-120.12042">
        <ele>469.1</ele>
      </trkpt>
      <trkpt lat="34.77233" lon="-120.12035">
        <ele>469.0</ele>
      </trkpt>
      <trkpt lat="34.77227" lon="-120.12026">
        <ele>468.8</ele>
      </trkpt>
      <trkpt lat="34.77222" lon="-120.12017">
        <ele>468.8</ele>
      </trkpt>
      <trkpt lat="34.77217" lon="-120.1201">
        <ele>469.5</ele>
      </trkpt>
      <trkpt lat="34.77212" lon="-120.11999">
        <ele>470.3</ele>
      </trkpt>
      <trkpt lat="34.7721" lon="-120.11995">
        <ele>470.8</ele>
      </trkpt>
      <trkpt lat="34.77205" lon="-120.11979">
        <ele>471.4</ele>
      </trkpt>
      <trkpt lat="34.77201" lon="-120.11968">
        <ele>471.8</ele>
      </trkpt>
      <trkpt lat="34.77186" lon="-120.11926">
        <ele>471.5</ele>
      </trkpt>
      <trkpt lat="34.77179" lon="-120.11897">
        <ele>471.0</ele>
      </trkpt>
      <trkpt lat="34.77178" lon="-120.11894">
        <ele>471.0</ele>
      </trkpt>
      <trkpt lat="34.77171" lon="-120.11862">
        <ele>470.4</ele>
      </trkpt>
      <trkpt lat="34.77168" lon="-120.11856">
        <ele>470.2</ele>
      </trkpt>
      <trkpt lat="34.77163" lon="-120.11841">
        <ele>467.7</ele>
      </trkpt>
      <trkpt lat="34.77154" lon="-120.11824">
        <ele>468.2</ele>
      </trkpt>
      <trkpt lat="34.7715" lon="-120.11818">
        <ele>469.7</ele>
      </trkpt>
      <trkpt lat="34.77139" lon="-120.11801">
        <ele>472.9</ele>
      </trkpt>
      <trkpt lat="34.77134" lon="-120.11793">
        <ele>473.9</ele>
      </trkpt>
      <trkpt lat="34.77115" lon="-120.11767">
        <ele>475.7</ele>
      </trkpt>
      <trkpt lat="34.77087" lon="-120.11736">
        <ele>475.4</ele>
      </trkpt>
      <trkpt lat="34.77072" lon="-120.1172">
        <ele>474.9</ele>
      </trkpt>
      <trkpt lat="34.77043" lon="-120.11694">
        <ele>473.5</ele>
      </trkpt>
      <trkpt lat="34.77029" lon="-120.11681">
        <ele>472.2</ele>
      </trkpt>
      <trkpt lat="34.77018" lon="-120.11671">
        <ele>470.9</ele>
      </trkpt>
      <trkpt lat="34.7699" lon="-120.11652">
        <ele>465.6</ele>
      </trkpt>
      <trkpt lat="34.76966" lon="-120.11641">
        <ele>464.5</ele>
      </trkpt>
      <trkpt lat="34.76898" lon="-120.11613">
        <ele>462.4</ele>
      </trkpt>
      <trkpt lat="34.76864" lon="-120.11599">
        <ele>461.4</ele>
      </trkpt>
      <trkpt lat="34.76847" lon="-120.11592">
        <ele>460.9</ele>
      </trkpt>
      <trkpt lat="34.7683" lon="-120.11585">
        <ele>460.3</ele>
      </trkpt>
      <trkpt lat="34.76813" lon="-120.11578">
        <ele>459.6</ele>
      </trkpt>
      <trkpt lat="34.76762" lon="-120.11557">
        <ele>457.5</ele>
      </trkpt>
      <trkpt lat="34.76745" lon="-120.1155">
        <ele>456.7</ele>
      </trkpt>
      <trkpt lat="34.76728" lon="-120.11543">
        <ele>455.9</ele>
      </trkpt>
      <trkpt lat="34.7666" lon="-120.11515">
        <ele>452.0</ele>
      </trkpt>
      <trkpt lat="34.76649" lon="-120.11512">
        <ele>451.7</ele>
      </trkpt>
      <trkpt lat="34.76631" lon="-120.11509">
        <ele>451.3</ele>
      </trkpt>
      <trkpt lat="34.76607" lon="-120.11509">
        <ele>451.1</ele>
      </trkpt>
      <trkpt lat="34.76588" lon="-120.11512">
        <ele>450.8</ele>
      </trkpt>
      <trkpt lat="34.76555" lon="-120.11516">
        <ele>449.7</ele>
      </trkpt>
      <trkpt lat="34.76535" lon="-120.11518">
        <ele>449.0</ele>
      </trkpt>
      <trkpt lat="34.76511" lon="-120.11521">
        <ele>448.3</ele>
      </trkpt>
      <trkpt lat="34.76481" lon="-120.11525">
        <ele>447.4</ele>
      </trkpt>
      <trkpt lat="34.76456" lon="-120.11528">
        <ele>446.7</ele>
      </trkpt>
      <trkpt lat="34.76445" lon="-120.11529">
        <ele>446.5</ele>
      </trkpt>
      <trkpt lat="34.76408" lon="-120.11534">
        <ele>445.8</ele>
      </trkpt>
      <trkpt lat="34.76364" lon="-120.11539">
        <ele>445.2</ele>
      </trkpt>
      <trkpt lat="34.76305" lon="-120.11547">
        <ele>444.0</ele>
      </trkpt>
      <trkpt lat="34.76302" lon="-120.11547">
        <ele>443.9</ele>
      </trkpt>
      <trkpt lat="34.76259" lon="-120.11552">
        <ele>441.3</ele>
      </trkpt>
      <trkpt lat="34.76194" lon="-120.1156">
        <ele>438.1</ele>
      </trkpt>
      <trkpt lat="34.76182" lon="-120.11561">
        <ele>437.8</ele>
      </trkpt>
      <trkpt lat="34.76147" lon="-120.11566">
        <ele>436.8</ele>
      </trkpt>
      <trkpt lat="34.76134" lon="-120.11568">
        <ele>436.5</ele>
      </trkpt>
      <trkpt lat="34.76127" lon="-120.11569">
        <ele>436.3</ele>
      </trkpt>
      <trkpt lat="34.76118" lon="-120.1157">
        <ele>436.1</ele>
      </trkpt>
      <trkpt lat="34.76075" lon="-120.11575">
        <ele>434.8</ele>
      </trkpt>
      <trkpt lat="34.76062" lon="-120.11576">
        <ele>434.1</ele>
      </trkpt>
      <trkpt lat="34.76055" lon="-120.11577">
        <ele>433.7</ele>
      </trkpt>
      <trkpt lat="34.76044" lon="-120.11578">
        <ele>432.9</ele>
      </trkpt>
      <trkpt lat="34.7604" lon="-120.11579">
        <ele>432.7</ele>
      </trkpt>
      <trkpt lat="34.76033" lon="-120.1158">
        <ele>432.1</ele>
      </trkpt>
      <trkpt lat="34.76027" lon="-120.11583">
        <ele>431.5</ele>
      </trkpt>
      <trkpt lat="34.76021" lon="-120.11586">
        <ele>430.8</ele>
      </trkpt>
      <trkpt lat="34.76013" lon="-120.11591">
        <ele>429.6</ele>
      </trkpt>
      <trkpt lat="34.76002" lon="-120.116">
        <ele>427.8</ele>
      </trkpt>
      <trkpt lat="34.75989" lon="-120.11613">
        <ele>427.5</ele>
      </trkpt>
      <trkpt lat="34.75982" lon="-120.1162">
        <ele>427.5</ele>
      </trkpt>
      <trkpt lat="34.75968" lon="-120.11634">
        <ele>427.4</ele>
      </trkpt>
      <trkpt lat="34.75954" lon="-120.11646">
        <ele>427.4</ele>
      </trkpt>
      <trkpt lat="34.75954" lon="-120.11647">
        <ele>427.3</ele>
      </trkpt>
      <trkpt lat="34.75944" lon="-120.11654">
        <ele>427.3</ele>
      </trkpt>
      <trkpt lat="34.75938" lon="-120.11658">
        <ele>427.4</ele>
      </trkpt>
      <trkpt lat="34.75932" lon="-120.11661">
        <ele>427.4</ele>
      </trkpt>
      <trkpt lat="34.75923" lon="-120.11666">
        <ele>427.3</ele>
      </trkpt>
      <trkpt lat="34.75868" lon="-120.11688">
        <ele>427.2</ele>
      </trkpt>
      <trkpt lat="34.75852" lon="-120.11696">
        <ele>426.4</ele>
      </trkpt>
      <trkpt lat="34.75837" lon="-120.11704">
        <ele>424.2</ele>
      </trkpt>
      <trkpt lat="34.75828" lon="-120.11709">
        <ele>421.5</ele>
      </trkpt>
      <trkpt lat="34.75814" lon="-120.11717">
        <ele>416.3</ele>
      </trkpt>
      <trkpt lat="34.75796" lon="-120.11725">
        <ele>412.3</ele>
      </trkpt>
      <trkpt lat="34.7578" lon="-120.11731">
        <ele>412.1</ele>
      </trkpt>
      <trkpt lat="34.75763" lon="-120.11733">
        <ele>412.2</ele>
      </trkpt>
      <trkpt lat="34.75752" lon="-120.11734">
        <ele>412.3</ele>
      </trkpt>
      <trkpt lat="34.75734" lon="-120.11734">
        <ele>412.3</ele>
      </trkpt>
      <trkpt lat="34.75719" lon="-120.11735">
        <ele>412.3</ele>
      </trkpt>
      <trkpt lat="34.75698" lon="-120.11734">
        <ele>412.3</ele>
      </trkpt>
      <trkpt lat="34.75696" lon="-120.11734">
        <ele>412.3</ele>
      </trkpt>
      <trkpt lat="34.75687" lon="-120.11735">
        <ele>412.3</ele>
      </trkpt>
      <trkpt lat="34.7568" lon="-120.11735">
        <ele>412.3</ele>
      </trkpt>
      <trkpt lat="34.75676" lon="-120.11735">
        <ele>412.3</ele>
      </trkpt>
      <trkpt lat="34.75667" lon="-120.11736">
        <ele>412.3</ele>
      </trkpt>
      <trkpt lat="34.75656" lon="-120.11738">
        <ele>412.3</ele>
      </trkpt>
      <trkpt lat="34.75647" lon="-120.11739">
        <ele>412.3</ele>
      </trkpt>
      <trkpt lat="34.75633" lon="-120.11742">
        <ele>412.4</ele>
      </trkpt>
      <trkpt lat="34.75621" lon="-120.11746">
        <ele>412.1</ele>
      </trkpt>
      <trkpt lat="34.7561" lon="-120.11749">
        <ele>411.6</ele>
      </trkpt>
      <trkpt lat="34.75598" lon="-120.11753">
        <ele>409.9</ele>
      </trkpt>
      <trkpt lat="34.75592" lon="-120.11756">
        <ele>407.9</ele>
      </trkpt>
      <trkpt lat="34.7559" lon="-120.11756">
        <ele>407.3</ele>
      </trkpt>
      <trkpt lat="34.75579" lon="-120.11762">
        <ele>403.7</ele>
      </trkpt>
      <trkpt lat="34.75575" lon="-120.11764">
        <ele>402.5</ele>
      </trkpt>
      <trkpt lat="34.75563" lon="-120.1177">
        <ele>400.6</ele>
      </trkpt>
      <trkpt lat="34.75546" lon="-120.11778">
        <ele>400.4</ele>
      </trkpt>
      <trkpt lat="34.75515" lon="-120.11792">
        <ele>400.4</ele>
      </trkpt>
      <trkpt lat="34.75492" lon="-120.11802">
        <ele>400.5</ele>
      </trkpt>
      <trkpt lat="34.7548" lon="-120.11808">
        <ele>400.5</ele>
      </trkpt>
      <trkpt lat="34.75465" lon="-120.11814">
        <ele>400.5</ele>
      </trkpt>
      <trkpt lat="34.75457" lon="-120.11817">
        <ele>400.7</ele>
      </trkpt>
      <trkpt lat="34.75448" lon="-120.1182">
        <ele>400.6</ele>
      </trkpt>
      <trkpt lat="34.75439" lon="-120.11822">
        <ele>400.4</ele>
      </trkpt>
      <trkpt lat="34.75436" lon="-120.11823">
        <ele>400.3</ele>
      </trkpt>
      <trkpt lat="34.75428" lon="-120.11825">
        <ele>399.9</ele>
      </trkpt>
      <trkpt lat="34.7542" lon="-120.11826">
        <ele>399.6</ele>
      </trkpt>
      <trkpt lat="34.75412" lon="-120.11826">
        <ele>399.5</ele>
      </trkpt>
      <trkpt lat="34.75404" lon="-120.11826">
        <ele>399.3</ele>
      </trkpt>
      <trkpt lat="34.75389" lon="-120.11826">
        <ele>398.9</ele>
      </trkpt>
      <trkpt lat="34.75386" lon="-120.11826">
        <ele>398.9</ele>
      </trkpt>
      <trkpt lat="34.75373" lon="-120.11825">
        <ele>398.5</ele>
      </trkpt>
      <trkpt lat="34.75368" lon="-120.11825">
        <ele>398.5</ele>
      </trkpt>
      <trkpt lat="34.75353" lon="-120.11823">
        <ele>398.1</ele>
      </trkpt>
      <trkpt lat="34.75335" lon="-120.11821">
        <ele>397.6</ele>
      </trkpt>
      <trkpt lat="34.75332" lon="-120.1182">
        <ele>397.6</ele>
      </trkpt>
      <trkpt lat="34.75321" lon="-120.11818">
        <ele>397.3</ele>
      </trkpt>
      <trkpt lat="34.75316" lon="-120.11817">
        <ele>397.2</ele>
      </trkpt>
      <trkpt lat="34.75314" lon="-120.11816">
        <ele>397.1</ele>
      </trkpt>
      <trkpt lat="34.75311" lon="-120.11815">
        <ele>397.0</ele>
      </trkpt>
      <trkpt lat="34.75304" lon="-120.11811">
        <ele>396.9</ele>
      </trkpt>
      <trkpt lat="34.75298" lon="-120.11808">
        <ele>396.7</ele>
      </trkpt>
      <trkpt lat="34.75287" lon="-120.11799">
        <ele>395.8</ele>
      </trkpt>
      <trkpt lat="34.75279" lon="-120.11792">
        <ele>394.4</ele>
      </trkpt>
      <trkpt lat="34.7527" lon="-120.11782">
        <ele>392.5</ele>
      </trkpt>
      <trkpt lat="34.75255" lon="-120.11769">
        <ele>389.2</ele>
      </trkpt>
      <trkpt lat="34.75248" lon="-120.11763">
        <ele>388.3</ele>
      </trkpt>
      <trkpt lat="34.75242" lon="-120.11759">
        <ele>388.2</ele>
      </trkpt>
      <trkpt lat="34.75229" lon="-120.1175">
        <ele>388.2</ele>
      </trkpt>
      <trkpt lat="34.75203" lon="-120.11733">
        <ele>388.1</ele>
      </trkpt>
      <trkpt lat="34.75189" lon="-120.11724">
        <ele>388.2</ele>
      </trkpt>
      <trkpt lat="34.75179" lon="-120.11718">
        <ele>388.5</ele>
      </trkpt>
      <trkpt lat="34.75167" lon="-120.11711">
        <ele>388.7</ele>
      </trkpt>
      <trkpt lat="34.75154" lon="-120.11705">
        <ele>388.7</ele>
      </trkpt>
      <trkpt lat="34.75142" lon="-120.11701">
        <ele>388.2</ele>
      </trkpt>
      <trkpt lat="34.75141" lon="-120.11701">
        <ele>388.2</ele>
      </trkpt>
      <trkpt lat="34.75124" lon="-120.11697">
        <ele>386.8</ele>
      </trkpt>
      <trkpt lat="34.75102" lon="-120.11693">
        <ele>384.8</ele>
      </trkpt>
      <trkpt lat="34.75063" lon="-120.11682">
        <ele>381.5</ele>
      </trkpt>
      <trkpt lat="34.75036" lon="-120.11673">
        <ele>378.0</ele>
      </trkpt>
      <trkpt lat="34.75028" lon="-120.1167">
        <ele>377.0</ele>
      </trkpt>
      <trkpt lat="34.74999" lon="-120.11661">
        <ele>377.1</ele>
      </trkpt>
      <trkpt lat="34.74972" lon="-120.1165">
        <ele>376.6</ele>
      </trkpt>
      <trkpt lat="34.74956" lon="-120.11643">
        <ele>376.6</ele>
      </trkpt>
      <trkpt lat="34.74944" lon="-120.11637">
        <ele>376.5</ele>
      </trkpt>
      <trkpt lat="34.74928" lon="-120.11628">
        <ele>376.3</ele>
      </trkpt>
      <trkpt lat="34.74917" lon="-120.11622">
        <ele>375.8</ele>
      </trkpt>
      <trkpt lat="34.74902" lon="-120.11613">
        <ele>375.2</ele>
      </trkpt>
      <trkpt lat="34.74897" lon="-120.11611">
        <ele>375.0</ele>
      </trkpt>
      <trkpt lat="34.7489" lon="-120.11609">
        <ele>375.0</ele>
      </trkpt>
      <trkpt lat="34.74882" lon="-120.11607">
        <ele>375.0</ele>
      </trkpt>
      <trkpt lat="34.74871" lon="-120.11607">
        <ele>375.1</ele>
      </trkpt>
      <trkpt lat="34.74863" lon="-120.11608">
        <ele>375.1</ele>
      </trkpt>
      <trkpt lat="34.74856" lon="-120.11609">
        <ele>375.0</ele>
      </trkpt>
      <trkpt lat="34.74842" lon="-120.11613">
        <ele>374.8</ele>
      </trkpt>
      <trkpt lat="34.74828" lon="-120.11618">
        <ele>374.3</ele>
      </trkpt>
      <trkpt lat="34.74812" lon="-120.11624">
        <ele>373.8</ele>
      </trkpt>
      <trkpt lat="34.74807" lon="-120.11626">
        <ele>373.6</ele>
      </trkpt>
      <trkpt lat="34.74799" lon="-120.1163">
        <ele>373.3</ele>
      </trkpt>
      <trkpt lat="34.7479" lon="-120.11635">
        <ele>373.0</ele>
      </trkpt>
      <trkpt lat="34.7478" lon="-120.11642">
        <ele>372.9</ele>
      </trkpt>
      <trkpt lat="34.74778" lon="-120.11643">
        <ele>372.8</ele>
      </trkpt>
      <trkpt lat="34.74764" lon="-120.11654">
        <ele>372.9</ele>
      </trkpt>
      <trkpt lat="34.74721" lon="-120.11688">
        <ele>371.5</ele>
      </trkpt>
      <trkpt lat="34.74706" lon="-120.11701">
        <ele>371.0</ele>
      </trkpt>
      <trkpt lat="34.74659" lon="-120.11741">
        <ele>366.1</ele>
      </trkpt>
      <trkpt lat="34.74577" lon="-120.11805">
        <ele>363.8</ele>
      </trkpt>
      <trkpt lat="34.74568" lon="-120.11813">
        <ele>363.7</ele>
      </trkpt>
      <trkpt lat="34.7454" lon="-120.11835">
        <ele>363.2</ele>
      </trkpt>
      <trkpt lat="34.74516" lon="-120.11856">
        <ele>363.3</ele>
      </trkpt>
      <trkpt lat="34.74503" lon="-120.11865">
        <ele>363.1</ele>
      </trkpt>
      <trkpt lat="34.74491" lon="-120.11873">
        <ele>362.8</ele>
      </trkpt>
      <trkpt lat="34.7449" lon="-120.11874">
        <ele>362.8</ele>
      </trkpt>
      <trkpt lat="34.74466" lon="-120.11888">
        <ele>362.3</ele>
      </trkpt>
      <trkpt lat="34.74441" lon="-120.11904">
        <ele>362.1</ele>
      </trkpt>
      <trkpt lat="34.74397" lon="-120.1193">
        <ele>361.8</ele>
      </trkpt>
      <trkpt lat="34.74377" lon="-120.11942">
        <ele>361.8</ele>
      </trkpt>
      <trkpt lat="34.74283" lon="-120.11998">
        <ele>360.2</ele>
      </trkpt>
      <trkpt lat="34.74217" lon="-120.12037">
        <ele>356.1</ele>
      </trkpt>
      <trkpt lat="34.74201" lon="-120.12045">
        <ele>354.9</ele>
      </trkpt>
      <trkpt lat="34.74182" lon="-120.12055">
        <ele>353.7</ele>
      </trkpt>
      <trkpt lat="34.74163" lon="-120.12065">
        <ele>353.4</ele>
      </trkpt>
      <trkpt lat="34.74138" lon="-120.12078">
        <ele>353.4</ele>
      </trkpt>
      <trkpt lat="34.74119" lon="-120.12089">
        <ele>353.3</ele>
      </trkpt>
      <trkpt lat="34.74117" lon="-120.1209">
        <ele>353.3</ele>
      </trkpt>
      <trkpt lat="34.74105" lon="-120.12098">
        <ele>353.2</ele>
      </trkpt>
      <trkpt lat="34.74103" lon="-120.121">
        <ele>353.2</ele>
      </trkpt>
      <trkpt lat="34.74095" lon="-120.12105">
        <ele>353.1</ele>
      </trkpt>
      <trkpt lat="34.74074" lon="-120.12125">
        <ele>353.1</ele>
      </trkpt>
      <trkpt lat="34.74073" lon="-120.12125">
        <ele>353.1</ele>
      </trkpt>
      <trkpt lat="34.74059" lon="-120.12137">
        <ele>352.9</ele>
      </trkpt>
      <trkpt lat="34.74044" lon="-120.1215">
        <ele>352.9</ele>
      </trkpt>
      <trkpt lat="34.74033" lon="-120.12161">
        <ele>353.0</ele>
      </trkpt>
      <trkpt lat="34.74001" lon="-120.12188">
        <ele>352.3</ele>
      </trkpt>
      <trkpt lat="34.73995" lon="-120.12194">
        <ele>352.0</ele>
      </trkpt>
      <trkpt lat="34.73971" lon="-120.12214">
        <ele>350.5</ele>
      </trkpt>
      <trkpt lat="34.73957" lon="-120.12226">
        <ele>349.9</ele>
      </trkpt>
      <trkpt lat="34.73957" lon="-120.12227">
        <ele>350.0</ele>
      </trkpt>
      <trkpt lat="34.7394" lon="-120.12241">
        <ele>349.3</ele>
      </trkpt>
      <trkpt lat="34.73919" lon="-120.1226">
        <ele>348.2</ele>
      </trkpt>
      <trkpt lat="34.73913" lon="-120.12265">
        <ele>347.8</ele>
      </trkpt>
      <trkpt lat="34.73889" lon="-120.12286">
        <ele>345.6</ele>
      </trkpt>
      <trkpt lat="34.73854" lon="-120.12316">
        <ele>344.2</ele>
      </trkpt>
      <trkpt lat="34.73846" lon="-120.12323">
        <ele>343.9</ele>
      </trkpt>
      <trkpt lat="34.7384" lon="-120.12329">
        <ele>343.7</ele>
      </trkpt>
      <trkpt lat="34.7381" lon="-120.12354">
        <ele>340.7</ele>
      </trkpt>
      <trkpt lat="34.73796" lon="-120.12367">
        <ele>340.0</ele>
      </trkpt>
      <trkpt lat="34.73769" lon="-120.1239">
        <ele>339.3</ele>
      </trkpt>
      <trkpt lat="34.73767" lon="-120.12392">
        <ele>339.3</ele>
      </trkpt>
      <trkpt lat="34.73723" lon="-120.12431">
        <ele>339.1</ele>
      </trkpt>
      <trkpt lat="34.7372" lon="-120.12434">
        <ele>339.2</ele>
      </trkpt>
      <trkpt lat="34.73682" lon="-120.12467">
        <ele>338.7</ele>
      </trkpt>
      <trkpt lat="34.73631" lon="-120.12512">
        <ele>337.3</ele>
      </trkpt>
      <trkpt lat="34.7361" lon="-120.12531">
        <ele>337.4</ele>
      </trkpt>
      <trkpt lat="34.73608" lon="-120.12533">
        <ele>337.4</ele>
      </trkpt>
      <trkpt lat="34.73596" lon="-120.12544">
        <ele>336.9</ele>
      </trkpt>
      <trkpt lat="34.73576" lon="-120.12561">
        <ele>334.4</ele>
      </trkpt>
      <trkpt lat="34.73567" lon="-120.1257">
        <ele>332.7</ele>
      </trkpt>
      <trkpt lat="34.7355" lon="-120.12585">
        <ele>329.8</ele>
      </trkpt>
      <trkpt lat="34.73538" lon="-120.12596">
        <ele>329.3</ele>
      </trkpt>
      <trkpt lat="34.73519" lon="-120.12613">
        <ele>329.4</ele>
      </trkpt>
      <trkpt lat="34.73494" lon="-120.12636">
        <ele>328.6</ele>
      </trkpt>
      <trkpt lat="34.73473" lon="-120.12653">
        <ele>328.2</ele>
      </trkpt>
      <trkpt lat="34.73453" lon="-120.12666">
        <ele>327.5</ele>
      </trkpt>
      <trkpt lat="34.73448" lon="-120.1267">
        <ele>327.6</ele>
      </trkpt>
      <trkpt lat="34.73417" lon="-120.12691">
        <ele>327.8</ele>
      </trkpt>
      <trkpt lat="34.73416" lon="-120.12692">
        <ele>327.8</ele>
      </trkpt>
      <trkpt lat="34.73402" lon="-120.12702">
        <ele>327.7</ele>
      </trkpt>
      <trkpt lat="34.73389" lon="-120.12711">
        <ele>327.1</ele>
      </trkpt>
      <trkpt lat="34.73386" lon="-120.12713">
        <ele>326.9</ele>
      </trkpt>
      <trkpt lat="34.73355" lon="-120.12735">
        <ele>325.0</ele>
      </trkpt>
      <trkpt lat="34.7335" lon="-120.12738">
        <ele>324.9</ele>
      </trkpt>
      <trkpt lat="34.73339" lon="-120.12746">
        <ele>324.8</ele>
      </trkpt>
      <trkpt lat="34.73324" lon="-120.12757">
        <ele>324.8</ele>
      </trkpt>
      <trkpt lat="34.73308" lon="-120.12768">
        <ele>324.3</ele>
      </trkpt>
      <trkpt lat="34.73293" lon="-120.12779">
        <ele>324.3</ele>
      </trkpt>
      <trkpt lat="34.73257" lon="-120.12804">
        <ele>322.9</ele>
      </trkpt>
      <trkpt lat="34.7321" lon="-120.1284">
        <ele>318.8</ele>
      </trkpt>
      <trkpt lat="34.73199" lon="-120.12849">
        <ele>317.8</ele>
      </trkpt>
      <trkpt lat="34.73159" lon="-120.12889">
        <ele>317.0</ele>
      </trkpt>
      <trkpt lat="34.73145" lon="-120.12903">
        <ele>317.0</ele>
      </trkpt>
      <trkpt lat="34.73133" lon="-120.12915">
        <ele>317.1</ele>
      </trkpt>
      <trkpt lat="34.73091" lon="-120.1296">
        <ele>316.0</ele>
      </trkpt>
      <trkpt lat="34.73049" lon="-120.13003">
        <ele>314.6</ele>
      </trkpt>
      <trkpt lat="34.73003" lon="-120.13051">
        <ele>314.5</ele>
      </trkpt>
      <trkpt lat="34.72995" lon="-120.13059">
        <ele>314.1</ele>
      </trkpt>
      <trkpt lat="34.72926" lon="-120.13132">
        <ele>308.4</ele>
      </trkpt>
      <trkpt lat="34.72886" lon="-120.13174">
        <ele>308.1</ele>
      </trkpt>
      <trkpt lat="34.72879" lon="-120.13181">
        <ele>308.2</ele>
      </trkpt>
      <trkpt lat="34.72864" lon="-120.13196">
        <ele>308.2</ele>
      </trkpt>
      <trkpt lat="34.72845" lon="-120.13215">
        <ele>307.9</ele>
      </trkpt>
      <trkpt lat="34.72844" lon="-120.13216">
        <ele>307.9</ele>
      </trkpt>
      <trkpt lat="34.72833" lon="-120.13226">
        <ele>307.6</ele>
      </trkpt>
      <trkpt lat="34.7283" lon="-120.13229">
        <ele>307.5</ele>
      </trkpt>
      <trkpt lat="34.72818" lon="-120.1324">
        <ele>307.2</ele>
      </trkpt>
      <trkpt lat="34.728" lon="-120.13254">
        <ele>307.1</ele>
      </trkpt>
      <trkpt lat="34.72791" lon="-120.1326">
        <ele>307.2</ele>
      </trkpt>
      <trkpt lat="34.72781" lon="-120.13266">
        <ele>307.5</ele>
      </trkpt>
      <trkpt lat="34.72772" lon="-120.1327">
        <ele>307.8</ele>
      </trkpt>
      <trkpt lat="34.72765" lon="-120.13272">
        <ele>308.0</ele>
      </trkpt>
      <trkpt lat="34.7275" lon="-120.13276">
        <ele>308.0</ele>
      </trkpt>
      <trkpt lat="34.72729" lon="-120.13281">
        <ele>307.5</ele>
      </trkpt>
      <trkpt lat="34.72698" lon="-120.13288">
        <ele>307.2</ele>
      </trkpt>
      <trkpt lat="34.72688" lon="-120.13291">
        <ele>307.2</ele>
      </trkpt>
      <trkpt lat="34.72677" lon="-120.13294">
        <ele>306.9</ele>
      </trkpt>
      <trkpt lat="34.72665" lon="-120.13298">
        <ele>306.5</ele>
      </trkpt>
      <trkpt lat="34.72656" lon="-120.13302">
        <ele>306.1</ele>
      </trkpt>
      <trkpt lat="34.72634" lon="-120.13311">
        <ele>305.3</ele>
      </trkpt>
      <trkpt lat="34.72628" lon="-120.13313">
        <ele>305.3</ele>
      </trkpt>
      <trkpt lat="34.72619" lon="-120.13317">
        <ele>305.2</ele>
      </trkpt>
      <trkpt lat="34.72612" lon="-120.1332">
        <ele>305.1</ele>
      </trkpt>
      <trkpt lat="34.72602" lon="-120.13322">
        <ele>304.9</ele>
      </trkpt>
      <trkpt lat="34.72596" lon="-120.13324">
        <ele>304.7</ele>
      </trkpt>
      <trkpt lat="34.72589" lon="-120.13325">
        <ele>304.4</ele>
      </trkpt>
      <trkpt lat="34.72578" lon="-120.13325">
        <ele>304.0</ele>
      </trkpt>
      <trkpt lat="34.72551" lon="-120.13325">
        <ele>303.8</ele>
      </trkpt>
      <trkpt lat="34.72522" lon="-120.13324">
        <ele>303.8</ele>
      </trkpt>
      <trkpt lat="34.72455" lon="-120.13322">
        <ele>303.9</ele>
      </trkpt>
      <trkpt lat="34.72455" lon="-120.13322">
        <ele>303.9</ele>
      </trkpt>
      <trkpt lat="34.72452" lon="-120.13291">
        <ele>303.4</ele>
      </trkpt>
      <trkpt lat="34.72451" lon="-120.13282">
        <ele>303.2</ele>
      </trkpt>
      <trkpt lat="34.72448" lon="-120.13268">
        <ele>302.9</ele>
      </trkpt>
      <trkpt lat="34.72446" lon="-120.13256">
        <ele>302.9</ele>
      </trkpt>
      <trkpt lat="34.72444" lon="-120.13249">
        <ele>303.0</ele>
      </trkpt>
      <trkpt lat="34.7244" lon="-120.13237">
        <ele>303.1</ele>
      </trkpt>
      <trkpt lat="34.72435" lon="-120.13225">
        <ele>303.2</ele>
      </trkpt>
      <trkpt lat="34.7243" lon="-120.13213">
        <ele>303.4</ele>
      </trkpt>
      <trkpt lat="34.72419" lon="-120.13194">
        <ele>303.3</ele>
      </trkpt>
      <trkpt lat="34.72414" lon="-120.13186">
        <ele>303.3</ele>
      </trkpt>
      <trkpt lat="34.72407" lon="-120.13177">
        <ele>303.5</ele>
      </trkpt>
      <trkpt lat="34.72392" lon="-120.13161">
        <ele>304.5</ele>
      </trkpt>
      <trkpt lat="34.72347" lon="-120.13131">
        <ele>307.2</ele>
      </trkpt>
      <trkpt lat="34.72331" lon="-120.13121">
        <ele>307.6</ele>
      </trkpt>
      <trkpt lat="34.72315" lon="-120.1311">
        <ele>308.0</ele>
      </trkpt>
      <trkpt lat="34.72268" lon="-120.13078">
        <ele>307.9</ele>
      </trkpt>
      <trkpt lat="34.72222" lon="-120.1306">
        <ele>304.3</ele>
      </trkpt>
      <trkpt lat="34.72205" lon="-120.13053">
        <ele>304.2</ele>
      </trkpt>
      <trkpt lat="34.72156" lon="-120.13033">
        <ele>303.3</ele>
      </trkpt>
      <trkpt lat="34.72118" lon="-120.13019">
        <ele>302.3</ele>
      </trkpt>
      <trkpt lat="34.72051" lon="-120.12995">
        <ele>302.4</ele>
      </trkpt>
      <trkpt lat="34.72034" lon="-120.12989">
        <ele>302.7</ele>
      </trkpt>
      <trkpt lat="34.71967" lon="-120.12965">
        <ele>303.3</ele>
      </trkpt>
      <trkpt lat="34.71947" lon="-120.12957">
        <ele>302.7</ele>
      </trkpt>
      <trkpt lat="34.7193" lon="-120.1295">
        <ele>301.8</ele>
      </trkpt>
      <trkpt lat="34.71925" lon="-120.12948">
        <ele>301.5</ele>
      </trkpt>
      <trkpt lat="34.71916" lon="-120.12945">
        <ele>300.8</ele>
      </trkpt>
      <trkpt lat="34.71913" lon="-120.12944">
        <ele>300.4</ele>
      </trkpt>
      <trkpt lat="34.71899" lon="-120.12937">
        <ele>299.1</ele>
      </trkpt>
      <trkpt lat="34.71896" lon="-120.12936">
        <ele>298.9</ele>
      </trkpt>
      <trkpt lat="34.71895" lon="-120.12935">
        <ele>298.9</ele>
      </trkpt>
      <trkpt lat="34.7188" lon="-120.12927">
        <ele>298.3</ele>
      </trkpt>
      <trkpt lat="34.71869" lon="-120.1292">
        <ele>298.3</ele>
      </trkpt>
      <trkpt lat="34.71864" lon="-120.12917">
        <ele>298.3</ele>
      </trkpt>
      <trkpt lat="34.71857" lon="-120.12912">
        <ele>298.4</ele>
      </trkpt>
      <trkpt lat="34.71835" lon="-120.12892">
        <ele>300.1</ele>
      </trkpt>
      <trkpt lat="34.71816" lon="-120.12869">
        <ele>301.9</ele>
      </trkpt>
      <trkpt lat="34.7181" lon="-120.12863">
        <ele>302.5</ele>
      </trkpt>
      <trkpt lat="34.71804" lon="-120.12853">
        <ele>303.4</ele>
      </trkpt>
      <trkpt lat="34.718" lon="-120.12846">
        <ele>304.1</ele>
      </trkpt>
      <trkpt lat="34.71791" lon="-120.12832">
        <ele>305.3</ele>
      </trkpt>
      <trkpt lat="34.71787" lon="-120.12823">
        <ele>305.9</ele>
      </trkpt>
      <trkpt lat="34.71782" lon="-120.12811">
        <ele>306.7</ele>
      </trkpt>
      <trkpt lat="34.71776" lon="-120.12797">
        <ele>307.6</ele>
      </trkpt>
      <trkpt lat="34.71776" lon="-120.12796">
        <ele>307.7</ele>
      </trkpt>
      <trkpt lat="34.71769" lon="-120.12777">
        <ele>308.9</ele>
      </trkpt>
      <trkpt lat="34.71765" lon="-120.12766">
        <ele>309.7</ele>
      </trkpt>
      <trkpt lat="34.71762" lon="-120.12757">
        <ele>310.4</ele>
      </trkpt>
      <trkpt lat="34.71758" lon="-120.12744">
        <ele>311.6</ele>
      </trkpt>
      <trkpt lat="34.71747" lon="-120.12714">
        <ele>315.7</ele>
      </trkpt>
      <trkpt lat="34.7174" lon="-120.12694">
        <ele>317.3</ele>
      </trkpt>
      <trkpt lat="34.71737" lon="-120.12687">
        <ele>317.5</ele>
      </trkpt>
      <trkpt lat="34.71733" lon="-120.12677">
        <ele>317.9</ele>
      </trkpt>
      <trkpt lat="34.71729" lon="-120.12667">
        <ele>318.6</ele>
      </trkpt>
      <trkpt lat="34.71725" lon="-120.12659">
        <ele>319.4</ele>
      </trkpt>
      <trkpt lat="34.71721" lon="-120.12652">
        <ele>320.1</ele>
      </trkpt>
      <trkpt lat="34.7172" lon="-120.1265">
        <ele>320.3</ele>
      </trkpt>
      <trkpt lat="34.71713" lon="-120.1264">
        <ele>321.4</ele>
      </trkpt>
      <trkpt lat="34.71703" lon="-120.12626">
        <ele>323.8</ele>
      </trkpt>
      <trkpt lat="34.71688" lon="-120.12609">
        <ele>328.1</ele>
      </trkpt>
      <trkpt lat="34.71664" lon="-120.12588">
        <ele>333.3</ele>
      </trkpt>
      <trkpt lat="34.71652" lon="-120.12581">
        <ele>333.8</ele>
      </trkpt>
      <trkpt lat="34.71634" lon="-120.12572">
        <ele>333.8</ele>
      </trkpt>
      <trkpt lat="34.71608" lon="-120.12563">
        <ele>333.7</ele>
      </trkpt>
      <trkpt lat="34.71607" lon="-120.12562">
        <ele>333.9</ele>
      </trkpt>
      <trkpt lat="34.71577" lon="-120.12556">
        <ele>336.4</ele>
      </trkpt>
      <trkpt lat="34.71572" lon="-120.12556">
        <ele>336.6</ele>
      </trkpt>
      <trkpt lat="34.71557" lon="-120.12555">
        <ele>337.6</ele>
      </trkpt>
      <trkpt lat="34.71554" lon="-120.12555">
        <ele>337.9</ele>
      </trkpt>
      <trkpt lat="34.71542" lon="-120.12555">
        <ele>339.5</ele>
      </trkpt>
      <trkpt lat="34.71525" lon="-120.12559">
        <ele>343.9</ele>
      </trkpt>
      <trkpt lat="34.71519" lon="-120.12561">
        <ele>345.2</ele>
      </trkpt>
      <trkpt lat="34.71508" lon="-120.12564">
        <ele>345.9</ele>
      </trkpt>
      <trkpt lat="34.71484" lon="-120.12573">
        <ele>347.1</ele>
      </trkpt>
      <trkpt lat="34.71451" lon="-120.12591">
        <ele>351.9</ele>
      </trkpt>
      <trkpt lat="34.71434" lon="-120.12597">
        <ele>354.9</ele>
      </trkpt>
      <trkpt lat="34.71418" lon="-120.12603">
        <ele>357.4</ele>
      </trkpt>
      <trkpt lat="34.71409" lon="-120.12605">
        <ele>358.1</ele>
      </trkpt>
      <trkpt lat="34.71399" lon="-120.12607">
        <ele>359.3</ele>
      </trkpt>
      <trkpt lat="34.71388" lon="-120.12609">
        <ele>360.6</ele>
      </trkpt>
      <trkpt lat="34.71375" lon="-120.1261">
        <ele>362.1</ele>
      </trkpt>
      <trkpt lat="34.71363" lon="-120.12609">
        <ele>363.3</ele>
      </trkpt>
      <trkpt lat="34.71359" lon="-120.12608">
        <ele>363.6</ele>
      </trkpt>
      <trkpt lat="34.71337" lon="-120.12601">
        <ele>365.1</ele>
      </trkpt>
      <trkpt lat="34.71325" lon="-120.12598">
        <ele>366.3</ele>
      </trkpt>
      <trkpt lat="34.71321" lon="-120.12596">
        <ele>366.8</ele>
      </trkpt>
      <trkpt lat="34.71294" lon="-120.12588">
        <ele>370.4</ele>
      </trkpt>
      <trkpt lat="34.71287" lon="-120.12586">
        <ele>371.1</ele>
      </trkpt>
      <trkpt lat="34.71286" lon="-120.12586">
        <ele>371.2</ele>
      </trkpt>
      <trkpt lat="34.71273" lon="-120.12584">
        <ele>372.2</ele>
      </trkpt>
      <trkpt lat="34.71268" lon="-120.12583">
        <ele>372.5</ele>
      </trkpt>
      <trkpt lat="34.71254" lon="-120.12582">
        <ele>373.3</ele>
      </trkpt>
      <trkpt lat="34.7124" lon="-120.12582">
        <ele>373.9</ele>
      </trkpt>
      <trkpt lat="34.71238" lon="-120.12582">
        <ele>374.0</ele>
      </trkpt>
      <trkpt lat="34.71232" lon="-120.12582">
        <ele>374.1</ele>
      </trkpt>
      <trkpt lat="34.71214" lon="-120.12585">
        <ele>374.4</ele>
      </trkpt>
      <trkpt lat="34.71212" lon="-120.12585">
        <ele>374.4</ele>
      </trkpt>
      <trkpt lat="34.71205" lon="-120.12588">
        <ele>374.6</ele>
      </trkpt>
      <trkpt lat="34.71187" lon="-120.12595">
        <ele>374.8</ele>
      </trkpt>
      <trkpt lat="34.71171" lon="-120.12604">
        <ele>374.6</ele>
      </trkpt>
      <trkpt lat="34.71161" lon="-120.12611">
        <ele>374.1</ele>
      </trkpt>
      <trkpt lat="34.71127" lon="-120.12642">
        <ele>369.6</ele>
      </trkpt>
      <trkpt lat="34.71122" lon="-120.12646">
        <ele>369.3</ele>
      </trkpt>
      <trkpt lat="34.71079" lon="-120.12689">
        <ele>369.7</ele>
      </trkpt>
      <trkpt lat="34.71077" lon="-120.12692">
        <ele>369.8</ele>
      </trkpt>
      <trkpt lat="34.71071" lon="-120.12697">
        <ele>370.3</ele>
      </trkpt>
      <trkpt lat="34.71057" lon="-120.12711">
        <ele>370.8</ele>
      </trkpt>
      <trkpt lat="34.71051" lon="-120.12717">
        <ele>370.9</ele>
      </trkpt>
      <trkpt lat="34.71044" lon="-120.12725">
        <ele>370.7</ele>
      </trkpt>
      <trkpt lat="34.71034" lon="-120.12734">
        <ele>370.7</ele>
      </trkpt>
      <trkpt lat="34.7103" lon="-120.12738">
        <ele>370.6</ele>
      </trkpt>
      <trkpt lat="34.7101" lon="-120.12758">
        <ele>372.7</ele>
      </trkpt>
      <trkpt lat="34.71002" lon="-120.12766">
        <ele>372.9</ele>
      </trkpt>
      <trkpt lat="34.70993" lon="-120.12775">
        <ele>372.7</ele>
      </trkpt>
      <trkpt lat="34.70936" lon="-120.1282">
        <ele>368.8</ele>
      </trkpt>
      <trkpt lat="34.70927" lon="-120.12827">
        <ele>368.4</ele>
      </trkpt>
      <trkpt lat="34.7092" lon="-120.12832">
        <ele>368.4</ele>
      </trkpt>
      <trkpt lat="34.70912" lon="-120.12838">
        <ele>368.6</ele>
      </trkpt>
      <trkpt lat="34.70905" lon="-120.12843">
        <ele>368.9</ele>
      </trkpt>
      <trkpt lat="34.70897" lon="-120.1285">
        <ele>369.0</ele>
      </trkpt>
      <trkpt lat="34.7089" lon="-120.12855">
        <ele>369.0</ele>
      </trkpt>
      <trkpt lat="34.70869" lon="-120.12871">
        <ele>368.1</ele>
      </trkpt>
      <trkpt lat="34.7083" lon="-120.129">
        <ele>367.8</ele>
      </trkpt>
      <trkpt lat="34.70829" lon="-120.12901">
        <ele>367.8</ele>
      </trkpt>
      <trkpt lat="34.70819" lon="-120.12906">
        <ele>367.9</ele>
      </trkpt>
      <trkpt lat="34.70812" lon="-120.1291">
        <ele>367.8</ele>
      </trkpt>
      <trkpt lat="34.70803" lon="-120.12915">
        <ele>367.4</ele>
      </trkpt>
      <trkpt lat="34.70796" lon="-120.12919">
        <ele>367.1</ele>
      </trkpt>
      <trkpt lat="34.70789" lon="-120.12922">
        <ele>366.8</ele>
      </trkpt>
      <trkpt lat="34.70786" lon="-120.12923">
        <ele>366.7</ele>
      </trkpt>
      <trkpt lat="34.70779" lon="-120.12925">
        <ele>366.4</ele>
      </trkpt>
      <trkpt lat="34.70769" lon="-120.12928">
        <ele>365.7</ele>
      </trkpt>
      <trkpt lat="34.70753" lon="-120.12933">
        <ele>364.3</ele>
      </trkpt>
      <trkpt lat="34.70726" lon="-120.12934">
        <ele>362.7</ele>
      </trkpt>
      <trkpt lat="34.7071" lon="-120.12935">
        <ele>361.3</ele>
      </trkpt>
      <trkpt lat="34.70708" lon="-120.12935">
        <ele>361.2</ele>
      </trkpt>
      <trkpt lat="34.70698" lon="-120.12934">
        <ele>360.4</ele>
      </trkpt>
      <trkpt lat="34.7069" lon="-120.12934">
        <ele>359.5</ele>
      </trkpt>
      <trkpt lat="34.7068" lon="-120.12933">
        <ele>358.5</ele>
      </trkpt>
      <trkpt lat="34.70672" lon="-120.12933">
        <ele>357.8</ele>
      </trkpt>
      <trkpt lat="34.70664" lon="-120.12933">
        <ele>357.4</ele>
      </trkpt>
      <trkpt lat="34.70662" lon="-120.12933">
        <ele>357.4</ele>
      </trkpt>
      <trkpt lat="34.70654" lon="-120.12932">
        <ele>357.5</ele>
      </trkpt>
      <trkpt lat="34.70644" lon="-120.12931">
        <ele>357.8</ele>
      </trkpt>
      <trkpt lat="34.70592" lon="-120.12928">
        <ele>361.2</ele>
      </trkpt>
      <trkpt lat="34.70572" lon="-120.12927">
        <ele>360.9</ele>
      </trkpt>
      <trkpt lat="34.70554" lon="-120.12927">
        <ele>359.5</ele>
      </trkpt>
      <trkpt lat="34.7052" lon="-120.12925">
        <ele>355.5</ele>
      </trkpt>
      <trkpt lat="34.70482" lon="-120.12923">
        <ele>349.8</ele>
      </trkpt>
      <trkpt lat="34.70444" lon="-120.12921">
        <ele>347.3</ele>
      </trkpt>
      <trkpt lat="34.7041" lon="-120.12919">
        <ele>346.3</ele>
      </trkpt>
      <trkpt lat="34.70396" lon="-120.12918">
        <ele>346.2</ele>
      </trkpt>
      <trkpt lat="34.70392" lon="-120.12917">
        <ele>346.2</ele>
      </trkpt>
      <trkpt lat="34.70374" lon="-120.12915">
        <ele>345.9</ele>
      </trkpt>
      <trkpt lat="34.70364" lon="-120.12914">
        <ele>345.2</ele>
      </trkpt>
      <trkpt lat="34.70327" lon="-120.12904">
        <ele>341.2</ele>
      </trkpt>
      <trkpt lat="34.70322" lon="-120.12901">
        <ele>340.5</ele>
      </trkpt>
      <trkpt lat="34.70314" lon="-120.12898">
        <ele>339.6</ele>
      </trkpt>
      <trkpt lat="34.70305" lon="-120.12893">
        <ele>338.6</ele>
      </trkpt>
      <trkpt lat="34.70293" lon="-120.12887">
        <ele>337.3</ele>
      </trkpt>
      <trkpt lat="34.70288" lon="-120.12885">
        <ele>336.7</ele>
      </trkpt>
      <trkpt lat="34.70281" lon="-120.12881">
        <ele>335.9</ele>
      </trkpt>
      <trkpt lat="34.70258" lon="-120.12867">
        <ele>333.4</ele>
      </trkpt>
      <trkpt lat="34.70222" lon="-120.1284">
        <ele>333.9</ele>
      </trkpt>
      <trkpt lat="34.70204" lon="-120.12826">
        <ele>334.3</ele>
      </trkpt>
      <trkpt lat="34.70196" lon="-120.1282">
        <ele>334.3</ele>
      </trkpt>
      <trkpt lat="34.70195" lon="-120.12819">
        <ele>334.3</ele>
      </trkpt>
      <trkpt lat="34.70179" lon="-120.12808">
        <ele>333.9</ele>
      </trkpt>
      <trkpt lat="34.70173" lon="-120.12803">
        <ele>333.4</ele>
      </trkpt>
      <trkpt lat="34.70163" lon="-120.12799">
        <ele>332.5</ele>
      </trkpt>
      <trkpt lat="34.70145" lon="-120.12791">
        <ele>330.7</ele>
      </trkpt>
      <trkpt lat="34.70129" lon="-120.12785">
        <ele>330.0</ele>
      </trkpt>
      <trkpt lat="34.70122" lon="-120.12783">
        <ele>329.6</ele>
      </trkpt>
      <trkpt lat="34.70104" lon="-120.12776">
        <ele>327.9</ele>
      </trkpt>
      <trkpt lat="34.70045" lon="-120.12756">
        <ele>319.9</ele>
      </trkpt>
      <trkpt lat="34.70008" lon="-120.12742">
        <ele>314.7</ele>
      </trkpt>
      <trkpt lat="34.69995" lon="-120.12737">
        <ele>313.6</ele>
      </trkpt>
      <trkpt lat="34.69991" lon="-120.12736">
        <ele>313.3</ele>
      </trkpt>
      <trkpt lat="34.69953" lon="-120.12722">
        <ele>310.8</ele>
      </trkpt>
      <trkpt lat="34.69922" lon="-120.12711">
        <ele>309.2</ele>
      </trkpt>
      <trkpt lat="34.69911" lon="-120.12707">
        <ele>308.5</ele>
      </trkpt>
      <trkpt lat="34.69905" lon="-120.12706">
        <ele>308.0</ele>
      </trkpt>
      <trkpt lat="34.6987" lon="-120.12698">
        <ele>303.6</ele>
      </trkpt>
      <trkpt lat="34.69869" lon="-120.12697">
        <ele>303.4</ele>
      </trkpt>
      <trkpt lat="34.69834" lon="-120.1269">
        <ele>299.9</ele>
      </trkpt>
      <trkpt lat="34.69826" lon="-120.12689">
        <ele>299.8</ele>
      </trkpt>
      <trkpt lat="34.69816" lon="-120.12687">
        <ele>299.5</ele>
      </trkpt>
      <trkpt lat="34.69808" lon="-120.12686">
        <ele>299.5</ele>
      </trkpt>
      <trkpt lat="34.69772" lon="-120.12681">
        <ele>298.8</ele>
      </trkpt>
      <trkpt lat="34.69765" lon="-120.12681">
        <ele>298.8</ele>
      </trkpt>
      <trkpt lat="34.69762" lon="-120.1268">
        <ele>298.7</ele>
      </trkpt>
      <trkpt lat="34.69744" lon="-120.12679">
        <ele>298.6</ele>
      </trkpt>
      <trkpt lat="34.69737" lon="-120.12679">
        <ele>298.5</ele>
      </trkpt>
      <trkpt lat="34.69726" lon="-120.12678">
        <ele>298.0</ele>
      </trkpt>
      <trkpt lat="34.69714" lon="-120.12677">
        <ele>297.2</ele>
      </trkpt>
      <trkpt lat="34.6969" lon="-120.12676">
        <ele>294.5</ele>
      </trkpt>
      <trkpt lat="34.69683" lon="-120.12676">
        <ele>293.9</ele>
      </trkpt>
      <trkpt lat="34.69679" lon="-120.12675">
        <ele>293.5</ele>
      </trkpt>
      <trkpt lat="34.69672" lon="-120.12675">
        <ele>293.1</ele>
      </trkpt>
      <trkpt lat="34.69659" lon="-120.12675">
        <ele>292.7</ele>
      </trkpt>
      <trkpt lat="34.69624" lon="-120.12678">
        <ele>293.7</ele>
      </trkpt>
      <trkpt lat="34.69575" lon="-120.12683">
        <ele>294.1</ele>
      </trkpt>
      <trkpt lat="34.69565" lon="-120.12684">
        <ele>294.6</ele>
      </trkpt>
      <trkpt lat="34.69557" lon="-120.12685">
        <ele>294.9</ele>
      </trkpt>
      <trkpt lat="34.69521" lon="-120.12688">
        <ele>294.5</ele>
      </trkpt>
      <trkpt lat="34.69475" lon="-120.12692">
        <ele>294.3</ele>
      </trkpt>
      <trkpt lat="34.69467" lon="-120.12693">
        <ele>294.0</ele>
      </trkpt>
      <trkpt lat="34.69443" lon="-120.12695">
        <ele>292.9</ele>
      </trkpt>
      <trkpt lat="34.69439" lon="-120.12696">
        <ele>292.8</ele>
      </trkpt>
      <trkpt lat="34.69419" lon="-120.12699">
        <ele>292.6</ele>
      </trkpt>
      <trkpt lat="34.69418" lon="-120.12699">
        <ele>292.5</ele>
      </trkpt>
      <trkpt lat="34.69401" lon="-120.12704">
        <ele>292.3</ele>
      </trkpt>
      <trkpt lat="34.69396" lon="-120.12705">
        <ele>292.3</ele>
      </trkpt>
      <trkpt lat="34.69387" lon="-120.12707">
        <ele>292.2</ele>
      </trkpt>
      <trkpt lat="34.69378" lon="-120.12711">
        <ele>292.2</ele>
      </trkpt>
      <trkpt lat="34.69362" lon="-120.12718">
        <ele>292.2</ele>
      </trkpt>
      <trkpt lat="34.69347" lon="-120.12725">
        <ele>291.9</ele>
      </trkpt>
      <trkpt lat="34.69177" lon="-120.12804">
        <ele>287.0</ele>
      </trkpt>
      <trkpt lat="34.69143" lon="-120.1282">
        <ele>285.5</ele>
      </trkpt>
      <trkpt lat="34.69126" lon="-120.12827">
        <ele>284.7</ele>
      </trkpt>
      <trkpt lat="34.6911" lon="-120.12835">
        <ele>284.9</ele>
      </trkpt>
      <trkpt lat="34.69042" lon="-120.12866">
        <ele>281.6</ele>
      </trkpt>
      <trkpt lat="34.68958" lon="-120.12906">
        <ele>278.8</ele>
      </trkpt>
      <trkpt lat="34.68942" lon="-120.12913">
        <ele>278.9</ele>
      </trkpt>
      <trkpt lat="34.68914" lon="-120.12926">
        <ele>279.0</ele>
      </trkpt>
      <trkpt lat="34.68883" lon="-120.1294">
        <ele>279.2</ele>
      </trkpt>
      <trkpt lat="34.68858" lon="-120.12948">
        <ele>278.9</ele>
      </trkpt>
      <trkpt lat="34.68838" lon="-120.12952">
        <ele>278.4</ele>
      </trkpt>
      <trkpt lat="34.68819" lon="-120.12953">
        <ele>278.3</ele>
      </trkpt>
      <trkpt lat="34.68744" lon="-120.12947">
        <ele>277.8</ele>
      </trkpt>
      <trkpt lat="34.68682" lon="-120.12939">
        <ele>278.4</ele>
      </trkpt>
      <trkpt lat="34.6866" lon="-120.12934">
        <ele>278.9</ele>
      </trkpt>
      <trkpt lat="34.68565" lon="-120.12912">
        <ele>278.0</ele>
      </trkpt>
      <trkpt lat="34.68554" lon="-120.12909">
        <ele>278.0</ele>
      </trkpt>
      <trkpt lat="34.68548" lon="-120.12907">
        <ele>278.0</ele>
      </trkpt>
      <trkpt lat="34.68495" lon="-120.12894">
        <ele>277.4</ele>
      </trkpt>
      <trkpt lat="34.68477" lon="-120.1289">
        <ele>277.8</ele>
      </trkpt>
      <trkpt lat="34.6846" lon="-120.12886">
        <ele>277.8</ele>
      </trkpt>
      <trkpt lat="34.68442" lon="-120.12881">
        <ele>277.8</ele>
      </trkpt>
      <trkpt lat="34.68424" lon="-120.12877">
        <ele>277.3</ele>
      </trkpt>
      <trkpt lat="34.68336" lon="-120.12855">
        <ele>276.4</ele>
      </trkpt>
      <trkpt lat="34.68283" lon="-120.12842">
        <ele>274.1</ele>
      </trkpt>
      <trkpt lat="34.68266" lon="-120.12838">
        <ele>272.4</ele>
      </trkpt>
      <trkpt lat="34.68248" lon="-120.12834">
        <ele>270.8</ele>
      </trkpt>
      <trkpt lat="34.68213" lon="-120.12825">
        <ele>269.2</ele>
      </trkpt>
      <trkpt lat="34.68195" lon="-120.12821">
        <ele>268.9</ele>
      </trkpt>
      <trkpt lat="34.68178" lon="-120.12816">
        <ele>268.9</ele>
      </trkpt>
      <trkpt lat="34.68177" lon="-120.12816">
        <ele>268.9</ele>
      </trkpt>
      <trkpt lat="34.6816" lon="-120.12811">
        <ele>268.6</ele>
      </trkpt>
      <trkpt lat="34.68136" lon="-120.12805">
        <ele>267.6</ele>
      </trkpt>
      <trkpt lat="34.68118" lon="-120.12797">
        <ele>266.7</ele>
      </trkpt>
      <trkpt lat="34.68109" lon="-120.12791">
        <ele>266.5</ele>
      </trkpt>
      <trkpt lat="34.68098" lon="-120.12783">
        <ele>266.3</ele>
      </trkpt>
      <trkpt lat="34.68094" lon="-120.12779">
        <ele>266.3</ele>
      </trkpt>
      <trkpt lat="34.68085" lon="-120.12771">
        <ele>266.2</ele>
      </trkpt>
      <trkpt lat="34.68067" lon="-120.12753">
        <ele>266.3</ele>
      </trkpt>
      <trkpt lat="34.67957" lon="-120.12637">
        <ele>267.4</ele>
      </trkpt>
      <trkpt lat="34.67944" lon="-120.12623">
        <ele>266.9</ele>
      </trkpt>
      <trkpt lat="34.6793" lon="-120.12608">
        <ele>266.2</ele>
      </trkpt>
      <trkpt lat="34.67917" lon="-120.12594">
        <ele>265.6</ele>
      </trkpt>
      <trkpt lat="34.67903" lon="-120.1258">
        <ele>265.4</ele>
      </trkpt>
      <trkpt lat="34.67849" lon="-120.12522">
        <ele>265.9</ele>
      </trkpt>
      <trkpt lat="34.67801" lon="-120.12474">
        <ele>266.5</ele>
      </trkpt>
      <trkpt lat="34.67786" lon="-120.12462">
        <ele>266.7</ele>
      </trkpt>
      <trkpt lat="34.67777" lon="-120.12457">
        <ele>266.7</ele>
      </trkpt>
      <trkpt lat="34.6776" lon="-120.12448">
        <ele>265.9</ele>
      </trkpt>
      <trkpt lat="34.67757" lon="-120.12447">
        <ele>265.8</ele>
      </trkpt>
      <trkpt lat="34.67717" lon="-120.12428">
        <ele>266.5</ele>
      </trkpt>
      <trkpt lat="34.6769" lon="-120.12417">
        <ele>266.6</ele>
      </trkpt>
      <trkpt lat="34.67672" lon="-120.12411">
        <ele>266.6</ele>
      </trkpt>
      <trkpt lat="34.67589" lon="-120.12378">
        <ele>266.6</ele>
      </trkpt>
      <trkpt lat="34.67502" lon="-120.12344">
        <ele>265.9</ele>
      </trkpt>
      <trkpt lat="34.67482" lon="-120.12337">
        <ele>265.5</ele>
      </trkpt>
      <trkpt lat="34.67433" lon="-120.12318">
        <ele>263.9</ele>
      </trkpt>
      <trkpt lat="34.67422" lon="-120.12313">
        <ele>263.5</ele>
      </trkpt>
      <trkpt lat="34.67376" lon="-120.12295">
        <ele>262.9</ele>
      </trkpt>
      <trkpt lat="34.67357" lon="-120.12288">
        <ele>262.9</ele>
      </trkpt>
      <trkpt lat="34.67344" lon="-120.12284">
        <ele>262.9</ele>
      </trkpt>
      <trkpt lat="34.67334" lon="-120.12282">
        <ele>262.8</ele>
      </trkpt>
      <trkpt lat="34.67323" lon="-120.12282">
        <ele>262.8</ele>
      </trkpt>
      <trkpt lat="34.67302" lon="-120.12281">
        <ele>262.6</ele>
      </trkpt>
      <trkpt lat="34.67235" lon="-120.12284">
        <ele>261.7</ele>
      </trkpt>
      <trkpt lat="34.67158" lon="-120.12284">
        <ele>260.7</ele>
      </trkpt>
      <trkpt lat="34.67058" lon="-120.12287">
        <ele>258.6</ele>
      </trkpt>
      <trkpt lat="34.66976" lon="-120.12288">
        <ele>257.2</ele>
      </trkpt>
      <trkpt lat="34.66903" lon="-120.1229">
        <ele>255.9</ele>
      </trkpt>
      <trkpt lat="34.66865" lon="-120.12292">
        <ele>255.1</ele>
      </trkpt>
      <trkpt lat="34.6682" lon="-120.12293">
        <ele>254.5</ele>
      </trkpt>
      <trkpt lat="34.66802" lon="-120.12293">
        <ele>254.3</ele>
      </trkpt>
      <trkpt lat="34.66796" lon="-120.12294">
        <ele>254.2</ele>
      </trkpt>
      <trkpt lat="34.66784" lon="-120.12294">
        <ele>254.1</ele>
      </trkpt>
      <trkpt lat="34.66766" lon="-120.12295">
        <ele>253.9</ele>
      </trkpt>
      <trkpt lat="34.66766" lon="-120.12295">
        <ele>253.9</ele>
      </trkpt>
      <trkpt lat="34.66765" lon="-120.12247">
        <ele>253.3</ele>
      </trkpt>
      <trkpt lat="34.66764" lon="-120.12224">
        <ele>253.1</ele>
      </trkpt>
      <trkpt lat="34.66763" lon="-120.12203">
        <ele>253.0</ele>
      </trkpt>
      <trkpt lat="34.66762" lon="-120.12175">
        <ele>252.8</ele>
      </trkpt>
      <trkpt lat="34.66761" lon="-120.12162">
        <ele>252.7</ele>
      </trkpt>
      <trkpt lat="34.66756" lon="-120.12145">
        <ele>252.6</ele>
      </trkpt>
      <trkpt lat="34.66753" lon="-120.12139">
        <ele>252.6</ele>
      </trkpt>
      <trkpt lat="34.6675" lon="-120.12135">
        <ele>252.6</ele>
      </trkpt>
      <trkpt lat="34.66746" lon="-120.12132">
        <ele>252.5</ele>
      </trkpt>
      <trkpt lat="34.66735" lon="-120.12128">
        <ele>252.5</ele>
      </trkpt>
      <trkpt lat="34.6672" lon="-120.12128">
        <ele>252.5</ele>
      </trkpt>
      <trkpt lat="34.66663" lon="-120.1213">
        <ele>252.0</ele>
      </trkpt>
      <trkpt lat="34.66613" lon="-120.1213">
        <ele>251.1</ele>
      </trkpt>
      <trkpt lat="34.66598" lon="-120.12131">
        <ele>250.9</ele>
      </trkpt>
      <trkpt lat="34.66576" lon="-120.12131">
        <ele>250.4</ele>
      </trkpt>
      <trkpt lat="34.66574" lon="-120.1213">
        <ele>250.4</ele>
      </trkpt>
      <trkpt lat="34.66569" lon="-120.12126">
        <ele>250.3</ele>
      </trkpt>
      <trkpt lat="34.66566" lon="-120.12122">
        <ele>250.2</ele>
      </trkpt>
      <trkpt lat="34.66566" lon="-120.12122">
        <ele>250.2</ele>
      </trkpt>
      <trkpt lat="34.66564" lon="-120.12118">
        <ele>250.2</ele>
      </trkpt>
      <trkpt lat="34.66562" lon="-120.12106">
        <ele>250.2</ele>
      </trkpt>
      <trkpt lat="34.66562" lon="-120.11978">
        <ele>250.6</ele>
      </trkpt>
      <trkpt lat="34.6656" lon="-120.1187">
        <ele>249.4</ele>
      </trkpt>
      <trkpt lat="34.66559" lon="-120.11829">
        <ele>245.5</ele>
      </trkpt>
      <trkpt lat="34.66558" lon="-120.11796">
        <ele>245.9</ele>
      </trkpt>
      <trkpt lat="34.66555" lon="-120.11674">
        <ele>247.7</ele>
      </trkpt>
      <trkpt lat="34.66553" lon="-120.1155">
        <ele>249.6</ele>
      </trkpt>
      <trkpt lat="34.66552" lon="-120.11504">
        <ele>249.7</ele>
      </trkpt>
      <trkpt lat="34.66551" lon="-120.1144">
        <ele>249.5</ele>
      </trkpt>
      <trkpt lat="34.66552" lon="-120.11377">
        <ele>249.9</ele>
      </trkpt>
      <trkpt lat="34.66552" lon="-120.11336">
        <ele>250.3</ele>
      </trkpt>
      <trkpt lat="34.66552" lon="-120.11336">
        <ele>250.3</ele>
      </trkpt>
      <trkpt lat="34.66568" lon="-120.11335">
        <ele>250.4</ele>
      </trkpt>
      <trkpt lat="34.66568" lon="-120.11335">
        <ele>250.4</ele>
      </trkpt>
      <trkpt lat="34.66552" lon="-120.11336">
        <ele>250.3</ele>
      </trkpt>
      <trkpt lat="34.66552" lon="-120.11336">
        <ele>250.3</ele>
      </trkpt>
      <trkpt lat="34.66552" lon="-120.11377">
        <ele>249.9</ele>
      </trkpt>
      <trkpt lat="34.66551" lon="-120.1144">
        <ele>249.5</ele>
      </trkpt>
      <trkpt lat="34.66552" lon="-120.11504">
        <ele>249.7</ele>
      </trkpt>
      <trkpt lat="34.66552" lon="-120.11504">
        <ele>249.7</ele>
      </trkpt>
      <trkpt lat="34.66501" lon="-120.11504">
        <ele>248.4</ele>
      </trkpt>
      <trkpt lat="34.66454" lon="-120.11505">
        <ele>247.4</ele>
      </trkpt>
      <trkpt lat="34.66403" lon="-120.11505">
        <ele>246.6</ele>
      </trkpt>
      <trkpt lat="34.66361" lon="-120.11504">
        <ele>246.1</ele>
      </trkpt>
      <trkpt lat="34.66325" lon="-120.11504">
        <ele>245.3</ele>
      </trkpt>
      <trkpt lat="34.66256" lon="-120.11506">
        <ele>242.6</ele>
      </trkpt>
      <trkpt lat="34.66239" lon="-120.11506">
        <ele>242.1</ele>
      </trkpt>
      <trkpt lat="34.66199" lon="-120.11507">
        <ele>241.3</ele>
      </trkpt>
      <trkpt lat="34.66146" lon="-120.11508">
        <ele>241.2</ele>
      </trkpt>
      <trkpt lat="34.66072" lon="-120.11509">
        <ele>240.7</ele>
      </trkpt>
      <trkpt lat="34.66058" lon="-120.1151">
        <ele>240.7</ele>
      </trkpt>
      <trkpt lat="34.66" lon="-120.11511">
        <ele>240.7</ele>
      </trkpt>
      <trkpt lat="34.65948" lon="-120.11513">
        <ele>240.5</ele>
      </trkpt>
      <trkpt lat="34.65818" lon="-120.11515">
        <ele>239.0</ele>
      </trkpt>
      <trkpt lat="34.65746" lon="-120.11515">
        <ele>237.8</ele>
      </trkpt>
      <trkpt lat="34.65728" lon="-120.11515">
        <ele>237.4</ele>
      </trkpt>
      <trkpt lat="34.65704" lon="-120.11515">
        <ele>236.6</ele>
      </trkpt>
      <trkpt lat="34.65651" lon="-120.11515">
        <ele>235.3</ele>
      </trkpt>
      <trkpt lat="34.65641" lon="-120.11519">
        <ele>235.0</ele>
      </trkpt>
      <trkpt lat="34.65634" lon="-120.11519">
        <ele>234.9</ele>
      </trkpt>
      <trkpt lat="34.65603" lon="-120.11516">
        <ele>234.5</ele>
      </trkpt>
      <trkpt lat="34.65593" lon="-120.11515">
        <ele>234.4</ele>
      </trkpt>
      <trkpt lat="34.65575" lon="-120.11512">
        <ele>234.3</ele>
      </trkpt>
      <trkpt lat="34.65522" lon="-120.11503">
        <ele>232.9</ele>
      </trkpt>
      <trkpt lat="34.65518" lon="-120.11502">
        <ele>232.8</ele>
      </trkpt>
      <trkpt lat="34.65501" lon="-120.11499">
        <ele>232.1</ele>
      </trkpt>
      <trkpt lat="34.65486" lon="-120.11496">
        <ele>231.1</ele>
      </trkpt>
      <trkpt lat="34.65448" lon="-120.11489">
        <ele>230.0</ele>
      </trkpt>
      <trkpt lat="34.65432" lon="-120.11485">
        <ele>230.3</ele>
      </trkpt>
      <trkpt lat="34.65424" lon="-120.11484">
        <ele>230.4</ele>
      </trkpt>
      <trkpt lat="34.65418" lon="-120.11483">
        <ele>230.3</ele>
      </trkpt>
      <trkpt lat="34.65411" lon="-120.11485">
        <ele>229.9</ele>
      </trkpt>
      <trkpt lat="34.65411" lon="-120.11485">
        <ele>229.9</ele>
      </trkpt>
      <trkpt lat="34.65406" lon="-120.11481">
        <ele>230.2</ele>
      </trkpt>
      <trkpt lat="34.65401" lon="-120.11479">
        <ele>230.2</ele>
      </trkpt>
      <trkpt lat="34.65396" lon="-120.11478">
        <ele>230.2</ele>
      </trkpt>
      <trkpt lat="34.65378" lon="-120.11474">
        <ele>229.8</ele>
      </trkpt>
      <trkpt lat="34.65375" lon="-120.11472">
        <ele>229.9</ele>
      </trkpt>
      <trkpt lat="34.65372" lon="-120.11471">
        <ele>229.9</ele>
      </trkpt>
      <trkpt lat="34.65365" lon="-120.11467">
        <ele>230.0</ele>
      </trkpt>
      <trkpt lat="34.65359" lon="-120.11461">
        <ele>230.3</ele>
      </trkpt>
      <trkpt lat="34.65354" lon="-120.11456">
        <ele>230.5</ele>
      </trkpt>
      <trkpt lat="34.65347" lon="-120.11447">
        <ele>231.2</ele>
      </trkpt>
      <trkpt lat="34.65346" lon="-120.11446">
        <ele>231.3</ele>
      </trkpt>
      <trkpt lat="34.65336" lon="-120.11428">
        <ele>233.6</ele>
      </trkpt>
      <trkpt lat="34.65336" lon="-120.11427">
        <ele>233.7</ele>
      </trkpt>
      <trkpt lat="34.65322" lon="-120.11396">
        <ele>236.6</ele>
      </trkpt>
      <trkpt lat="34.65313" lon="-120.11374">
        <ele>237.6</ele>
      </trkpt>
      <trkpt lat="34.65312" lon="-120.1137">
        <ele>237.8</ele>
      </trkpt>
      <trkpt lat="34.65309" lon="-120.11363">
        <ele>238.0</ele>
      </trkpt>
      <trkpt lat="34.65306" lon="-120.1135">
        <ele>238.5</ele>
      </trkpt>
      <trkpt lat="34.65306" lon="-120.11349">
        <ele>238.5</ele>
      </trkpt>
      <trkpt lat="34.65304" lon="-120.11327">
        <ele>238.7</ele>
      </trkpt>
      <trkpt lat="34.65304" lon="-120.11312">
        <ele>239.0</ele>
      </trkpt>
      <trkpt lat="34.65304" lon="-120.11286">
        <ele>239.2</ele>
      </trkpt>
      <trkpt lat="34.65304" lon="-120.11277">
        <ele>239.3</ele>
      </trkpt>
      <trkpt lat="34.65304" lon="-120.11274">
        <ele>239.3</ele>
      </trkpt>
      <trkpt lat="34.65304" lon="-120.11268">
        <ele>239.3</ele>
      </trkpt>
      <trkpt lat="34.65304" lon="-120.11225">
        <ele>239.9</ele>
      </trkpt>
      <trkpt lat="34.65304" lon="-120.11211">
        <ele>240.0</ele>
      </trkpt>
      <trkpt lat="34.65304" lon="-120.11209">
        <ele>240.0</ele>
      </trkpt>
      <trkpt lat="34.65304" lon="-120.11203">
        <ele>240.1</ele>
      </trkpt>
      <trkpt lat="34.65304" lon="-120.11167">
        <ele>240.4</ele>
      </trkpt>
      <trkpt lat="34.65304" lon="-120.11145">
        <ele>240.5</ele>
      </trkpt>
      <trkpt lat="34.65304" lon="-120.11143">
        <ele>240.5</ele>
      </trkpt>
      <trkpt lat="34.65304" lon="-120.11137">
        <ele>240.5</ele>
      </trkpt>
      <trkpt lat="34.65304" lon="-120.11115">
        <ele>240.6</ele>
      </trkpt>
      <trkpt lat="34.65302" lon="-120.11006">
        <ele>241.1</ele>
      </trkpt>
      <trkpt lat="34.65302" lon="-120.1097">
        <ele>241.3</ele>
      </trkpt>
      <trkpt lat="34.65302" lon="-120.10968">
        <ele>241.4</ele>
      </trkpt>
      <trkpt lat="34.65302" lon="-120.10962">
        <ele>241.4</ele>
      </trkpt>
      <trkpt lat="34.65301" lon="-120.10883">
        <ele>241.7</ele>
      </trkpt>
      <trkpt lat="34.653" lon="-120.10875">
        <ele>241.8</ele>
      </trkpt>
      <trkpt lat="34.653" lon="-120.10859">
        <ele>241.9</ele>
      </trkpt>
      <trkpt lat="34.653" lon="-120.10853">
        <ele>242.0</ele>
      </trkpt>
      <trkpt lat="34.653" lon="-120.10829">
        <ele>242.2</ele>
      </trkpt>
      <trkpt lat="34.65299" lon="-120.10793">
        <ele>242.3</ele>
      </trkpt>
      <trkpt lat="34.65299" lon="-120.10787">
        <ele>242.4</ele>
      </trkpt>
      <trkpt lat="34.65299" lon="-120.10784">
        <ele>242.4</ele>
      </trkpt>
      <trkpt lat="34.65296" lon="-120.10631">
        <ele>242.2</ele>
      </trkpt>
      <trkpt lat="34.65296" lon="-120.10618">
        <ele>242.2</ele>
      </trkpt>
      <trkpt lat="34.65296" lon="-120.10613">
        <ele>242.2</ele>
      </trkpt>
      <trkpt lat="34.65296" lon="-120.10609">
        <ele>242.2</ele>
      </trkpt>
      <trkpt lat="34.65296" lon="-120.10606">
        <ele>242.2</ele>
      </trkpt>
      <trkpt lat="34.65295" lon="-120.10544">
        <ele>242.3</ele>
      </trkpt>
      <trkpt lat="34.65294" lon="-120.10509">
        <ele>242.3</ele>
      </trkpt>
      <trkpt lat="34.65294" lon="-120.10487">
        <ele>242.2</ele>
      </trkpt>
      <trkpt lat="34.65294" lon="-120.10481">
        <ele>242.1</ele>
      </trkpt>
      <trkpt lat="34.65294" lon="-120.10465">
        <ele>242.0</ele>
      </trkpt>
      <trkpt lat="34.65294" lon="-120.10459">
        <ele>242.0</ele>
      </trkpt>
      <trkpt lat="34.65293" lon="-120.10456">
        <ele>242.0</ele>
      </trkpt>
      <trkpt lat="34.65293" lon="-120.10445">
        <ele>242.0</ele>
      </trkpt>
      <trkpt lat="34.65292" lon="-120.10403">
        <ele>241.6</ele>
      </trkpt>
      <trkpt lat="34.65288" lon="-120.10378">
        <ele>241.4</ele>
      </trkpt>
      <trkpt lat="34.65287" lon="-120.10372">
        <ele>241.4</ele>
      </trkpt>
      <trkpt lat="34.6528" lon="-120.1035">
        <ele>241.2</ele>
      </trkpt>
      <trkpt lat="34.65261" lon="-120.10313">
        <ele>240.7</ele>
      </trkpt>
      <trkpt lat="34.65255" lon="-120.10301">
        <ele>240.6</ele>
      </trkpt>
      <trkpt lat="34.65236" lon="-120.10264">
        <ele>240.1</ele>
      </trkpt>
      <trkpt lat="34.65226" lon="-120.10246">
        <ele>239.7</ele>
      </trkpt>
      <trkpt lat="34.65188" lon="-120.10171">
        <ele>238.4</ele>
      </trkpt>
      <trkpt lat="34.65161" lon="-120.10118">
        <ele>238.1</ele>
      </trkpt>
      <trkpt lat="34.65081" lon="-120.09966">
        <ele>237.1</ele>
      </trkpt>
      <trkpt lat="34.65044" lon="-120.09891">
        <ele>236.6</ele>
      </trkpt>
      <trkpt lat="34.65036" lon="-120.09872">
        <ele>236.6</ele>
      </trkpt>
      <trkpt lat="34.65031" lon="-120.09858">
        <ele>236.5</ele>
      </trkpt>
      <trkpt lat="34.6503" lon="-120.09855">
        <ele>236.5</ele>
      </trkpt>
      <trkpt lat="34.65023" lon="-120.09841">
        <ele>236.3</ele>
      </trkpt>
      <trkpt lat="34.65022" lon="-120.0978">
        <ele>236.5</ele>
      </trkpt>
      <trkpt lat="34.65022" lon="-120.09734">
        <ele>236.8</ele>
      </trkpt>
      <trkpt lat="34.65022" lon="-120.09713">
        <ele>236.8</ele>
      </trkpt>
      <trkpt lat="34.65021" lon="-120.09674">
        <ele>236.8</ele>
      </trkpt>
      <trkpt lat="34.65021" lon="-120.09657">
        <ele>236.9</ele>
      </trkpt>
      <trkpt lat="34.65022" lon="-120.09637">
        <ele>237.0</ele>
      </trkpt>
      <trkpt lat="34.65022" lon="-120.09617">
        <ele>237.0</ele>
      </trkpt>
      <trkpt lat="34.65022" lon="-120.09613">
        <ele>237.0</ele>
      </trkpt>
      <trkpt lat="34.65023" lon="-120.09606">
        <ele>237.0</ele>
      </trkpt>
      <trkpt lat="34.65025" lon="-120.09597">
        <ele>237.0</ele>
      </trkpt>
      <trkpt lat="34.65032" lon="-120.09578">
        <ele>237.1</ele>
      </trkpt>
      <trkpt lat="34.65044" lon="-120.09554">
        <ele>237.5</ele>
      </trkpt>
      <trkpt lat="34.65052" lon="-120.09537">
        <ele>237.7</ele>
      </trkpt>
      <trkpt lat="34.65057" lon="-120.09531">
        <ele>237.8</ele>
      </trkpt>
      <trkpt lat="34.65064" lon="-120.09517">
        <ele>237.9</ele>
      </trkpt>
      <trkpt lat="34.65066" lon="-120.09511">
        <ele>238.0</ele>
      </trkpt>
      <trkpt lat="34.65066" lon="-120.09505">
        <ele>238.0</ele>
      </trkpt>
      <trkpt lat="34.65065" lon="-120.09498">
        <ele>238.0</ele>
      </trkpt>
      <trkpt lat="34.65062" lon="-120.09493">
        <ele>237.9</ele>
      </trkpt>
      <trkpt lat="34.65059" lon="-120.09489">
        <ele>237.9</ele>
      </trkpt>
      <trkpt lat="34.6504" lon="-120.0947">
        <ele>237.5</ele>
      </trkpt>
      <trkpt lat="34.65033" lon="-120.09458">
        <ele>237.4</ele>
      </trkpt>
      <trkpt lat="34.65028" lon="-120.09447">
        <ele>237.4</ele>
      </trkpt>
      <trkpt lat="34.65025" lon="-120.09439">
        <ele>237.3</ele>
      </trkpt>
      <trkpt lat="34.65024" lon="-120.09435">
        <ele>237.3</ele>
      </trkpt>
      <trkpt lat="34.65021" lon="-120.09422">
        <ele>237.1</ele>
      </trkpt>
      <trkpt lat="34.6502" lon="-120.09418">
        <ele>237.1</ele>
      </trkpt>
      <trkpt lat="34.65019" lon="-120.09407">
        <ele>237.0</ele>
      </trkpt>
      <trkpt lat="34.65018" lon="-120.09389">
        <ele>236.9</ele>
      </trkpt>
      <trkpt lat="34.65017" lon="-120.09287">
        <ele>236.9</ele>
      </trkpt>
      <trkpt lat="34.65016" lon="-120.09162">
        <ele>236.7</ele>
      </trkpt>
      <trkpt lat="34.65015" lon="-120.09087">
        <ele>236.5</ele>
      </trkpt>
      <trkpt lat="34.65015" lon="-120.09043">
        <ele>236.4</ele>
      </trkpt>
      <trkpt lat="34.65014" lon="-120.08912">
        <ele>234.0</ele>
      </trkpt>
      <trkpt lat="34.65014" lon="-120.0889">
        <ele>233.6</ele>
      </trkpt>
      <trkpt lat="34.65014" lon="-120.08824">
        <ele>232.4</ele>
      </trkpt>
      <trkpt lat="34.65013" lon="-120.08802">
        <ele>232.2</ele>
      </trkpt>
      <trkpt lat="34.65013" lon="-120.0878">
        <ele>232.1</ele>
      </trkpt>
      <trkpt lat="34.65013" lon="-120.08758">
        <ele>232.0</ele>
      </trkpt>
      <trkpt lat="34.65013" lon="-120.08715">
        <ele>232.2</ele>
      </trkpt>
      <trkpt lat="34.65012" lon="-120.08693">
        <ele>232.2</ele>
      </trkpt>
      <trkpt lat="34.65012" lon="-120.08671">
        <ele>232.6</ele>
      </trkpt>
      <trkpt lat="34.65012" lon="-120.08605">
        <ele>235.0</ele>
      </trkpt>
      <trkpt lat="34.65011" lon="-120.08596">
        <ele>235.3</ele>
      </trkpt>
      <trkpt lat="34.65011" lon="-120.08584">
        <ele>235.7</ele>
      </trkpt>
      <trkpt lat="34.65011" lon="-120.08562">
        <ele>236.4</ele>
      </trkpt>
      <trkpt lat="34.6501" lon="-120.08409">
        <ele>239.9</ele>
      </trkpt>
      <trkpt lat="34.6501" lon="-120.08387">
        <ele>240.5</ele>
      </trkpt>
      <trkpt lat="34.6501" lon="-120.08355">
        <ele>241.2</ele>
      </trkpt>
      <trkpt lat="34.6501" lon="-120.08302">
        <ele>242.2</ele>
      </trkpt>
      <trkpt lat="34.6501" lon="-120.08236">
        <ele>242.8</ele>
      </trkpt>
      <trkpt lat="34.65009" lon="-120.08171">
        <ele>242.9</ele>
      </trkpt>
      <trkpt lat="34.65009" lon="-120.08149">
        <ele>243.0</ele>
      </trkpt>
      <trkpt lat="34.65009" lon="-120.08138">
        <ele>243.0</ele>
      </trkpt>
      <trkpt lat="34.65009" lon="-120.08127">
        <ele>243.0</ele>
      </trkpt>
      <trkpt lat="34.65009" lon="-120.08029">
        <ele>242.9</ele>
      </trkpt>
      <trkpt lat="34.65008" lon="-120.07992">
        <ele>242.9</ele>
      </trkpt>
      <trkpt lat="34.65007" lon="-120.07817">
        <ele>242.8</ele>
      </trkpt>
      <trkpt lat="34.65007" lon="-120.07807">
        <ele>242.8</ele>
      </trkpt>
      <trkpt lat="34.65007" lon="-120.07796">
        <ele>242.8</ele>
      </trkpt>
      <trkpt lat="34.65006" lon="-120.07632">
        <ele>243.1</ele>
      </trkpt>
      <trkpt lat="34.65006" lon="-120.076">
        <ele>243.1</ele>
      </trkpt>
      <trkpt lat="34.65006" lon="-120.07581">
        <ele>243.2</ele>
      </trkpt>
      <trkpt lat="34.65006" lon="-120.07533">
        <ele>243.4</ele>
      </trkpt>
      <trkpt lat="34.65006" lon="-120.07526">
        <ele>243.4</ele>
      </trkpt>
      <trkpt lat="34.65006" lon="-120.07493">
        <ele>243.6</ele>
      </trkpt>
      <trkpt lat="34.65006" lon="-120.07471">
        <ele>243.8</ele>
      </trkpt>
      <trkpt lat="34.65006" lon="-120.0745">
        <ele>243.7</ele>
      </trkpt>
      <trkpt lat="34.65006" lon="-120.07384">
        <ele>243.5</ele>
      </trkpt>
      <trkpt lat="34.65006" lon="-120.07322">
        <ele>243.2</ele>
      </trkpt>
      <trkpt lat="34.65005" lon="-120.07256">
        <ele>244.1</ele>
      </trkpt>
      <trkpt lat="34.65005" lon="-120.07234">
        <ele>245.3</ele>
      </trkpt>
      <trkpt lat="34.65004" lon="-120.07154">
        <ele>247.8</ele>
      </trkpt>
      <trkpt lat="34.65004" lon="-120.07136">
        <ele>247.8</ele>
      </trkpt>
      <trkpt lat="34.65004" lon="-120.07092">
        <ele>247.8</ele>
      </trkpt>
      <trkpt lat="34.65004" lon="-120.07075">
        <ele>247.7</ele>
      </trkpt>
      <trkpt lat="34.65003" lon="-120.0707">
        <ele>247.6</ele>
      </trkpt>
      <trkpt lat="34.65002" lon="-120.06983">
        <ele>248.2</ele>
      </trkpt>
      <trkpt lat="34.65002" lon="-120.06961">
        <ele>248.1</ele>
      </trkpt>
      <trkpt lat="34.65002" lon="-120.06939">
        <ele>248.0</ele>
      </trkpt>
      <trkpt lat="34.65002" lon="-120.06927">
        <ele>247.9</ele>
      </trkpt>
      <trkpt lat="34.65001" lon="-120.06905">
        <ele>247.6</ele>
      </trkpt>
      <trkpt lat="34.65001" lon="-120.06896">
        <ele>247.6</ele>
      </trkpt>
      <trkpt lat="34.65001" lon="-120.06861">
        <ele>247.6</ele>
      </trkpt>
      <trkpt lat="34.65001" lon="-120.06839">
        <ele>247.9</ele>
      </trkpt>
      <trkpt lat="34.65001" lon="-120.06807">
        <ele>248.3</ele>
      </trkpt>
      <trkpt lat="34.65001" lon="-120.06797">
        <ele>248.4</ele>
      </trkpt>
      <trkpt lat="34.65002" lon="-120.06743">
        <ele>248.8</ele>
      </trkpt>
      <trkpt lat="34.65002" lon="-120.06718">
        <ele>248.8</ele>
      </trkpt>
      <trkpt lat="34.65002" lon="-120.06667">
        <ele>249.1</ele>
      </trkpt>
      <trkpt lat="34.65001" lon="-120.06602">
        <ele>249.0</ele>
      </trkpt>
      <trkpt lat="34.65001" lon="-120.06512">
        <ele>247.3</ele>
      </trkpt>
      <trkpt lat="34.65001" lon="-120.0649">
        <ele>247.4</ele>
      </trkpt>
      <trkpt lat="34.65001" lon="-120.06485">
        <ele>247.4</ele>
      </trkpt>
      <trkpt lat="34.65001" lon="-120.06468">
        <ele>247.7</ele>
      </trkpt>
      <trkpt lat="34.65001" lon="-120.06463">
        <ele>247.8</ele>
      </trkpt>
      <trkpt lat="34.65001" lon="-120.06446">
        <ele>248.1</ele>
      </trkpt>
      <trkpt lat="34.65001" lon="-120.06425">
        <ele>248.6</ele>
      </trkpt>
      <trkpt lat="34.65001" lon="-120.06419">
        <ele>248.8</ele>
      </trkpt>
      <trkpt lat="34.65001" lon="-120.06381">
        <ele>249.7</ele>
      </trkpt>
      <trkpt lat="34.65" lon="-120.06359">
        <ele>249.9</ele>
      </trkpt>
      <trkpt lat="34.65" lon="-120.06293">
        <ele>250.4</ele>
      </trkpt>
      <trkpt lat="34.65" lon="-120.06239">
        <ele>250.9</ele>
      </trkpt>
      <trkpt lat="34.64999" lon="-120.06145">
        <ele>251.3</ele>
      </trkpt>
      <trkpt lat="34.64998" lon="-120.06052">
        <ele>251.9</ele>
      </trkpt>
      <trkpt lat="34.64996" lon="-120.05912">
        <ele>249.0</ele>
      </trkpt>
      <trkpt lat="34.64996" lon="-120.0589">
        <ele>248.3</ele>
      </trkpt>
      <trkpt lat="34.64996" lon="-120.05868">
        <ele>247.5</ele>
      </trkpt>
      <trkpt lat="34.64996" lon="-120.05824">
        <ele>246.0</ele>
      </trkpt>
      <trkpt lat="34.64996" lon="-120.05803">
        <ele>245.1</ele>
      </trkpt>
      <trkpt lat="34.64995" lon="-120.05759">
        <ele>243.9</ele>
      </trkpt>
      <trkpt lat="34.64995" lon="-120.05737">
        <ele>243.8</ele>
      </trkpt>
      <trkpt lat="34.64995" lon="-120.05715">
        <ele>243.7</ele>
      </trkpt>
      <trkpt lat="34.64995" lon="-120.05693">
        <ele>243.7</ele>
      </trkpt>
      <trkpt lat="34.64995" lon="-120.05671">
        <ele>243.8</ele>
      </trkpt>
      <trkpt lat="34.64994" lon="-120.05649">
        <ele>244.0</ele>
      </trkpt>
      <trkpt lat="34.64994" lon="-120.05581">
        <ele>248.0</ele>
      </trkpt>
      <trkpt lat="34.64994" lon="-120.0554">
        <ele>249.4</ele>
      </trkpt>
      <trkpt lat="34.64994" lon="-120.05518">
        <ele>249.6</ele>
      </trkpt>
      <trkpt lat="34.64994" lon="-120.05496">
        <ele>249.5</ele>
      </trkpt>
      <trkpt lat="34.64994" lon="-120.05475">
        <ele>249.1</ele>
      </trkpt>
      <trkpt lat="34.64993" lon="-120.05453">
        <ele>248.6</ele>
      </trkpt>
      <trkpt lat="34.64993" lon="-120.05431">
        <ele>247.8</ele>
      </trkpt>
      <trkpt lat="34.64993" lon="-120.05409">
        <ele>247.1</ele>
      </trkpt>
      <trkpt lat="34.64993" lon="-120.05401">
        <ele>246.7</ele>
      </trkpt>
      <trkpt lat="34.64993" lon="-120.05343">
        <ele>243.7</ele>
      </trkpt>
      <trkpt lat="34.64993" lon="-120.05322">
        <ele>243.4</ele>
      </trkpt>
      <trkpt lat="34.64993" lon="-120.05282">
        <ele>242.9</ele>
      </trkpt>
      <trkpt lat="34.64992" lon="-120.05278">
        <ele>242.9</ele>
      </trkpt>
      <trkpt lat="34.64991" lon="-120.05263">
        <ele>243.0</ele>
      </trkpt>
      <trkpt lat="34.6499" lon="-120.05253">
        <ele>243.0</ele>
      </trkpt>
      <trkpt lat="34.64986" lon="-120.05235">
        <ele>243.1</ele>
      </trkpt>
      <trkpt lat="34.64986" lon="-120.05235">
        <ele>243.1</ele>
      </trkpt>
      <trkpt lat="34.6498" lon="-120.05217">
        <ele>243.3</ele>
      </trkpt>
      <trkpt lat="34.64972" lon="-120.05204">
        <ele>243.3</ele>
      </trkpt>
      <trkpt lat="34.64961" lon="-120.0519">
        <ele>243.3</ele>
      </trkpt>
      <trkpt lat="34.64955" lon="-120.05183">
        <ele>243.3</ele>
      </trkpt>
      <trkpt lat="34.64947" lon="-120.05176">
        <ele>243.2</ele>
      </trkpt>
      <trkpt lat="34.64942" lon="-120.05172">
        <ele>243.1</ele>
      </trkpt>
      <trkpt lat="34.64931" lon="-120.05165">
        <ele>242.5</ele>
      </trkpt>
      <trkpt lat="34.64928" lon="-120.05162">
        <ele>242.4</ele>
      </trkpt>
      <trkpt lat="34.6492" lon="-120.05159">
        <ele>242.0</ele>
      </trkpt>
      <trkpt lat="34.64915" lon="-120.05157">
        <ele>241.8</ele>
      </trkpt>
      <trkpt lat="34.64911" lon="-120.05156">
        <ele>241.6</ele>
      </trkpt>
      <trkpt lat="34.64903" lon="-120.05155">
        <ele>241.4</ele>
      </trkpt>
      <trkpt lat="34.64897" lon="-120.05155">
        <ele>241.1</ele>
      </trkpt>
      <trkpt lat="34.64886" lon="-120.05154">
        <ele>240.7</ele>
      </trkpt>
      <trkpt lat="34.64843" lon="-120.05155">
        <ele>238.9</ele>
      </trkpt>
      <trkpt lat="34.64797" lon="-120.05155">
        <ele>237.7</ele>
      </trkpt>
      <trkpt lat="34.64779" lon="-120.05156">
        <ele>237.5</ele>
      </trkpt>
      <trkpt lat="34.64635" lon="-120.05157">
        <ele>232.9</ele>
      </trkpt>
      <trkpt lat="34.64623" lon="-120.05158">
        <ele>232.6</ele>
      </trkpt>
      <trkpt lat="34.64581" lon="-120.05158">
        <ele>231.7</ele>
      </trkpt>
      <trkpt lat="34.64563" lon="-120.05158">
        <ele>231.2</ele>
      </trkpt>
      <trkpt lat="34.64527" lon="-120.05158">
        <ele>230.3</ele>
      </trkpt>
      <trkpt lat="34.64491" lon="-120.05158">
        <ele>229.4</ele>
      </trkpt>
      <trkpt lat="34.64473" lon="-120.05158">
        <ele>228.9</ele>
      </trkpt>
      <trkpt lat="34.64413" lon="-120.05158">
        <ele>227.8</ele>
      </trkpt>
      <trkpt lat="34.64404" lon="-120.05158">
        <ele>227.7</ele>
      </trkpt>
      <trkpt lat="34.64335" lon="-120.05158">
        <ele>227.3</ele>
      </trkpt>
      <trkpt lat="34.64323" lon="-120.05158">
        <ele>227.2</ele>
      </trkpt>
      <trkpt lat="34.64317" lon="-120.05158">
        <ele>227.2</ele>
      </trkpt>
      <trkpt lat="34.64263" lon="-120.05158">
        <ele>227.0</ele>
      </trkpt>
      <trkpt lat="34.6419" lon="-120.05159">
        <ele>226.2</ele>
      </trkpt>
      <trkpt lat="34.64166" lon="-120.05159">
        <ele>226.1</ele>
      </trkpt>
      <trkpt lat="34.64044" lon="-120.0516">
        <ele>223.8</ele>
      </trkpt>
      <trkpt lat="34.64035" lon="-120.0516">
        <ele>223.5</ele>
      </trkpt>
      <trkpt lat="34.64017" lon="-120.0516">
        <ele>222.9</ele>
      </trkpt>
      <trkpt lat="34.63963" lon="-120.0516">
        <ele>221.6</ele>
      </trkpt>
      <trkpt lat="34.63918" lon="-120.0516">
        <ele>221.2</ele>
      </trkpt>
      <trkpt lat="34.63909" lon="-120.0516">
        <ele>221.0</ele>
      </trkpt>
      <trkpt lat="34.63878" lon="-120.0516">
        <ele>220.6</ele>
      </trkpt>
      <trkpt lat="34.63873" lon="-120.0516">
        <ele>220.5</ele>
      </trkpt>
      <trkpt lat="34.63837" lon="-120.05161">
        <ele>219.8</ele>
      </trkpt>
      <trkpt lat="34.63828" lon="-120.05161">
        <ele>219.7</ele>
      </trkpt>
      <trkpt lat="34.6381" lon="-120.05161">
        <ele>219.3</ele>
      </trkpt>
      <trkpt lat="34.63756" lon="-120.05161">
        <ele>217.9</ele>
      </trkpt>
      <trkpt lat="34.63728" lon="-120.05161">
        <ele>217.2</ele>
      </trkpt>
      <trkpt lat="34.6372" lon="-120.05161">
        <ele>217.1</ele>
      </trkpt>
      <trkpt lat="34.63686" lon="-120.05161">
        <ele>216.5</ele>
      </trkpt>
      <trkpt lat="34.63595" lon="-120.05162">
        <ele>215.5</ele>
      </trkpt>
      <trkpt lat="34.63577" lon="-120.05162">
        <ele>215.2</ele>
      </trkpt>
      <trkpt lat="34.63541" lon="-120.05162">
        <ele>214.6</ele>
      </trkpt>
      <trkpt lat="34.63541" lon="-120.05162">
        <ele>214.6</ele>
      </trkpt>
      <trkpt lat="34.63541" lon="-120.05075">
        <ele>215.2</ele>
      </trkpt>
      <trkpt lat="34.63541" lon="-120.05074">
        <ele>215.2</ele>
      </trkpt>
      <trkpt lat="34.63541" lon="-120.05072">
        <ele>215.2</ele>
      </trkpt>
      <trkpt lat="34.63542" lon="-120.05052">
        <ele>215.3</ele>
      </trkpt>
      <trkpt lat="34.63542" lon="-120.0505">
        <ele>215.3</ele>
      </trkpt>
      <trkpt lat="34.63542" lon="-120.0503">
        <ele>215.2</ele>
      </trkpt>
      <trkpt lat="34.63542" lon="-120.04987">
        <ele>215.0</ele>
      </trkpt>
      <trkpt lat="34.6354" lon="-120.04941">
        <ele>214.4</ele>
      </trkpt>
      <trkpt lat="34.6354" lon="-120.04933">
        <ele>214.3</ele>
      </trkpt>
      <trkpt lat="34.63539" lon="-120.0492">
        <ele>214.0</ele>
      </trkpt>
      <trkpt lat="34.63536" lon="-120.049">
        <ele>213.9</ele>
      </trkpt>
      <trkpt lat="34.63533" lon="-120.04887">
        <ele>214.3</ele>
      </trkpt>
      <trkpt lat="34.63528" lon="-120.04871">
        <ele>214.9</ele>
      </trkpt>
      <trkpt lat="34.63523" lon="-120.04857">
        <ele>215.4</ele>
      </trkpt>
      <trkpt lat="34.63515" lon="-120.04838">
        <ele>216.1</ele>
      </trkpt>
      <trkpt lat="34.63507" lon="-120.0482">
        <ele>216.9</ele>
      </trkpt>
      <trkpt lat="34.63498" lon="-120.04799">
        <ele>217.8</ele>
      </trkpt>
      <trkpt lat="34.63495" lon="-120.04792">
        <ele>218.2</ele>
      </trkpt>
      <trkpt lat="34.63489" lon="-120.04777">
        <ele>218.8</ele>
      </trkpt>
      <trkpt lat="34.63485" lon="-120.04765">
        <ele>219.2</ele>
      </trkpt>
      <trkpt lat="34.6348" lon="-120.04745">
        <ele>219.5</ele>
      </trkpt>
      <trkpt lat="34.63476" lon="-120.04729">
        <ele>219.6</ele>
      </trkpt>
      <trkpt lat="34.63474" lon="-120.04707">
        <ele>219.6</ele>
      </trkpt>
      <trkpt lat="34.63473" lon="-120.04679">
        <ele>219.6</ele>
      </trkpt>
      <trkpt lat="34.63473" lon="-120.04675">
        <ele>219.6</ele>
      </trkpt>
      <trkpt lat="34.63474" lon="-120.04661">
        <ele>219.7</ele>
      </trkpt>
      <trkpt lat="34.63474" lon="-120.04653">
        <ele>219.8</ele>
      </trkpt>
      <trkpt lat="34.63475" lon="-120.04652">
        <ele>219.8</ele>
      </trkpt>
      <trkpt lat="34.63475" lon="-120.04645">
        <ele>219.9</ele>
      </trkpt>
      <trkpt lat="34.63478" lon="-120.04632">
        <ele>219.9</ele>
      </trkpt>
      <trkpt lat="34.63478" lon="-120.0463">
        <ele>219.9</ele>
      </trkpt>
      <trkpt lat="34.63481" lon="-120.04614">
        <ele>220.0</ele>
      </trkpt>
      <trkpt lat="34.63486" lon="-120.04589">
        <ele>220.3</ele>
      </trkpt>
      <trkpt lat="34.63515" lon="-120.04461">
        <ele>220.4</ele>
      </trkpt>
      <trkpt lat="34.63519" lon="-120.04443">
        <ele>222.6</ele>
      </trkpt>
      <trkpt lat="34.63523" lon="-120.0442">
        <ele>227.4</ele>
      </trkpt>
      <trkpt lat="34.63527" lon="-120.04399">
        <ele>229.4</ele>
      </trkpt>
      <trkpt lat="34.63528" lon="-120.04397">
        <ele>229.5</ele>
      </trkpt>
      <trkpt lat="34.63541" lon="-120.04336">
        <ele>231.7</ele>
      </trkpt>
      <trkpt lat="34.63541" lon="-120.04334">
        <ele>231.7</ele>
      </trkpt>
      <trkpt lat="34.63545" lon="-120.04314">
        <ele>232.0</ele>
      </trkpt>
      <trkpt lat="34.63549" lon="-120.04295">
        <ele>232.1</ele>
      </trkpt>
      <trkpt lat="34.6355" lon="-120.04293">
        <ele>232.1</ele>
      </trkpt>
      <trkpt lat="34.63553" lon="-120.04268">
        <ele>232.2</ele>
      </trkpt>
      <trkpt lat="34.63554" lon="-120.04243">
        <ele>232.3</ele>
      </trkpt>
      <trkpt lat="34.63554" lon="-120.04226">
        <ele>232.2</ele>
      </trkpt>
      <trkpt lat="34.63553" lon="-120.0421">
        <ele>232.2</ele>
      </trkpt>
      <trkpt lat="34.63549" lon="-120.04186">
        <ele>232.3</ele>
      </trkpt>
      <trkpt lat="34.63545" lon="-120.04163">
        <ele>233.6</ele>
      </trkpt>
      <trkpt lat="34.63545" lon="-120.04162">
        <ele>233.7</ele>
      </trkpt>
      <trkpt lat="34.63543" lon="-120.04152">
        <ele>234.8</ele>
      </trkpt>
      <trkpt lat="34.63541" lon="-120.04142">
        <ele>235.8</ele>
      </trkpt>
      <trkpt lat="34.63539" lon="-120.0412">
        <ele>237.9</ele>
      </trkpt>
      <trkpt lat="34.63538" lon="-120.04117">
        <ele>238.2</ele>
      </trkpt>
      <trkpt lat="34.63537" lon="-120.04099">
        <ele>239.3</ele>
      </trkpt>
      <trkpt lat="34.63537" lon="-120.04097">
        <ele>239.4</ele>
      </trkpt>
      <trkpt lat="34.63536" lon="-120.04077">
        <ele>240.5</ele>
      </trkpt>
      <trkpt lat="34.63535" lon="-120.04046">
        <ele>241.6</ele>
      </trkpt>
      <trkpt lat="34.63534" lon="-120.03988">
        <ele>242.9</ele>
      </trkpt>
      <trkpt lat="34.63534" lon="-120.03944">
        <ele>244.2</ele>
      </trkpt>
      <trkpt lat="34.63534" lon="-120.03922">
        <ele>244.8</ele>
      </trkpt>
      <trkpt lat="34.63534" lon="-120.039">
        <ele>245.1</ele>
      </trkpt>
      <trkpt lat="34.63534" lon="-120.03878">
        <ele>245.0</ele>
      </trkpt>
      <trkpt lat="34.63534" lon="-120.03856">
        <ele>245.1</ele>
      </trkpt>
      <trkpt lat="34.63534" lon="-120.03791">
        <ele>245.2</ele>
      </trkpt>
      <trkpt lat="34.63534" lon="-120.03769">
        <ele>245.3</ele>
      </trkpt>
      <trkpt lat="34.63534" lon="-120.03749">
        <ele>245.4</ele>
      </trkpt>
      <trkpt lat="34.63535" lon="-120.0366">
        <ele>248.0</ele>
      </trkpt>
      <trkpt lat="34.63535" lon="-120.03638">
        <ele>249.0</ele>
      </trkpt>
      <trkpt lat="34.63535" lon="-120.03616">
        <ele>249.8</ele>
      </trkpt>
      <trkpt lat="34.63535" lon="-120.0361">
        <ele>250.0</ele>
      </trkpt>
      <trkpt lat="34.63535" lon="-120.03566">
        <ele>251.3</ele>
      </trkpt>
      <trkpt lat="34.63534" lon="-120.03529">
        <ele>252.0</ele>
      </trkpt>
      <trkpt lat="34.63534" lon="-120.03507">
        <ele>252.3</ele>
      </trkpt>
      <trkpt lat="34.63533" lon="-120.0345">
        <ele>252.7</ele>
      </trkpt>
      <trkpt lat="34.63533" lon="-120.03423">
        <ele>252.9</ele>
      </trkpt>
      <trkpt lat="34.63533" lon="-120.03414">
        <ele>252.9</ele>
      </trkpt>
      <trkpt lat="34.63533" lon="-120.03357">
        <ele>252.8</ele>
      </trkpt>
      <trkpt lat="34.63533" lon="-120.03335">
        <ele>252.3</ele>
      </trkpt>
      <trkpt lat="34.63532" lon="-120.03313">
        <ele>251.5</ele>
      </trkpt>
      <trkpt lat="34.63532" lon="-120.03291">
        <ele>250.4</ele>
      </trkpt>
      <trkpt lat="34.63532" lon="-120.0327">
        <ele>249.4</ele>
      </trkpt>
      <trkpt lat="34.63532" lon="-120.03246">
        <ele>248.2</ele>
      </trkpt>
      <trkpt lat="34.63533" lon="-120.03204">
        <ele>246.4</ele>
      </trkpt>
      <trkpt lat="34.63533" lon="-120.03182">
        <ele>245.7</ele>
      </trkpt>
      <trkpt lat="34.63534" lon="-120.03159">
        <ele>244.8</ele>
      </trkpt>
      <trkpt lat="34.63535" lon="-120.03133">
        <ele>244.1</ele>
      </trkpt>
      <trkpt lat="34.63534" lon="-120.03078">
        <ele>242.9</ele>
      </trkpt>
      <trkpt lat="34.63534" lon="-120.03044">
        <ele>242.3</ele>
      </trkpt>
      <trkpt lat="34.63534" lon="-120.02979">
        <ele>241.7</ele>
      </trkpt>
      <trkpt lat="34.63534" lon="-120.02963">
        <ele>241.8</ele>
      </trkpt>
      <trkpt lat="34.63533" lon="-120.02935">
        <ele>241.9</ele>
      </trkpt>
      <trkpt lat="34.63533" lon="-120.02933">
        <ele>242.0</ele>
      </trkpt>
      <trkpt lat="34.63529" lon="-120.02907">
        <ele>242.1</ele>
      </trkpt>
      <trkpt lat="34.63523" lon="-120.02878">
        <ele>242.3</ele>
      </trkpt>
      <trkpt lat="34.63521" lon="-120.02871">
        <ele>242.4</ele>
      </trkpt>
      <trkpt lat="34.63513" lon="-120.02845">
        <ele>242.6</ele>
      </trkpt>
      <trkpt lat="34.63505" lon="-120.02825">
        <ele>243.0</ele>
      </trkpt>
      <trkpt lat="34.63499" lon="-120.02812">
        <ele>243.3</ele>
      </trkpt>
      <trkpt lat="34.63496" lon="-120.02807">
        <ele>243.5</ele>
      </trkpt>
      <trkpt lat="34.6348" lon="-120.02775">
        <ele>244.4</ele>
      </trkpt>
      <trkpt lat="34.6346" lon="-120.02747">
        <ele>244.6</ele>
      </trkpt>
      <trkpt lat="34.6344" lon="-120.02724">
        <ele>243.2</ele>
      </trkpt>
      <trkpt lat="34.63425" lon="-120.0271">
        <ele>241.5</ele>
      </trkpt>
      <trkpt lat="34.63409" lon="-120.02697">
        <ele>240.1</ele>
      </trkpt>
      <trkpt lat="34.63396" lon="-120.02687">
        <ele>239.3</ele>
      </trkpt>
      <trkpt lat="34.63393" lon="-120.02686">
        <ele>239.2</ele>
      </trkpt>
      <trkpt lat="34.63377" lon="-120.02676">
        <ele>238.5</ele>
      </trkpt>
      <trkpt lat="34.63372" lon="-120.02673">
        <ele>238.4</ele>
      </trkpt>
      <trkpt lat="34.63351" lon="-120.02663">
        <ele>237.9</ele>
      </trkpt>
      <trkpt lat="34.63288" lon="-120.02638">
        <ele>237.1</ele>
      </trkpt>
      <trkpt lat="34.63242" lon="-120.02618">
        <ele>236.5</ele>
      </trkpt>
      <trkpt lat="34.63109" lon="-120.02564">
        <ele>238.3</ele>
      </trkpt>
      <trkpt lat="34.63106" lon="-120.02563">
        <ele>238.3</ele>
      </trkpt>
      <trkpt lat="34.63041" lon="-120.02535">
        <ele>239.6</ele>
      </trkpt>
      <trkpt lat="34.62826" lon="-120.02445">
        <ele>237.3</ele>
      </trkpt>
      <trkpt lat="34.6282" lon="-120.02442">
        <ele>237.1</ele>
      </trkpt>
      <trkpt lat="34.62804" lon="-120.02436">
        <ele>236.6</ele>
      </trkpt>
      <trkpt lat="34.62786" lon="-120.02429">
        <ele>235.6</ele>
      </trkpt>
      <trkpt lat="34.6277" lon="-120.02422">
        <ele>234.8</ele>
      </trkpt>
      <trkpt lat="34.62769" lon="-120.02422">
        <ele>234.7</ele>
      </trkpt>
      <trkpt lat="34.62763" lon="-120.02419">
        <ele>234.4</ele>
      </trkpt>
      <trkpt lat="34.62752" lon="-120.02415">
        <ele>233.7</ele>
      </trkpt>
      <trkpt lat="34.62722" lon="-120.02403">
        <ele>232.5</ele>
      </trkpt>
      <trkpt lat="34.62718" lon="-120.02402">
        <ele>232.5</ele>
      </trkpt>
      <trkpt lat="34.62701" lon="-120.02395">
        <ele>232.5</ele>
      </trkpt>
      <trkpt lat="34.62685" lon="-120.02389">
        <ele>232.5</ele>
      </trkpt>
      <trkpt lat="34.62684" lon="-120.02389">
        <ele>232.5</ele>
      </trkpt>
      <trkpt lat="34.62683" lon="-120.02389">
        <ele>232.5</ele>
      </trkpt>
      <trkpt lat="34.62666" lon="-120.02385">
        <ele>232.5</ele>
      </trkpt>
      <trkpt lat="34.62661" lon="-120.02383">
        <ele>232.5</ele>
      </trkpt>
      <trkpt lat="34.62648" lon="-120.0238">
        <ele>232.5</ele>
      </trkpt>
      <trkpt lat="34.62641" lon="-120.02378">
        <ele>232.5</ele>
      </trkpt>
      <trkpt lat="34.62631" lon="-120.02376">
        <ele>232.5</ele>
      </trkpt>
      <trkpt lat="34.62617" lon="-120.02373">
        <ele>232.5</ele>
      </trkpt>
      <trkpt lat="34.62614" lon="-120.02372">
        <ele>232.5</ele>
      </trkpt>
      <trkpt lat="34.62613" lon="-120.02372">
        <ele>232.5</ele>
      </trkpt>
      <trkpt lat="34.62595" lon="-120.0237">
        <ele>232.5</ele>
      </trkpt>
      <trkpt lat="34.62582" lon="-120.02369">
        <ele>232.5</ele>
      </trkpt>
      <trkpt lat="34.62527" lon="-120.02367">
        <ele>232.7</ele>
      </trkpt>
      <trkpt lat="34.62485" lon="-120.02367">
        <ele>232.0</ele>
      </trkpt>
      <trkpt lat="34.62463" lon="-120.02365">
        <ele>230.5</ele>
      </trkpt>
      <trkpt lat="34.62451" lon="-120.02365">
        <ele>229.1</ele>
      </trkpt>
      <trkpt lat="34.62416" lon="-120.02362">
        <ele>221.1</ele>
      </trkpt>
      <trkpt lat="34.62415" lon="-120.02362">
        <ele>221.0</ele>
      </trkpt>
      <trkpt lat="34.62397" lon="-120.02361">
        <ele>219.6</ele>
      </trkpt>
      <trkpt lat="34.62388" lon="-120.0236">
        <ele>219.5</ele>
      </trkpt>
      <trkpt lat="34.62321" lon="-120.02352">
        <ele>219.4</ele>
      </trkpt>
      <trkpt lat="34.62255" lon="-120.02347">
        <ele>219.2</ele>
      </trkpt>
      <trkpt lat="34.62225" lon="-120.02344">
        <ele>218.8</ele>
      </trkpt>
      <trkpt lat="34.62218" lon="-120.02343">
        <ele>218.7</ele>
      </trkpt>
      <trkpt lat="34.62196" lon="-120.02338">
        <ele>218.1</ele>
      </trkpt>
      <trkpt lat="34.62185" lon="-120.02335">
        <ele>217.8</ele>
      </trkpt>
      <trkpt lat="34.62185" lon="-120.02334">
        <ele>217.8</ele>
      </trkpt>
      <trkpt lat="34.62172" lon="-120.0233">
        <ele>217.5</ele>
      </trkpt>
      <trkpt lat="34.62158" lon="-120.02322">
        <ele>216.9</ele>
      </trkpt>
      <trkpt lat="34.62116" lon="-120.02301">
        <ele>216.0</ele>
      </trkpt>
      <trkpt lat="34.62089" lon="-120.02288">
        <ele>215.8</ele>
      </trkpt>
      <trkpt lat="34.6206" lon="-120.0227">
        <ele>214.9</ele>
      </trkpt>
      <trkpt lat="34.62037" lon="-120.02258">
        <ele>213.9</ele>
      </trkpt>
      <trkpt lat="34.62023" lon="-120.0225">
        <ele>213.1</ele>
      </trkpt>
      <trkpt lat="34.62006" lon="-120.02241">
        <ele>212.1</ele>
      </trkpt>
      <trkpt lat="34.61996" lon="-120.02235">
        <ele>211.4</ele>
      </trkpt>
      <trkpt lat="34.61996" lon="-120.02235">
        <ele>211.4</ele>
      </trkpt>
      <trkpt lat="34.61979" lon="-120.02251">
        <ele>212.4</ele>
      </trkpt>
      <trkpt lat="34.61966" lon="-120.0226">
        <ele>212.8</ele>
      </trkpt>
      <trkpt lat="34.61952" lon="-120.02267">
        <ele>213.2</ele>
      </trkpt>
      <trkpt lat="34.61936" lon="-120.02275">
        <ele>213.5</ele>
      </trkpt>
      <trkpt lat="34.61933" lon="-120.02276">
        <ele>213.3</ele>
      </trkpt>
      <trkpt lat="34.61919" lon="-120.02281">
        <ele>211.5</ele>
      </trkpt>
      <trkpt lat="34.61918" lon="-120.02281">
        <ele>211.2</ele>
      </trkpt>
      <trkpt lat="34.61868" lon="-120.0229">
        <ele>206.9</ele>
      </trkpt>
      <trkpt lat="34.61849" lon="-120.02295">
        <ele>206.8</ele>
      </trkpt>
      <trkpt lat="34.61839" lon="-120.02298">
        <ele>206.9</ele>
      </trkpt>
      <trkpt lat="34.61832" lon="-120.023">
        <ele>206.9</ele>
      </trkpt>
      <trkpt lat="34.61815" lon="-120.02307">
        <ele>206.9</ele>
      </trkpt>
      <trkpt lat="34.61781" lon="-120.0232">
        <ele>206.8</ele>
      </trkpt>
      <trkpt lat="34.61728" lon="-120.02341">
        <ele>207.0</ele>
      </trkpt>
      <trkpt lat="34.61691" lon="-120.02356">
        <ele>206.9</ele>
      </trkpt>
      <trkpt lat="34.6167" lon="-120.02362">
        <ele>206.8</ele>
      </trkpt>
      <trkpt lat="34.61643" lon="-120.02369">
        <ele>207.0</ele>
      </trkpt>
      <trkpt lat="34.6159" lon="-120.02381">
        <ele>206.9</ele>
      </trkpt>
      <trkpt lat="34.61577" lon="-120.02384">
        <ele>206.5</ele>
      </trkpt>
      <trkpt lat="34.61538" lon="-120.02398">
        <ele>205.8</ele>
      </trkpt>
      <trkpt lat="34.6152" lon="-120.02404">
        <ele>205.8</ele>
      </trkpt>
      <trkpt lat="34.61519" lon="-120.02405">
        <ele>205.8</ele>
      </trkpt>
      <trkpt lat="34.61501" lon="-120.02411">
        <ele>205.3</ele>
      </trkpt>
      <trkpt lat="34.61467" lon="-120.02421">
        <ele>202.0</ele>
      </trkpt>
      <trkpt lat="34.61439" lon="-120.0243">
        <ele>201.5</ele>
      </trkpt>
      <trkpt lat="34.61393" lon="-120.02442">
        <ele>201.5</ele>
      </trkpt>
      <trkpt lat="34.6138" lon="-120.02445">
        <ele>201.5</ele>
      </trkpt>
      <trkpt lat="34.6137" lon="-120.02446">
        <ele>201.5</ele>
      </trkpt>
      <trkpt lat="34.61321" lon="-120.02452">
        <ele>201.6</ele>
      </trkpt>
      <trkpt lat="34.61309" lon="-120.02451">
        <ele>201.4</ele>
      </trkpt>
      <trkpt lat="34.61308" lon="-120.02451">
        <ele>201.4</ele>
      </trkpt>
      <trkpt lat="34.61291" lon="-120.02451">
        <ele>201.3</ele>
      </trkpt>
      <trkpt lat="34.61287" lon="-120.02451">
        <ele>201.3</ele>
      </trkpt>
      <trkpt lat="34.61273" lon="-120.0245">
        <ele>201.3</ele>
      </trkpt>
      <trkpt lat="34.61271" lon="-120.02449">
        <ele>201.2</ele>
      </trkpt>
      <trkpt lat="34.61255" lon="-120.02447">
        <ele>201.1</ele>
      </trkpt>
      <trkpt lat="34.61228" lon="-120.02442">
        <ele>200.7</ele>
      </trkpt>
      <trkpt lat="34.61199" lon="-120.02438">
        <ele>200.3</ele>
      </trkpt>
      <trkpt lat="34.6118" lon="-120.02438">
        <ele>200.3</ele>
      </trkpt>
      <trkpt lat="34.61161" lon="-120.02439">
        <ele>200.3</ele>
      </trkpt>
      <trkpt lat="34.61148" lon="-120.02441">
        <ele>200.3</ele>
      </trkpt>
      <trkpt lat="34.61141" lon="-120.02443">
        <ele>200.0</ele>
      </trkpt>
      <trkpt lat="34.61103" lon="-120.02459">
        <ele>196.4</ele>
      </trkpt>
      <trkpt lat="34.61099" lon="-120.02461">
        <ele>196.3</ele>
      </trkpt>
      <trkpt lat="34.61087" lon="-120.02467">
        <ele>196.5</ele>
      </trkpt>
      <trkpt lat="34.6105" lon="-120.02486">
        <ele>198.0</ele>
      </trkpt>
      <trkpt lat="34.61047" lon="-120.02487">
        <ele>198.1</ele>
      </trkpt>
      <trkpt lat="34.61008" lon="-120.02506">
        <ele>199.0</ele>
      </trkpt>
      <trkpt lat="34.61001" lon="-120.02508">
        <ele>198.9</ele>
      </trkpt>
      <trkpt lat="34.60993" lon="-120.02511">
        <ele>199.1</ele>
      </trkpt>
      <trkpt lat="34.60991" lon="-120.02512">
        <ele>199.2</ele>
      </trkpt>
      <trkpt lat="34.60984" lon="-120.02512">
        <ele>199.1</ele>
      </trkpt>
      <trkpt lat="34.60973" lon="-120.02514">
        <ele>198.9</ele>
      </trkpt>
      <trkpt lat="34.60966" lon="-120.02515">
        <ele>198.7</ele>
      </trkpt>
      <trkpt lat="34.60948" lon="-120.02518">
        <ele>198.8</ele>
      </trkpt>
      <trkpt lat="34.60931" lon="-120.02522">
        <ele>199.5</ele>
      </trkpt>
      <trkpt lat="34.60926" lon="-120.02523">
        <ele>199.7</ele>
      </trkpt>
      <trkpt lat="34.60915" lon="-120.02527">
        <ele>200.3</ele>
      </trkpt>
      <trkpt lat="34.60896" lon="-120.02538">
        <ele>201.4</ele>
      </trkpt>
      <trkpt lat="34.60879" lon="-120.02552">
        <ele>200.6</ele>
      </trkpt>
      <trkpt lat="34.60873" lon="-120.02557">
        <ele>200.3</ele>
      </trkpt>
      <trkpt lat="34.60871" lon="-120.0256">
        <ele>200.2</ele>
      </trkpt>
      <trkpt lat="34.60858" lon="-120.02578">
        <ele>200.0</ele>
      </trkpt>
      <trkpt lat="34.60826" lon="-120.02638">
        <ele>201.0</ele>
      </trkpt>
      <trkpt lat="34.60817" lon="-120.02653">
        <ele>202.0</ele>
      </trkpt>
      <trkpt lat="34.60808" lon="-120.02669">
        <ele>202.8</ele>
      </trkpt>
      <trkpt lat="34.6079" lon="-120.02692">
        <ele>203.8</ele>
      </trkpt>
      <trkpt lat="34.60741" lon="-120.02741">
        <ele>206.3</ele>
      </trkpt>
      <trkpt lat="34.60731" lon="-120.02752">
        <ele>207.0</ele>
      </trkpt>
      <trkpt lat="34.60724" lon="-120.02762">
        <ele>207.5</ele>
      </trkpt>
      <trkpt lat="34.60713" lon="-120.0278">
        <ele>208.5</ele>
      </trkpt>
      <trkpt lat="34.60708" lon="-120.02791">
        <ele>209.2</ele>
      </trkpt>
      <trkpt lat="34.60708" lon="-120.02792">
        <ele>209.2</ele>
      </trkpt>
      <trkpt lat="34.60702" lon="-120.02812">
        <ele>209.8</ele>
      </trkpt>
      <trkpt lat="34.60698" lon="-120.0283">
        <ele>210.3</ele>
      </trkpt>
      <trkpt lat="34.60695" lon="-120.02845">
        <ele>210.6</ele>
      </trkpt>
      <trkpt lat="34.60695" lon="-120.02854">
        <ele>210.8</ele>
      </trkpt>
      <trkpt lat="34.60694" lon="-120.02859">
        <ele>210.9</ele>
      </trkpt>
      <trkpt lat="34.60694" lon="-120.02873">
        <ele>211.2</ele>
      </trkpt>
      <trkpt lat="34.60694" lon="-120.02876">
        <ele>211.2</ele>
      </trkpt>
      <trkpt lat="34.60695" lon="-120.02886">
        <ele>211.4</ele>
      </trkpt>
      <trkpt lat="34.60698" lon="-120.02901">
        <ele>211.8</ele>
      </trkpt>
      <trkpt lat="34.60702" lon="-120.0292">
        <ele>212.3</ele>
      </trkpt>
      <trkpt lat="34.60707" lon="-120.02932">
        <ele>212.7</ele>
      </trkpt>
      <trkpt lat="34.60719" lon="-120.02958">
        <ele>213.8</ele>
      </trkpt>
      <trkpt lat="34.60729" lon="-120.02976">
        <ele>214.9</ele>
      </trkpt>
      <trkpt lat="34.60749" lon="-120.03012">
        <ele>217.0</ele>
      </trkpt>
      <trkpt lat="34.60749" lon="-120.03012">
        <ele>217.0</ele>
      </trkpt>
      <trkpt lat="34.60729" lon="-120.03013">
        <ele>216.2</ele>
      </trkpt>
      <trkpt lat="34.6072" lon="-120.03012">
        <ele>215.8</ele>
      </trkpt>
      <trkpt lat="34.60713" lon="-120.03011">
        <ele>215.4</ele>
      </trkpt>
      <trkpt lat="34.60707" lon="-120.03009">
        <ele>215.0</ele>
      </trkpt>
      <trkpt lat="34.60696" lon="-120.03004">
        <ele>214.2</ele>
      </trkpt>
      <trkpt lat="34.60622" lon="-120.02972">
        <ele>207.2</ele>
      </trkpt>
      <trkpt lat="34.60611" lon="-120.02967">
        <ele>206.7</ele>
      </trkpt>
      <trkpt lat="34.60595" lon="-120.02959">
        <ele>206.1</ele>
      </trkpt>
      <trkpt lat="34.60561" lon="-120.02943">
        <ele>204.4</ele>
      </trkpt>
      <trkpt lat="34.60547" lon="-120.02936">
        <ele>203.8</ele>
      </trkpt>
      <trkpt lat="34.60511" lon="-120.0292">
        <ele>202.1</ele>
      </trkpt>
      <trkpt lat="34.60465" lon="-120.029">
        <ele>198.2</ele>
      </trkpt>
      <trkpt lat="34.6046" lon="-120.02899">
        <ele>197.8</ele>
      </trkpt>
      <trkpt lat="34.60447" lon="-120.02895">
        <ele>197.4</ele>
      </trkpt>
      <trkpt lat="34.6044" lon="-120.02893">
        <ele>197.6</ele>
      </trkpt>
      <trkpt lat="34.60432" lon="-120.02893">
        <ele>197.7</ele>
      </trkpt>
      <trkpt lat="34.60423" lon="-120.02894">
        <ele>198.0</ele>
      </trkpt>
      <trkpt lat="34.60412" lon="-120.02898">
        <ele>197.9</ele>
      </trkpt>
      <trkpt lat="34.60398" lon="-120.02901">
        <ele>198.3</ele>
      </trkpt>
      <trkpt lat="34.60389" lon="-120.02905">
        <ele>198.3</ele>
      </trkpt>
      <trkpt lat="34.60367" lon="-120.02914">
        <ele>198.5</ele>
      </trkpt>
      <trkpt lat="34.60355" lon="-120.02919">
        <ele>198.6</ele>
      </trkpt>
      <trkpt lat="34.60321" lon="-120.02931">
        <ele>198.9</ele>
      </trkpt>
      <trkpt lat="34.60303" lon="-120.02938">
        <ele>198.9</ele>
      </trkpt>
      <trkpt lat="34.60274" lon="-120.02949">
        <ele>198.9</ele>
      </trkpt>
      <trkpt lat="34.60269" lon="-120.0295">
        <ele>199.0</ele>
      </trkpt>
      <trkpt lat="34.60252" lon="-120.02957">
        <ele>198.9</ele>
      </trkpt>
      <trkpt lat="34.60241" lon="-120.02961">
        <ele>198.9</ele>
      </trkpt>
      <trkpt lat="34.60228" lon="-120.02967">
        <ele>198.7</ele>
      </trkpt>
      <trkpt lat="34.60217" lon="-120.02971">
        <ele>198.6</ele>
      </trkpt>
      <trkpt lat="34.60204" lon="-120.02973">
        <ele>198.7</ele>
      </trkpt>
      <trkpt lat="34.602" lon="-120.02974">
        <ele>198.7</ele>
      </trkpt>
      <trkpt lat="34.60186" lon="-120.02976">
        <ele>198.9</ele>
      </trkpt>
      <trkpt lat="34.60146" lon="-120.02978">
        <ele>199.2</ele>
      </trkpt>
      <trkpt lat="34.60112" lon="-120.02982">
        <ele>199.1</ele>
      </trkpt>
      <trkpt lat="34.60092" lon="-120.02985">
        <ele>198.8</ele>
      </trkpt>
      <trkpt lat="34.60079" lon="-120.02988">
        <ele>198.5</ele>
      </trkpt>
      <trkpt lat="34.60061" lon="-120.02991">
        <ele>198.3</ele>
      </trkpt>
      <trkpt lat="34.60057" lon="-120.02991">
        <ele>198.3</ele>
      </trkpt>
      <trkpt lat="34.60034" lon="-120.02995">
        <ele>197.9</ele>
      </trkpt>
      <trkpt lat="34.60016" lon="-120.02999">
        <ele>196.7</ele>
      </trkpt>
      <trkpt lat="34.60007" lon="-120.02998">
        <ele>196.1</ele>
      </trkpt>
      <trkpt lat="34.60003" lon="-120.02998">
        <ele>195.6</ele>
      </trkpt>
      <trkpt lat="34.60002" lon="-120.02997">
        <ele>195.5</ele>
      </trkpt>
      <trkpt lat="34.59995" lon="-120.02994">
        <ele>194.8</ele>
      </trkpt>
      <trkpt lat="34.59989" lon="-120.02989">
        <ele>194.6</ele>
      </trkpt>
      <trkpt lat="34.59978" lon="-120.02978">
        <ele>194.5</ele>
      </trkpt>
      <trkpt lat="34.5997" lon="-120.02966">
        <ele>194.3</ele>
      </trkpt>
      <trkpt lat="34.59965" lon="-120.02957">
        <ele>193.7</ele>
      </trkpt>
      <trkpt lat="34.59959" lon="-120.02947">
        <ele>192.4</ele>
      </trkpt>
      <trkpt lat="34.59942" lon="-120.02908">
        <ele>192.2</ele>
      </trkpt>
      <trkpt lat="34.59938" lon="-120.02896">
        <ele>191.4</ele>
      </trkpt>
      <trkpt lat="34.59934" lon="-120.02889">
        <ele>190.9</ele>
      </trkpt>
      <trkpt lat="34.59931" lon="-120.02885">
        <ele>190.5</ele>
      </trkpt>
      <trkpt lat="34.59927" lon="-120.0288">
        <ele>190.3</ele>
      </trkpt>
      <trkpt lat="34.5992" lon="-120.02876">
        <ele>189.8</ele>
      </trkpt>
      <trkpt lat="34.5992" lon="-120.02875">
        <ele>189.7</ele>
      </trkpt>
      <trkpt lat="34.59911" lon="-120.02873">
        <ele>188.7</ele>
      </trkpt>
      <trkpt lat="34.59888" lon="-120.02866">
        <ele>186.7</ele>
      </trkpt>
      <trkpt lat="34.59885" lon="-120.02865">
        <ele>186.6</ele>
      </trkpt>
      <trkpt lat="34.59874" lon="-120.02862">
        <ele>186.3</ele>
      </trkpt>
      <trkpt lat="34.59863" lon="-120.0286">
        <ele>186.0</ele>
      </trkpt>
      <trkpt lat="34.5985" lon="-120.0286">
        <ele>185.1</ele>
      </trkpt>
      <trkpt lat="34.59849" lon="-120.0286">
        <ele>185.0</ele>
      </trkpt>
      <trkpt lat="34.59837" lon="-120.02861">
        <ele>182.9</ele>
      </trkpt>
      <trkpt lat="34.59832" lon="-120.02863">
        <ele>182.1</ele>
      </trkpt>
      <trkpt lat="34.59821" lon="-120.02866">
        <ele>181.2</ele>
      </trkpt>
      <trkpt lat="34.59783" lon="-120.02883">
        <ele>177.7</ele>
      </trkpt>
      <trkpt lat="34.59781" lon="-120.02885">
        <ele>177.4</ele>
      </trkpt>
      <trkpt lat="34.59775" lon="-120.02887">
        <ele>176.7</ele>
      </trkpt>
      <trkpt lat="34.59765" lon="-120.02891">
        <ele>176.2</ele>
      </trkpt>
      <trkpt lat="34.59759" lon="-120.02893">
        <ele>175.9</ele>
      </trkpt>
      <trkpt lat="34.59743" lon="-120.02894">
        <ele>175.1</ele>
      </trkpt>
      <trkpt lat="34.59728" lon="-120.02896">
        <ele>174.4</ele>
      </trkpt>
      <trkpt lat="34.59713" lon="-120.02898">
        <ele>173.3</ele>
      </trkpt>
      <trkpt lat="34.5971" lon="-120.02898">
        <ele>173.0</ele>
      </trkpt>
      <trkpt lat="34.59692" lon="-120.029">
        <ele>172.0</ele>
      </trkpt>
      <trkpt lat="34.59677" lon="-120.02902">
        <ele>170.1</ele>
      </trkpt>
      <trkpt lat="34.59667" lon="-120.02903">
        <ele>168.3</ele>
      </trkpt>
      <trkpt lat="34.59657" lon="-120.02903">
        <ele>167.4</ele>
      </trkpt>
      <trkpt lat="34.5965" lon="-120.02902">
        <ele>167.3</ele>
      </trkpt>
      <trkpt lat="34.59635" lon="-120.02902">
        <ele>167.6</ele>
      </trkpt>
      <trkpt lat="34.5961" lon="-120.02899">
        <ele>168.2</ele>
      </trkpt>
      <trkpt lat="34.5959" lon="-120.02897">
        <ele>168.8</ele>
      </trkpt>
      <trkpt lat="34.59578" lon="-120.02895">
        <ele>169.0</ele>
      </trkpt>
      <trkpt lat="34.59565" lon="-120.02895">
        <ele>168.9</ele>
      </trkpt>
      <trkpt lat="34.5956" lon="-120.02895">
        <ele>168.7</ele>
      </trkpt>
      <trkpt lat="34.59555" lon="-120.02896">
        <ele>168.6</ele>
      </trkpt>
      <trkpt lat="34.59548" lon="-120.02898">
        <ele>168.3</ele>
      </trkpt>
      <trkpt lat="34.59511" lon="-120.02913">
        <ele>166.5</ele>
      </trkpt>
      <trkpt lat="34.59509" lon="-120.02915">
        <ele>166.3</ele>
      </trkpt>
      <trkpt lat="34.59492" lon="-120.02922">
        <ele>164.9</ele>
      </trkpt>
      <trkpt lat="34.59484" lon="-120.02926">
        <ele>164.5</ele>
      </trkpt>
      <trkpt lat="34.59475" lon="-120.02931">
        <ele>164.1</ele>
      </trkpt>
      <trkpt lat="34.59454" lon="-120.02942">
        <ele>163.1</ele>
      </trkpt>
      <trkpt lat="34.59443" lon="-120.02949">
        <ele>162.6</ele>
      </trkpt>
      <trkpt lat="34.5944" lon="-120.02952">
        <ele>162.4</ele>
      </trkpt>
      <trkpt lat="34.59428" lon="-120.02961">
        <ele>161.9</ele>
      </trkpt>
      <trkpt lat="34.59422" lon="-120.02966">
        <ele>162.2</ele>
      </trkpt>
      <trkpt lat="34.59398" lon="-120.02987">
        <ele>162.8</ele>
      </trkpt>
      <trkpt lat="34.59361" lon="-120.0303">
        <ele>161.8</ele>
      </trkpt>
      <trkpt lat="34.59348" lon="-120.03039">
        <ele>161.8</ele>
      </trkpt>
      <trkpt lat="34.59343" lon="-120.03041">
        <ele>161.8</ele>
      </trkpt>
      <trkpt lat="34.59326" lon="-120.03049">
        <ele>161.9</ele>
      </trkpt>
      <trkpt lat="34.59257" lon="-120.03075">
        <ele>162.1</ele>
      </trkpt>
      <trkpt lat="34.59188" lon="-120.031">
        <ele>161.6</ele>
      </trkpt>
      <trkpt lat="34.59171" lon="-120.03105">
        <ele>161.5</ele>
      </trkpt>
      <trkpt lat="34.59161" lon="-120.03108">
        <ele>161.4</ele>
      </trkpt>
      <trkpt lat="34.5914" lon="-120.03116">
        <ele>161.2</ele>
      </trkpt>
      <trkpt lat="34.59136" lon="-120.03117">
        <ele>161.1</ele>
      </trkpt>
      <trkpt lat="34.59118" lon="-120.03121">
        <ele>161.0</ele>
      </trkpt>
      <trkpt lat="34.5911" lon="-120.03123">
        <ele>161.0</ele>
      </trkpt>
      <trkpt lat="34.59066" lon="-120.03131">
        <ele>161.0</ele>
      </trkpt>
      <trkpt lat="34.5905" lon="-120.03131">
        <ele>160.9</ele>
      </trkpt>
      <trkpt lat="34.59026" lon="-120.03147">
        <ele>160.5</ele>
      </trkpt>
      <trkpt lat="34.59019" lon="-120.03153">
        <ele>160.4</ele>
      </trkpt>
      <trkpt lat="34.59013" lon="-120.03157">
        <ele>160.3</ele>
      </trkpt>
      <trkpt lat="34.58971" lon="-120.03201">
        <ele>159.9</ele>
      </trkpt>
      <trkpt lat="34.58971" lon="-120.03201">
        <ele>159.9</ele>
      </trkpt>
      <trkpt lat="34.5895" lon="-120.03169">
        <ele>160.6</ele>
      </trkpt>
      <trkpt lat="34.58938" lon="-120.03148">
        <ele>161.0</ele>
      </trkpt>
      <trkpt lat="34.58925" lon="-120.03124">
        <ele>161.4</ele>
      </trkpt>
      <trkpt lat="34.58916" lon="-120.03106">
        <ele>161.0</ele>
      </trkpt>
      <trkpt lat="34.58909" lon="-120.03092">
        <ele>160.8</ele>
      </trkpt>
      <trkpt lat="34.58906" lon="-120.03084">
        <ele>160.6</ele>
      </trkpt>
      <trkpt lat="34.58864" lon="-120.02984">
        <ele>158.8</ele>
      </trkpt>
      <trkpt lat="34.58858" lon="-120.02967">
        <ele>158.5</ele>
      </trkpt>
      <trkpt lat="34.58847" lon="-120.02936">
        <ele>158.0</ele>
      </trkpt>
      <trkpt lat="34.58844" lon="-120.02927">
        <ele>157.8</ele>
      </trkpt>
      <trkpt lat="34.58837" lon="-120.02903">
        <ele>157.4</ele>
      </trkpt>
      <trkpt lat="34.58829" lon="-120.02877">
        <ele>157.0</ele>
      </trkpt>
      <trkpt lat="34.58824" lon="-120.02856">
        <ele>156.6</ele>
      </trkpt>
      <trkpt lat="34.58821" lon="-120.02844">
        <ele>156.4</ele>
      </trkpt>
      <trkpt lat="34.58819" lon="-120.02835">
        <ele>156.3</ele>
      </trkpt>
      <trkpt lat="34.58814" lon="-120.02816">
        <ele>156.0</ele>
      </trkpt>
      <trkpt lat="34.5881" lon="-120.02799">
        <ele>155.7</ele>
      </trkpt>
      <trkpt lat="34.58806" lon="-120.02777">
        <ele>155.3</ele>
      </trkpt>
      <trkpt lat="34.588" lon="-120.02747">
        <ele>154.9</ele>
      </trkpt>
      <trkpt lat="34.58795" lon="-120.02717">
        <ele>157.1</ele>
      </trkpt>
      <trkpt lat="34.5879" lon="-120.02692">
        <ele>159.9</ele>
      </trkpt>
      <trkpt lat="34.5879" lon="-120.02691">
        <ele>160.0</ele>
      </trkpt>
      <trkpt lat="34.58783" lon="-120.02643">
        <ele>164.3</ele>
      </trkpt>
      <trkpt lat="34.5878" lon="-120.02618">
        <ele>165.2</ele>
      </trkpt>
      <trkpt lat="34.58777" lon="-120.02549">
        <ele>166.1</ele>
      </trkpt>
      <trkpt lat="34.58777" lon="-120.02523">
        <ele>166.2</ele>
      </trkpt>
      <trkpt lat="34.58777" lon="-120.02505">
        <ele>166.3</ele>
      </trkpt>
      <trkpt lat="34.58777" lon="-120.02499">
        <ele>166.3</ele>
      </trkpt>
      <trkpt lat="34.58778" lon="-120.02458">
        <ele>166.7</ele>
      </trkpt>
      <trkpt lat="34.5878" lon="-120.02427">
        <ele>166.9</ele>
      </trkpt>
      <trkpt lat="34.58785" lon="-120.02376">
        <ele>166.5</ele>
      </trkpt>
      <trkpt lat="34.5879" lon="-120.02331">
        <ele>163.7</ele>
      </trkpt>
      <trkpt lat="34.5879" lon="-120.02326">
        <ele>164.0</ele>
      </trkpt>
      <trkpt lat="34.58792" lon="-120.02309">
        <ele>165.6</ele>
      </trkpt>
      <trkpt lat="34.58794" lon="-120.02281">
        <ele>166.2</ele>
      </trkpt>
      <trkpt lat="34.58805" lon="-120.02157">
        <ele>170.3</ele>
      </trkpt>
      <trkpt lat="34.58812" lon="-120.02092">
        <ele>171.7</ele>
      </trkpt>
      <trkpt lat="34.58816" lon="-120.02055">
        <ele>171.6</ele>
      </trkpt>
      <trkpt lat="34.58824" lon="-120.01984">
        <ele>175.4</ele>
      </trkpt>
      <trkpt lat="34.58826" lon="-120.01957">
        <ele>177.2</ele>
      </trkpt>
      <trkpt lat="34.58828" lon="-120.0194">
        <ele>178.1</ele>
      </trkpt>
      <trkpt lat="34.5883" lon="-120.01918">
        <ele>179.2</ele>
      </trkpt>
      <trkpt lat="34.58834" lon="-120.01883">
        <ele>180.1</ele>
      </trkpt>
      <trkpt lat="34.58835" lon="-120.01875">
        <ele>180.2</ele>
      </trkpt>
      <trkpt lat="34.58836" lon="-120.01864">
        <ele>180.4</ele>
      </trkpt>
      <trkpt lat="34.58836" lon="-120.01854">
        <ele>180.7</ele>
      </trkpt>
      <trkpt lat="34.58837" lon="-120.01841">
        <ele>181.1</ele>
      </trkpt>
      <trkpt lat="34.58838" lon="-120.01822">
        <ele>182.0</ele>
      </trkpt>
      <trkpt lat="34.58838" lon="-120.01799">
        <ele>182.9</ele>
      </trkpt>
      <trkpt lat="34.58837" lon="-120.01779">
        <ele>183.3</ele>
      </trkpt>
      <trkpt lat="34.58837" lon="-120.01759">
        <ele>183.4</ele>
      </trkpt>
      <trkpt lat="34.58836" lon="-120.01744">
        <ele>183.5</ele>
      </trkpt>
      <trkpt lat="34.58836" lon="-120.01741">
        <ele>183.4</ele>
      </trkpt>
      <trkpt lat="34.58834" lon="-120.01723">
        <ele>183.3</ele>
      </trkpt>
      <trkpt lat="34.58834" lon="-120.01719">
        <ele>183.2</ele>
      </trkpt>
      <trkpt lat="34.58832" lon="-120.01698">
        <ele>182.8</ele>
      </trkpt>
      <trkpt lat="34.58828" lon="-120.01675">
        <ele>182.3</ele>
      </trkpt>
      <trkpt lat="34.58825" lon="-120.01653">
        <ele>181.4</ele>
      </trkpt>
      <trkpt lat="34.58822" lon="-120.01634">
        <ele>179.9</ele>
      </trkpt>
      <trkpt lat="34.58818" lon="-120.01614">
        <ele>178.0</ele>
      </trkpt>
      <trkpt lat="34.58815" lon="-120.01601">
        <ele>177.3</ele>
      </trkpt>
      <trkpt lat="34.58813" lon="-120.01594">
        <ele>177.1</ele>
      </trkpt>
      <trkpt lat="34.58812" lon="-120.01588">
        <ele>177.0</ele>
      </trkpt>
      <trkpt lat="34.58806" lon="-120.01568">
        <ele>177.0</ele>
      </trkpt>
      <trkpt lat="34.58802" lon="-120.01555">
        <ele>177.0</ele>
      </trkpt>
      <trkpt lat="34.58802" lon="-120.01553">
        <ele>176.9</ele>
      </trkpt>
      <trkpt lat="34.58797" lon="-120.01539">
        <ele>176.8</ele>
      </trkpt>
      <trkpt lat="34.58795" lon="-120.01533">
        <ele>176.8</ele>
      </trkpt>
      <trkpt lat="34.5879" lon="-120.01521">
        <ele>176.8</ele>
      </trkpt>
      <trkpt lat="34.58787" lon="-120.01513">
        <ele>176.8</ele>
      </trkpt>
      <trkpt lat="34.58783" lon="-120.01505">
        <ele>176.8</ele>
      </trkpt>
      <trkpt lat="34.58763" lon="-120.01454">
        <ele>177.0</ele>
      </trkpt>
      <trkpt lat="34.58753" lon="-120.01428">
        <ele>177.2</ele>
      </trkpt>
      <trkpt lat="34.58738" lon="-120.01393">
        <ele>178.1</ele>
      </trkpt>
      <trkpt lat="34.58731" lon="-120.01376">
        <ele>178.2</ele>
      </trkpt>
      <trkpt lat="34.58724" lon="-120.01356">
        <ele>178.2</ele>
      </trkpt>
      <trkpt lat="34.58722" lon="-120.01352">
        <ele>178.2</ele>
      </trkpt>
      <trkpt lat="34.58706" lon="-120.01309">
        <ele>178.2</ele>
      </trkpt>
      <trkpt lat="34.58696" lon="-120.0128">
        <ele>178.2</ele>
      </trkpt>
      <trkpt lat="34.58695" lon="-120.01276">
        <ele>178.1</ele>
      </trkpt>
      <trkpt lat="34.58692" lon="-120.01262">
        <ele>178.0</ele>
      </trkpt>
      <trkpt lat="34.5869" lon="-120.01255">
        <ele>177.9</ele>
      </trkpt>
      <trkpt lat="34.58687" lon="-120.01243">
        <ele>177.7</ele>
      </trkpt>
      <trkpt lat="34.58683" lon="-120.01225">
        <ele>177.3</ele>
      </trkpt>
      <trkpt lat="34.5868" lon="-120.01205">
        <ele>176.8</ele>
      </trkpt>
      <trkpt lat="34.58674" lon="-120.01167">
        <ele>176.0</ele>
      </trkpt>
      <trkpt lat="34.58668" lon="-120.01105">
        <ele>174.8</ele>
      </trkpt>
      <trkpt lat="34.58661" lon="-120.01008">
        <ele>173.6</ele>
      </trkpt>
      <trkpt lat="34.58661" lon="-120.01004">
        <ele>173.5</ele>
      </trkpt>
      <trkpt lat="34.58652" lon="-120.00877">
        <ele>172.1</ele>
      </trkpt>
      <trkpt lat="34.58651" lon="-120.00865">
        <ele>172.3</ele>
      </trkpt>
      <trkpt lat="34.58651" lon="-120.00854">
        <ele>172.4</ele>
      </trkpt>
      <trkpt lat="34.58641" lon="-120.00767">
        <ele>173.9</ele>
      </trkpt>
      <trkpt lat="34.58625" lon="-120.00616">
        <ele>176.5</ele>
      </trkpt>
      <trkpt lat="34.58625" lon="-120.00615">
        <ele>176.5</ele>
      </trkpt>
      <trkpt lat="34.58611" lon="-120.00486">
        <ele>177.9</ele>
      </trkpt>
      <trkpt lat="34.58611" lon="-120.00484">
        <ele>177.9</ele>
      </trkpt>
      <trkpt lat="34.58607" lon="-120.00445">
        <ele>178.8</ele>
      </trkpt>
      <trkpt lat="34.58587" lon="-120.00269">
        <ele>182.0</ele>
      </trkpt>
      <trkpt lat="34.58584" lon="-120.00242">
        <ele>182.5</ele>
      </trkpt>
      <trkpt lat="34.58581" lon="-120.00221">
        <ele>182.8</ele>
      </trkpt>
      <trkpt lat="34.58578" lon="-120.00187">
        <ele>183.1</ele>
      </trkpt>
      <trkpt lat="34.58574" lon="-120.00155">
        <ele>183.4</ele>
      </trkpt>
      <trkpt lat="34.58573" lon="-120.00144">
        <ele>183.5</ele>
      </trkpt>
      <trkpt lat="34.58567" lon="-120.00079">
        <ele>183.3</ele>
      </trkpt>
      <trkpt lat="34.5856" lon="-120.00014">
        <ele>190.3</ele>
      </trkpt>
      <trkpt lat="34.58558" lon="-119.99992">
        <ele>192.0</ele>
      </trkpt>
      <trkpt lat="34.58554" lon="-119.99959">
        <ele>193.5</ele>
      </trkpt>
      <trkpt lat="34.58553" lon="-119.99941">
        <ele>194.1</ele>
      </trkpt>
      <trkpt lat="34.58549" lon="-119.99931">
        <ele>194.6</ele>
      </trkpt>
      <trkpt lat="34.58548" lon="-119.9992">
        <ele>195.0</ele>
      </trkpt>
      <trkpt lat="34.58545" lon="-119.99887">
        <ele>195.8</ele>
      </trkpt>
      <trkpt lat="34.58544" lon="-119.99877">
        <ele>195.9</ele>
      </trkpt>
      <trkpt lat="34.5854" lon="-119.99839">
        <ele>196.8</ele>
      </trkpt>
      <trkpt lat="34.58535" lon="-119.99788">
        <ele>199.2</ele>
      </trkpt>
      <trkpt lat="34.58531" lon="-119.99751">
        <ele>201.7</ele>
      </trkpt>
      <trkpt lat="34.58531" lon="-119.99746">
        <ele>202.2</ele>
      </trkpt>
      <trkpt lat="34.58529" lon="-119.99729">
        <ele>204.1</ele>
      </trkpt>
      <trkpt lat="34.5852" lon="-119.99657">
        <ele>209.5</ele>
      </trkpt>
      <trkpt lat="34.58516" lon="-119.99627">
        <ele>211.0</ele>
      </trkpt>
      <trkpt lat="34.58511" lon="-119.99579">
        <ele>211.8</ele>
      </trkpt>
      <trkpt lat="34.58509" lon="-119.99566">
        <ele>212.1</ele>
      </trkpt>
      <trkpt lat="34.58506" lon="-119.99545">
        <ele>212.7</ele>
      </trkpt>
      <trkpt lat="34.58502" lon="-119.99523">
        <ele>213.5</ele>
      </trkpt>
      <trkpt lat="34.58498" lon="-119.99505">
        <ele>214.1</ele>
      </trkpt>
      <trkpt lat="34.58498" lon="-119.99502">
        <ele>214.1</ele>
      </trkpt>
      <trkpt lat="34.58492" lon="-119.99479">
        <ele>214.7</ele>
      </trkpt>
      <trkpt lat="34.5849" lon="-119.9947">
        <ele>214.8</ele>
      </trkpt>
      <trkpt lat="34.58489" lon="-119.9946">
        <ele>214.6</ele>
      </trkpt>
      <trkpt lat="34.58483" lon="-119.99441">
        <ele>214.2</ele>
      </trkpt>
      <trkpt lat="34.58475" lon="-119.99417">
        <ele>213.0</ele>
      </trkpt>
      <trkpt lat="34.58466" lon="-119.99395">
        <ele>212.3</ele>
      </trkpt>
      <trkpt lat="34.58458" lon="-119.99379">
        <ele>212.6</ele>
      </trkpt>
      <trkpt lat="34.58447" lon="-119.99358">
        <ele>213.1</ele>
      </trkpt>
      <trkpt lat="34.58443" lon="-119.9935">
        <ele>213.1</ele>
      </trkpt>
      <trkpt lat="34.58438" lon="-119.99341">
        <ele>212.9</ele>
      </trkpt>
      <trkpt lat="34.58432" lon="-119.99331">
        <ele>212.8</ele>
      </trkpt>
      <trkpt lat="34.58426" lon="-119.99322">
        <ele>212.7</ele>
      </trkpt>
      <trkpt lat="34.58421" lon="-119.99314">
        <ele>213.0</ele>
      </trkpt>
      <trkpt lat="34.58416" lon="-119.99307">
        <ele>213.4</ele>
      </trkpt>
      <trkpt lat="34.58409" lon="-119.99298">
        <ele>213.9</ele>
      </trkpt>
      <trkpt lat="34.58401" lon="-119.99288">
        <ele>215.2</ele>
      </trkpt>
      <trkpt lat="34.58395" lon="-119.99281">
        <ele>216.8</ele>
      </trkpt>
      <trkpt lat="34.5839" lon="-119.99276">
        <ele>218.0</ele>
      </trkpt>
      <trkpt lat="34.58378" lon="-119.99262">
        <ele>220.9</ele>
      </trkpt>
      <trkpt lat="34.58377" lon="-119.99261">
        <ele>221.1</ele>
      </trkpt>
      <trkpt lat="34.58328" lon="-119.99208">
        <ele>223.8</ele>
      </trkpt>
      <trkpt lat="34.58303" lon="-119.99177">
        <ele>221.9</ele>
      </trkpt>
      <trkpt lat="34.5829" lon="-119.99162">
        <ele>219.9</ele>
      </trkpt>
      <trkpt lat="34.58277" lon="-119.99146">
        <ele>219.5</ele>
      </trkpt>
      <trkpt lat="34.58265" lon="-119.99131">
        <ele>219.5</ele>
      </trkpt>
      <trkpt lat="34.58246" lon="-119.99108">
        <ele>219.2</ele>
      </trkpt>
      <trkpt lat="34.58239" lon="-119.991">
        <ele>219.3</ele>
      </trkpt>
      <trkpt lat="34.58225" lon="-119.99086">
        <ele>219.4</ele>
      </trkpt>
      <trkpt lat="34.58212" lon="-119.99071">
        <ele>219.9</ele>
      </trkpt>
      <trkpt lat="34.58172" lon="-119.99027">
        <ele>223.0</ele>
      </trkpt>
      <trkpt lat="34.5816" lon="-119.99013">
        <ele>223.4</ele>
      </trkpt>
      <trkpt lat="34.58108" lon="-119.98951">
        <ele>221.4</ele>
      </trkpt>
      <trkpt lat="34.58102" lon="-119.98944">
        <ele>221.1</ele>
      </trkpt>
      <trkpt lat="34.58082" lon="-119.9892">
        <ele>218.7</ele>
      </trkpt>
      <trkpt lat="34.5807" lon="-119.98904">
        <ele>217.7</ele>
      </trkpt>
      <trkpt lat="34.58042" lon="-119.98871">
        <ele>217.7</ele>
      </trkpt>
      <trkpt lat="34.58028" lon="-119.98854">
        <ele>218.2</ele>
      </trkpt>
      <trkpt lat="34.5802" lon="-119.98843">
        <ele>218.6</ele>
      </trkpt>
      <trkpt lat="34.58015" lon="-119.98835">
        <ele>219.2</ele>
      </trkpt>
      <trkpt lat="34.58009" lon="-119.98827">
        <ele>220.1</ele>
      </trkpt>
      <trkpt lat="34.58008" lon="-119.98825">
        <ele>220.3</ele>
      </trkpt>
      <trkpt lat="34.58002" lon="-119.98816">
        <ele>221.0</ele>
      </trkpt>
      <trkpt lat="34.57997" lon="-119.98808">
        <ele>221.3</ele>
      </trkpt>
      <trkpt lat="34.57995" lon="-119.98805">
        <ele>221.4</ele>
      </trkpt>
      <trkpt lat="34.57989" lon="-119.98796">
        <ele>221.6</ele>
      </trkpt>
      <trkpt lat="34.57986" lon="-119.9879">
        <ele>221.6</ele>
      </trkpt>
      <trkpt lat="34.57983" lon="-119.98784">
        <ele>221.7</ele>
      </trkpt>
      <trkpt lat="34.57977" lon="-119.98772">
        <ele>221.7</ele>
      </trkpt>
      <trkpt lat="34.57968" lon="-119.98752">
        <ele>221.9</ele>
      </trkpt>
      <trkpt lat="34.57961" lon="-119.98733">
        <ele>221.9</ele>
      </trkpt>
      <trkpt lat="34.57959" lon="-119.98727">
        <ele>222.0</ele>
      </trkpt>
      <trkpt lat="34.57954" lon="-119.98712">
        <ele>222.0</ele>
      </trkpt>
      <trkpt lat="34.57949" lon="-119.98698">
        <ele>222.2</ele>
      </trkpt>
      <trkpt lat="34.57947" lon="-119.98692">
        <ele>222.3</ele>
      </trkpt>
      <trkpt lat="34.57942" lon="-119.98671">
        <ele>222.0</ele>
      </trkpt>
      <trkpt lat="34.57938" lon="-119.98656">
        <ele>221.7</ele>
      </trkpt>
      <trkpt lat="34.57936" lon="-119.9865">
        <ele>221.8</ele>
      </trkpt>
      <trkpt lat="34.57931" lon="-119.9863">
        <ele>222.8</ele>
      </trkpt>
      <trkpt lat="34.57925" lon="-119.98609">
        <ele>224.1</ele>
      </trkpt>
      <trkpt lat="34.57923" lon="-119.98601">
        <ele>224.5</ele>
      </trkpt>
      <trkpt lat="34.57919" lon="-119.98588">
        <ele>225.4</ele>
      </trkpt>
      <trkpt lat="34.57902" lon="-119.98526">
        <ele>229.9</ele>
      </trkpt>
      <trkpt lat="34.57901" lon="-119.98521">
        <ele>230.2</ele>
      </trkpt>
      <trkpt lat="34.57897" lon="-119.98505">
        <ele>231.2</ele>
      </trkpt>
      <trkpt lat="34.57886" lon="-119.98464">
        <ele>233.3</ele>
      </trkpt>
      <trkpt lat="34.5788" lon="-119.98443">
        <ele>233.9</ele>
      </trkpt>
      <trkpt lat="34.57876" lon="-119.98424">
        <ele>234.2</ele>
      </trkpt>
      <trkpt lat="34.57875" lon="-119.98422">
        <ele>234.2</ele>
      </trkpt>
      <trkpt lat="34.57864" lon="-119.9838">
        <ele>235.2</ele>
      </trkpt>
      <trkpt lat="34.57858" lon="-119.98356">
        <ele>235.1</ele>
      </trkpt>
      <trkpt lat="34.5783" lon="-119.98256">
        <ele>246.0</ele>
      </trkpt>
      <trkpt lat="34.57823" lon="-119.98233">
        <ele>246.8</ele>
      </trkpt>
      <trkpt lat="34.57812" lon="-119.9819">
        <ele>249.5</ele>
      </trkpt>
      <trkpt lat="34.578" lon="-119.98151">
        <ele>254.8</ele>
      </trkpt>
      <trkpt lat="34.57795" lon="-119.98132">
        <ele>256.0</ele>
      </trkpt>
      <trkpt lat="34.57792" lon="-119.9812">
        <ele>256.3</ele>
      </trkpt>
      <trkpt lat="34.57789" lon="-119.98111">
        <ele>256.1</ele>
      </trkpt>
      <trkpt lat="34.57784" lon="-119.9809">
        <ele>256.6</ele>
      </trkpt>
      <trkpt lat="34.57779" lon="-119.98073">
        <ele>257.7</ele>
      </trkpt>
      <trkpt lat="34.57778" lon="-119.9807">
        <ele>258.1</ele>
      </trkpt>
      <trkpt lat="34.57766" lon="-119.98028">
        <ele>262.7</ele>
      </trkpt>
      <trkpt lat="34.5776" lon="-119.98008">
        <ele>264.3</ele>
      </trkpt>
      <trkpt lat="34.57759" lon="-119.98005">
        <ele>264.5</ele>
      </trkpt>
      <trkpt lat="34.57749" lon="-119.97966">
        <ele>266.1</ele>
      </trkpt>
      <trkpt lat="34.57738" lon="-119.97925">
        <ele>267.0</ele>
      </trkpt>
      <trkpt lat="34.57731" lon="-119.97898">
        <ele>267.2</ele>
      </trkpt>
      <trkpt lat="34.57726" lon="-119.97878">
        <ele>267.1</ele>
      </trkpt>
      <trkpt lat="34.57714" lon="-119.97832">
        <ele>266.7</ele>
      </trkpt>
      <trkpt lat="34.57697" lon="-119.97768">
        <ele>265.9</ele>
      </trkpt>
      <trkpt lat="34.57693" lon="-119.97751">
        <ele>265.8</ele>
      </trkpt>
      <trkpt lat="34.57652" lon="-119.97602">
        <ele>268.6</ele>
      </trkpt>
      <trkpt lat="34.57635" lon="-119.97541">
        <ele>268.2</ele>
      </trkpt>
      <trkpt lat="34.57629" lon="-119.97518">
        <ele>268.4</ele>
      </trkpt>
      <trkpt lat="34.57613" lon="-119.9746">
        <ele>267.2</ele>
      </trkpt>
      <trkpt lat="34.57587" lon="-119.97353">
        <ele>258.4</ele>
      </trkpt>
      <trkpt lat="34.57587" lon="-119.97351">
        <ele>258.3</ele>
      </trkpt>
      <trkpt lat="34.57576" lon="-119.97312">
        <ele>261.1</ele>
      </trkpt>
      <trkpt lat="34.57537" lon="-119.97174">
        <ele>280.2</ele>
      </trkpt>
      <trkpt lat="34.57535" lon="-119.97167">
        <ele>280.5</ele>
      </trkpt>
      <trkpt lat="34.57506" lon="-119.97063">
        <ele>277.7</ele>
      </trkpt>
      <trkpt lat="34.57497" lon="-119.97031">
        <ele>280.6</ele>
      </trkpt>
      <trkpt lat="34.57489" lon="-119.97001">
        <ele>280.5</ele>
      </trkpt>
      <trkpt lat="34.57483" lon="-119.96984">
        <ele>279.2</ele>
      </trkpt>
      <trkpt lat="34.57483" lon="-119.96981">
        <ele>279.0</ele>
      </trkpt>
      <trkpt lat="34.57476" lon="-119.96961">
        <ele>278.7</ele>
      </trkpt>
      <trkpt lat="34.57472" lon="-119.96949">
        <ele>279.0</ele>
      </trkpt>
      <trkpt lat="34.57469" lon="-119.9694">
        <ele>279.2</ele>
      </trkpt>
      <trkpt lat="34.57458" lon="-119.9691">
        <ele>280.9</ele>
      </trkpt>
      <trkpt lat="34.57454" lon="-119.969">
        <ele>281.0</ele>
      </trkpt>
      <trkpt lat="34.57448" lon="-119.96883">
        <ele>281.0</ele>
      </trkpt>
      <trkpt lat="34.57439" lon="-119.96861">
        <ele>280.6</ele>
      </trkpt>
      <trkpt lat="34.57435" lon="-119.96853">
        <ele>280.4</ele>
      </trkpt>
      <trkpt lat="34.5743" lon="-119.96842">
        <ele>280.3</ele>
      </trkpt>
      <trkpt lat="34.57424" lon="-119.96828">
        <ele>280.7</ele>
      </trkpt>
      <trkpt lat="34.57422" lon="-119.96823">
        <ele>280.8</ele>
      </trkpt>
      <trkpt lat="34.57413" lon="-119.96803">
        <ele>280.8</ele>
      </trkpt>
      <trkpt lat="34.57405" lon="-119.96784">
        <ele>280.5</ele>
      </trkpt>
      <trkpt lat="34.57403" lon="-119.96781">
        <ele>280.3</ele>
      </trkpt>
      <trkpt lat="34.57387" lon="-119.96746">
        <ele>275.7</ele>
      </trkpt>
      <trkpt lat="34.57378" lon="-119.96727">
        <ele>271.2</ele>
      </trkpt>
      <trkpt lat="34.57376" lon="-119.96722">
        <ele>270.1</ele>
      </trkpt>
      <trkpt lat="34.57341" lon="-119.96651">
        <ele>267.2</ele>
      </trkpt>
      <trkpt lat="34.57333" lon="-119.96636">
        <ele>266.1</ele>
      </trkpt>
      <trkpt lat="34.57319" lon="-119.96603">
        <ele>260.4</ele>
      </trkpt>
      <trkpt lat="34.57305" lon="-119.96569">
        <ele>255.4</ele>
      </trkpt>
      <trkpt lat="34.57296" lon="-119.96549">
        <ele>254.6</ele>
      </trkpt>
      <trkpt lat="34.57286" lon="-119.96522">
        <ele>252.4</ele>
      </trkpt>
      <trkpt lat="34.57279" lon="-119.96499">
        <ele>250.0</ele>
      </trkpt>
      <trkpt lat="34.57273" lon="-119.96474">
        <ele>245.0</ele>
      </trkpt>
      <trkpt lat="34.57265" lon="-119.96432">
        <ele>237.4</ele>
      </trkpt>
      <trkpt lat="34.57261" lon="-119.9641">
        <ele>235.3</ele>
      </trkpt>
      <trkpt lat="34.57256" lon="-119.96389">
        <ele>235.1</ele>
      </trkpt>
      <trkpt lat="34.57254" lon="-119.96375">
        <ele>236.0</ele>
      </trkpt>
      <trkpt lat="34.57253" lon="-119.96373">
        <ele>236.3</ele>
      </trkpt>
      <trkpt lat="34.57253" lon="-119.96369">
        <ele>236.6</ele>
      </trkpt>
      <trkpt lat="34.57249" lon="-119.96346">
        <ele>240.0</ele>
      </trkpt>
      <trkpt lat="34.57242" lon="-119.96301">
        <ele>248.7</ele>
      </trkpt>
      <trkpt lat="34.5724" lon="-119.96289">
        <ele>250.0</ele>
      </trkpt>
      <trkpt lat="34.5724" lon="-119.96282">
        <ele>249.9</ele>
      </trkpt>
      <trkpt lat="34.5724" lon="-119.96279">
        <ele>249.9</ele>
      </trkpt>
      <trkpt lat="34.57239" lon="-119.96266">
        <ele>249.5</ele>
      </trkpt>
      <trkpt lat="34.57239" lon="-119.96261">
        <ele>249.3</ele>
      </trkpt>
      <trkpt lat="34.57239" lon="-119.96255">
        <ele>249.0</ele>
      </trkpt>
      <trkpt lat="34.57239" lon="-119.96245">
        <ele>248.0</ele>
      </trkpt>
      <trkpt lat="34.57239" lon="-119.96223">
        <ele>242.4</ele>
      </trkpt>
      <trkpt lat="34.5724" lon="-119.96187">
        <ele>239.8</ele>
      </trkpt>
      <trkpt lat="34.57243" lon="-119.96151">
        <ele>237.0</ele>
      </trkpt>
      <trkpt lat="34.57243" lon="-119.96146">
        <ele>236.7</ele>
      </trkpt>
      <trkpt lat="34.57244" lon="-119.96129">
        <ele>235.8</ele>
      </trkpt>
      <trkpt lat="34.57245" lon="-119.96124">
        <ele>235.7</ele>
      </trkpt>
      <trkpt lat="34.57245" lon="-119.96122">
        <ele>235.7</ele>
      </trkpt>
      <trkpt lat="34.5725" lon="-119.96081">
        <ele>237.9</ele>
      </trkpt>
      <trkpt lat="34.57258" lon="-119.96021">
        <ele>246.7</ele>
      </trkpt>
      <trkpt lat="34.57259" lon="-119.96009">
        <ele>248.0</ele>
      </trkpt>
      <trkpt lat="34.57263" lon="-119.95986">
        <ele>249.6</ele>
      </trkpt>
      <trkpt lat="34.57265" lon="-119.95979">
        <ele>249.9</ele>
      </trkpt>
      <trkpt lat="34.57276" lon="-119.95938">
        <ele>251.2</ele>
      </trkpt>
      <trkpt lat="34.57285" lon="-119.95905">
        <ele>252.0</ele>
      </trkpt>
      <trkpt lat="34.57295" lon="-119.95876">
        <ele>252.7</ele>
      </trkpt>
      <trkpt lat="34.57295" lon="-119.95876">
        <ele>252.7</ele>
      </trkpt>
      <trkpt lat="34.573" lon="-119.95878">
        <ele>252.3</ele>
      </trkpt>
      <trkpt lat="34.57317" lon="-119.95885">
        <ele>251.2</ele>
      </trkpt>
      <trkpt lat="34.57332" lon="-119.95891">
        <ele>250.2</ele>
      </trkpt>
      <trkpt lat="34.57336" lon="-119.95892">
        <ele>250.0</ele>
      </trkpt>
      <trkpt lat="34.57344" lon="-119.95892">
        <ele>249.7</ele>
      </trkpt>
      <trkpt lat="34.5735" lon="-119.9589">
        <ele>249.7</ele>
      </trkpt>
      <trkpt lat="34.57352" lon="-119.9589">
        <ele>249.6</ele>
      </trkpt>
      <trkpt lat="34.57357" lon="-119.95886">
        <ele>249.7</ele>
      </trkpt>
      <trkpt lat="34.57364" lon="-119.95878">
        <ele>249.9</ele>
      </trkpt>
      <trkpt lat="34.57367" lon="-119.95872">
        <ele>250.2</ele>
      </trkpt>
      <trkpt lat="34.57369" lon="-119.95858">
        <ele>250.8</ele>
      </trkpt>
      <trkpt lat="34.57369" lon="-119.95857">
        <ele>250.8</ele>
      </trkpt>
      <trkpt lat="34.57368" lon="-119.95831">
        <ele>251.8</ele>
      </trkpt>
      <trkpt lat="34.57371" lon="-119.95822">
        <ele>252.0</ele>
      </trkpt>
      <trkpt lat="34.57375" lon="-119.95815">
        <ele>252.0</ele>
      </trkpt>
      <trkpt lat="34.57376" lon="-119.95814">
        <ele>252.0</ele>
      </trkpt>
      <trkpt lat="34.57382" lon="-119.9581">
        <ele>251.9</ele>
      </trkpt>
      <trkpt lat="34.57391" lon="-119.95806">
        <ele>251.7</ele>
      </trkpt>
      <trkpt lat="34.57408" lon="-119.958">
        <ele>251.1</ele>
      </trkpt>
      <trkpt lat="34.5741" lon="-119.95799">
        <ele>251.1</ele>
      </trkpt>
      <trkpt lat="34.57425" lon="-119.95792">
        <ele>250.7</ele>
      </trkpt>
      <trkpt lat="34.57429" lon="-119.9579">
        <ele>250.6</ele>
      </trkpt>
      <trkpt lat="34.57437" lon="-119.95789">
        <ele>250.3</ele>
      </trkpt>
      <trkpt lat="34.57445" lon="-119.95788">
        <ele>250.1</ele>
      </trkpt>
      <trkpt lat="34.5745" lon="-119.95789">
        <ele>249.9</ele>
      </trkpt>
      <trkpt lat="34.57453" lon="-119.95793">
        <ele>249.7</ele>
      </trkpt>
      <trkpt lat="34.57454" lon="-119.95797">
        <ele>249.6</ele>
      </trkpt>
      <trkpt lat="34.57456" lon="-119.95802">
        <ele>249.4</ele>
      </trkpt>
      <trkpt lat="34.57457" lon="-119.9581">
        <ele>249.2</ele>
      </trkpt>
      <trkpt lat="34.57457" lon="-119.95817">
        <ele>249.0</ele>
      </trkpt>
      <trkpt lat="34.57461" lon="-119.95825">
        <ele>248.7</ele>
      </trkpt>
      <trkpt lat="34.57463" lon="-119.95827">
        <ele>248.6</ele>
      </trkpt>
      <trkpt lat="34.57467" lon="-119.95829">
        <ele>248.4</ele>
      </trkpt>
      <trkpt lat="34.57483" lon="-119.9583">
        <ele>247.8</ele>
      </trkpt>
      <trkpt lat="34.57537" lon="-119.95835">
        <ele>246.1</ele>
      </trkpt>
      <trkpt lat="34.57545" lon="-119.95835">
        <ele>245.9</ele>
      </trkpt>
      <trkpt lat="34.57573" lon="-119.95837">
        <ele>245.0</ele>
      </trkpt>
      <trkpt lat="34.57606" lon="-119.95839">
        <ele>243.0</ele>
      </trkpt>
      <trkpt lat="34.57618" lon="-119.95839">
        <ele>242.1</ele>
      </trkpt>
      <trkpt lat="34.57645" lon="-119.95838">
        <ele>240.1</ele>
      </trkpt>
      <trkpt lat="34.57655" lon="-119.95837">
        <ele>239.4</ele>
      </trkpt>
      <trkpt lat="34.57673" lon="-119.95836">
        <ele>237.9</ele>
      </trkpt>
      <trkpt lat="34.57684" lon="-119.95835">
        <ele>237.2</ele>
      </trkpt>
      <trkpt lat="34.57704" lon="-119.95832">
        <ele>235.7</ele>
      </trkpt>
      <trkpt lat="34.57708" lon="-119.95831">
        <ele>235.4</ele>
      </trkpt>
      <trkpt lat="34.5772" lon="-119.95828">
        <ele>234.6</ele>
      </trkpt>
      <trkpt lat="34.5774" lon="-119.95823">
        <ele>233.6</ele>
      </trkpt>
      <trkpt lat="34.57746" lon="-119.95822">
        <ele>233.4</ele>
      </trkpt>
      <trkpt lat="34.57759" lon="-119.95825">
        <ele>233.0</ele>
      </trkpt>
      <trkpt lat="34.57768" lon="-119.95829">
        <ele>232.6</ele>
      </trkpt>
      <trkpt lat="34.57791" lon="-119.95836">
        <ele>232.1</ele>
      </trkpt>
      <trkpt lat="34.578" lon="-119.95837">
        <ele>231.9</ele>
      </trkpt>
      <trkpt lat="34.57818" lon="-119.95839">
        <ele>231.9</ele>
      </trkpt>
      <trkpt lat="34.57828" lon="-119.95839">
        <ele>231.9</ele>
      </trkpt>
      <trkpt lat="34.57838" lon="-119.95837">
        <ele>232.0</ele>
      </trkpt>
      <trkpt lat="34.57844" lon="-119.95834">
        <ele>232.1</ele>
      </trkpt>
      <trkpt lat="34.57848" lon="-119.95833">
        <ele>232.2</ele>
      </trkpt>
      <trkpt lat="34.5786" lon="-119.95826">
        <ele>232.3</ele>
      </trkpt>
      <trkpt lat="34.57867" lon="-119.95821">
        <ele>232.5</ele>
      </trkpt>
      <trkpt lat="34.57867" lon="-119.95821">
        <ele>232.5</ele>
      </trkpt>
      <trkpt lat="34.57861" lon="-119.95812">
        <ele>232.4</ele>
      </trkpt>
      <trkpt lat="34.57857" lon="-119.95804">
        <ele>232.5</ele>
      </trkpt>
      <trkpt lat="34.57853" lon="-119.95783">
        <ele>232.4</ele>
      </trkpt>
      <trkpt lat="34.57853" lon="-119.95772">
        <ele>232.5</ele>
      </trkpt>
      <trkpt lat="34.57852" lon="-119.95753">
        <ele>232.5</ele>
      </trkpt>
      <trkpt lat="34.5785" lon="-119.95744">
        <ele>232.4</ele>
      </trkpt>
      <trkpt lat="34.57845" lon="-119.95735">
        <ele>232.3</ele>
      </trkpt>
      <trkpt lat="34.57835" lon="-119.9573">
        <ele>231.8</ele>
      </trkpt>
      <trkpt lat="34.57835" lon="-119.9573">
        <ele>231.8</ele>
      </trkpt>
      <trkpt lat="34.57841" lon="-119.95819">
        <ele>232.2</ele>
      </trkpt>
      <trkpt lat="34.57841" lon="-119.95819">
        <ele>232.2</ele>
      </trkpt>
      <trkpt lat="34.57845" lon="-119.95817">
        <ele>232.2</ele>
      </trkpt>
      <trkpt lat="34.57857" lon="-119.95804">
        <ele>232.5</ele>
      </trkpt>
      <trkpt lat="34.57857" lon="-119.95804">
        <ele>232.5</ele>
      </trkpt>
      <trkpt lat="34.57861" lon="-119.95812">
        <ele>232.4</ele>
      </trkpt>
      <trkpt lat="34.57867" lon="-119.95821">
        <ele>232.5</ele>
      </trkpt>
      <trkpt lat="34.57867" lon="-119.95821">
        <ele>232.5</ele>
      </trkpt>
      <trkpt lat="34.5786" lon="-119.95826">
        <ele>232.3</ele>
      </trkpt>
      <trkpt lat="34.57848" lon="-119.95833">
        <ele>232.2</ele>
      </trkpt>
      <trkpt lat="34.57844" lon="-119.95834">
        <ele>232.1</ele>
      </trkpt>
      <trkpt lat="34.57838" lon="-119.95837">
        <ele>232.0</ele>
      </trkpt>
      <trkpt lat="34.57828" lon="-119.95839">
        <ele>231.9</ele>
      </trkpt>
      <trkpt lat="34.57818" lon="-119.95839">
        <ele>231.9</ele>
      </trkpt>
      <trkpt lat="34.578" lon="-119.95837">
        <ele>231.9</ele>
      </trkpt>
      <trkpt lat="34.57791" lon="-119.95836">
        <ele>232.1</ele>
      </trkpt>
      <trkpt lat="34.57768" lon="-119.95829">
        <ele>232.6</ele>
      </trkpt>
      <trkpt lat="34.57759" lon="-119.95825">
        <ele>233.0</ele>
      </trkpt>
      <trkpt lat="34.57746" lon="-119.95822">
        <ele>233.4</ele>
      </trkpt>
      <trkpt lat="34.5774" lon="-119.95823">
        <ele>233.6</ele>
      </trkpt>
      <trkpt lat="34.5772" lon="-119.95828">
        <ele>234.6</ele>
      </trkpt>
      <trkpt lat="34.5772" lon="-119.95828">
        <ele>234.6</ele>
      </trkpt>
      <trkpt lat="34.57708" lon="-119.95831">
        <ele>235.4</ele>
      </trkpt>
      <trkpt lat="34.57704" lon="-119.95832">
        <ele>235.7</ele>
      </trkpt>
      <trkpt lat="34.57684" lon="-119.95835">
        <ele>237.2</ele>
      </trkpt>
      <trkpt lat="34.57673" lon="-119.95836">
        <ele>237.9</ele>
      </trkpt>
      <trkpt lat="34.57655" lon="-119.95837">
        <ele>239.4</ele>
      </trkpt>
      <trkpt lat="34.57645" lon="-119.95838">
        <ele>240.1</ele>
      </trkpt>
      <trkpt lat="34.57618" lon="-119.95839">
        <ele>242.1</ele>
      </trkpt>
      <trkpt lat="34.57606" lon="-119.95839">
        <ele>243.0</ele>
      </trkpt>
      <trkpt lat="34.57573" lon="-119.95837">
        <ele>245.0</ele>
      </trkpt>
      <trkpt lat="34.57545" lon="-119.95835">
        <ele>245.9</ele>
      </trkpt>
      <trkpt lat="34.57545" lon="-119.95835">
        <ele>245.9</ele>
      </trkpt>
      <trkpt lat="34.57545" lon="-119.95835">
        <ele>245.9</ele>
      </trkpt>
      <trkpt lat="34.57573" lon="-119.95837">
        <ele>245.0</ele>
      </trkpt>
      <trkpt lat="34.57606" lon="-119.95839">
        <ele>243.0</ele>
      </trkpt>
      <trkpt lat="34.57618" lon="-119.95839">
        <ele>242.1</ele>
      </trkpt>
      <trkpt lat="34.57645" lon="-119.95838">
        <ele>240.1</ele>
      </trkpt>
      <trkpt lat="34.57655" lon="-119.95837">
        <ele>239.4</ele>
      </trkpt>
      <trkpt lat="34.57655" lon="-119.95837">
        <ele>239.4</ele>
      </trkpt>
      <trkpt lat="34.57654" lon="-119.95826">
        <ele>239.6</ele>
      </trkpt>
      <trkpt lat="34.57654" lon="-119.95819">
        <ele>239.7</ele>
      </trkpt>
      <trkpt lat="34.57654" lon="-119.95811">
        <ele>239.8</ele>
      </trkpt>
      <trkpt lat="34.57655" lon="-119.95802">
        <ele>239.8</ele>
      </trkpt>
      <trkpt lat="34.57655" lon="-119.95791">
        <ele>239.9</ele>
      </trkpt>
      <trkpt lat="34.57653" lon="-119.95779">
        <ele>240.1</ele>
      </trkpt>
      <trkpt lat="34.57651" lon="-119.95767">
        <ele>240.4</ele>
      </trkpt>
      <trkpt lat="34.57646" lon="-119.95749">
        <ele>240.9</ele>
      </trkpt>
      <trkpt lat="34.57642" lon="-119.95738">
        <ele>241.3</ele>
      </trkpt>
      <trkpt lat="34.5764" lon="-119.95733">
        <ele>241.5</ele>
      </trkpt>
      <trkpt lat="34.57636" lon="-119.95729">
        <ele>241.9</ele>
      </trkpt>
      <trkpt lat="34.57633" lon="-119.95724">
        <ele>242.2</ele>
      </trkpt>
      <trkpt lat="34.57629" lon="-119.9572">
        <ele>242.6</ele>
      </trkpt>
      <trkpt lat="34.57627" lon="-119.95718">
        <ele>242.8</ele>
      </trkpt>
      <trkpt lat="34.57625" lon="-119.95715">
        <ele>243.0</ele>
      </trkpt>
      <trkpt lat="34.57624" lon="-119.95713">
        <ele>243.1</ele>
      </trkpt>
      <trkpt lat="34.57624" lon="-119.9571">
        <ele>243.1</ele>
      </trkpt>
      <trkpt lat="34.57623" lon="-119.95706">
        <ele>243.2</ele>
      </trkpt>
      <trkpt lat="34.57623" lon="-119.95698">
        <ele>243.2</ele>
      </trkpt>
      <trkpt lat="34.57624" lon="-119.95692">
        <ele>243.1</ele>
      </trkpt>
      <trkpt lat="34.57624" lon="-119.95686">
        <ele>243.1</ele>
      </trkpt>
      <trkpt lat="34.57625" lon="-119.95681">
        <ele>243.1</ele>
      </trkpt>
      <trkpt lat="34.57625" lon="-119.95681">
        <ele>243.1</ele>
      </trkpt>
      <trkpt lat="34.57628" lon="-119.95682">
        <ele>242.8</ele>
      </trkpt>
      <trkpt lat="34.57634" lon="-119.95684">
        <ele>242.3</ele>
      </trkpt>
      <trkpt lat="34.57652" lon="-119.95689">
        <ele>240.7</ele>
      </trkpt>
      <trkpt lat="34.57652" lon="-119.95689">
        <ele>240.7</ele>
      </trkpt>
      <trkpt lat="34.57633" lon="-119.95652">
        <ele>243.1</ele>
      </trkpt>
      <trkpt lat="34.57619" lon="-119.95628">
        <ele>245.1</ele>
      </trkpt>
      <trkpt lat="34.57617" lon="-119.95623">
        <ele>245.4</ele>
      </trkpt>
      <trkpt lat="34.5761" lon="-119.95609">
        <ele>246.0</ele>
      </trkpt>
      <trkpt lat="34.57592" lon="-119.95572">
        <ele>246.5</ele>
      </trkpt>
      <trkpt lat="34.57588" lon="-119.95563">
        <ele>246.6</ele>
      </trkpt>
      <trkpt lat="34.57585" lon="-119.95559">
        <ele>246.6</ele>
      </trkpt>
      <trkpt lat="34.57582" lon="-119.95553">
        <ele>246.7</ele>
      </trkpt>
      <trkpt lat="34.57565" lon="-119.95538">
        <ele>247.2</ele>
      </trkpt>
      <trkpt lat="34.57554" lon="-119.95527">
        <ele>246.7</ele>
      </trkpt>
      <trkpt lat="34.57551" lon="-119.95524">
        <ele>246.1</ele>
      </trkpt>
      <trkpt lat="34.57546" lon="-119.95519">
        <ele>244.7</ele>
      </trkpt>
      <trkpt lat="34.57535" lon="-119.95512">
        <ele>241.8</ele>
      </trkpt>
      <trkpt lat="34.57534" lon="-119.95512">
        <ele>241.8</ele>
      </trkpt>
      <trkpt lat="34.5753" lon="-119.95509">
        <ele>240.8</ele>
      </trkpt>
      <trkpt lat="34.57515" lon="-119.95503">
        <ele>239.0</ele>
      </trkpt>
      <trkpt lat="34.57483" lon="-119.95499">
        <ele>238.1</ele>
      </trkpt>
      <trkpt lat="34.57469" lon="-119.95499">
        <ele>238.6</ele>
      </trkpt>
      <trkpt lat="34.57447" lon="-119.95499">
        <ele>238.4</ele>
      </trkpt>
      <trkpt lat="34.57445" lon="-119.95499">
        <ele>238.3</ele>
      </trkpt>
      <trkpt lat="34.5742" lon="-119.95506">
        <ele>238.8</ele>
      </trkpt>
      <trkpt lat="34.57416" lon="-119.95506">
        <ele>238.3</ele>
      </trkpt>
      <trkpt lat="34.57411" lon="-119.95507">
        <ele>238.1</ele>
      </trkpt>
      <trkpt lat="34.5741" lon="-119.95507">
        <ele>238.0</ele>
      </trkpt>
      <trkpt lat="34.57402" lon="-119.95508">
        <ele>237.5</ele>
      </trkpt>
      <trkpt lat="34.57398" lon="-119.95507">
        <ele>236.9</ele>
      </trkpt>
      <trkpt lat="34.57394" lon="-119.95506">
        <ele>236.3</ele>
      </trkpt>
      <trkpt lat="34.57394" lon="-119.95505">
        <ele>236.1</ele>
      </trkpt>
      <trkpt lat="34.57393" lon="-119.95505">
        <ele>236.0</ele>
      </trkpt>
      <trkpt lat="34.57381" lon="-119.95499">
        <ele>233.3</ele>
      </trkpt>
      <trkpt lat="34.57377" lon="-119.95497">
        <ele>232.5</ele>
      </trkpt>
      <trkpt lat="34.57374" lon="-119.95496">
        <ele>232.0</ele>
      </trkpt>
      <trkpt lat="34.57362" lon="-119.95492">
        <ele>230.9</ele>
      </trkpt>
      <trkpt lat="34.5736" lon="-119.95492">
        <ele>230.9</ele>
      </trkpt>
      <trkpt lat="34.57349" lon="-119.95492">
        <ele>230.8</ele>
      </trkpt>
      <trkpt lat="34.57346" lon="-119.95492">
        <ele>230.8</ele>
      </trkpt>
      <trkpt lat="34.57342" lon="-119.95492">
        <ele>230.8</ele>
      </trkpt>
      <trkpt lat="34.5734" lon="-119.95492">
        <ele>230.8</ele>
      </trkpt>
      <trkpt lat="34.57328" lon="-119.95493">
        <ele>230.8</ele>
      </trkpt>
      <trkpt lat="34.57324" lon="-119.95493">
        <ele>230.8</ele>
      </trkpt>
      <trkpt lat="34.57321" lon="-119.95493">
        <ele>230.8</ele>
      </trkpt>
      <trkpt lat="34.5731" lon="-119.95492">
        <ele>230.8</ele>
      </trkpt>
      <trkpt lat="34.573" lon="-119.9549">
        <ele>230.7</ele>
      </trkpt>
      <trkpt lat="34.57293" lon="-119.95487">
        <ele>230.7</ele>
      </trkpt>
      <trkpt lat="34.57291" lon="-119.95486">
        <ele>230.7</ele>
      </trkpt>
      <trkpt lat="34.57289" lon="-119.95484">
        <ele>230.7</ele>
      </trkpt>
      <trkpt lat="34.57285" lon="-119.95481">
        <ele>230.6</ele>
      </trkpt>
      <trkpt lat="34.57279" lon="-119.95474">
        <ele>230.0</ele>
      </trkpt>
      <trkpt lat="34.57276" lon="-119.95472">
        <ele>229.7</ele>
      </trkpt>
      <trkpt lat="34.57275" lon="-119.9547">
        <ele>229.6</ele>
      </trkpt>
      <trkpt lat="34.57274" lon="-119.9547">
        <ele>229.6</ele>
      </trkpt>
      <trkpt lat="34.57267" lon="-119.95458">
        <ele>229.4</ele>
      </trkpt>
      <trkpt lat="34.57264" lon="-119.95453">
        <ele>229.4</ele>
      </trkpt>
      <trkpt lat="34.57263" lon="-119.95452">
        <ele>229.4</ele>
      </trkpt>
      <trkpt lat="34.57258" lon="-119.95445">
        <ele>229.4</ele>
      </trkpt>
      <trkpt lat="34.57256" lon="-119.95441">
        <ele>229.5</ele>
      </trkpt>
      <trkpt lat="34.57254" lon="-119.95436">
        <ele>229.6</ele>
      </trkpt>
      <trkpt lat="34.57253" lon="-119.95434">
        <ele>229.7</ele>
      </trkpt>
      <trkpt lat="34.57247" lon="-119.95422">
        <ele>230.6</ele>
      </trkpt>
      <trkpt lat="34.57238" lon="-119.95403">
        <ele>232.6</ele>
      </trkpt>
      <trkpt lat="34.57237" lon="-119.95401">
        <ele>233.0</ele>
      </trkpt>
      <trkpt lat="34.57235" lon="-119.95398">
        <ele>233.5</ele>
      </trkpt>
      <trkpt lat="34.57228" lon="-119.95384">
        <ele>233.9</ele>
      </trkpt>
      <trkpt lat="34.57226" lon="-119.95379">
        <ele>233.6</ele>
      </trkpt>
      <trkpt lat="34.57225" lon="-119.95378">
        <ele>233.5</ele>
      </trkpt>
      <trkpt lat="34.57219" lon="-119.95366">
        <ele>233.0</ele>
      </trkpt>
      <trkpt lat="34.57215" lon="-119.95358">
        <ele>232.4</ele>
      </trkpt>
      <trkpt lat="34.57207" lon="-119.95349">
        <ele>231.7</ele>
      </trkpt>
      <trkpt lat="34.57206" lon="-119.95347">
        <ele>231.5</ele>
      </trkpt>
      <trkpt lat="34.57204" lon="-119.95345">
        <ele>231.4</ele>
      </trkpt>
      <trkpt lat="34.57203" lon="-119.95344">
        <ele>231.3</ele>
      </trkpt>
      <trkpt lat="34.57198" lon="-119.95337">
        <ele>230.9</ele>
      </trkpt>
      <trkpt lat="34.57194" lon="-119.95335">
        <ele>230.7</ele>
      </trkpt>
      <trkpt lat="34.5719" lon="-119.95332">
        <ele>230.7</ele>
      </trkpt>
      <trkpt lat="34.57187" lon="-119.95331">
        <ele>230.7</ele>
      </trkpt>
      <trkpt lat="34.57178" lon="-119.95325">
        <ele>230.7</ele>
      </trkpt>
      <trkpt lat="34.57174" lon="-119.95323">
        <ele>230.7</ele>
      </trkpt>
      <trkpt lat="34.57155" lon="-119.95316">
        <ele>230.7</ele>
      </trkpt>
      <trkpt lat="34.57138" lon="-119.9531">
        <ele>230.7</ele>
      </trkpt>
      <trkpt lat="34.57135" lon="-119.95309">
        <ele>230.7</ele>
      </trkpt>
      <trkpt lat="34.57126" lon="-119.95305">
        <ele>230.7</ele>
      </trkpt>
      <trkpt lat="34.57122" lon="-119.95303">
        <ele>230.6</ele>
      </trkpt>
      <trkpt lat="34.5711" lon="-119.95298">
        <ele>230.4</ele>
      </trkpt>
      <trkpt lat="34.57093" lon="-119.95291">
        <ele>229.8</ele>
      </trkpt>
      <trkpt lat="34.57091" lon="-119.9529">
        <ele>229.8</ele>
      </trkpt>
      <trkpt lat="34.57088" lon="-119.95289">
        <ele>230.0</ele>
      </trkpt>
      <trkpt lat="34.57075" lon="-119.95284">
        <ele>230.2</ele>
      </trkpt>
      <trkpt lat="34.57073" lon="-119.95284">
        <ele>230.3</ele>
      </trkpt>
      <trkpt lat="34.57058" lon="-119.9528">
        <ele>229.8</ele>
      </trkpt>
      <trkpt lat="34.57057" lon="-119.9528">
        <ele>229.8</ele>
      </trkpt>
      <trkpt lat="34.57053" lon="-119.95279">
        <ele>230.0</ele>
      </trkpt>
      <trkpt lat="34.57035" lon="-119.95276">
        <ele>230.6</ele>
      </trkpt>
      <trkpt lat="34.57022" lon="-119.95274">
        <ele>230.5</ele>
      </trkpt>
      <trkpt lat="34.57013" lon="-119.95273">
        <ele>230.7</ele>
      </trkpt>
      <trkpt lat="34.57004" lon="-119.95271">
        <ele>230.8</ele>
      </trkpt>
      <trkpt lat="34.57" lon="-119.9527">
        <ele>230.8</ele>
      </trkpt>
      <trkpt lat="34.56986" lon="-119.95268">
        <ele>231.0</ele>
      </trkpt>
      <trkpt lat="34.56964" lon="-119.95264">
        <ele>231.0</ele>
      </trkpt>
      <trkpt lat="34.56959" lon="-119.95263">
        <ele>231.1</ele>
      </trkpt>
      <trkpt lat="34.56951" lon="-119.9526">
        <ele>231.4</ele>
      </trkpt>
      <trkpt lat="34.56948" lon="-119.95258">
        <ele>231.4</ele>
      </trkpt>
      <trkpt lat="34.56947" lon="-119.95257">
        <ele>231.4</ele>
      </trkpt>
      <trkpt lat="34.56941" lon="-119.95254">
        <ele>231.4</ele>
      </trkpt>
      <trkpt lat="34.56936" lon="-119.95251">
        <ele>231.3</ele>
      </trkpt>
      <trkpt lat="34.56936" lon="-119.95249">
        <ele>231.2</ele>
      </trkpt>
      <trkpt lat="34.56932" lon="-119.95245">
        <ele>231.2</ele>
      </trkpt>
      <trkpt lat="34.56931" lon="-119.95245">
        <ele>231.3</ele>
      </trkpt>
      <trkpt lat="34.56926" lon="-119.95236">
        <ele>231.2</ele>
      </trkpt>
      <trkpt lat="34.56921" lon="-119.95228">
        <ele>231.1</ele>
      </trkpt>
      <trkpt lat="34.56919" lon="-119.95223">
        <ele>231.0</ele>
      </trkpt>
      <trkpt lat="34.56908" lon="-119.95206">
        <ele>230.9</ele>
      </trkpt>
      <trkpt lat="34.56899" lon="-119.95193">
        <ele>230.7</ele>
      </trkpt>
      <trkpt lat="34.56893" lon="-119.95181">
        <ele>230.8</ele>
      </trkpt>
      <trkpt lat="34.56892" lon="-119.9518">
        <ele>230.8</ele>
      </trkpt>
      <trkpt lat="34.56888" lon="-119.95161">
        <ele>230.7</ele>
      </trkpt>
      <trkpt lat="34.56887" lon="-119.9516">
        <ele>230.7</ele>
      </trkpt>
      <trkpt lat="34.56887" lon="-119.95159">
        <ele>230.7</ele>
      </trkpt>
      <trkpt lat="34.56887" lon="-119.95153">
        <ele>230.7</ele>
      </trkpt>
      <trkpt lat="34.56887" lon="-119.95149">
        <ele>230.7</ele>
      </trkpt>
      <trkpt lat="34.56889" lon="-119.9514">
        <ele>230.7</ele>
      </trkpt>
      <trkpt lat="34.5689" lon="-119.95138">
        <ele>230.7</ele>
      </trkpt>
      <trkpt lat="34.56892" lon="-119.95133">
        <ele>230.7</ele>
      </trkpt>
      <trkpt lat="34.56897" lon="-119.9512">
        <ele>230.7</ele>
      </trkpt>
      <trkpt lat="34.56899" lon="-119.95116">
        <ele>230.7</ele>
      </trkpt>
      <trkpt lat="34.56907" lon="-119.95101">
        <ele>230.7</ele>
      </trkpt>
      <trkpt lat="34.56908" lon="-119.951">
        <ele>230.7</ele>
      </trkpt>
      <trkpt lat="34.56911" lon="-119.95096">
        <ele>230.8</ele>
      </trkpt>
      <trkpt lat="34.56918" lon="-119.95084">
        <ele>230.7</ele>
      </trkpt>
      <trkpt lat="34.5692" lon="-119.9508">
        <ele>230.8</ele>
      </trkpt>
      <trkpt lat="34.56921" lon="-119.95078">
        <ele>230.8</ele>
      </trkpt>
      <trkpt lat="34.56927" lon="-119.95065">
        <ele>230.8</ele>
      </trkpt>
      <trkpt lat="34.56928" lon="-119.95064">
        <ele>230.8</ele>
      </trkpt>
      <trkpt lat="34.56934" lon="-119.9505">
        <ele>230.7</ele>
      </trkpt>
      <trkpt lat="34.56936" lon="-119.95046">
        <ele>230.7</ele>
      </trkpt>
      <trkpt lat="34.56945" lon="-119.95032">
        <ele>230.7</ele>
      </trkpt>
      <trkpt lat="34.5695" lon="-119.95022">
        <ele>230.7</ele>
      </trkpt>
      <trkpt lat="34.56951" lon="-119.95021">
        <ele>230.7</ele>
      </trkpt>
      <trkpt lat="34.5696" lon="-119.95012">
        <ele>230.7</ele>
      </trkpt>
      <trkpt lat="34.56963" lon="-119.95009">
        <ele>230.7</ele>
      </trkpt>
      <trkpt lat="34.56969" lon="-119.95003">
        <ele>230.7</ele>
      </trkpt>
      <trkpt lat="34.56974" lon="-119.94999">
        <ele>230.7</ele>
      </trkpt>
      <trkpt lat="34.56978" lon="-119.94996">
        <ele>230.8</ele>
      </trkpt>
      <trkpt lat="34.56985" lon="-119.94989">
        <ele>230.8</ele>
      </trkpt>
      <trkpt lat="34.57004" lon="-119.94975">
        <ele>230.8</ele>
      </trkpt>
      <trkpt lat="34.57005" lon="-119.94975">
        <ele>230.8</ele>
      </trkpt>
      <trkpt lat="34.57016" lon="-119.94965">
        <ele>230.8</ele>
      </trkpt>
      <trkpt lat="34.5702" lon="-119.9496">
        <ele>230.8</ele>
      </trkpt>
      <trkpt lat="34.57021" lon="-119.94958">
        <ele>230.8</ele>
      </trkpt>
      <trkpt lat="34.57024" lon="-119.94954">
        <ele>230.8</ele>
      </trkpt>
      <trkpt lat="34.57028" lon="-119.94945">
        <ele>230.9</ele>
      </trkpt>
      <trkpt lat="34.5703" lon="-119.94937">
        <ele>230.8</ele>
      </trkpt>
      <trkpt lat="34.57031" lon="-119.94928">
        <ele>230.8</ele>
      </trkpt>
      <trkpt lat="34.57031" lon="-119.94917">
        <ele>230.9</ele>
      </trkpt>
      <trkpt lat="34.57026" lon="-119.94899">
        <ele>231.1</ele>
      </trkpt>
      <trkpt lat="34.57026" lon="-119.94899">
        <ele>231.1</ele>
      </trkpt>
      <trkpt lat="34.57004" lon="-119.94897">
        <ele>231.7</ele>
      </trkpt>
      <trkpt lat="34.56998" lon="-119.94895">
        <ele>231.9</ele>
      </trkpt>
      <trkpt lat="34.56981" lon="-119.94891">
        <ele>232.3</ele>
      </trkpt>
      <trkpt lat="34.56959" lon="-119.9489">
        <ele>233.1</ele>
      </trkpt>
      <trkpt lat="34.56946" lon="-119.94893">
        <ele>233.8</ele>
      </trkpt>
      <trkpt lat="34.56925" lon="-119.94894">
        <ele>234.4</ele>
      </trkpt>
      <trkpt lat="34.56909" lon="-119.94895">
        <ele>234.9</ele>
      </trkpt>
      <trkpt lat="34.56899" lon="-119.94896">
        <ele>235.1</ele>
      </trkpt>
      <trkpt lat="34.56891" lon="-119.94894">
        <ele>235.4</ele>
      </trkpt>
      <trkpt lat="34.56879" lon="-119.9489">
        <ele>236.1</ele>
      </trkpt>
      <trkpt lat="34.56872" lon="-119.94886">
        <ele>236.7</ele>
      </trkpt>
      <trkpt lat="34.56865" lon="-119.94881">
        <ele>237.6</ele>
      </trkpt>
      <trkpt lat="34.56858" lon="-119.94878">
        <ele>238.3</ele>
      </trkpt>
      <trkpt lat="34.56851" lon="-119.94878">
        <ele>239.1</ele>
      </trkpt>
      <trkpt lat="34.56849" lon="-119.94878">
        <ele>239.3</ele>
      </trkpt>
      <trkpt lat="34.56844" lon="-119.94879">
        <ele>239.8</ele>
      </trkpt>
      <trkpt lat="34.56833" lon="-119.94881">
        <ele>241.0</ele>
      </trkpt>
      <trkpt lat="34.56832" lon="-119.94881">
        <ele>241.1</ele>
      </trkpt>
      <trkpt lat="34.56823" lon="-119.94882">
        <ele>242.1</ele>
      </trkpt>
      <trkpt lat="34.56814" lon="-119.94881">
        <ele>243.3</ele>
      </trkpt>
      <trkpt lat="34.56811" lon="-119.9488">
        <ele>243.7</ele>
      </trkpt>
      <trkpt lat="34.56796" lon="-119.94878">
        <ele>245.1</ele>
      </trkpt>
      <trkpt lat="34.56778" lon="-119.94875">
        <ele>246.2</ele>
      </trkpt>
      <trkpt lat="34.56778" lon="-119.94875">
        <ele>246.2</ele>
      </trkpt>
      <trkpt lat="34.56781" lon="-119.94815">
        <ele>246.0</ele>
      </trkpt>
      <trkpt lat="34.56783" lon="-119.94766">
        <ele>245.6</ele>
      </trkpt>
      <trkpt lat="34.56783" lon="-119.9476">
        <ele>245.7</ele>
      </trkpt>
      <trkpt lat="34.56783" lon="-119.94757">
        <ele>245.7</ele>
      </trkpt>
      <trkpt lat="34.56783" lon="-119.94752">
        <ele>245.8</ele>
      </trkpt>
      <trkpt lat="34.56784" lon="-119.94722">
        <ele>246.3</ele>
      </trkpt>
      <trkpt lat="34.56785" lon="-119.94714">
        <ele>246.5</ele>
      </trkpt>
      <trkpt lat="34.56785" lon="-119.9471">
        <ele>246.6</ele>
      </trkpt>
      <trkpt lat="34.56785" lon="-119.94708">
        <ele>246.6</ele>
      </trkpt>
      <trkpt lat="34.56785" lon="-119.94701">
        <ele>246.9</ele>
      </trkpt>
      <trkpt lat="34.56785" lon="-119.947">
        <ele>246.9</ele>
      </trkpt>
      <trkpt lat="34.56785" lon="-119.94694">
        <ele>247.2</ele>
      </trkpt>
      <trkpt lat="34.56786" lon="-119.94672">
        <ele>248.0</ele>
      </trkpt>
      <trkpt lat="34.56787" lon="-119.9463">
        <ele>252.9</ele>
      </trkpt>
      <trkpt lat="34.56788" lon="-119.94588">
        <ele>260.4</ele>
      </trkpt>
      <trkpt lat="34.56789" lon="-119.94549">
        <ele>267.6</ele>
      </trkpt>
      <trkpt lat="34.56789" lon="-119.94507">
        <ele>273.3</ele>
      </trkpt>
      <trkpt lat="34.56789" lon="-119.94504">
        <ele>273.5</ele>
      </trkpt>
      <trkpt lat="34.56789" lon="-119.94482">
        <ele>275.0</ele>
      </trkpt>
      <trkpt lat="34.56788" lon="-119.9446">
        <ele>276.2</ele>
      </trkpt>
      <trkpt lat="34.56786" lon="-119.9444">
        <ele>277.0</ele>
      </trkpt>
      <trkpt lat="34.56786" lon="-119.94439">
        <ele>277.0</ele>
      </trkpt>
      <trkpt lat="34.56783" lon="-119.94415">
        <ele>277.5</ele>
      </trkpt>
      <trkpt lat="34.5678" lon="-119.94396">
        <ele>277.8</ele>
      </trkpt>
      <trkpt lat="34.56779" lon="-119.94391">
        <ele>277.9</ele>
      </trkpt>
      <trkpt lat="34.56776" lon="-119.94374">
        <ele>278.1</ele>
      </trkpt>
      <trkpt lat="34.56775" lon="-119.94368">
        <ele>278.2</ele>
      </trkpt>
      <trkpt lat="34.56773" lon="-119.94353">
        <ele>278.2</ele>
      </trkpt>
      <trkpt lat="34.56771" lon="-119.94344">
        <ele>278.3</ele>
      </trkpt>
      <trkpt lat="34.56768" lon="-119.94332">
        <ele>278.4</ele>
      </trkpt>
      <trkpt lat="34.56766" lon="-119.94321">
        <ele>278.4</ele>
      </trkpt>
      <trkpt lat="34.56758" lon="-119.94292">
        <ele>278.6</ele>
      </trkpt>
      <trkpt lat="34.56758" lon="-119.94292">
        <ele>278.6</ele>
      </trkpt>
      <trkpt lat="34.56758" lon="-119.94292">
        <ele>278.6</ele>
      </trkpt>
      <trkpt lat="34.56757" lon="-119.9429">
        <ele>278.7</ele>
      </trkpt>
      <trkpt lat="34.56757" lon="-119.94288">
        <ele>278.6</ele>
      </trkpt>
      <trkpt lat="34.5675" lon="-119.9427">
        <ele>279.1</ele>
      </trkpt>
      <trkpt lat="34.56746" lon="-119.94258">
        <ele>279.2</ele>
      </trkpt>
      <trkpt lat="34.56736" lon="-119.9423">
        <ele>279.4</ele>
      </trkpt>
      <trkpt lat="34.56732" lon="-119.9422">
        <ele>279.4</ele>
      </trkpt>
      <trkpt lat="34.56721" lon="-119.94197">
        <ele>279.8</ele>
      </trkpt>
      <trkpt lat="34.56709" lon="-119.94173">
        <ele>280.2</ele>
      </trkpt>
      <trkpt lat="34.56695" lon="-119.94142">
        <ele>279.1</ele>
      </trkpt>
      <trkpt lat="34.56674" lon="-119.94097">
        <ele>270.5</ele>
      </trkpt>
      <trkpt lat="34.56672" lon="-119.94093">
        <ele>269.8</ele>
      </trkpt>
      <trkpt lat="34.56647" lon="-119.94042">
        <ele>265.6</ele>
      </trkpt>
      <trkpt lat="34.56626" lon="-119.94001">
        <ele>264.2</ele>
      </trkpt>
      <trkpt lat="34.56597" lon="-119.93941">
        <ele>261.1</ele>
      </trkpt>
      <trkpt lat="34.56579" lon="-119.93903">
        <ele>257.6</ele>
      </trkpt>
      <trkpt lat="34.56574" lon="-119.93893">
        <ele>257.2</ele>
      </trkpt>
      <trkpt lat="34.56561" lon="-119.93866">
        <ele>257.5</ele>
      </trkpt>
      <trkpt lat="34.56461" lon="-119.93665">
        <ele>261.1</ele>
      </trkpt>
      <trkpt lat="34.56457" lon="-119.93657">
        <ele>261.6</ele>
      </trkpt>
      <trkpt lat="34.56446" lon="-119.93634">
        <ele>264.6</ele>
      </trkpt>
      <trkpt lat="34.56437" lon="-119.93616">
        <ele>267.9</ele>
      </trkpt>
      <trkpt lat="34.56426" lon="-119.93589">
        <ele>275.2</ele>
      </trkpt>
      <trkpt lat="34.56425" lon="-119.93589">
        <ele>275.1</ele>
      </trkpt>
      <trkpt lat="34.56418" lon="-119.93569">
        <ele>279.1</ele>
      </trkpt>
      <trkpt lat="34.56414" lon="-119.93559">
        <ele>278.6</ele>
      </trkpt>
      <trkpt lat="34.56404" lon="-119.9353">
        <ele>278.2</ele>
      </trkpt>
      <trkpt lat="34.56396" lon="-119.9351">
        <ele>276.8</ele>
      </trkpt>
      <trkpt lat="34.56395" lon="-119.93506">
        <ele>276.0</ele>
      </trkpt>
      <trkpt lat="34.56389" lon="-119.93489">
        <ele>270.3</ele>
      </trkpt>
      <trkpt lat="34.56386" lon="-119.93478">
        <ele>267.2</ele>
      </trkpt>
      <trkpt lat="34.56386" lon="-119.93478">
        <ele>267.2</ele>
      </trkpt>
      <trkpt lat="34.56384" lon="-119.93472">
        <ele>265.4</ele>
      </trkpt>
      <trkpt lat="34.56375" lon="-119.93442">
        <ele>260.0</ele>
      </trkpt>
      <trkpt lat="34.56366" lon="-119.93409">
        <ele>261.8</ele>
      </trkpt>
      <trkpt lat="34.56365" lon="-119.93407">
        <ele>262.2</ele>
      </trkpt>
      <trkpt lat="34.56356" lon="-119.93372">
        <ele>266.8</ele>
      </trkpt>
      <trkpt lat="34.56347" lon="-119.93342">
        <ele>266.9</ele>
      </trkpt>
      <trkpt lat="34.56327" lon="-119.93261">
        <ele>259.1</ele>
      </trkpt>
      <trkpt lat="34.56327" lon="-119.9326">
        <ele>259.0</ele>
      </trkpt>
      <trkpt lat="34.56322" lon="-119.93241">
        <ele>258.1</ele>
      </trkpt>
      <trkpt lat="34.56316" lon="-119.9322">
        <ele>258.2</ele>
      </trkpt>
      <trkpt lat="34.56305" lon="-119.93178">
        <ele>258.5</ele>
      </trkpt>
      <trkpt lat="34.563" lon="-119.93157">
        <ele>260.6</ele>
      </trkpt>
      <trkpt lat="34.56283" lon="-119.93092">
        <ele>267.6</ele>
      </trkpt>
      <trkpt lat="34.56279" lon="-119.93074">
        <ele>266.9</ele>
      </trkpt>
      <trkpt lat="34.56265" lon="-119.93022">
        <ele>265.4</ele>
      </trkpt>
      <trkpt lat="34.56263" lon="-119.93011">
        <ele>265.1</ele>
      </trkpt>
      <trkpt lat="34.56258" lon="-119.9299">
        <ele>267.1</ele>
      </trkpt>
      <trkpt lat="34.56257" lon="-119.92986">
        <ele>267.7</ele>
      </trkpt>
      <trkpt lat="34.56255" lon="-119.9298">
        <ele>268.1</ele>
      </trkpt>
      <trkpt lat="34.56244" lon="-119.92937">
        <ele>265.4</ele>
      </trkpt>
      <trkpt lat="34.56236" lon="-119.92907">
        <ele>264.7</ele>
      </trkpt>
      <trkpt lat="34.56234" lon="-119.92902">
        <ele>264.7</ele>
      </trkpt>
      <trkpt lat="34.56225" lon="-119.92866">
        <ele>264.2</ele>
      </trkpt>
      <trkpt lat="34.56214" lon="-119.92824">
        <ele>261.3</ele>
      </trkpt>
      <trkpt lat="34.56212" lon="-119.92819">
        <ele>259.5</ele>
      </trkpt>
      <trkpt lat="34.56191" lon="-119.92741">
        <ele>255.5</ele>
      </trkpt>
      <trkpt lat="34.56186" lon="-119.9272">
        <ele>254.1</ele>
      </trkpt>
      <trkpt lat="34.56167" lon="-119.92653">
        <ele>246.4</ele>
      </trkpt>
      <trkpt lat="34.56165" lon="-119.92646">
        <ele>246.1</ele>
      </trkpt>
      <trkpt lat="34.56163" lon="-119.92637">
        <ele>245.7</ele>
      </trkpt>
      <trkpt lat="34.56158" lon="-119.92616">
        <ele>241.2</ele>
      </trkpt>
      <trkpt lat="34.56157" lon="-119.92612">
        <ele>239.7</ele>
      </trkpt>
      <trkpt lat="34.56157" lon="-119.92611">
        <ele>239.4</ele>
      </trkpt>
      <trkpt lat="34.5615" lon="-119.92574">
        <ele>234.1</ele>
      </trkpt>
      <trkpt lat="34.56149" lon="-119.9257">
        <ele>234.3</ele>
      </trkpt>
      <trkpt lat="34.56147" lon="-119.92552">
        <ele>235.1</ele>
      </trkpt>
      <trkpt lat="34.56142" lon="-119.92509">
        <ele>240.1</ele>
      </trkpt>
      <trkpt lat="34.56141" lon="-119.92464">
        <ele>243.0</ele>
      </trkpt>
      <trkpt lat="34.56142" lon="-119.92438">
        <ele>243.2</ele>
      </trkpt>
      <trkpt lat="34.56144" lon="-119.92413">
        <ele>243.3</ele>
      </trkpt>
      <trkpt lat="34.56146" lon="-119.92387">
        <ele>243.4</ele>
      </trkpt>
      <trkpt lat="34.56154" lon="-119.92314">
        <ele>244.9</ele>
      </trkpt>
      <trkpt lat="34.56156" lon="-119.92292">
        <ele>245.0</ele>
      </trkpt>
      <trkpt lat="34.56157" lon="-119.92284">
        <ele>245.2</ele>
      </trkpt>
      <trkpt lat="34.56165" lon="-119.92186">
        <ele>246.8</ele>
      </trkpt>
      <trkpt lat="34.56166" lon="-119.92156">
        <ele>247.1</ele>
      </trkpt>
      <trkpt lat="34.56166" lon="-119.9214">
        <ele>247.3</ele>
      </trkpt>
      <trkpt lat="34.56166" lon="-119.92123">
        <ele>247.2</ele>
      </trkpt>
      <trkpt lat="34.56164" lon="-119.92105">
        <ele>247.3</ele>
      </trkpt>
      <trkpt lat="34.56162" lon="-119.92085">
        <ele>247.2</ele>
      </trkpt>
      <trkpt lat="34.56161" lon="-119.92075">
        <ele>247.0</ele>
      </trkpt>
      <trkpt lat="34.56159" lon="-119.92066">
        <ele>247.0</ele>
      </trkpt>
      <trkpt lat="34.56155" lon="-119.92049">
        <ele>247.1</ele>
      </trkpt>
      <trkpt lat="34.56151" lon="-119.92034">
        <ele>247.2</ele>
      </trkpt>
      <trkpt lat="34.56147" lon="-119.92021">
        <ele>247.3</ele>
      </trkpt>
      <trkpt lat="34.56138" lon="-119.92003">
        <ele>248.2</ele>
      </trkpt>
      <trkpt lat="34.56128" lon="-119.9198">
        <ele>248.3</ele>
      </trkpt>
      <trkpt lat="34.56125" lon="-119.91975">
        <ele>248.4</ele>
      </trkpt>
      <trkpt lat="34.56119" lon="-119.91966">
        <ele>249.0</ele>
      </trkpt>
      <trkpt lat="34.5611" lon="-119.91952">
        <ele>249.1</ele>
      </trkpt>
      <trkpt lat="34.56095" lon="-119.91935">
        <ele>247.2</ele>
      </trkpt>
      <trkpt lat="34.56084" lon="-119.91921">
        <ele>244.4</ele>
      </trkpt>
      <trkpt lat="34.56063" lon="-119.91899">
        <ele>241.5</ele>
      </trkpt>
      <trkpt lat="34.56008" lon="-119.91843">
        <ele>233.6</ele>
      </trkpt>
      <trkpt lat="34.55986" lon="-119.91821">
        <ele>233.9</ele>
      </trkpt>
      <trkpt lat="34.5597" lon="-119.91803">
        <ele>235.1</ele>
      </trkpt>
      <trkpt lat="34.55959" lon="-119.91791">
        <ele>237.1</ele>
      </trkpt>
      <trkpt lat="34.55959" lon="-119.91791">
        <ele>237.1</ele>
      </trkpt>
      <trkpt lat="34.55953" lon="-119.91784">
        <ele>238.9</ele>
      </trkpt>
      <trkpt lat="34.55939" lon="-119.91766">
        <ele>242.5</ele>
      </trkpt>
      <trkpt lat="34.55929" lon="-119.91751">
        <ele>243.4</ele>
      </trkpt>
      <trkpt lat="34.55921" lon="-119.91737">
        <ele>242.8</ele>
      </trkpt>
      <trkpt lat="34.55915" lon="-119.91728">
        <ele>242.1</ele>
      </trkpt>
      <trkpt lat="34.55906" lon="-119.91713">
        <ele>240.0</ele>
      </trkpt>
      <trkpt lat="34.55896" lon="-119.91695">
        <ele>238.5</ele>
      </trkpt>
      <trkpt lat="34.55889" lon="-119.91682">
        <ele>238.1</ele>
      </trkpt>
      <trkpt lat="34.5588" lon="-119.9166">
        <ele>238.5</ele>
      </trkpt>
      <trkpt lat="34.55873" lon="-119.9164">
        <ele>239.2</ele>
      </trkpt>
      <trkpt lat="34.55866" lon="-119.9162">
        <ele>239.1</ele>
      </trkpt>
      <trkpt lat="34.55863" lon="-119.91611">
        <ele>239.1</ele>
      </trkpt>
      <trkpt lat="34.55858" lon="-119.91593">
        <ele>239.7</ele>
      </trkpt>
      <trkpt lat="34.55845" lon="-119.91542">
        <ele>239.7</ele>
      </trkpt>
      <trkpt lat="34.5584" lon="-119.91518">
        <ele>239.0</ele>
      </trkpt>
      <trkpt lat="34.55834" lon="-119.91492">
        <ele>238.6</ele>
      </trkpt>
      <trkpt lat="34.55821" lon="-119.91439">
        <ele>238.1</ele>
      </trkpt>
      <trkpt lat="34.5582" lon="-119.91433">
        <ele>237.9</ele>
      </trkpt>
      <trkpt lat="34.55819" lon="-119.91428">
        <ele>237.8</ele>
      </trkpt>
      <trkpt lat="34.55818" lon="-119.91423">
        <ele>237.7</ele>
      </trkpt>
      <trkpt lat="34.55813" lon="-119.91403">
        <ele>237.6</ele>
      </trkpt>
      <trkpt lat="34.55801" lon="-119.9136">
        <ele>237.8</ele>
      </trkpt>
      <trkpt lat="34.55795" lon="-119.91339">
        <ele>237.8</ele>
      </trkpt>
      <trkpt lat="34.55794" lon="-119.91339">
        <ele>238.0</ele>
      </trkpt>
      <trkpt lat="34.55783" lon="-119.9131">
        <ele>238.9</ele>
      </trkpt>
      <trkpt lat="34.5577" lon="-119.91283">
        <ele>240.4</ele>
      </trkpt>
      <trkpt lat="34.55755" lon="-119.91257">
        <ele>240.8</ele>
      </trkpt>
      <trkpt lat="34.55746" lon="-119.91245">
        <ele>240.5</ele>
      </trkpt>
      <trkpt lat="34.55735" lon="-119.91231">
        <ele>239.1</ele>
      </trkpt>
      <trkpt lat="34.55724" lon="-119.91219">
        <ele>237.0</ele>
      </trkpt>
      <trkpt lat="34.55714" lon="-119.9121">
        <ele>235.1</ele>
      </trkpt>
      <trkpt lat="34.55703" lon="-119.91199">
        <ele>233.6</ele>
      </trkpt>
      <trkpt lat="34.55695" lon="-119.91193">
        <ele>233.3</ele>
      </trkpt>
      <trkpt lat="34.55687" lon="-119.91186">
        <ele>233.2</ele>
      </trkpt>
      <trkpt lat="34.55681" lon="-119.91182">
        <ele>233.3</ele>
      </trkpt>
      <trkpt lat="34.55675" lon="-119.91178">
        <ele>233.6</ele>
      </trkpt>
      <trkpt lat="34.55672" lon="-119.91176">
        <ele>233.7</ele>
      </trkpt>
      <trkpt lat="34.55667" lon="-119.91172">
        <ele>233.9</ele>
      </trkpt>
      <trkpt lat="34.5566" lon="-119.91167">
        <ele>234.3</ele>
      </trkpt>
      <trkpt lat="34.55646" lon="-119.9116">
        <ele>235.3</ele>
      </trkpt>
      <trkpt lat="34.5564" lon="-119.91157">
        <ele>236.4</ele>
      </trkpt>
      <trkpt lat="34.55634" lon="-119.91154">
        <ele>237.9</ele>
      </trkpt>
      <trkpt lat="34.55624" lon="-119.91151">
        <ele>241.0</ele>
      </trkpt>
      <trkpt lat="34.55613" lon="-119.91147">
        <ele>244.5</ele>
      </trkpt>
      <trkpt lat="34.55599" lon="-119.91144">
        <ele>246.9</ele>
      </trkpt>
      <trkpt lat="34.55585" lon="-119.91141">
        <ele>248.6</ele>
      </trkpt>
      <trkpt lat="34.55574" lon="-119.91139">
        <ele>249.8</ele>
      </trkpt>
      <trkpt lat="34.55524" lon="-119.9113">
        <ele>253.8</ele>
      </trkpt>
      <trkpt lat="34.55453" lon="-119.91117">
        <ele>261.4</ele>
      </trkpt>
      <trkpt lat="34.55395" lon="-119.91107">
        <ele>262.1</ele>
      </trkpt>
      <trkpt lat="34.5539" lon="-119.91106">
        <ele>262.2</ele>
      </trkpt>
      <trkpt lat="34.55328" lon="-119.91095">
        <ele>264.1</ele>
      </trkpt>
      <trkpt lat="34.55319" lon="-119.91093">
        <ele>264.6</ele>
      </trkpt>
      <trkpt lat="34.55275" lon="-119.91085">
        <ele>269.4</ele>
      </trkpt>
      <trkpt lat="34.55248" lon="-119.91075">
        <ele>274.4</ele>
      </trkpt>
      <trkpt lat="34.55243" lon="-119.91073">
        <ele>275.0</ele>
      </trkpt>
      <trkpt lat="34.55231" lon="-119.91069">
        <ele>275.7</ele>
      </trkpt>
      <trkpt lat="34.5521" lon="-119.91059">
        <ele>276.4</ele>
      </trkpt>
      <trkpt lat="34.55198" lon="-119.91053">
        <ele>276.6</ele>
      </trkpt>
      <trkpt lat="34.55185" lon="-119.91047">
        <ele>276.5</ele>
      </trkpt>
      <trkpt lat="34.55181" lon="-119.91044">
        <ele>276.7</ele>
      </trkpt>
      <trkpt lat="34.55165" lon="-119.91034">
        <ele>277.7</ele>
      </trkpt>
      <trkpt lat="34.55155" lon="-119.91027">
        <ele>279.0</ele>
      </trkpt>
      <trkpt lat="34.55146" lon="-119.9102">
        <ele>280.3</ele>
      </trkpt>
      <trkpt lat="34.55123" lon="-119.91006">
        <ele>281.3</ele>
      </trkpt>
      <trkpt lat="34.55113" lon="-119.90997">
        <ele>281.0</ele>
      </trkpt>
      <trkpt lat="34.55102" lon="-119.90987">
        <ele>281.3</ele>
      </trkpt>
      <trkpt lat="34.551" lon="-119.90984">
        <ele>281.2</ele>
      </trkpt>
      <trkpt lat="34.5509" lon="-119.90975">
        <ele>281.8</ele>
      </trkpt>
      <trkpt lat="34.55086" lon="-119.9097">
        <ele>281.8</ele>
      </trkpt>
      <trkpt lat="34.55079" lon="-119.90963">
        <ele>282.0</ele>
      </trkpt>
      <trkpt lat="34.55068" lon="-119.9095">
        <ele>281.6</ele>
      </trkpt>
      <trkpt lat="34.5505" lon="-119.90928">
        <ele>279.7</ele>
      </trkpt>
      <trkpt lat="34.55048" lon="-119.90924">
        <ele>279.2</ele>
      </trkpt>
      <trkpt lat="34.55035" lon="-119.90907">
        <ele>277.8</ele>
      </trkpt>
      <trkpt lat="34.55019" lon="-119.9088">
        <ele>275.3</ele>
      </trkpt>
      <trkpt lat="34.55009" lon="-119.90863">
        <ele>275.3</ele>
      </trkpt>
      <trkpt lat="34.55004" lon="-119.90854">
        <ele>276.4</ele>
      </trkpt>
      <trkpt lat="34.55" lon="-119.90847">
        <ele>277.7</ele>
      </trkpt>
      <trkpt lat="34.54992" lon="-119.90832">
        <ele>279.2</ele>
      </trkpt>
      <trkpt lat="34.54986" lon="-119.90818">
        <ele>278.5</ele>
      </trkpt>
      <trkpt lat="34.54978" lon="-119.90797">
        <ele>275.4</ele>
      </trkpt>
      <trkpt lat="34.54974" lon="-119.90787">
        <ele>272.3</ele>
      </trkpt>
      <trkpt lat="34.54965" lon="-119.90762">
        <ele>268.6</ele>
      </trkpt>
      <trkpt lat="34.54957" lon="-119.90737">
        <ele>268.0</ele>
      </trkpt>
      <trkpt lat="34.54947" lon="-119.90695">
        <ele>266.8</ele>
      </trkpt>
      <trkpt lat="34.54941" lon="-119.90668">
        <ele>266.6</ele>
      </trkpt>
      <trkpt lat="34.54937" lon="-119.90644">
        <ele>266.1</ele>
      </trkpt>
      <trkpt lat="34.54934" lon="-119.90631">
        <ele>265.9</ele>
      </trkpt>
      <trkpt lat="34.549" lon="-119.90452">
        <ele>264.4</ele>
      </trkpt>
      <trkpt lat="34.54888" lon="-119.90389">
        <ele>263.9</ele>
      </trkpt>
      <trkpt lat="34.54852" lon="-119.90197">
        <ele>261.4</ele>
      </trkpt>
      <trkpt lat="34.54827" lon="-119.90068">
        <ele>257.5</ele>
      </trkpt>
      <trkpt lat="34.54789" lon="-119.89883">
        <ele>248.6</ele>
      </trkpt>
      <trkpt lat="34.54763" lon="-119.89755">
        <ele>236.7</ele>
      </trkpt>
      <trkpt lat="34.54755" lon="-119.89715">
        <ele>243.3</ele>
      </trkpt>
      <trkpt lat="34.54745" lon="-119.8967">
        <ele>245.4</ele>
      </trkpt>
      <trkpt lat="34.54741" lon="-119.89647">
        <ele>242.9</ele>
      </trkpt>
      <trkpt lat="34.5474" lon="-119.89643">
        <ele>243.0</ele>
      </trkpt>
      <trkpt lat="34.54739" lon="-119.89636">
        <ele>243.1</ele>
      </trkpt>
      <trkpt lat="34.54734" lon="-119.89607">
        <ele>242.9</ele>
      </trkpt>
      <trkpt lat="34.5473" lon="-119.89583">
        <ele>242.0</ele>
      </trkpt>
      <trkpt lat="34.54729" lon="-119.89582">
        <ele>242.1</ele>
      </trkpt>
      <trkpt lat="34.54728" lon="-119.89576">
        <ele>241.8</ele>
      </trkpt>
      <trkpt lat="34.54725" lon="-119.89562">
        <ele>240.9</ele>
      </trkpt>
      <trkpt lat="34.54725" lon="-119.89558">
        <ele>240.6</ele>
      </trkpt>
      <trkpt lat="34.54723" lon="-119.8955">
        <ele>240.4</ele>
      </trkpt>
      <trkpt lat="34.5472" lon="-119.89528">
        <ele>240.7</ele>
      </trkpt>
      <trkpt lat="34.54716" lon="-119.89498">
        <ele>243.7</ele>
      </trkpt>
      <trkpt lat="34.54716" lon="-119.89496">
        <ele>243.8</ele>
      </trkpt>
      <trkpt lat="34.54714" lon="-119.89487">
        <ele>245.0</ele>
      </trkpt>
      <trkpt lat="34.5471" lon="-119.89452">
        <ele>244.1</ele>
      </trkpt>
      <trkpt lat="34.54709" lon="-119.89437">
        <ele>242.4</ele>
      </trkpt>
      <trkpt lat="34.54707" lon="-119.89423">
        <ele>240.1</ele>
      </trkpt>
      <trkpt lat="34.54705" lon="-119.89411">
        <ele>237.9</ele>
      </trkpt>
      <trkpt lat="34.54703" lon="-119.89366">
        <ele>247.0</ele>
      </trkpt>
      <trkpt lat="34.54703" lon="-119.89347">
        <ele>248.2</ele>
      </trkpt>
      <trkpt lat="34.54702" lon="-119.89314">
        <ele>244.7</ele>
      </trkpt>
      <trkpt lat="34.54702" lon="-119.89294">
        <ele>242.2</ele>
      </trkpt>
      <trkpt lat="34.54704" lon="-119.89259">
        <ele>242.7</ele>
      </trkpt>
      <trkpt lat="34.54706" lon="-119.89196">
        <ele>260.1</ele>
      </trkpt>
      <trkpt lat="34.54707" lon="-119.89144">
        <ele>268.4</ele>
      </trkpt>
      <trkpt lat="34.54708" lon="-119.89107">
        <ele>279.6</ele>
      </trkpt>
      <trkpt lat="34.5471" lon="-119.89071">
        <ele>289.2</ele>
      </trkpt>
      <trkpt lat="34.5471" lon="-119.89033">
        <ele>283.2</ele>
      </trkpt>
      <trkpt lat="34.54711" lon="-119.89003">
        <ele>280.1</ele>
      </trkpt>
      <trkpt lat="34.54712" lon="-119.88954">
        <ele>265.1</ele>
      </trkpt>
      <trkpt lat="34.54712" lon="-119.88946">
        <ele>265.7</ele>
      </trkpt>
      <trkpt lat="34.54712" lon="-119.88946">
        <ele>265.7</ele>
      </trkpt>
      <trkpt lat="34.54712" lon="-119.88934">
        <ele>269.3</ele>
      </trkpt>
      <trkpt lat="34.54712" lon="-119.88932">
        <ele>270.2</ele>
      </trkpt>
      <trkpt lat="34.54713" lon="-119.8891">
        <ele>276.8</ele>
      </trkpt>
      <trkpt lat="34.54714" lon="-119.88889">
        <ele>273.9</ele>
      </trkpt>
      <trkpt lat="34.54714" lon="-119.88869">
        <ele>272.2</ele>
      </trkpt>
      <trkpt lat="34.54715" lon="-119.88823">
        <ele>279.3</ele>
      </trkpt>
      <trkpt lat="34.54715" lon="-119.88804">
        <ele>286.9</ele>
      </trkpt>
      <trkpt lat="34.54714" lon="-119.88779">
        <ele>295.4</ele>
      </trkpt>
      <trkpt lat="34.54714" lon="-119.88774">
        <ele>296.0</ele>
      </trkpt>
      <trkpt lat="34.54711" lon="-119.88714">
        <ele>297.4</ele>
      </trkpt>
      <trkpt lat="34.5471" lon="-119.88702">
        <ele>297.3</ele>
      </trkpt>
      <trkpt lat="34.54707" lon="-119.88662">
        <ele>293.0</ele>
      </trkpt>
      <trkpt lat="34.54707" lon="-119.8866">
        <ele>292.9</ele>
      </trkpt>
      <trkpt lat="34.54704" lon="-119.88619">
        <ele>294.0</ele>
      </trkpt>
      <trkpt lat="34.54702" lon="-119.88597">
        <ele>295.6</ele>
      </trkpt>
      <trkpt lat="34.54701" lon="-119.88588">
        <ele>295.9</ele>
      </trkpt>
      <trkpt lat="34.54699" lon="-119.88576">
        <ele>296.3</ele>
      </trkpt>
      <trkpt lat="34.54696" lon="-119.88555">
        <ele>296.8</ele>
      </trkpt>
      <trkpt lat="34.54696" lon="-119.88554">
        <ele>296.8</ele>
      </trkpt>
      <trkpt lat="34.54693" lon="-119.88533">
        <ele>296.1</ele>
      </trkpt>
      <trkpt lat="34.5469" lon="-119.88511">
        <ele>291.8</ele>
      </trkpt>
      <trkpt lat="34.54687" lon="-119.88491">
        <ele>284.7</ele>
      </trkpt>
      <trkpt lat="34.54687" lon="-119.88489">
        <ele>284.2</ele>
      </trkpt>
      <trkpt lat="34.54683" lon="-119.88462">
        <ele>280.6</ele>
      </trkpt>
      <trkpt lat="34.5468" lon="-119.88447">
        <ele>278.3</ele>
      </trkpt>
      <trkpt lat="34.54676" lon="-119.88426">
        <ele>275.6</ele>
      </trkpt>
      <trkpt lat="34.54675" lon="-119.8842">
        <ele>274.7</ele>
      </trkpt>
      <trkpt lat="34.54663" lon="-119.88362">
        <ele>269.7</ele>
      </trkpt>
      <trkpt lat="34.54662" lon="-119.88359">
        <ele>269.5</ele>
      </trkpt>
      <trkpt lat="34.54655" lon="-119.8833">
        <ele>268.4</ele>
      </trkpt>
      <trkpt lat="34.54643" lon="-119.88286">
        <ele>268.7</ele>
      </trkpt>
      <trkpt lat="34.54637" lon="-119.88264">
        <ele>267.8</ele>
      </trkpt>
      <trkpt lat="34.54627" lon="-119.88227">
        <ele>265.7</ele>
      </trkpt>
      <trkpt lat="34.54618" lon="-119.88196">
        <ele>262.0</ele>
      </trkpt>
      <trkpt lat="34.54603" lon="-119.88149">
        <ele>253.3</ele>
      </trkpt>
      <trkpt lat="34.54591" lon="-119.88105">
        <ele>243.1</ele>
      </trkpt>
      <trkpt lat="34.54579" lon="-119.88063">
        <ele>245.2</ele>
      </trkpt>
      <trkpt lat="34.54559" lon="-119.87999">
        <ele>249.4</ele>
      </trkpt>
      <trkpt lat="34.54549" lon="-119.87964">
        <ele>249.7</ele>
      </trkpt>
      <trkpt lat="34.54521" lon="-119.87872">
        <ele>249.6</ele>
      </trkpt>
      <trkpt lat="34.54502" lon="-119.8781">
        <ele>247.3</ele>
      </trkpt>
      <trkpt lat="34.54474" lon="-119.8772">
        <ele>246.0</ele>
      </trkpt>
      <trkpt lat="34.54461" lon="-119.8768">
        <ele>250.3</ele>
      </trkpt>
      <trkpt lat="34.54455" lon="-119.87659">
        <ele>252.2</ele>
      </trkpt>
      <trkpt lat="34.54437" lon="-119.87597">
        <ele>254.5</ele>
      </trkpt>
      <trkpt lat="34.54424" lon="-119.87556">
        <ele>254.8</ele>
      </trkpt>
      <trkpt lat="34.54419" lon="-119.8754">
        <ele>254.0</ele>
      </trkpt>
      <trkpt lat="34.54419" lon="-119.8754">
        <ele>254.0</ele>
      </trkpt>
      <trkpt lat="34.54381" lon="-119.87412">
        <ele>248.9</ele>
      </trkpt>
      <trkpt lat="34.54375" lon="-119.87392">
        <ele>249.1</ele>
      </trkpt>
      <trkpt lat="34.54369" lon="-119.87371">
        <ele>249.4</ele>
      </trkpt>
      <trkpt lat="34.54338" lon="-119.87269">
        <ele>251.0</ele>
      </trkpt>
      <trkpt lat="34.54332" lon="-119.87248">
        <ele>251.2</ele>
      </trkpt>
      <trkpt lat="34.54288" lon="-119.87101">
        <ele>253.4</ele>
      </trkpt>
      <trkpt lat="34.54287" lon="-119.87099">
        <ele>253.5</ele>
      </trkpt>
      <trkpt lat="34.54226" lon="-119.86901">
        <ele>272.9</ele>
      </trkpt>
      <trkpt lat="34.54226" lon="-119.86901">
        <ele>272.9</ele>
      </trkpt>
      <trkpt lat="34.54224" lon="-119.86895">
        <ele>272.6</ele>
      </trkpt>
      <trkpt lat="34.54224" lon="-119.86895">
        <ele>272.6</ele>
      </trkpt>
      <trkpt lat="34.54233" lon="-119.86891">
        <ele>269.9</ele>
      </trkpt>
      <trkpt lat="34.54251" lon="-119.86879">
        <ele>266.2</ele>
      </trkpt>
      <trkpt lat="34.54254" lon="-119.86876">
        <ele>266.0</ele>
      </trkpt>
      <trkpt lat="34.54257" lon="-119.8687">
        <ele>266.1</ele>
      </trkpt>
      <trkpt lat="34.54259" lon="-119.86862">
        <ele>266.7</ele>
      </trkpt>
      <trkpt lat="34.54259" lon="-119.86842">
        <ele>269.7</ele>
      </trkpt>
      <trkpt lat="34.54258" lon="-119.86798">
        <ele>273.6</ele>
      </trkpt>
      <trkpt lat="34.54258" lon="-119.86777">
        <ele>274.1</ele>
      </trkpt>
      <trkpt lat="34.54258" lon="-119.86754">
        <ele>274.3</ele>
      </trkpt>
      <trkpt lat="34.54258" lon="-119.86711">
        <ele>273.8</ele>
      </trkpt>
      <trkpt lat="34.54258" lon="-119.86703">
        <ele>273.9</ele>
      </trkpt>
      <trkpt lat="34.54253" lon="-119.86662">
        <ele>277.0</ele>
      </trkpt>
      <trkpt lat="34.54249" lon="-119.8664">
        <ele>278.8</ele>
      </trkpt>
      <trkpt lat="34.54245" lon="-119.86625">
        <ele>280.6</ele>
      </trkpt>
      <trkpt lat="34.54237" lon="-119.866">
        <ele>282.6</ele>
      </trkpt>
      <trkpt lat="34.54231" lon="-119.86585">
        <ele>283.1</ele>
      </trkpt>
      <trkpt lat="34.54224" lon="-119.86568">
        <ele>283.1</ele>
      </trkpt>
      <trkpt lat="34.54223" lon="-119.86565">
        <ele>283.0</ele>
      </trkpt>
      <trkpt lat="34.54216" lon="-119.86551">
        <ele>282.5</ele>
      </trkpt>
      <trkpt lat="34.54214" lon="-119.86546">
        <ele>282.2</ele>
      </trkpt>
      <trkpt lat="34.54205" lon="-119.86528">
        <ele>281.6</ele>
      </trkpt>
      <trkpt lat="34.54203" lon="-119.86525">
        <ele>281.5</ele>
      </trkpt>
      <trkpt lat="34.54183" lon="-119.86493">
        <ele>281.8</ele>
      </trkpt>
      <trkpt lat="34.5418" lon="-119.86488">
        <ele>281.6</ele>
      </trkpt>
      <trkpt lat="34.54172" lon="-119.86475">
        <ele>281.5</ele>
      </trkpt>
      <trkpt lat="34.54162" lon="-119.86458">
        <ele>281.4</ele>
      </trkpt>
      <trkpt lat="34.54154" lon="-119.86445">
        <ele>281.7</ele>
      </trkpt>
      <trkpt lat="34.54151" lon="-119.8644">
        <ele>281.9</ele>
      </trkpt>
      <trkpt lat="34.5414" lon="-119.86423">
        <ele>282.7</ele>
      </trkpt>
      <trkpt lat="34.5413" lon="-119.86405">
        <ele>283.5</ele>
      </trkpt>
      <trkpt lat="34.54125" lon="-119.86396">
        <ele>283.9</ele>
      </trkpt>
      <trkpt lat="34.54103" lon="-119.86354">
        <ele>285.4</ele>
      </trkpt>
      <trkpt lat="34.54103" lon="-119.86354">
        <ele>285.4</ele>
      </trkpt>
      <trkpt lat="34.54098" lon="-119.86346">
        <ele>285.6</ele>
      </trkpt>
      <trkpt lat="34.54082" lon="-119.86306">
        <ele>286.1</ele>
      </trkpt>
      <trkpt lat="34.54073" lon="-119.86285">
        <ele>286.3</ele>
      </trkpt>
      <trkpt lat="34.54067" lon="-119.86267">
        <ele>286.4</ele>
      </trkpt>
      <trkpt lat="34.54049" lon="-119.86214">
        <ele>286.5</ele>
      </trkpt>
      <trkpt lat="34.54033" lon="-119.86159">
        <ele>286.5</ele>
      </trkpt>
      <trkpt lat="34.54018" lon="-119.86104">
        <ele>287.3</ele>
      </trkpt>
      <trkpt lat="34.54015" lon="-119.86091">
        <ele>287.5</ele>
      </trkpt>
      <trkpt lat="34.54005" lon="-119.86044">
        <ele>288.6</ele>
      </trkpt>
      <trkpt lat="34.53994" lon="-119.85999">
        <ele>289.4</ele>
      </trkpt>
      <trkpt lat="34.53989" lon="-119.85982">
        <ele>289.6</ele>
      </trkpt>
      <trkpt lat="34.53983" lon="-119.8596">
        <ele>289.8</ele>
      </trkpt>
      <trkpt lat="34.53982" lon="-119.85954">
        <ele>289.7</ele>
      </trkpt>
      <trkpt lat="34.53976" lon="-119.8594">
        <ele>289.8</ele>
      </trkpt>
      <trkpt lat="34.53974" lon="-119.85934">
        <ele>289.7</ele>
      </trkpt>
      <trkpt lat="34.53966" lon="-119.85917">
        <ele>289.6</ele>
      </trkpt>
      <trkpt lat="34.53957" lon="-119.859">
        <ele>289.3</ele>
      </trkpt>
      <trkpt lat="34.53948" lon="-119.85887">
        <ele>288.9</ele>
      </trkpt>
      <trkpt lat="34.53934" lon="-119.85872">
        <ele>288.3</ele>
      </trkpt>
      <trkpt lat="34.53933" lon="-119.85871">
        <ele>288.3</ele>
      </trkpt>
      <trkpt lat="34.5392" lon="-119.85858">
        <ele>287.7</ele>
      </trkpt>
      <trkpt lat="34.53919" lon="-119.85858">
        <ele>287.7</ele>
      </trkpt>
      <trkpt lat="34.53913" lon="-119.85853">
        <ele>287.4</ele>
      </trkpt>
      <trkpt lat="34.53904" lon="-119.85847">
        <ele>286.9</ele>
      </trkpt>
      <trkpt lat="34.53898" lon="-119.85843">
        <ele>286.4</ele>
      </trkpt>
      <trkpt lat="34.53887" lon="-119.85839">
        <ele>286.1</ele>
      </trkpt>
      <trkpt lat="34.5387" lon="-119.85833">
        <ele>285.8</ele>
      </trkpt>
      <trkpt lat="34.53868" lon="-119.85833">
        <ele>285.8</ele>
      </trkpt>
      <trkpt lat="34.53852" lon="-119.8583">
        <ele>285.9</ele>
      </trkpt>
      <trkpt lat="34.53838" lon="-119.85827">
        <ele>285.8</ele>
      </trkpt>
      <trkpt lat="34.53834" lon="-119.85827">
        <ele>285.8</ele>
      </trkpt>
      <trkpt lat="34.53803" lon="-119.85827">
        <ele>285.3</ele>
      </trkpt>
      <trkpt lat="34.53798" lon="-119.85828">
        <ele>285.4</ele>
      </trkpt>
      <trkpt lat="34.5379" lon="-119.8583">
        <ele>285.5</ele>
      </trkpt>
      <trkpt lat="34.5378" lon="-119.85832">
        <ele>285.8</ele>
      </trkpt>
      <trkpt lat="34.53774" lon="-119.85834">
        <ele>286.1</ele>
      </trkpt>
      <trkpt lat="34.53745" lon="-119.85842">
        <ele>286.4</ele>
      </trkpt>
      <trkpt lat="34.53739" lon="-119.85844">
        <ele>286.4</ele>
      </trkpt>
      <trkpt lat="34.53728" lon="-119.85846">
        <ele>284.3</ele>
      </trkpt>
      <trkpt lat="34.53725" lon="-119.85847">
        <ele>283.6</ele>
      </trkpt>
      <trkpt lat="34.5371" lon="-119.85845">
        <ele>282.3</ele>
      </trkpt>
      <trkpt lat="34.53705" lon="-119.85842">
        <ele>282.1</ele>
      </trkpt>
      <trkpt lat="34.53694" lon="-119.85835">
        <ele>282.4</ele>
      </trkpt>
      <trkpt lat="34.53694" lon="-119.85834">
        <ele>282.5</ele>
      </trkpt>
      <trkpt lat="34.53687" lon="-119.85826">
        <ele>282.8</ele>
      </trkpt>
      <trkpt lat="34.53684" lon="-119.85817">
        <ele>284.1</ele>
      </trkpt>
      <trkpt lat="34.53683" lon="-119.85813">
        <ele>284.8</ele>
      </trkpt>
      <trkpt lat="34.53681" lon="-119.85796">
        <ele>286.0</ele>
      </trkpt>
      <trkpt lat="34.53681" lon="-119.85794">
        <ele>286.1</ele>
      </trkpt>
      <trkpt lat="34.53683" lon="-119.85783">
        <ele>286.2</ele>
      </trkpt>
      <trkpt lat="34.53686" lon="-119.85775">
        <ele>286.3</ele>
      </trkpt>
      <trkpt lat="34.53687" lon="-119.85772">
        <ele>286.4</ele>
      </trkpt>
      <trkpt lat="34.53689" lon="-119.85769">
        <ele>286.4</ele>
      </trkpt>
      <trkpt lat="34.53695" lon="-119.85764">
        <ele>286.0</ele>
      </trkpt>
      <trkpt lat="34.53699" lon="-119.85761">
        <ele>285.7</ele>
      </trkpt>
      <trkpt lat="34.53724" lon="-119.85744">
        <ele>285.1</ele>
      </trkpt>
      <trkpt lat="34.5373" lon="-119.85739">
        <ele>284.8</ele>
      </trkpt>
      <trkpt lat="34.53741" lon="-119.8573">
        <ele>285.2</ele>
      </trkpt>
      <trkpt lat="34.53744" lon="-119.85725">
        <ele>285.2</ele>
      </trkpt>
      <trkpt lat="34.53751" lon="-119.85714">
        <ele>284.9</ele>
      </trkpt>
      <trkpt lat="34.53752" lon="-119.85706">
        <ele>285.5</ele>
      </trkpt>
      <trkpt lat="34.53753" lon="-119.85698">
        <ele>285.9</ele>
      </trkpt>
      <trkpt lat="34.53755" lon="-119.85685">
        <ele>286.1</ele>
      </trkpt>
      <trkpt lat="34.53755" lon="-119.85678">
        <ele>286.0</ele>
      </trkpt>
      <trkpt lat="34.53753" lon="-119.85663">
        <ele>286.3</ele>
      </trkpt>
      <trkpt lat="34.53752" lon="-119.85659">
        <ele>286.4</ele>
      </trkpt>
      <trkpt lat="34.53744" lon="-119.85644">
        <ele>287.1</ele>
      </trkpt>
      <trkpt lat="34.53732" lon="-119.85632">
        <ele>287.0</ele>
      </trkpt>
      <trkpt lat="34.5373" lon="-119.85631">
        <ele>287.3</ele>
      </trkpt>
      <trkpt lat="34.53721" lon="-119.85625">
        <ele>289.7</ele>
      </trkpt>
      <trkpt lat="34.53713" lon="-119.85622">
        <ele>292.3</ele>
      </trkpt>
      <trkpt lat="34.53704" lon="-119.85619">
        <ele>294.3</ele>
      </trkpt>
      <trkpt lat="34.53671" lon="-119.85613">
        <ele>296.4</ele>
      </trkpt>
      <trkpt lat="34.53662" lon="-119.85609">
        <ele>296.2</ele>
      </trkpt>
      <trkpt lat="34.53661" lon="-119.85609">
        <ele>296.2</ele>
      </trkpt>
      <trkpt lat="34.53645" lon="-119.85599">
        <ele>295.6</ele>
      </trkpt>
      <trkpt lat="34.53636" lon="-119.85593">
        <ele>295.4</ele>
      </trkpt>
      <trkpt lat="34.53619" lon="-119.85576">
        <ele>297.5</ele>
      </trkpt>
      <trkpt lat="34.53617" lon="-119.85572">
        <ele>298.0</ele>
      </trkpt>
      <trkpt lat="34.53606" lon="-119.85555">
        <ele>301.4</ele>
      </trkpt>
      <trkpt lat="34.53604" lon="-119.85552">
        <ele>301.8</ele>
      </trkpt>
      <trkpt lat="34.53597" lon="-119.85535">
        <ele>303.0</ele>
      </trkpt>
      <trkpt lat="34.53594" lon="-119.85528">
        <ele>303.3</ele>
      </trkpt>
      <trkpt lat="34.5359" lon="-119.85515">
        <ele>303.6</ele>
      </trkpt>
      <trkpt lat="34.53581" lon="-119.85486">
        <ele>306.1</ele>
      </trkpt>
      <trkpt lat="34.53572" lon="-119.85454">
        <ele>307.3</ele>
      </trkpt>
      <trkpt lat="34.5357" lon="-119.85447">
        <ele>307.5</ele>
      </trkpt>
      <trkpt lat="34.53566" lon="-119.85433">
        <ele>308.1</ele>
      </trkpt>
      <trkpt lat="34.53564" lon="-119.85426">
        <ele>308.4</ele>
      </trkpt>
      <trkpt lat="34.53559" lon="-119.8539">
        <ele>308.7</ele>
      </trkpt>
      <trkpt lat="34.53558" lon="-119.85387">
        <ele>308.8</ele>
      </trkpt>
      <trkpt lat="34.53557" lon="-119.85369">
        <ele>309.0</ele>
      </trkpt>
      <trkpt lat="34.53555" lon="-119.85347">
        <ele>310.3</ele>
      </trkpt>
      <trkpt lat="34.53555" lon="-119.85336">
        <ele>310.3</ele>
      </trkpt>
      <trkpt lat="34.53554" lon="-119.85325">
        <ele>310.4</ele>
      </trkpt>
      <trkpt lat="34.53553" lon="-119.85303">
        <ele>310.6</ele>
      </trkpt>
      <trkpt lat="34.53552" lon="-119.85282">
        <ele>311.9</ele>
      </trkpt>
      <trkpt lat="34.53551" lon="-119.8526">
        <ele>316.0</ele>
      </trkpt>
      <trkpt lat="34.53549" lon="-119.85238">
        <ele>320.7</ele>
      </trkpt>
      <trkpt lat="34.53548" lon="-119.85216">
        <ele>321.8</ele>
      </trkpt>
      <trkpt lat="34.53548" lon="-119.85203">
        <ele>322.6</ele>
      </trkpt>
      <trkpt lat="34.53547" lon="-119.85199">
        <ele>323.2</ele>
      </trkpt>
      <trkpt lat="34.53547" lon="-119.85189">
        <ele>324.2</ele>
      </trkpt>
      <trkpt lat="34.53545" lon="-119.85171">
        <ele>325.2</ele>
      </trkpt>
      <trkpt lat="34.53545" lon="-119.85168">
        <ele>325.2</ele>
      </trkpt>
      <trkpt lat="34.53545" lon="-119.85167">
        <ele>325.2</ele>
      </trkpt>
      <trkpt lat="34.53542" lon="-119.85152">
        <ele>326.6</ele>
      </trkpt>
      <trkpt lat="34.5354" lon="-119.85146">
        <ele>326.9</ele>
      </trkpt>
      <trkpt lat="34.53538" lon="-119.85141">
        <ele>327.1</ele>
      </trkpt>
      <trkpt lat="34.53531" lon="-119.85128">
        <ele>328.3</ele>
      </trkpt>
      <trkpt lat="34.53527" lon="-119.8512">
        <ele>328.2</ele>
      </trkpt>
      <trkpt lat="34.5352" lon="-119.85111">
        <ele>327.4</ele>
      </trkpt>
      <trkpt lat="34.5352" lon="-119.8511">
        <ele>327.2</ele>
      </trkpt>
      <trkpt lat="34.53513" lon="-119.85102">
        <ele>325.2</ele>
      </trkpt>
      <trkpt lat="34.53498" lon="-119.85082">
        <ele>321.0</ele>
      </trkpt>
      <trkpt lat="34.53497" lon="-119.85077">
        <ele>320.2</ele>
      </trkpt>
      <trkpt lat="34.53496" lon="-119.85075">
        <ele>320.0</ele>
      </trkpt>
      <trkpt lat="34.53494" lon="-119.85065">
        <ele>318.9</ele>
      </trkpt>
      <trkpt lat="34.53493" lon="-119.85056">
        <ele>320.1</ele>
      </trkpt>
      <trkpt lat="34.53492" lon="-119.85048">
        <ele>322.1</ele>
      </trkpt>
      <trkpt lat="34.53492" lon="-119.85037">
        <ele>324.8</ele>
      </trkpt>
      <trkpt lat="34.53494" lon="-119.85028">
        <ele>326.3</ele>
      </trkpt>
      <trkpt lat="34.53498" lon="-119.85017">
        <ele>327.5</ele>
      </trkpt>
      <trkpt lat="34.535" lon="-119.85015">
        <ele>327.3</ele>
      </trkpt>
      <trkpt lat="34.53504" lon="-119.85008">
        <ele>328.3</ele>
      </trkpt>
      <trkpt lat="34.53512" lon="-119.84999">
        <ele>331.0</ele>
      </trkpt>
      <trkpt lat="34.53513" lon="-119.84998">
        <ele>331.8</ele>
      </trkpt>
      <trkpt lat="34.53538" lon="-119.84974">
        <ele>335.4</ele>
      </trkpt>
      <trkpt lat="34.53553" lon="-119.8496">
        <ele>334.1</ele>
      </trkpt>
      <trkpt lat="34.53554" lon="-119.84958">
        <ele>334.1</ele>
      </trkpt>
      <trkpt lat="34.53557" lon="-119.84952">
        <ele>333.8</ele>
      </trkpt>
      <trkpt lat="34.53561" lon="-119.84938">
        <ele>334.0</ele>
      </trkpt>
      <trkpt lat="34.53565" lon="-119.84927">
        <ele>334.2</ele>
      </trkpt>
      <trkpt lat="34.53567" lon="-119.84917">
        <ele>335.2</ele>
      </trkpt>
      <trkpt lat="34.53572" lon="-119.84896">
        <ele>338.3</ele>
      </trkpt>
      <trkpt lat="34.53577" lon="-119.84877">
        <ele>338.0</ele>
      </trkpt>
      <trkpt lat="34.53578" lon="-119.84861">
        <ele>337.2</ele>
      </trkpt>
      <trkpt lat="34.53577" lon="-119.84854">
        <ele>337.1</ele>
      </trkpt>
      <trkpt lat="34.53574" lon="-119.84843">
        <ele>337.2</ele>
      </trkpt>
      <trkpt lat="34.5357" lon="-119.84833">
        <ele>337.5</ele>
      </trkpt>
      <trkpt lat="34.53569" lon="-119.84829">
        <ele>337.4</ele>
      </trkpt>
      <trkpt lat="34.53558" lon="-119.84815">
        <ele>338.6</ele>
      </trkpt>
      <trkpt lat="34.53547" lon="-119.84802">
        <ele>340.2</ele>
      </trkpt>
      <trkpt lat="34.53536" lon="-119.84783">
        <ele>342.8</ele>
      </trkpt>
      <trkpt lat="34.5353" lon="-119.84763">
        <ele>345.2</ele>
      </trkpt>
      <trkpt lat="34.53527" lon="-119.84741">
        <ele>345.2</ele>
      </trkpt>
      <trkpt lat="34.53525" lon="-119.84723">
        <ele>344.9</ele>
      </trkpt>
      <trkpt lat="34.53525" lon="-119.84723">
        <ele>344.9</ele>
      </trkpt>
      <trkpt lat="34.53524" lon="-119.84719">
        <ele>345.1</ele>
      </trkpt>
      <trkpt lat="34.53518" lon="-119.84676">
        <ele>347.5</ele>
      </trkpt>
      <trkpt lat="34.53509" lon="-119.84615">
        <ele>348.3</ele>
      </trkpt>
      <trkpt lat="34.53508" lon="-119.84612">
        <ele>348.5</ele>
      </trkpt>
      <trkpt lat="34.53497" lon="-119.84585">
        <ele>352.8</ele>
      </trkpt>
      <trkpt lat="34.53489" lon="-119.84562">
        <ele>357.1</ele>
      </trkpt>
      <trkpt lat="34.53488" lon="-119.84552">
        <ele>357.7</ele>
      </trkpt>
      <trkpt lat="34.53488" lon="-119.84543">
        <ele>357.9</ele>
      </trkpt>
      <trkpt lat="34.53494" lon="-119.84515">
        <ele>358.6</ele>
      </trkpt>
      <trkpt lat="34.53496" lon="-119.84509">
        <ele>359.2</ele>
      </trkpt>
      <trkpt lat="34.53498" lon="-119.84499">
        <ele>359.1</ele>
      </trkpt>
      <trkpt lat="34.53499" lon="-119.84488">
        <ele>358.2</ele>
      </trkpt>
      <trkpt lat="34.53499" lon="-119.84487">
        <ele>358.1</ele>
      </trkpt>
      <trkpt lat="34.53497" lon="-119.84474">
        <ele>359.0</ele>
      </trkpt>
      <trkpt lat="34.53489" lon="-119.84446">
        <ele>362.3</ele>
      </trkpt>
      <trkpt lat="34.53485" lon="-119.8443">
        <ele>363.2</ele>
      </trkpt>
      <trkpt lat="34.53482" lon="-119.84403">
        <ele>363.7</ele>
      </trkpt>
      <trkpt lat="34.53481" lon="-119.84393">
        <ele>362.9</ele>
      </trkpt>
      <trkpt lat="34.53477" lon="-119.84372">
        <ele>359.8</ele>
      </trkpt>
      <trkpt lat="34.53472" lon="-119.84362">
        <ele>359.8</ele>
      </trkpt>
      <trkpt lat="34.53468" lon="-119.84353">
        <ele>359.6</ele>
      </trkpt>
      <trkpt lat="34.53462" lon="-119.84345">
        <ele>360.3</ele>
      </trkpt>
      <trkpt lat="34.53454" lon="-119.84338">
        <ele>364.0</ele>
      </trkpt>
      <trkpt lat="34.53447" lon="-119.84332">
        <ele>367.6</ele>
      </trkpt>
      <trkpt lat="34.53437" lon="-119.84325">
        <ele>370.3</ele>
      </trkpt>
      <trkpt lat="34.53432" lon="-119.84319">
        <ele>370.9</ele>
      </trkpt>
      <trkpt lat="34.5343" lon="-119.84316">
        <ele>371.1</ele>
      </trkpt>
      <trkpt lat="34.53427" lon="-119.84309">
        <ele>371.1</ele>
      </trkpt>
      <trkpt lat="34.53425" lon="-119.843">
        <ele>371.0</ele>
      </trkpt>
      <trkpt lat="34.53424" lon="-119.84294">
        <ele>371.0</ele>
      </trkpt>
      <trkpt lat="34.53424" lon="-119.84269">
        <ele>370.1</ele>
      </trkpt>
      <trkpt lat="34.53424" lon="-119.84256">
        <ele>369.8</ele>
      </trkpt>
      <trkpt lat="34.53424" lon="-119.84248">
        <ele>369.4</ele>
      </trkpt>
      <trkpt lat="34.53419" lon="-119.84235">
        <ele>370.0</ele>
      </trkpt>
      <trkpt lat="34.53418" lon="-119.84234">
        <ele>370.3</ele>
      </trkpt>
      <trkpt lat="34.53408" lon="-119.84219">
        <ele>370.4</ele>
      </trkpt>
      <trkpt lat="34.53401" lon="-119.84209">
        <ele>369.9</ele>
      </trkpt>
      <trkpt lat="34.53383" lon="-119.84189">
        <ele>370.2</ele>
      </trkpt>
      <trkpt lat="34.53377" lon="-119.8418">
        <ele>370.9</ele>
      </trkpt>
      <trkpt lat="34.53368" lon="-119.84162">
        <ele>372.9</ele>
      </trkpt>
      <trkpt lat="34.53364" lon="-119.8415">
        <ele>376.5</ele>
      </trkpt>
      <trkpt lat="34.53362" lon="-119.84146">
        <ele>378.5</ele>
      </trkpt>
      <trkpt lat="34.53353" lon="-119.84126">
        <ele>381.7</ele>
      </trkpt>
      <trkpt lat="34.53343" lon="-119.84112">
        <ele>382.2</ele>
      </trkpt>
      <trkpt lat="34.53334" lon="-119.84105">
        <ele>382.5</ele>
      </trkpt>
      <trkpt lat="34.53329" lon="-119.84103">
        <ele>382.6</ele>
      </trkpt>
      <trkpt lat="34.53324" lon="-119.84102">
        <ele>382.7</ele>
      </trkpt>
      <trkpt lat="34.53293" lon="-119.84098">
        <ele>382.4</ele>
      </trkpt>
      <trkpt lat="34.53292" lon="-119.84098">
        <ele>382.4</ele>
      </trkpt>
      <trkpt lat="34.53284" lon="-119.84095">
        <ele>382.4</ele>
      </trkpt>
      <trkpt lat="34.53271" lon="-119.84085">
        <ele>382.6</ele>
      </trkpt>
      <trkpt lat="34.53267" lon="-119.8408">
        <ele>382.7</ele>
      </trkpt>
      <trkpt lat="34.53264" lon="-119.84074">
        <ele>382.7</ele>
      </trkpt>
      <trkpt lat="34.5326" lon="-119.84066">
        <ele>383.0</ele>
      </trkpt>
      <trkpt lat="34.53256" lon="-119.84055">
        <ele>383.6</ele>
      </trkpt>
      <trkpt lat="34.53246" lon="-119.84024">
        <ele>385.6</ele>
      </trkpt>
      <trkpt lat="34.53239" lon="-119.83993">
        <ele>391.5</ele>
      </trkpt>
      <trkpt lat="34.53232" lon="-119.83963">
        <ele>393.4</ele>
      </trkpt>
      <trkpt lat="34.53232" lon="-119.83951">
        <ele>393.2</ele>
      </trkpt>
      <trkpt lat="34.53231" lon="-119.8393">
        <ele>395.2</ele>
      </trkpt>
      <trkpt lat="34.53231" lon="-119.83929">
        <ele>395.3</ele>
      </trkpt>
      <trkpt lat="34.53229" lon="-119.83901">
        <ele>397.7</ele>
      </trkpt>
      <trkpt lat="34.53226" lon="-119.83883">
        <ele>399.9</ele>
      </trkpt>
      <trkpt lat="34.53213" lon="-119.83845">
        <ele>402.3</ele>
      </trkpt>
      <trkpt lat="34.53205" lon="-119.83825">
        <ele>403.4</ele>
      </trkpt>
      <trkpt lat="34.53198" lon="-119.83805">
        <ele>404.8</ele>
      </trkpt>
      <trkpt lat="34.53198" lon="-119.83804">
        <ele>404.9</ele>
      </trkpt>
      <trkpt lat="34.53188" lon="-119.83758">
        <ele>406.0</ele>
      </trkpt>
      <trkpt lat="34.53178" lon="-119.83721">
        <ele>404.6</ele>
      </trkpt>
      <trkpt lat="34.53173" lon="-119.83711">
        <ele>404.7</ele>
      </trkpt>
      <trkpt lat="34.5317" lon="-119.83706">
        <ele>405.0</ele>
      </trkpt>
      <trkpt lat="34.53163" lon="-119.83698">
        <ele>405.7</ele>
      </trkpt>
      <trkpt lat="34.53155" lon="-119.83689">
        <ele>406.2</ele>
      </trkpt>
      <trkpt lat="34.53114" lon="-119.83652">
        <ele>409.4</ele>
      </trkpt>
      <trkpt lat="34.53109" lon="-119.83647">
        <ele>409.7</ele>
      </trkpt>
      <trkpt lat="34.53056" lon="-119.836">
        <ele>420.0</ele>
      </trkpt>
      <trkpt lat="34.53055" lon="-119.83599">
        <ele>420.0</ele>
      </trkpt>
      <trkpt lat="34.53044" lon="-119.83583">
        <ele>419.0</ele>
      </trkpt>
      <trkpt lat="34.53033" lon="-119.8356">
        <ele>419.3</ele>
      </trkpt>
      <trkpt lat="34.53029" lon="-119.83544">
        <ele>419.4</ele>
      </trkpt>
      <trkpt lat="34.53028" lon="-119.83543">
        <ele>419.7</ele>
      </trkpt>
      <trkpt lat="34.53028" lon="-119.83543">
        <ele>419.7</ele>
      </trkpt>
      <trkpt lat="34.53028" lon="-119.83541">
        <ele>419.5</ele>
      </trkpt>
      <trkpt lat="34.53017" lon="-119.8351">
        <ele>419.6</ele>
      </trkpt>
      <trkpt lat="34.53013" lon="-119.83506">
        <ele>420.1</ele>
      </trkpt>
      <trkpt lat="34.53009" lon="-119.83501">
        <ele>420.3</ele>
      </trkpt>
      <trkpt lat="34.52999" lon="-119.83494">
        <ele>421.5</ele>
      </trkpt>
      <trkpt lat="34.52998" lon="-119.83494">
        <ele>421.6</ele>
      </trkpt>
      <trkpt lat="34.52973" lon="-119.83476">
        <ele>420.9</ele>
      </trkpt>
      <trkpt lat="34.52963" lon="-119.83467">
        <ele>421.5</ele>
      </trkpt>
      <trkpt lat="34.52952" lon="-119.83454">
        <ele>423.7</ele>
      </trkpt>
      <trkpt lat="34.52943" lon="-119.83439">
        <ele>429.7</ele>
      </trkpt>
      <trkpt lat="34.5293" lon="-119.83418">
        <ele>432.3</ele>
      </trkpt>
      <trkpt lat="34.52912" lon="-119.83385">
        <ele>432.5</ele>
      </trkpt>
      <trkpt lat="34.52903" lon="-119.83372">
        <ele>432.6</ele>
      </trkpt>
      <trkpt lat="34.52889" lon="-119.83355">
        <ele>432.7</ele>
      </trkpt>
      <trkpt lat="34.52878" lon="-119.83346">
        <ele>433.1</ele>
      </trkpt>
      <trkpt lat="34.52859" lon="-119.83336">
        <ele>432.9</ele>
      </trkpt>
      <trkpt lat="34.52844" lon="-119.8333">
        <ele>431.8</ele>
      </trkpt>
      <trkpt lat="34.52828" lon="-119.83328">
        <ele>433.0</ele>
      </trkpt>
      <trkpt lat="34.5282" lon="-119.8333">
        <ele>433.7</ele>
      </trkpt>
      <trkpt lat="34.52813" lon="-119.83331">
        <ele>434.1</ele>
      </trkpt>
      <trkpt lat="34.52797" lon="-119.83332">
        <ele>434.2</ele>
      </trkpt>
      <trkpt lat="34.52785" lon="-119.83338">
        <ele>434.5</ele>
      </trkpt>
      <trkpt lat="34.52778" lon="-119.83342">
        <ele>433.9</ele>
      </trkpt>
      <trkpt lat="34.52771" lon="-119.83351">
        <ele>434.0</ele>
      </trkpt>
      <trkpt lat="34.52768" lon="-119.83355">
        <ele>434.6</ele>
      </trkpt>
      <trkpt lat="34.52762" lon="-119.83368">
        <ele>439.9</ele>
      </trkpt>
      <trkpt lat="34.52756" lon="-119.83388">
        <ele>445.0</ele>
      </trkpt>
      <trkpt lat="34.52755" lon="-119.8339">
        <ele>445.1</ele>
      </trkpt>
      <trkpt lat="34.52749" lon="-119.8341">
        <ele>445.6</ele>
      </trkpt>
      <trkpt lat="34.52745" lon="-119.83423">
        <ele>446.3</ele>
      </trkpt>
      <trkpt lat="34.52742" lon="-119.8343">
        <ele>446.3</ele>
      </trkpt>
      <trkpt lat="34.52736" lon="-119.83444">
        <ele>446.6</ele>
      </trkpt>
      <trkpt lat="34.52733" lon="-119.83449">
        <ele>446.4</ele>
      </trkpt>
      <trkpt lat="34.52728" lon="-119.83455">
        <ele>446.0</ele>
      </trkpt>
      <trkpt lat="34.52722" lon="-119.83466">
        <ele>446.3</ele>
      </trkpt>
      <trkpt lat="34.5272" lon="-119.83469">
        <ele>446.4</ele>
      </trkpt>
      <trkpt lat="34.52713" lon="-119.83478">
        <ele>446.6</ele>
      </trkpt>
      <trkpt lat="34.5271" lon="-119.83482">
        <ele>446.9</ele>
      </trkpt>
      <trkpt lat="34.52705" lon="-119.83487">
        <ele>447.3</ele>
      </trkpt>
      <trkpt lat="34.52696" lon="-119.83494">
        <ele>447.3</ele>
      </trkpt>
      <trkpt lat="34.52695" lon="-119.83495">
        <ele>447.4</ele>
      </trkpt>
      <trkpt lat="34.52678" lon="-119.83503">
        <ele>446.1</ele>
      </trkpt>
      <trkpt lat="34.52672" lon="-119.83505">
        <ele>445.3</ele>
      </trkpt>
      <trkpt lat="34.52666" lon="-119.83509">
        <ele>445.1</ele>
      </trkpt>
      <trkpt lat="34.52663" lon="-119.83513">
        <ele>445.7</ele>
      </trkpt>
      <trkpt lat="34.52661" lon="-119.83516">
        <ele>446.1</ele>
      </trkpt>
      <trkpt lat="34.52624" lon="-119.83559">
        <ele>455.8</ele>
      </trkpt>
      <trkpt lat="34.52616" lon="-119.83568">
        <ele>456.2</ele>
      </trkpt>
      <trkpt lat="34.52611" lon="-119.83573">
        <ele>456.6</ele>
      </trkpt>
      <trkpt lat="34.52596" lon="-119.83585">
        <ele>457.8</ele>
      </trkpt>
      <trkpt lat="34.52581" lon="-119.83597">
        <ele>457.4</ele>
      </trkpt>
      <trkpt lat="34.52577" lon="-119.836">
        <ele>457.2</ele>
      </trkpt>
      <trkpt lat="34.52566" lon="-119.83611">
        <ele>457.7</ele>
      </trkpt>
      <trkpt lat="34.52563" lon="-119.83614">
        <ele>457.9</ele>
      </trkpt>
      <trkpt lat="34.52554" lon="-119.83626">
        <ele>458.5</ele>
      </trkpt>
      <trkpt lat="34.52543" lon="-119.83643">
        <ele>458.2</ele>
      </trkpt>
      <trkpt lat="34.52541" lon="-119.83646">
        <ele>458.0</ele>
      </trkpt>
      <trkpt lat="34.52535" lon="-119.83655">
        <ele>458.0</ele>
      </trkpt>
      <trkpt lat="34.5253" lon="-119.83658">
        <ele>457.6</ele>
      </trkpt>
      <trkpt lat="34.52514" lon="-119.83668">
        <ele>459.0</ele>
      </trkpt>
      <trkpt lat="34.52499" lon="-119.83681">
        <ele>464.6</ele>
      </trkpt>
      <trkpt lat="34.52486" lon="-119.83694">
        <ele>470.7</ele>
      </trkpt>
      <trkpt lat="34.52471" lon="-119.83708">
        <ele>470.3</ele>
      </trkpt>
      <trkpt lat="34.52446" lon="-119.83734">
        <ele>469.8</ele>
      </trkpt>
      <trkpt lat="34.52446" lon="-119.83734">
        <ele>469.8</ele>
      </trkpt>
      <trkpt lat="34.52444" lon="-119.83736">
        <ele>469.8</ele>
      </trkpt>
      <trkpt lat="34.52436" lon="-119.83744">
        <ele>469.6</ele>
      </trkpt>
      <trkpt lat="34.52418" lon="-119.83767">
        <ele>470.3</ele>
      </trkpt>
      <trkpt lat="34.52407" lon="-119.83781">
        <ele>471.5</ele>
      </trkpt>
      <trkpt lat="34.52406" lon="-119.83783">
        <ele>471.8</ele>
      </trkpt>
      <trkpt lat="34.52388" lon="-119.8382">
        <ele>477.0</ele>
      </trkpt>
      <trkpt lat="34.52383" lon="-119.83829">
        <ele>479.8</ele>
      </trkpt>
      <trkpt lat="34.52377" lon="-119.83838">
        <ele>481.0</ele>
      </trkpt>
      <trkpt lat="34.52372" lon="-119.83846">
        <ele>481.8</ele>
      </trkpt>
      <trkpt lat="34.52357" lon="-119.83853">
        <ele>479.9</ele>
      </trkpt>
      <trkpt lat="34.52346" lon="-119.83856">
        <ele>479.3</ele>
      </trkpt>
      <trkpt lat="34.52334" lon="-119.8386">
        <ele>479.4</ele>
      </trkpt>
      <trkpt lat="34.52317" lon="-119.83867">
        <ele>480.3</ele>
      </trkpt>
      <trkpt lat="34.52298" lon="-119.83878">
        <ele>479.0</ele>
      </trkpt>
      <trkpt lat="34.52296" lon="-119.8388">
        <ele>479.0</ele>
      </trkpt>
      <trkpt lat="34.52284" lon="-119.83897">
        <ele>479.8</ele>
      </trkpt>
      <trkpt lat="34.52272" lon="-119.83913">
        <ele>483.3</ele>
      </trkpt>
      <trkpt lat="34.52235" lon="-119.8396">
        <ele>494.1</ele>
      </trkpt>
      <trkpt lat="34.5221" lon="-119.83991">
        <ele>494.1</ele>
      </trkpt>
      <trkpt lat="34.52203" lon="-119.84">
        <ele>494.2</ele>
      </trkpt>
      <trkpt lat="34.52196" lon="-119.84006">
        <ele>494.2</ele>
      </trkpt>
      <trkpt lat="34.52186" lon="-119.84015">
        <ele>494.1</ele>
      </trkpt>
      <trkpt lat="34.52182" lon="-119.84019">
        <ele>494.1</ele>
      </trkpt>
      <trkpt lat="34.52179" lon="-119.84021">
        <ele>493.9</ele>
      </trkpt>
      <trkpt lat="34.52168" lon="-119.84025">
        <ele>492.5</ele>
      </trkpt>
      <trkpt lat="34.5215" lon="-119.8403">
        <ele>491.8</ele>
      </trkpt>
      <trkpt lat="34.52148" lon="-119.8403">
        <ele>491.8</ele>
      </trkpt>
      <trkpt lat="34.52135" lon="-119.84025">
        <ele>493.8</ele>
      </trkpt>
      <trkpt lat="34.52126" lon="-119.84015">
        <ele>497.7</ele>
      </trkpt>
      <trkpt lat="34.52121" lon="-119.84005">
        <ele>499.8</ele>
      </trkpt>
      <trkpt lat="34.52119" lon="-119.83995">
        <ele>502.0</ele>
      </trkpt>
      <trkpt lat="34.5212" lon="-119.83977">
        <ele>506.0</ele>
      </trkpt>
      <trkpt lat="34.52123" lon="-119.83965">
        <ele>507.5</ele>
      </trkpt>
      <trkpt lat="34.52124" lon="-119.83963">
        <ele>507.6</ele>
      </trkpt>
      <trkpt lat="34.52132" lon="-119.83946">
        <ele>508.2</ele>
      </trkpt>
      <trkpt lat="34.52134" lon="-119.83945">
        <ele>507.8</ele>
      </trkpt>
      <trkpt lat="34.52153" lon="-119.83922">
        <ele>507.6</ele>
      </trkpt>
      <trkpt lat="34.52172" lon="-119.83903">
        <ele>507.1</ele>
      </trkpt>
      <trkpt lat="34.52174" lon="-119.839">
        <ele>507.2</ele>
      </trkpt>
      <trkpt lat="34.52177" lon="-119.83895">
        <ele>507.4</ele>
      </trkpt>
      <trkpt lat="34.52179" lon="-119.83886">
        <ele>508.8</ele>
      </trkpt>
      <trkpt lat="34.52179" lon="-119.8388">
        <ele>510.6</ele>
      </trkpt>
      <trkpt lat="34.52179" lon="-119.83872">
        <ele>513.2</ele>
      </trkpt>
      <trkpt lat="34.52177" lon="-119.83857">
        <ele>516.3</ele>
      </trkpt>
      <trkpt lat="34.52163" lon="-119.83841">
        <ele>518.6</ele>
      </trkpt>
      <trkpt lat="34.52158" lon="-119.83825">
        <ele>518.9</ele>
      </trkpt>
      <trkpt lat="34.52158" lon="-119.83823">
        <ele>518.7</ele>
      </trkpt>
      <trkpt lat="34.52159" lon="-119.83807">
        <ele>518.1</ele>
      </trkpt>
      <trkpt lat="34.52161" lon="-119.83802">
        <ele>518.2</ele>
      </trkpt>
      <trkpt lat="34.52163" lon="-119.83798">
        <ele>518.5</ele>
      </trkpt>
      <trkpt lat="34.52169" lon="-119.8379">
        <ele>519.1</ele>
      </trkpt>
      <trkpt lat="34.52175" lon="-119.83784">
        <ele>519.3</ele>
      </trkpt>
      <trkpt lat="34.52186" lon="-119.83776">
        <ele>519.4</ele>
      </trkpt>
      <trkpt lat="34.52189" lon="-119.83775">
        <ele>519.2</ele>
      </trkpt>
      <trkpt lat="34.52198" lon="-119.83769">
        <ele>519.1</ele>
      </trkpt>
      <trkpt lat="34.52204" lon="-119.83764">
        <ele>519.3</ele>
      </trkpt>
      <trkpt lat="34.52219" lon="-119.83752">
        <ele>518.8</ele>
      </trkpt>
      <trkpt lat="34.52219" lon="-119.83751">
        <ele>519.0</ele>
      </trkpt>
      <trkpt lat="34.52227" lon="-119.83741">
        <ele>518.7</ele>
      </trkpt>
      <trkpt lat="34.52229" lon="-119.83734">
        <ele>519.5</ele>
      </trkpt>
      <trkpt lat="34.52231" lon="-119.83729">
        <ele>520.5</ele>
      </trkpt>
      <trkpt lat="34.52234" lon="-119.83713">
        <ele>525.4</ele>
      </trkpt>
      <trkpt lat="34.52234" lon="-119.83709">
        <ele>526.5</ele>
      </trkpt>
      <trkpt lat="34.52238" lon="-119.83693">
        <ele>529.1</ele>
      </trkpt>
      <trkpt lat="34.52238" lon="-119.83692">
        <ele>529.3</ele>
      </trkpt>
      <trkpt lat="34.52244" lon="-119.83681">
        <ele>530.1</ele>
      </trkpt>
      <trkpt lat="34.52249" lon="-119.83674">
        <ele>530.5</ele>
      </trkpt>
      <trkpt lat="34.52255" lon="-119.83666">
        <ele>530.5</ele>
      </trkpt>
      <trkpt lat="34.5226" lon="-119.83657">
        <ele>530.4</ele>
      </trkpt>
      <trkpt lat="34.52264" lon="-119.83648">
        <ele>529.9</ele>
      </trkpt>
      <trkpt lat="34.52265" lon="-119.83636">
        <ele>529.6</ele>
      </trkpt>
      <trkpt lat="34.52265" lon="-119.83632">
        <ele>529.6</ele>
      </trkpt>
      <trkpt lat="34.52263" lon="-119.83615">
        <ele>529.7</ele>
      </trkpt>
      <trkpt lat="34.52261" lon="-119.83601">
        <ele>530.3</ele>
      </trkpt>
      <trkpt lat="34.52261" lon="-119.83593">
        <ele>530.0</ele>
      </trkpt>
      <trkpt lat="34.52261" lon="-119.8358">
        <ele>530.2</ele>
      </trkpt>
      <trkpt lat="34.52263" lon="-119.83571">
        <ele>530.5</ele>
      </trkpt>
      <trkpt lat="34.52265" lon="-119.83563">
        <ele>531.3</ele>
      </trkpt>
      <trkpt lat="34.52272" lon="-119.83553">
        <ele>532.1</ele>
      </trkpt>
      <trkpt lat="34.52272" lon="-119.83552">
        <ele>532.3</ele>
      </trkpt>
      <trkpt lat="34.52282" lon="-119.83545">
        <ele>533.0</ele>
      </trkpt>
      <trkpt lat="34.52287" lon="-119.83544">
        <ele>532.9</ele>
      </trkpt>
      <trkpt lat="34.52288" lon="-119.83545">
        <ele>532.7</ele>
      </trkpt>
      <trkpt lat="34.52298" lon="-119.83546">
        <ele>533.0</ele>
      </trkpt>
      <trkpt lat="34.52305" lon="-119.83549">
        <ele>532.7</ele>
      </trkpt>
      <trkpt lat="34.52322" lon="-119.83556">
        <ele>536.7</ele>
      </trkpt>
      <trkpt lat="34.52328" lon="-119.83557">
        <ele>539.8</ele>
      </trkpt>
      <trkpt lat="34.52334" lon="-119.83557">
        <ele>542.3</ele>
      </trkpt>
      <trkpt lat="34.5234" lon="-119.83556">
        <ele>542.2</ele>
      </trkpt>
      <trkpt lat="34.5235" lon="-119.8355">
        <ele>541.9</ele>
      </trkpt>
      <trkpt lat="34.52355" lon="-119.83545">
        <ele>541.9</ele>
      </trkpt>
      <trkpt lat="34.5236" lon="-119.83541">
        <ele>541.4</ele>
      </trkpt>
      <trkpt lat="34.52367" lon="-119.83532">
        <ele>541.3</ele>
      </trkpt>
      <trkpt lat="34.52372" lon="-119.83521">
        <ele>540.8</ele>
      </trkpt>
      <trkpt lat="34.52373" lon="-119.83513">
        <ele>540.5</ele>
      </trkpt>
      <trkpt lat="34.52374" lon="-119.83509">
        <ele>539.9</ele>
      </trkpt>
      <trkpt lat="34.52375" lon="-119.83504">
        <ele>539.0</ele>
      </trkpt>
      <trkpt lat="34.52373" lon="-119.83492">
        <ele>538.8</ele>
      </trkpt>
      <trkpt lat="34.52371" lon="-119.83488">
        <ele>539.3</ele>
      </trkpt>
      <trkpt lat="34.52363" lon="-119.83463">
        <ele>539.6</ele>
      </trkpt>
      <trkpt lat="34.52359" lon="-119.83447">
        <ele>540.0</ele>
      </trkpt>
      <trkpt lat="34.52359" lon="-119.83441">
        <ele>540.1</ele>
      </trkpt>
      <trkpt lat="34.5236" lon="-119.83433">
        <ele>540.3</ele>
      </trkpt>
      <trkpt lat="34.52362" lon="-119.83426">
        <ele>541.0</ele>
      </trkpt>
      <trkpt lat="34.52362" lon="-119.83425">
        <ele>541.2</ele>
      </trkpt>
      <trkpt lat="34.5237" lon="-119.8341">
        <ele>541.4</ele>
      </trkpt>
      <trkpt lat="34.52383" lon="-119.8339">
        <ele>547.3</ele>
      </trkpt>
      <trkpt lat="34.52383" lon="-119.8339">
        <ele>547.3</ele>
      </trkpt>
      <trkpt lat="34.5239" lon="-119.83379">
        <ele>552.0</ele>
      </trkpt>
      <trkpt lat="34.52393" lon="-119.83372">
        <ele>552.4</ele>
      </trkpt>
      <trkpt lat="34.524" lon="-119.83357">
        <ele>552.9</ele>
      </trkpt>
      <trkpt lat="34.524" lon="-119.83353">
        <ele>553.5</ele>
      </trkpt>
      <trkpt lat="34.52401" lon="-119.83349">
        <ele>553.6</ele>
      </trkpt>
      <trkpt lat="34.52401" lon="-119.83333">
        <ele>554.5</ele>
      </trkpt>
      <trkpt lat="34.52401" lon="-119.83331">
        <ele>554.5</ele>
      </trkpt>
      <trkpt lat="34.52398" lon="-119.83318">
        <ele>555.5</ele>
      </trkpt>
      <trkpt lat="34.52395" lon="-119.8331">
        <ele>556.4</ele>
      </trkpt>
      <trkpt lat="34.52391" lon="-119.83304">
        <ele>557.2</ele>
      </trkpt>
      <trkpt lat="34.52381" lon="-119.83291">
        <ele>558.0</ele>
      </trkpt>
      <trkpt lat="34.52371" lon="-119.83279">
        <ele>559.1</ele>
      </trkpt>
      <trkpt lat="34.52348" lon="-119.83253">
        <ele>564.3</ele>
      </trkpt>
      <trkpt lat="34.52344" lon="-119.83249">
        <ele>564.7</ele>
      </trkpt>
      <trkpt lat="34.52333" lon="-119.83235">
        <ele>564.8</ele>
      </trkpt>
      <trkpt lat="34.52332" lon="-119.83234">
        <ele>565.0</ele>
      </trkpt>
      <trkpt lat="34.52319" lon="-119.83219">
        <ele>568.4</ele>
      </trkpt>
      <trkpt lat="34.52312" lon="-119.83211">
        <ele>568.6</ele>
      </trkpt>
      <trkpt lat="34.52304" lon="-119.83206">
        <ele>568.6</ele>
      </trkpt>
      <trkpt lat="34.523" lon="-119.83204">
        <ele>568.3</ele>
      </trkpt>
      <trkpt lat="34.52293" lon="-119.83202">
        <ele>567.9</ele>
      </trkpt>
      <trkpt lat="34.52284" lon="-119.83202">
        <ele>567.2</ele>
      </trkpt>
      <trkpt lat="34.52281" lon="-119.83203">
        <ele>567.2</ele>
      </trkpt>
      <trkpt lat="34.52276" lon="-119.83205">
        <ele>567.1</ele>
      </trkpt>
      <trkpt lat="34.52276" lon="-119.83205">
        <ele>567.1</ele>
      </trkpt>
      <trkpt lat="34.52262" lon="-119.83213">
        <ele>566.6</ele>
      </trkpt>
      <trkpt lat="34.52254" lon="-119.83217">
        <ele>567.2</ele>
      </trkpt>
      <trkpt lat="34.52245" lon="-119.83218">
        <ele>567.5</ele>
      </trkpt>
      <trkpt lat="34.52243" lon="-119.83218">
        <ele>567.6</ele>
      </trkpt>
      <trkpt lat="34.52231" lon="-119.83218">
        <ele>567.8</ele>
      </trkpt>
      <trkpt lat="34.52225" lon="-119.83215">
        <ele>567.4</ele>
      </trkpt>
      <trkpt lat="34.52224" lon="-119.83215">
        <ele>567.5</ele>
      </trkpt>
      <trkpt lat="34.52215" lon="-119.83209">
        <ele>566.8</ele>
      </trkpt>
      <trkpt lat="34.5221" lon="-119.83203">
        <ele>565.9</ele>
      </trkpt>
      <trkpt lat="34.52207" lon="-119.832">
        <ele>566.0</ele>
      </trkpt>
      <trkpt lat="34.52199" lon="-119.83188">
        <ele>566.0</ele>
      </trkpt>
      <trkpt lat="34.52199" lon="-119.83187">
        <ele>566.0</ele>
      </trkpt>
      <trkpt lat="34.52197" lon="-119.83182">
        <ele>566.4</ele>
      </trkpt>
      <trkpt lat="34.52194" lon="-119.83166">
        <ele>567.4</ele>
      </trkpt>
      <trkpt lat="34.52193" lon="-119.83163">
        <ele>568.1</ele>
      </trkpt>
      <trkpt lat="34.52192" lon="-119.83127">
        <ele>575.4</ele>
      </trkpt>
      <trkpt lat="34.52191" lon="-119.83122">
        <ele>576.1</ele>
      </trkpt>
      <trkpt lat="34.5219" lon="-119.83109">
        <ele>575.3</ele>
      </trkpt>
      <trkpt lat="34.52189" lon="-119.83106">
        <ele>575.3</ele>
      </trkpt>
      <trkpt lat="34.52188" lon="-119.83101">
        <ele>575.2</ele>
      </trkpt>
      <trkpt lat="34.52187" lon="-119.831">
        <ele>575.5</ele>
      </trkpt>
      <trkpt lat="34.52184" lon="-119.83093">
        <ele>575.8</ele>
      </trkpt>
      <trkpt lat="34.52181" lon="-119.83087">
        <ele>575.2</ele>
      </trkpt>
      <trkpt lat="34.52177" lon="-119.83084">
        <ele>575.8</ele>
      </trkpt>
      <trkpt lat="34.52175" lon="-119.83082">
        <ele>575.9</ele>
      </trkpt>
      <trkpt lat="34.52164" lon="-119.83073">
        <ele>575.9</ele>
      </trkpt>
      <trkpt lat="34.52162" lon="-119.83072">
        <ele>576.1</ele>
      </trkpt>
      <trkpt lat="34.52145" lon="-119.83064">
        <ele>577.0</ele>
      </trkpt>
      <trkpt lat="34.52129" lon="-119.83055">
        <ele>578.6</ele>
      </trkpt>
      <trkpt lat="34.52125" lon="-119.83053">
        <ele>579.4</ele>
      </trkpt>
      <trkpt lat="34.52096" lon="-119.83037">
        <ele>585.5</ele>
      </trkpt>
      <trkpt lat="34.52085" lon="-119.8303">
        <ele>585.7</ele>
      </trkpt>
      <trkpt lat="34.52069" lon="-119.83024">
        <ele>585.2</ele>
      </trkpt>
      <trkpt lat="34.52045" lon="-119.83017">
        <ele>585.9</ele>
      </trkpt>
      <trkpt lat="34.52043" lon="-119.83017">
        <ele>586.3</ele>
      </trkpt>
      <trkpt lat="34.52009" lon="-119.83012">
        <ele>588.5</ele>
      </trkpt>
      <trkpt lat="34.52008" lon="-119.83012">
        <ele>588.6</ele>
      </trkpt>
      <trkpt lat="34.52002" lon="-119.83011">
        <ele>588.9</ele>
      </trkpt>
      <trkpt lat="34.5199" lon="-119.83005">
        <ele>588.1</ele>
      </trkpt>
      <trkpt lat="34.51982" lon="-119.83">
        <ele>587.5</ele>
      </trkpt>
      <trkpt lat="34.51976" lon="-119.82995">
        <ele>588.3</ele>
      </trkpt>
      <trkpt lat="34.51974" lon="-119.82993">
        <ele>588.5</ele>
      </trkpt>
      <trkpt lat="34.51957" lon="-119.82968">
        <ele>589.7</ele>
      </trkpt>
      <trkpt lat="34.51951" lon="-119.82961">
        <ele>590.2</ele>
      </trkpt>
      <trkpt lat="34.51943" lon="-119.82954">
        <ele>591.2</ele>
      </trkpt>
      <trkpt lat="34.51938" lon="-119.82951">
        <ele>592.3</ele>
      </trkpt>
      <trkpt lat="34.51935" lon="-119.82949">
        <ele>592.9</ele>
      </trkpt>
      <trkpt lat="34.51928" lon="-119.82946">
        <ele>593.6</ele>
      </trkpt>
      <trkpt lat="34.5192" lon="-119.82945">
        <ele>594.5</ele>
      </trkpt>
      <trkpt lat="34.51919" lon="-119.82944">
        <ele>594.3</ele>
      </trkpt>
      <trkpt lat="34.51884" lon="-119.82946">
        <ele>599.9</ele>
      </trkpt>
      <trkpt lat="34.5185" lon="-119.82947">
        <ele>602.5</ele>
      </trkpt>
      <trkpt lat="34.51778" lon="-119.82949">
        <ele>606.3</ele>
      </trkpt>
      <trkpt lat="34.51777" lon="-119.82949">
        <ele>606.3</ele>
      </trkpt>
      <trkpt lat="34.51769" lon="-119.82948">
        <ele>606.5</ele>
      </trkpt>
      <trkpt lat="34.51759" lon="-119.82951">
        <ele>607.2</ele>
      </trkpt>
      <trkpt lat="34.51756" lon="-119.82952">
        <ele>607.2</ele>
      </trkpt>
      <trkpt lat="34.51751" lon="-119.82955">
        <ele>607.4</ele>
      </trkpt>
      <trkpt lat="34.51747" lon="-119.8296">
        <ele>607.6</ele>
      </trkpt>
      <trkpt lat="34.51744" lon="-119.82963">
        <ele>607.6</ele>
      </trkpt>
      <trkpt lat="34.51742" lon="-119.82965">
        <ele>607.6</ele>
      </trkpt>
      <trkpt lat="34.51738" lon="-119.82972">
        <ele>607.8</ele>
      </trkpt>
      <trkpt lat="34.51734" lon="-119.82981">
        <ele>608.5</ele>
      </trkpt>
      <trkpt lat="34.5172" lon="-119.83012">
        <ele>614.2</ele>
      </trkpt>
      <trkpt lat="34.51716" lon="-119.83018">
        <ele>615.2</ele>
      </trkpt>
      <trkpt lat="34.51713" lon="-119.83023">
        <ele>616.1</ele>
      </trkpt>
      <trkpt lat="34.51704" lon="-119.83032">
        <ele>616.2</ele>
      </trkpt>
      <trkpt lat="34.51696" lon="-119.83038">
        <ele>616.5</ele>
      </trkpt>
      <trkpt lat="34.51686" lon="-119.83039">
        <ele>615.3</ele>
      </trkpt>
      <trkpt lat="34.51684" lon="-119.8304">
        <ele>615.5</ele>
      </trkpt>
      <trkpt lat="34.51679" lon="-119.83039">
        <ele>615.4</ele>
      </trkpt>
      <trkpt lat="34.51676" lon="-119.83036">
        <ele>614.7</ele>
      </trkpt>
      <trkpt lat="34.5167" lon="-119.83031">
        <ele>615.0</ele>
      </trkpt>
      <trkpt lat="34.51656" lon="-119.83017">
        <ele>617.0</ele>
      </trkpt>
      <trkpt lat="34.51642" lon="-119.83004">
        <ele>620.1</ele>
      </trkpt>
      <trkpt lat="34.51637" lon="-119.82998">
        <ele>621.4</ele>
      </trkpt>
      <trkpt lat="34.51628" lon="-119.82993">
        <ele>621.3</ele>
      </trkpt>
      <trkpt lat="34.51627" lon="-119.82992">
        <ele>621.0</ele>
      </trkpt>
      <trkpt lat="34.5161" lon="-119.82987">
        <ele>618.8</ele>
      </trkpt>
      <trkpt lat="34.51593" lon="-119.82984">
        <ele>618.5</ele>
      </trkpt>
      <trkpt lat="34.51591" lon="-119.82984">
        <ele>619.0</ele>
      </trkpt>
      <trkpt lat="34.51587" lon="-119.82985">
        <ele>620.5</ele>
      </trkpt>
      <trkpt lat="34.5158" lon="-119.82988">
        <ele>622.8</ele>
      </trkpt>
      <trkpt lat="34.51575" lon="-119.82992">
        <ele>624.7</ele>
      </trkpt>
      <trkpt lat="34.51574" lon="-119.82993">
        <ele>625.0</ele>
      </trkpt>
      <trkpt lat="34.51564" lon="-119.83002">
        <ele>624.9</ele>
      </trkpt>
      <trkpt lat="34.51561" lon="-119.83007">
        <ele>625.3</ele>
      </trkpt>
      <trkpt lat="34.51554" lon="-119.83019">
        <ele>626.6</ele>
      </trkpt>
      <trkpt lat="34.51551" lon="-119.83024">
        <ele>627.1</ele>
      </trkpt>
      <trkpt lat="34.51543" lon="-119.8304">
        <ele>628.7</ele>
      </trkpt>
      <trkpt lat="34.51531" lon="-119.83056">
        <ele>629.8</ele>
      </trkpt>
      <trkpt lat="34.51519" lon="-119.83072">
        <ele>630.4</ele>
      </trkpt>
      <trkpt lat="34.51517" lon="-119.83075">
        <ele>630.5</ele>
      </trkpt>
      <trkpt lat="34.51509" lon="-119.8309">
        <ele>631.3</ele>
      </trkpt>
      <trkpt lat="34.51502" lon="-119.83103">
        <ele>631.9</ele>
      </trkpt>
      <trkpt lat="34.51498" lon="-119.83108">
        <ele>631.9</ele>
      </trkpt>
      <trkpt lat="34.51496" lon="-119.8311">
        <ele>631.9</ele>
      </trkpt>
      <trkpt lat="34.5149" lon="-119.83117">
        <ele>631.8</ele>
      </trkpt>
      <trkpt lat="34.51485" lon="-119.8312">
        <ele>631.8</ele>
      </trkpt>
      <trkpt lat="34.51481" lon="-119.83121">
        <ele>631.8</ele>
      </trkpt>
      <trkpt lat="34.51474" lon="-119.83121">
        <ele>631.9</ele>
      </trkpt>
      <trkpt lat="34.51465" lon="-119.83119">
        <ele>632.9</ele>
      </trkpt>
      <trkpt lat="34.51461" lon="-119.83114">
        <ele>634.9</ele>
      </trkpt>
      <trkpt lat="34.51459" lon="-119.83108">
        <ele>636.9</ele>
      </trkpt>
      <trkpt lat="34.51457" lon="-119.83101">
        <ele>639.0</ele>
      </trkpt>
      <trkpt lat="34.51457" lon="-119.831">
        <ele>639.1</ele>
      </trkpt>
      <trkpt lat="34.51457" lon="-119.8309">
        <ele>640.5</ele>
      </trkpt>
      <trkpt lat="34.51459" lon="-119.83079">
        <ele>641.2</ele>
      </trkpt>
      <trkpt lat="34.51461" lon="-119.8307">
        <ele>641.5</ele>
      </trkpt>
      <trkpt lat="34.51464" lon="-119.8306">
        <ele>641.9</ele>
      </trkpt>
      <trkpt lat="34.51465" lon="-119.83059">
        <ele>641.7</ele>
      </trkpt>
      <trkpt lat="34.51469" lon="-119.8305">
        <ele>641.9</ele>
      </trkpt>
      <trkpt lat="34.51487" lon="-119.83003">
        <ele>642.6</ele>
      </trkpt>
      <trkpt lat="34.51488" lon="-119.83">
        <ele>642.5</ele>
      </trkpt>
      <trkpt lat="34.51491" lon="-119.82989">
        <ele>641.8</ele>
      </trkpt>
      <trkpt lat="34.51491" lon="-119.82983">
        <ele>641.9</ele>
      </trkpt>
      <trkpt lat="34.51491" lon="-119.82983">
        <ele>641.9</ele>
      </trkpt>
      <trkpt lat="34.51492" lon="-119.82978">
        <ele>641.6</ele>
      </trkpt>
      <trkpt lat="34.51493" lon="-119.82974">
        <ele>641.3</ele>
      </trkpt>
      <trkpt lat="34.51493" lon="-119.82964">
        <ele>641.4</ele>
      </trkpt>
      <trkpt lat="34.51492" lon="-119.82957">
        <ele>641.8</ele>
      </trkpt>
      <trkpt lat="34.51492" lon="-119.82954">
        <ele>641.9</ele>
      </trkpt>
      <trkpt lat="34.5149" lon="-119.82944">
        <ele>643.2</ele>
      </trkpt>
      <trkpt lat="34.51488" lon="-119.82936">
        <ele>644.8</ele>
      </trkpt>
      <trkpt lat="34.51484" lon="-119.82924">
        <ele>647.6</ele>
      </trkpt>
      <trkpt lat="34.51471" lon="-119.82897">
        <ele>649.9</ele>
      </trkpt>
      <trkpt lat="34.51446" lon="-119.82855">
        <ele>652.0</ele>
      </trkpt>
      <trkpt lat="34.51443" lon="-119.82844">
        <ele>651.4</ele>
      </trkpt>
      <trkpt lat="34.51434" lon="-119.82823">
        <ele>651.1</ele>
      </trkpt>
      <trkpt lat="34.51429" lon="-119.82808">
        <ele>650.8</ele>
      </trkpt>
      <trkpt lat="34.51426" lon="-119.828">
        <ele>650.7</ele>
      </trkpt>
      <trkpt lat="34.51419" lon="-119.82785">
        <ele>651.0</ele>
      </trkpt>
      <trkpt lat="34.51404" lon="-119.82769">
        <ele>659.1</ele>
      </trkpt>
      <trkpt lat="34.51367" lon="-119.82747">
        <ele>662.5</ele>
      </trkpt>
      <trkpt lat="34.51362" lon="-119.82745">
        <ele>662.8</ele>
      </trkpt>
      <trkpt lat="34.51351" lon="-119.82737">
        <ele>662.8</ele>
      </trkpt>
      <trkpt lat="34.51303" lon="-119.82706">
        <ele>666.5</ele>
      </trkpt>
      <trkpt lat="34.51292" lon="-119.82698">
        <ele>668.4</ele>
      </trkpt>
      <trkpt lat="34.51273" lon="-119.82682">
        <ele>670.7</ele>
      </trkpt>
      <trkpt lat="34.5127" lon="-119.8268">
        <ele>670.9</ele>
      </trkpt>
      <trkpt lat="34.51264" lon="-119.82673">
        <ele>671.2</ele>
      </trkpt>
      <trkpt lat="34.51258" lon="-119.82666">
        <ele>671.5</ele>
      </trkpt>
      <trkpt lat="34.51252" lon="-119.82648">
        <ele>674.3</ele>
      </trkpt>
      <trkpt lat="34.51251" lon="-119.82647">
        <ele>674.5</ele>
      </trkpt>
      <trkpt lat="34.51235" lon="-119.8261">
        <ele>677.5</ele>
      </trkpt>
      <trkpt lat="34.51225" lon="-119.8259">
        <ele>678.9</ele>
      </trkpt>
      <trkpt lat="34.51224" lon="-119.82589">
        <ele>678.9</ele>
      </trkpt>
      <trkpt lat="34.51216" lon="-119.82571">
        <ele>679.7</ele>
      </trkpt>
      <trkpt lat="34.51208" lon="-119.82552">
        <ele>679.9</ele>
      </trkpt>
      <trkpt lat="34.51207" lon="-119.82552">
        <ele>679.9</ele>
      </trkpt>
      <trkpt lat="34.51198" lon="-119.82537">
        <ele>679.5</ele>
      </trkpt>
      <trkpt lat="34.51196" lon="-119.82534">
        <ele>679.4</ele>
      </trkpt>
      <trkpt lat="34.51181" lon="-119.82516">
        <ele>678.3</ele>
      </trkpt>
      <trkpt lat="34.51172" lon="-119.8251">
        <ele>678.0</ele>
      </trkpt>
      <trkpt lat="34.51167" lon="-119.8251">
        <ele>678.1</ele>
      </trkpt>
      <trkpt lat="34.51163" lon="-119.82506">
        <ele>678.0</ele>
      </trkpt>
      <trkpt lat="34.51148" lon="-119.8249">
        <ele>677.3</ele>
      </trkpt>
      <trkpt lat="34.51139" lon="-119.82484">
        <ele>677.1</ele>
      </trkpt>
      <trkpt lat="34.51106" lon="-119.82464">
        <ele>676.2</ele>
      </trkpt>
      <trkpt lat="34.5109" lon="-119.82455">
        <ele>675.6</ele>
      </trkpt>
      <trkpt lat="34.51074" lon="-119.82445">
        <ele>674.9</ele>
      </trkpt>
      <trkpt lat="34.51058" lon="-119.82435">
        <ele>674.3</ele>
      </trkpt>
      <trkpt lat="34.51055" lon="-119.82433">
        <ele>674.2</ele>
      </trkpt>
      <trkpt lat="34.51043" lon="-119.82423">
        <ele>673.9</ele>
      </trkpt>
      <trkpt lat="34.51001" lon="-119.82391">
        <ele>671.6</ele>
      </trkpt>
      <trkpt lat="34.50986" lon="-119.82379">
        <ele>669.9</ele>
      </trkpt>
      <trkpt lat="34.50971" lon="-119.82367">
        <ele>667.5</ele>
      </trkpt>
      <trkpt lat="34.50971" lon="-119.82367">
        <ele>667.5</ele>
      </trkpt>
      <trkpt lat="34.50967" lon="-119.82351">
        <ele>666.8</ele>
      </trkpt>
      <trkpt lat="34.50961" lon="-119.82331">
        <ele>665.9</ele>
      </trkpt>
      <trkpt lat="34.50961" lon="-119.82331">
        <ele>665.9</ele>
      </trkpt>
      <trkpt lat="34.50939" lon="-119.82323">
        <ele>662.7</ele>
      </trkpt>
      <trkpt lat="34.50939" lon="-119.82323">
        <ele>662.7</ele>
      </trkpt>
      <trkpt lat="34.50918" lon="-119.82285">
        <ele>660.1</ele>
      </trkpt>
      <trkpt lat="34.50911" lon="-119.82268">
        <ele>659.2</ele>
      </trkpt>
      <trkpt lat="34.50905" lon="-119.82256">
        <ele>658.2</ele>
      </trkpt>
      <trkpt lat="34.50902" lon="-119.82248">
        <ele>657.7</ele>
      </trkpt>
      <trkpt lat="34.50894" lon="-119.8223">
        <ele>655.6</ele>
      </trkpt>
      <trkpt lat="34.50894" lon="-119.8223">
        <ele>655.6</ele>
      </trkpt>
      <trkpt lat="34.50888" lon="-119.82234">
        <ele>654.3</ele>
      </trkpt>
      <trkpt lat="34.50888" lon="-119.82234">
        <ele>654.3</ele>
      </trkpt>
      <trkpt lat="34.50887" lon="-119.82234">
        <ele>654.1</ele>
      </trkpt>
      <trkpt lat="34.50887" lon="-119.82235">
        <ele>654.1</ele>
      </trkpt>
      <trkpt lat="34.50878" lon="-119.82243">
        <ele>652.5</ele>
      </trkpt>
      <trkpt lat="34.50874" lon="-119.82248">
        <ele>651.9</ele>
      </trkpt>
      <trkpt lat="34.50873" lon="-119.82249">
        <ele>651.7</ele>
      </trkpt>
      <trkpt lat="34.5087" lon="-119.82254">
        <ele>651.0</ele>
      </trkpt>
      <trkpt lat="34.50868" lon="-119.8226">
        <ele>650.3</ele>
      </trkpt>
      <trkpt lat="34.50866" lon="-119.82267">
        <ele>649.0</ele>
      </trkpt>
      <trkpt lat="34.50866" lon="-119.82268">
        <ele>648.9</ele>
      </trkpt>
      <trkpt lat="34.50865" lon="-119.82269">
        <ele>648.7</ele>
      </trkpt>
      <trkpt lat="34.50863" lon="-119.82284">
        <ele>646.5</ele>
      </trkpt>
      <trkpt lat="34.5086" lon="-119.82299">
        <ele>644.3</ele>
      </trkpt>
      <trkpt lat="34.50857" lon="-119.82309">
        <ele>643.1</ele>
      </trkpt>
      <trkpt lat="34.50856" lon="-119.8231">
        <ele>642.8</ele>
      </trkpt>
      <trkpt lat="34.50855" lon="-119.82313">
        <ele>642.6</ele>
      </trkpt>
      <trkpt lat="34.50851" lon="-119.82321">
        <ele>641.6</ele>
      </trkpt>
      <trkpt lat="34.50846" lon="-119.82327">
        <ele>640.5</ele>
      </trkpt>
      <trkpt lat="34.50842" lon="-119.8233">
        <ele>639.7</ele>
      </trkpt>
      <trkpt lat="34.5084" lon="-119.82331">
        <ele>639.5</ele>
      </trkpt>
      <trkpt lat="34.50838" lon="-119.82332">
        <ele>639.3</ele>
      </trkpt>
      <trkpt lat="34.50836" lon="-119.82331">
        <ele>639.0</ele>
      </trkpt>
      <trkpt lat="34.50832" lon="-119.8233">
        <ele>638.5</ele>
      </trkpt>
      <trkpt lat="34.50826" lon="-119.82328">
        <ele>637.7</ele>
      </trkpt>
      <trkpt lat="34.50823" lon="-119.82326">
        <ele>637.4</ele>
      </trkpt>
      <trkpt lat="34.50822" lon="-119.82324">
        <ele>637.3</ele>
      </trkpt>
      <trkpt lat="34.5082" lon="-119.82322">
        <ele>636.9</ele>
      </trkpt>
      <trkpt lat="34.50817" lon="-119.82319">
        <ele>636.2</ele>
      </trkpt>
      <trkpt lat="34.50814" lon="-119.82317">
        <ele>635.8</ele>
      </trkpt>
      <trkpt lat="34.5081" lon="-119.82315">
        <ele>635.5</ele>
      </trkpt>
      <trkpt lat="34.50808" lon="-119.82315">
        <ele>635.5</ele>
      </trkpt>
      <trkpt lat="34.50804" lon="-119.82316">
        <ele>635.5</ele>
      </trkpt>
      <trkpt lat="34.50803" lon="-119.82316">
        <ele>635.5</ele>
      </trkpt>
      <trkpt lat="34.50802" lon="-119.82317">
        <ele>635.5</ele>
      </trkpt>
      <trkpt lat="34.50801" lon="-119.82319">
        <ele>635.5</ele>
      </trkpt>
      <trkpt lat="34.508" lon="-119.82319">
        <ele>635.4</ele>
      </trkpt>
      <trkpt lat="34.50799" lon="-119.82322">
        <ele>635.4</ele>
      </trkpt>
      <trkpt lat="34.50798" lon="-119.82328">
        <ele>635.0</ele>
      </trkpt>
      <trkpt lat="34.50798" lon="-119.82333">
        <ele>634.5</ele>
      </trkpt>
      <trkpt lat="34.508" lon="-119.82342">
        <ele>633.5</ele>
      </trkpt>
      <trkpt lat="34.50801" lon="-119.82343">
        <ele>633.5</ele>
      </trkpt>
      <trkpt lat="34.50801" lon="-119.82345">
        <ele>633.1</ele>
      </trkpt>
      <trkpt lat="34.50802" lon="-119.82349">
        <ele>632.6</ele>
      </trkpt>
      <trkpt lat="34.50801" lon="-119.82354">
        <ele>631.7</ele>
      </trkpt>
      <trkpt lat="34.50801" lon="-119.82356">
        <ele>631.6</ele>
      </trkpt>
      <trkpt lat="34.508" lon="-119.82358">
        <ele>631.2</ele>
      </trkpt>
      <trkpt lat="34.50796" lon="-119.82361">
        <ele>630.1</ele>
      </trkpt>
      <trkpt lat="34.50795" lon="-119.82362">
        <ele>629.8</ele>
      </trkpt>
      <trkpt lat="34.50789" lon="-119.82369">
        <ele>628.9</ele>
      </trkpt>
      <trkpt lat="34.50783" lon="-119.82376">
        <ele>628.6</ele>
      </trkpt>
      <trkpt lat="34.50777" lon="-119.82384">
        <ele>628.3</ele>
      </trkpt>
      <trkpt lat="34.50772" lon="-119.82393">
        <ele>627.8</ele>
      </trkpt>
      <trkpt lat="34.5077" lon="-119.82395">
        <ele>627.3</ele>
      </trkpt>
      <trkpt lat="34.50764" lon="-119.82407">
        <ele>626.0</ele>
      </trkpt>
      <trkpt lat="34.50757" lon="-119.82418">
        <ele>623.9</ele>
      </trkpt>
      <trkpt lat="34.50751" lon="-119.82424">
        <ele>621.7</ele>
      </trkpt>
      <trkpt lat="34.50749" lon="-119.82426">
        <ele>621.0</ele>
      </trkpt>
      <trkpt lat="34.50746" lon="-119.82427">
        <ele>620.1</ele>
      </trkpt>
      <trkpt lat="34.50742" lon="-119.82428">
        <ele>619.0</ele>
      </trkpt>
      <trkpt lat="34.50736" lon="-119.82432">
        <ele>617.3</ele>
      </trkpt>
      <trkpt lat="34.50731" lon="-119.82439">
        <ele>616.0</ele>
      </trkpt>
      <trkpt lat="34.5073" lon="-119.82441">
        <ele>615.8</ele>
      </trkpt>
      <trkpt lat="34.50724" lon="-119.82451">
        <ele>614.5</ele>
      </trkpt>
      <trkpt lat="34.50722" lon="-119.82458">
        <ele>614.4</ele>
      </trkpt>
      <trkpt lat="34.50705" lon="-119.8252">
        <ele>612.3</ele>
      </trkpt>
      <trkpt lat="34.50702" lon="-119.82531">
        <ele>609.8</ele>
      </trkpt>
      <trkpt lat="34.50698" lon="-119.82552">
        <ele>609.1</ele>
      </trkpt>
      <trkpt lat="34.50696" lon="-119.82558">
        <ele>609.0</ele>
      </trkpt>
      <trkpt lat="34.50694" lon="-119.82567">
        <ele>608.9</ele>
      </trkpt>
      <trkpt lat="34.50693" lon="-119.8257">
        <ele>609.0</ele>
      </trkpt>
      <trkpt lat="34.50692" lon="-119.82572">
        <ele>609.2</ele>
      </trkpt>
      <trkpt lat="34.50688" lon="-119.82574">
        <ele>609.6</ele>
      </trkpt>
      <trkpt lat="34.50688" lon="-119.82574">
        <ele>609.6</ele>
      </trkpt>
      <trkpt lat="34.5068" lon="-119.82565">
        <ele>610.8</ele>
      </trkpt>
      <trkpt lat="34.50677" lon="-119.82561">
        <ele>611.4</ele>
      </trkpt>
      <trkpt lat="34.50675" lon="-119.82559">
        <ele>611.9</ele>
      </trkpt>
      <trkpt lat="34.50674" lon="-119.82556">
        <ele>612.0</ele>
      </trkpt>
      <trkpt lat="34.50672" lon="-119.82548">
        <ele>611.9</ele>
      </trkpt>
      <trkpt lat="34.5067" lon="-119.82538">
        <ele>611.2</ele>
      </trkpt>
      <trkpt lat="34.50669" lon="-119.82529">
        <ele>609.9</ele>
      </trkpt>
      <trkpt lat="34.50669" lon="-119.82522">
        <ele>609.1</ele>
      </trkpt>
      <trkpt lat="34.50673" lon="-119.82504">
        <ele>608.1</ele>
      </trkpt>
      <trkpt lat="34.50675" lon="-119.82495">
        <ele>607.7</ele>
      </trkpt>
      <trkpt lat="34.50678" lon="-119.82484">
        <ele>607.2</ele>
      </trkpt>
      <trkpt lat="34.50682" lon="-119.82475">
        <ele>606.4</ele>
      </trkpt>
      <trkpt lat="34.50683" lon="-119.82472">
        <ele>606.2</ele>
      </trkpt>
      <trkpt lat="34.50686" lon="-119.82462">
        <ele>605.5</ele>
      </trkpt>
      <trkpt lat="34.50686" lon="-119.82455">
        <ele>605.2</ele>
      </trkpt>
      <trkpt lat="34.50686" lon="-119.82443">
        <ele>604.7</ele>
      </trkpt>
      <trkpt lat="34.50683" lon="-119.82433">
        <ele>604.6</ele>
      </trkpt>
      <trkpt lat="34.50683" lon="-119.82429">
        <ele>604.4</ele>
      </trkpt>
      <trkpt lat="34.50682" lon="-119.82428">
        <ele>604.6</ele>
      </trkpt>
      <trkpt lat="34.50681" lon="-119.82417">
        <ele>604.3</ele>
      </trkpt>
      <trkpt lat="34.5068" lon="-119.82407">
        <ele>604.0</ele>
      </trkpt>
      <trkpt lat="34.5068" lon="-119.82402">
        <ele>603.8</ele>
      </trkpt>
      <trkpt lat="34.50681" lon="-119.82389">
        <ele>603.3</ele>
      </trkpt>
      <trkpt lat="34.50681" lon="-119.82385">
        <ele>603.1</ele>
      </trkpt>
      <trkpt lat="34.50683" lon="-119.82364">
        <ele>602.4</ele>
      </trkpt>
      <trkpt lat="34.50684" lon="-119.82356">
        <ele>602.1</ele>
      </trkpt>
      <trkpt lat="34.50687" lon="-119.82345">
        <ele>601.9</ele>
      </trkpt>
      <trkpt lat="34.50681" lon="-119.82332">
        <ele>601.5</ele>
      </trkpt>
      <trkpt lat="34.50679" lon="-119.82325">
        <ele>601.7</ele>
      </trkpt>
      <trkpt lat="34.50679" lon="-119.82311">
        <ele>601.8</ele>
      </trkpt>
      <trkpt lat="34.5068" lon="-119.82305">
        <ele>601.7</ele>
      </trkpt>
      <trkpt lat="34.5068" lon="-119.82304">
        <ele>601.7</ele>
      </trkpt>
      <trkpt lat="34.50683" lon="-119.82283">
        <ele>601.3</ele>
      </trkpt>
      <trkpt lat="34.50683" lon="-119.82282">
        <ele>601.3</ele>
      </trkpt>
      <trkpt lat="34.50684" lon="-119.82276">
        <ele>601.1</ele>
      </trkpt>
      <trkpt lat="34.50687" lon="-119.82262">
        <ele>600.6</ele>
      </trkpt>
      <trkpt lat="34.50687" lon="-119.82261">
        <ele>600.5</ele>
      </trkpt>
      <trkpt lat="34.50689" lon="-119.8225">
        <ele>599.8</ele>
      </trkpt>
      <trkpt lat="34.50689" lon="-119.82243">
        <ele>599.7</ele>
      </trkpt>
      <trkpt lat="34.50689" lon="-119.8224">
        <ele>599.7</ele>
      </trkpt>
      <trkpt lat="34.50689" lon="-119.82239">
        <ele>599.7</ele>
      </trkpt>
      <trkpt lat="34.50689" lon="-119.82237">
        <ele>599.6</ele>
      </trkpt>
      <trkpt lat="34.50688" lon="-119.82225">
        <ele>599.2</ele>
      </trkpt>
      <trkpt lat="34.50687" lon="-119.82219">
        <ele>598.7</ele>
      </trkpt>
      <trkpt lat="34.50686" lon="-119.82218">
        <ele>598.7</ele>
      </trkpt>
      <trkpt lat="34.50686" lon="-119.82215">
        <ele>598.3</ele>
      </trkpt>
      <trkpt lat="34.50685" lon="-119.82208">
        <ele>597.8</ele>
      </trkpt>
      <trkpt lat="34.50684" lon="-119.82202">
        <ele>597.4</ele>
      </trkpt>
      <trkpt lat="34.50684" lon="-119.82197">
        <ele>597.2</ele>
      </trkpt>
      <trkpt lat="34.50684" lon="-119.82196">
        <ele>597.1</ele>
      </trkpt>
      <trkpt lat="34.50684" lon="-119.82188">
        <ele>596.9</ele>
      </trkpt>
      <trkpt lat="34.50684" lon="-119.82176">
        <ele>596.5</ele>
      </trkpt>
      <trkpt lat="34.50684" lon="-119.82174">
        <ele>596.5</ele>
      </trkpt>
      <trkpt lat="34.50684" lon="-119.82167">
        <ele>596.3</ele>
      </trkpt>
      <trkpt lat="34.50685" lon="-119.82154">
        <ele>596.0</ele>
      </trkpt>
      <trkpt lat="34.50685" lon="-119.82152">
        <ele>596.0</ele>
      </trkpt>
      <trkpt lat="34.50686" lon="-119.82132">
        <ele>595.4</ele>
      </trkpt>
      <trkpt lat="34.50686" lon="-119.82131">
        <ele>595.4</ele>
      </trkpt>
      <trkpt lat="34.50686" lon="-119.82122">
        <ele>595.1</ele>
      </trkpt>
      <trkpt lat="34.50687" lon="-119.8211">
        <ele>594.7</ele>
      </trkpt>
      <trkpt lat="34.50687" lon="-119.82102">
        <ele>594.5</ele>
      </trkpt>
      <trkpt lat="34.50686" lon="-119.82092">
        <ele>594.2</ele>
      </trkpt>
      <trkpt lat="34.50685" lon="-119.82089">
        <ele>594.2</ele>
      </trkpt>
      <trkpt lat="34.50685" lon="-119.82087">
        <ele>594.2</ele>
      </trkpt>
      <trkpt lat="34.50683" lon="-119.82081">
        <ele>594.2</ele>
      </trkpt>
      <trkpt lat="34.50679" lon="-119.82068">
        <ele>593.8</ele>
      </trkpt>
      <trkpt lat="34.50676" lon="-119.82062">
        <ele>593.5</ele>
      </trkpt>
      <trkpt lat="34.50668" lon="-119.82049">
        <ele>593.2</ele>
      </trkpt>
      <trkpt lat="34.50665" lon="-119.82045">
        <ele>593.1</ele>
      </trkpt>
      <trkpt lat="34.50658" lon="-119.82035">
        <ele>592.8</ele>
      </trkpt>
      <trkpt lat="34.50657" lon="-119.82033">
        <ele>592.8</ele>
      </trkpt>
      <trkpt lat="34.50657" lon="-119.82032">
        <ele>592.8</ele>
      </trkpt>
      <trkpt lat="34.50655" lon="-119.82027">
        <ele>592.7</ele>
      </trkpt>
      <trkpt lat="34.50653" lon="-119.82022">
        <ele>592.6</ele>
      </trkpt>
      <trkpt lat="34.50652" lon="-119.82017">
        <ele>592.5</ele>
      </trkpt>
      <trkpt lat="34.50651" lon="-119.82012">
        <ele>592.4</ele>
      </trkpt>
      <trkpt lat="34.50651" lon="-119.8201">
        <ele>592.3</ele>
      </trkpt>
      <trkpt lat="34.50651" lon="-119.82">
        <ele>592.2</ele>
      </trkpt>
      <trkpt lat="34.50652" lon="-119.81983">
        <ele>592.1</ele>
      </trkpt>
      <trkpt lat="34.50652" lon="-119.81971">
        <ele>592.0</ele>
      </trkpt>
      <trkpt lat="34.50651" lon="-119.81964">
        <ele>591.8</ele>
      </trkpt>
      <trkpt lat="34.50649" lon="-119.81958">
        <ele>591.4</ele>
      </trkpt>
      <trkpt lat="34.50646" lon="-119.81951">
        <ele>591.3</ele>
      </trkpt>
      <trkpt lat="34.50644" lon="-119.81946">
        <ele>591.2</ele>
      </trkpt>
      <trkpt lat="34.50642" lon="-119.81943">
        <ele>591.0</ele>
      </trkpt>
      <trkpt lat="34.50638" lon="-119.81933">
        <ele>590.8</ele>
      </trkpt>
      <trkpt lat="34.50634" lon="-119.81926">
        <ele>590.8</ele>
      </trkpt>
      <trkpt lat="34.50626" lon="-119.81916">
        <ele>590.6</ele>
      </trkpt>
      <trkpt lat="34.50622" lon="-119.81913">
        <ele>590.3</ele>
      </trkpt>
      <trkpt lat="34.50619" lon="-119.81911">
        <ele>590.2</ele>
      </trkpt>
      <trkpt lat="34.50608" lon="-119.81904">
        <ele>589.7</ele>
      </trkpt>
      <trkpt lat="34.50606" lon="-119.81903">
        <ele>589.6</ele>
      </trkpt>
      <trkpt lat="34.5059" lon="-119.81893">
        <ele>589.1</ele>
      </trkpt>
      <trkpt lat="34.50584" lon="-119.81889">
        <ele>589.0</ele>
      </trkpt>
      <trkpt lat="34.50574" lon="-119.81882">
        <ele>589.1</ele>
      </trkpt>
      <trkpt lat="34.50568" lon="-119.81877">
        <ele>589.4</ele>
      </trkpt>
      <trkpt lat="34.50561" lon="-119.8187">
        <ele>589.4</ele>
      </trkpt>
      <trkpt lat="34.50561" lon="-119.81868">
        <ele>589.1</ele>
      </trkpt>
      <trkpt lat="34.50551" lon="-119.8185">
        <ele>588.4</ele>
      </trkpt>
      <trkpt lat="34.5055" lon="-119.81847">
        <ele>588.2</ele>
      </trkpt>
      <trkpt lat="34.50533" lon="-119.81812">
        <ele>587.4</ele>
      </trkpt>
      <trkpt lat="34.50523" lon="-119.81793">
        <ele>585.9</ele>
      </trkpt>
      <trkpt lat="34.50514" lon="-119.81774">
        <ele>585.6</ele>
      </trkpt>
      <trkpt lat="34.50505" lon="-119.81756">
        <ele>585.2</ele>
      </trkpt>
      <trkpt lat="34.50498" lon="-119.8174">
        <ele>584.6</ele>
      </trkpt>
      <trkpt lat="34.50496" lon="-119.81737">
        <ele>584.6</ele>
      </trkpt>
      <trkpt lat="34.50489" lon="-119.81724">
        <ele>584.2</ele>
      </trkpt>
      <trkpt lat="34.50486" lon="-119.81719">
        <ele>584.1</ele>
      </trkpt>
      <trkpt lat="34.50483" lon="-119.81712">
        <ele>584.1</ele>
      </trkpt>
      <trkpt lat="34.50476" lon="-119.81677">
        <ele>585.1</ele>
      </trkpt>
      <trkpt lat="34.50476" lon="-119.81663">
        <ele>585.6</ele>
      </trkpt>
      <trkpt lat="34.50478" lon="-119.81641">
        <ele>584.7</ele>
      </trkpt>
      <trkpt lat="34.50477" lon="-119.81619">
        <ele>583.5</ele>
      </trkpt>
      <trkpt lat="34.50476" lon="-119.81608">
        <ele>582.8</ele>
      </trkpt>
      <trkpt lat="34.50471" lon="-119.81599">
        <ele>582.6</ele>
      </trkpt>
      <trkpt lat="34.5047" lon="-119.81597">
        <ele>582.6</ele>
      </trkpt>
      <trkpt lat="34.50467" lon="-119.81588">
        <ele>582.4</ele>
      </trkpt>
      <trkpt lat="34.50466" lon="-119.81578">
        <ele>582.0</ele>
      </trkpt>
      <trkpt lat="34.50466" lon="-119.81578">
        <ele>582.0</ele>
      </trkpt>
      <trkpt lat="34.50469" lon="-119.81556">
        <ele>580.7</ele>
      </trkpt>
      <trkpt lat="34.50471" lon="-119.81535">
        <ele>579.8</ele>
      </trkpt>
      <trkpt lat="34.50471" lon="-119.81528">
        <ele>579.7</ele>
      </trkpt>
      <trkpt lat="34.50472" lon="-119.81513">
        <ele>579.4</ele>
      </trkpt>
      <trkpt lat="34.50473" lon="-119.81498">
        <ele>579.2</ele>
      </trkpt>
      <trkpt lat="34.50472" lon="-119.8149">
        <ele>579.0</ele>
      </trkpt>
      <trkpt lat="34.50471" lon="-119.81482">
        <ele>578.9</ele>
      </trkpt>
      <trkpt lat="34.5047" lon="-119.81477">
        <ele>578.8</ele>
      </trkpt>
      <trkpt lat="34.50466" lon="-119.81469">
        <ele>578.9</ele>
      </trkpt>
      <trkpt lat="34.50459" lon="-119.81459">
        <ele>578.9</ele>
      </trkpt>
      <trkpt lat="34.50455" lon="-119.81452">
        <ele>578.6</ele>
      </trkpt>
      <trkpt lat="34.50444" lon="-119.81435">
        <ele>578.0</ele>
      </trkpt>
      <trkpt lat="34.50439" lon="-119.81428">
        <ele>577.7</ele>
      </trkpt>
      <trkpt lat="34.50437" lon="-119.81424">
        <ele>577.5</ele>
      </trkpt>
      <trkpt lat="34.50437" lon="-119.81421">
        <ele>577.3</ele>
      </trkpt>
      <trkpt lat="34.50436" lon="-119.81417">
        <ele>576.9</ele>
      </trkpt>
      <trkpt lat="34.50436" lon="-119.81416">
        <ele>576.9</ele>
      </trkpt>
      <trkpt lat="34.50437" lon="-119.81413">
        <ele>577.1</ele>
      </trkpt>
      <trkpt lat="34.50438" lon="-119.81405">
        <ele>577.9</ele>
      </trkpt>
      <trkpt lat="34.50443" lon="-119.81396">
        <ele>580.2</ele>
      </trkpt>
      <trkpt lat="34.50448" lon="-119.81385">
        <ele>582.0</ele>
      </trkpt>
      <trkpt lat="34.5045" lon="-119.81376">
        <ele>582.4</ele>
      </trkpt>
      <trkpt lat="34.50451" lon="-119.8137">
        <ele>582.6</ele>
      </trkpt>
      <trkpt lat="34.50455" lon="-119.81355">
        <ele>582.3</ele>
      </trkpt>
      <trkpt lat="34.50457" lon="-119.81349">
        <ele>582.4</ele>
      </trkpt>
      <trkpt lat="34.50458" lon="-119.81346">
        <ele>582.6</ele>
      </trkpt>
      <trkpt lat="34.50457" lon="-119.81341">
        <ele>582.2</ele>
      </trkpt>
      <trkpt lat="34.50456" lon="-119.81334">
        <ele>581.9</ele>
      </trkpt>
      <trkpt lat="34.50456" lon="-119.81333">
        <ele>581.9</ele>
      </trkpt>
      <trkpt lat="34.50452" lon="-119.81313">
        <ele>581.1</ele>
      </trkpt>
      <trkpt lat="34.50452" lon="-119.81312">
        <ele>581.3</ele>
      </trkpt>
      <trkpt lat="34.50449" lon="-119.81296">
        <ele>582.1</ele>
      </trkpt>
      <trkpt lat="34.50448" lon="-119.81292">
        <ele>582.1</ele>
      </trkpt>
      <trkpt lat="34.50446" lon="-119.81287">
        <ele>581.8</ele>
      </trkpt>
      <trkpt lat="34.50442" lon="-119.81272">
        <ele>580.8</ele>
      </trkpt>
      <trkpt lat="34.50439" lon="-119.81264">
        <ele>579.6</ele>
      </trkpt>
      <trkpt lat="34.50437" lon="-119.81259">
        <ele>578.9</ele>
      </trkpt>
      <trkpt lat="34.50433" lon="-119.81252">
        <ele>578.3</ele>
      </trkpt>
      <trkpt lat="34.50429" lon="-119.81245">
        <ele>577.9</ele>
      </trkpt>
      <trkpt lat="34.50428" lon="-119.81242">
        <ele>578.0</ele>
      </trkpt>
      <trkpt lat="34.50428" lon="-119.8124">
        <ele>578.2</ele>
      </trkpt>
      <trkpt lat="34.50428" lon="-119.81239">
        <ele>578.3</ele>
      </trkpt>
      <trkpt lat="34.50428" lon="-119.81236">
        <ele>578.6</ele>
      </trkpt>
      <trkpt lat="34.50429" lon="-119.81235">
        <ele>578.9</ele>
      </trkpt>
      <trkpt lat="34.50431" lon="-119.81233">
        <ele>579.5</ele>
      </trkpt>
      <trkpt lat="34.50441" lon="-119.81226">
        <ele>581.6</ele>
      </trkpt>
      <trkpt lat="34.50441" lon="-119.81226">
        <ele>581.6</ele>
      </trkpt>
      <trkpt lat="34.50432" lon="-119.81194">
        <ele>580.2</ele>
      </trkpt>
      <trkpt lat="34.50421" lon="-119.81155">
        <ele>576.0</ele>
      </trkpt>
      <trkpt lat="34.50419" lon="-119.81145">
        <ele>576.1</ele>
      </trkpt>
      <trkpt lat="34.50412" lon="-119.81123">
        <ele>575.6</ele>
      </trkpt>
      <trkpt lat="34.50407" lon="-119.81102">
        <ele>575.4</ele>
      </trkpt>
      <trkpt lat="34.50404" lon="-119.81093">
        <ele>572.8</ele>
      </trkpt>
      <trkpt lat="34.50401" lon="-119.81081">
        <ele>569.4</ele>
      </trkpt>
      <trkpt lat="34.50397" lon="-119.81066">
        <ele>568.2</ele>
      </trkpt>
      <trkpt lat="34.50391" lon="-119.81039">
        <ele>568.6</ele>
      </trkpt>
      <trkpt lat="34.50387" lon="-119.81026">
        <ele>568.5</ele>
      </trkpt>
      <trkpt lat="34.50385" lon="-119.81019">
        <ele>568.2</ele>
      </trkpt>
      <trkpt lat="34.50381" lon="-119.81">
        <ele>567.8</ele>
      </trkpt>
      <trkpt lat="34.5038" lon="-119.80998">
        <ele>567.5</ele>
      </trkpt>
      <trkpt lat="34.50377" lon="-119.80989">
        <ele>567.2</ele>
      </trkpt>
      <trkpt lat="34.50374" lon="-119.80977">
        <ele>567.3</ele>
      </trkpt>
      <trkpt lat="34.50372" lon="-119.80967">
        <ele>567.4</ele>
      </trkpt>
      <trkpt lat="34.50369" lon="-119.80956">
        <ele>567.2</ele>
      </trkpt>
      <trkpt lat="34.50366" lon="-119.80947">
        <ele>566.5</ele>
      </trkpt>
      <trkpt lat="34.50361" lon="-119.80928">
        <ele>560.8</ele>
      </trkpt>
      <trkpt lat="34.5036" lon="-119.80918">
        <ele>558.8</ele>
      </trkpt>
      <trkpt lat="34.50358" lon="-119.80909">
        <ele>558.3</ele>
      </trkpt>
      <trkpt lat="34.50354" lon="-119.80894">
        <ele>558.2</ele>
      </trkpt>
      <trkpt lat="34.5035" lon="-119.80881">
        <ele>558.1</ele>
      </trkpt>
      <trkpt lat="34.50349" lon="-119.80877">
        <ele>558.1</ele>
      </trkpt>
      <trkpt lat="34.50345" lon="-119.80864">
        <ele>558.8</ele>
      </trkpt>
      <trkpt lat="34.50343" lon="-119.80856">
        <ele>559.1</ele>
      </trkpt>
      <trkpt lat="34.50341" lon="-119.80849">
        <ele>559.2</ele>
      </trkpt>
      <trkpt lat="34.50337" lon="-119.80835">
        <ele>558.1</ele>
      </trkpt>
      <trkpt lat="34.50335" lon="-119.80827">
        <ele>557.2</ele>
      </trkpt>
      <trkpt lat="34.50333" lon="-119.80819">
        <ele>556.3</ele>
      </trkpt>
      <trkpt lat="34.50331" lon="-119.8081">
        <ele>555.3</ele>
      </trkpt>
      <trkpt lat="34.50329" lon="-119.80797">
        <ele>554.6</ele>
      </trkpt>
      <trkpt lat="34.50328" lon="-119.80793">
        <ele>554.3</ele>
      </trkpt>
      <trkpt lat="34.50326" lon="-119.8078">
        <ele>553.9</ele>
      </trkpt>
      <trkpt lat="34.50325" lon="-119.80765">
        <ele>553.7</ele>
      </trkpt>
      <trkpt lat="34.50324" lon="-119.80745">
        <ele>552.1</ele>
      </trkpt>
      <trkpt lat="34.50324" lon="-119.80735">
        <ele>549.8</ele>
      </trkpt>
      <trkpt lat="34.50324" lon="-119.80724">
        <ele>547.4</ele>
      </trkpt>
      <trkpt lat="34.50325" lon="-119.80714">
        <ele>547.0</ele>
      </trkpt>
      <trkpt lat="34.50326" lon="-119.80706">
        <ele>546.9</ele>
      </trkpt>
      <trkpt lat="34.50327" lon="-119.80698">
        <ele>547.1</ele>
      </trkpt>
      <trkpt lat="34.50329" lon="-119.80686">
        <ele>548.2</ele>
      </trkpt>
      <trkpt lat="34.50332" lon="-119.80674">
        <ele>548.9</ele>
      </trkpt>
      <trkpt lat="34.50335" lon="-119.80661">
        <ele>548.5</ele>
      </trkpt>
      <trkpt lat="34.50339" lon="-119.80643">
        <ele>547.5</ele>
      </trkpt>
      <trkpt lat="34.50344" lon="-119.80624">
        <ele>546.0</ele>
      </trkpt>
      <trkpt lat="34.50349" lon="-119.80606">
        <ele>544.0</ele>
      </trkpt>
      <trkpt lat="34.50367" lon="-119.80539">
        <ele>533.4</ele>
      </trkpt>
      <trkpt lat="34.50369" lon="-119.80529">
        <ele>531.2</ele>
      </trkpt>
      <trkpt lat="34.50372" lon="-119.80519">
        <ele>530.4</ele>
      </trkpt>
      <trkpt lat="34.50374" lon="-119.80507">
        <ele>529.8</ele>
      </trkpt>
      <trkpt lat="34.50375" lon="-119.80495">
        <ele>528.7</ele>
      </trkpt>
      <trkpt lat="34.50376" lon="-119.80488">
        <ele>528.1</ele>
      </trkpt>
      <trkpt lat="34.50376" lon="-119.8048">
        <ele>527.8</ele>
      </trkpt>
      <trkpt lat="34.50376" lon="-119.80473">
        <ele>527.9</ele>
      </trkpt>
      <trkpt lat="34.50376" lon="-119.80466">
        <ele>528.0</ele>
      </trkpt>
      <trkpt lat="34.50375" lon="-119.80458">
        <ele>528.5</ele>
      </trkpt>
      <trkpt lat="34.50375" lon="-119.80452">
        <ele>529.3</ele>
      </trkpt>
      <trkpt lat="34.50374" lon="-119.80445">
        <ele>530.6</ele>
      </trkpt>
      <trkpt lat="34.50372" lon="-119.80436">
        <ele>532.1</ele>
      </trkpt>
      <trkpt lat="34.50371" lon="-119.80428">
        <ele>532.8</ele>
      </trkpt>
      <trkpt lat="34.50369" lon="-119.80419">
        <ele>532.7</ele>
      </trkpt>
      <trkpt lat="34.50366" lon="-119.8041">
        <ele>531.2</ele>
      </trkpt>
      <trkpt lat="34.50363" lon="-119.80402">
        <ele>530.7</ele>
      </trkpt>
      <trkpt lat="34.5036" lon="-119.80394">
        <ele>528.8</ele>
      </trkpt>
      <trkpt lat="34.50356" lon="-119.80384">
        <ele>526.1</ele>
      </trkpt>
      <trkpt lat="34.50352" lon="-119.80375">
        <ele>527.1</ele>
      </trkpt>
      <trkpt lat="34.50347" lon="-119.80365">
        <ele>523.4</ele>
      </trkpt>
      <trkpt lat="34.50341" lon="-119.80354">
        <ele>518.8</ele>
      </trkpt>
      <trkpt lat="34.50333" lon="-119.80342">
        <ele>517.2</ele>
      </trkpt>
      <trkpt lat="34.50312" lon="-119.80311">
        <ele>523.5</ele>
      </trkpt>
      <trkpt lat="34.50302" lon="-119.80296">
        <ele>522.2</ele>
      </trkpt>
      <trkpt lat="34.50292" lon="-119.8028">
        <ele>522.4</ele>
      </trkpt>
      <trkpt lat="34.50257" lon="-119.80227">
        <ele>511.4</ele>
      </trkpt>
      <trkpt lat="34.50246" lon="-119.80213">
        <ele>504.4</ele>
      </trkpt>
      <trkpt lat="34.50214" lon="-119.80179">
        <ele>506.6</ele>
      </trkpt>
      <trkpt lat="34.50203" lon="-119.80169">
        <ele>506.4</ele>
      </trkpt>
      <trkpt lat="34.50192" lon="-119.80161">
        <ele>504.6</ele>
      </trkpt>
      <trkpt lat="34.50188" lon="-119.80158">
        <ele>504.3</ele>
      </trkpt>
      <trkpt lat="34.5018" lon="-119.80152">
        <ele>503.5</ele>
      </trkpt>
      <trkpt lat="34.50152" lon="-119.80133">
        <ele>502.4</ele>
      </trkpt>
      <trkpt lat="34.50127" lon="-119.8012">
        <ele>494.4</ele>
      </trkpt>
      <trkpt lat="34.50124" lon="-119.80118">
        <ele>494.4</ele>
      </trkpt>
      <trkpt lat="34.50107" lon="-119.80111">
        <ele>495.8</ele>
      </trkpt>
      <trkpt lat="34.50106" lon="-119.80111">
        <ele>495.9</ele>
      </trkpt>
      <trkpt lat="34.50089" lon="-119.80106">
        <ele>499.1</ele>
      </trkpt>
      <trkpt lat="34.50079" lon="-119.80102">
        <ele>498.1</ele>
      </trkpt>
      <trkpt lat="34.50057" lon="-119.80097">
        <ele>495.5</ele>
      </trkpt>
      <trkpt lat="34.5004" lon="-119.80095">
        <ele>494.4</ele>
      </trkpt>
      <trkpt lat="34.50022" lon="-119.80094">
        <ele>493.5</ele>
      </trkpt>
      <trkpt lat="34.50018" lon="-119.80094">
        <ele>492.4</ele>
      </trkpt>
      <trkpt lat="34.50002" lon="-119.80093">
        <ele>486.3</ele>
      </trkpt>
      <trkpt lat="34.5" lon="-119.80093">
        <ele>485.6</ele>
      </trkpt>
      <trkpt lat="34.49985" lon="-119.80093">
        <ele>482.1</ele>
      </trkpt>
      <trkpt lat="34.49982" lon="-119.80093">
        <ele>481.5</ele>
      </trkpt>
      <trkpt lat="34.49969" lon="-119.80093">
        <ele>483.9</ele>
      </trkpt>
      <trkpt lat="34.49964" lon="-119.80093">
        <ele>486.1</ele>
      </trkpt>
      <trkpt lat="34.49958" lon="-119.80093">
        <ele>489.9</ele>
      </trkpt>
      <trkpt lat="34.49946" lon="-119.80094">
        <ele>496.1</ele>
      </trkpt>
      <trkpt lat="34.49945" lon="-119.80094">
        <ele>496.6</ele>
      </trkpt>
      <trkpt lat="34.49929" lon="-119.80094">
        <ele>497.6</ele>
      </trkpt>
      <trkpt lat="34.49928" lon="-119.80094">
        <ele>497.5</ele>
      </trkpt>
      <trkpt lat="34.49915" lon="-119.80094">
        <ele>493.7</ele>
      </trkpt>
      <trkpt lat="34.4991" lon="-119.80094">
        <ele>491.7</ele>
      </trkpt>
      <trkpt lat="34.49898" lon="-119.80093">
        <ele>488.2</ele>
      </trkpt>
      <trkpt lat="34.49885" lon="-119.80094">
        <ele>486.7</ele>
      </trkpt>
      <trkpt lat="34.49869" lon="-119.80093">
        <ele>486.3</ele>
      </trkpt>
      <trkpt lat="34.49846" lon="-119.80092">
        <ele>480.0</ele>
      </trkpt>
      <trkpt lat="34.49817" lon="-119.80091">
        <ele>481.9</ele>
      </trkpt>
      <trkpt lat="34.49791" lon="-119.80089">
        <ele>480.2</ele>
      </trkpt>
      <trkpt lat="34.4977" lon="-119.80088">
        <ele>479.1</ele>
      </trkpt>
      <trkpt lat="34.49755" lon="-119.80087">
        <ele>479.0</ele>
      </trkpt>
      <trkpt lat="34.49729" lon="-119.80084">
        <ele>478.1</ele>
      </trkpt>
      <trkpt lat="34.49703" lon="-119.80083">
        <ele>473.2</ele>
      </trkpt>
      <trkpt lat="34.49677" lon="-119.80081">
        <ele>475.7</ele>
      </trkpt>
      <trkpt lat="34.49673" lon="-119.8008">
        <ele>476.0</ele>
      </trkpt>
      <trkpt lat="34.49649" lon="-119.80078">
        <ele>470.6</ele>
      </trkpt>
      <trkpt lat="34.49633" lon="-119.80076">
        <ele>476.4</ele>
      </trkpt>
      <trkpt lat="34.49615" lon="-119.80073">
        <ele>487.9</ele>
      </trkpt>
      <trkpt lat="34.49603" lon="-119.8007">
        <ele>490.1</ele>
      </trkpt>
      <trkpt lat="34.49584" lon="-119.80065">
        <ele>480.7</ele>
      </trkpt>
      <trkpt lat="34.49571" lon="-119.8006">
        <ele>467.4</ele>
      </trkpt>
      <trkpt lat="34.49568" lon="-119.80059">
        <ele>463.7</ele>
      </trkpt>
      <trkpt lat="34.49554" lon="-119.80053">
        <ele>453.4</ele>
      </trkpt>
      <trkpt lat="34.49547" lon="-119.80051">
        <ele>451.9</ele>
      </trkpt>
      <trkpt lat="34.4953" lon="-119.80044">
        <ele>466.4</ele>
      </trkpt>
      <trkpt lat="34.49514" lon="-119.80034">
        <ele>475.7</ele>
      </trkpt>
      <trkpt lat="34.495" lon="-119.80026">
        <ele>480.2</ele>
      </trkpt>
      <trkpt lat="34.49485" lon="-119.80015">
        <ele>485.4</ele>
      </trkpt>
      <trkpt lat="34.49463" lon="-119.79998">
        <ele>474.5</ele>
      </trkpt>
      <trkpt lat="34.49446" lon="-119.79982">
        <ele>466.5</ele>
      </trkpt>
      <trkpt lat="34.49432" lon="-119.7997">
        <ele>460.2</ele>
      </trkpt>
      <trkpt lat="34.4942" lon="-119.79959">
        <ele>453.6</ele>
      </trkpt>
      <trkpt lat="34.49405" lon="-119.79945">
        <ele>446.7</ele>
      </trkpt>
      <trkpt lat="34.49394" lon="-119.79935">
        <ele>444.9</ele>
      </trkpt>
      <trkpt lat="34.49377" lon="-119.79921">
        <ele>444.9</ele>
      </trkpt>
      <trkpt lat="34.49376" lon="-119.7992">
        <ele>444.9</ele>
      </trkpt>
      <trkpt lat="34.49355" lon="-119.79901">
        <ele>446.7</ele>
      </trkpt>
      <trkpt lat="34.49333" lon="-119.79881">
        <ele>448.1</ele>
      </trkpt>
      <trkpt lat="34.4933" lon="-119.79879">
        <ele>448.1</ele>
      </trkpt>
      <trkpt lat="34.49314" lon="-119.79865">
        <ele>447.6</ele>
      </trkpt>
      <trkpt lat="34.49305" lon="-119.79856">
        <ele>446.6</ele>
      </trkpt>
      <trkpt lat="34.49293" lon="-119.79843">
        <ele>443.7</ele>
      </trkpt>
      <trkpt lat="34.49291" lon="-119.7984">
        <ele>443.5</ele>
      </trkpt>
      <trkpt lat="34.49281" lon="-119.79829">
        <ele>441.8</ele>
      </trkpt>
      <trkpt lat="34.49278" lon="-119.79825">
        <ele>441.4</ele>
      </trkpt>
      <trkpt lat="34.49266" lon="-119.7981">
        <ele>439.2</ele>
      </trkpt>
      <trkpt lat="34.49253" lon="-119.79793">
        <ele>437.3</ele>
      </trkpt>
      <trkpt lat="34.49236" lon="-119.7977">
        <ele>436.0</ele>
      </trkpt>
      <trkpt lat="34.49229" lon="-119.79757">
        <ele>436.0</ele>
      </trkpt>
      <trkpt lat="34.49223" lon="-119.79747">
        <ele>436.0</ele>
      </trkpt>
      <trkpt lat="34.49219" lon="-119.79738">
        <ele>436.2</ele>
      </trkpt>
      <trkpt lat="34.49214" lon="-119.79729">
        <ele>436.3</ele>
      </trkpt>
      <trkpt lat="34.49204" lon="-119.79709">
        <ele>436.3</ele>
      </trkpt>
      <trkpt lat="34.49195" lon="-119.79689">
        <ele>436.6</ele>
      </trkpt>
      <trkpt lat="34.49183" lon="-119.79663">
        <ele>437.0</ele>
      </trkpt>
      <trkpt lat="34.49174" lon="-119.79644">
        <ele>436.3</ele>
      </trkpt>
      <trkpt lat="34.49159" lon="-119.79611">
        <ele>435.5</ele>
      </trkpt>
      <trkpt lat="34.49153" lon="-119.79598">
        <ele>435.7</ele>
      </trkpt>
      <trkpt lat="34.49144" lon="-119.79579">
        <ele>435.2</ele>
      </trkpt>
      <trkpt lat="34.4914" lon="-119.79569">
        <ele>433.7</ele>
      </trkpt>
      <trkpt lat="34.49127" lon="-119.7954">
        <ele>428.1</ele>
      </trkpt>
      <trkpt lat="34.49127" lon="-119.7954">
        <ele>428.1</ele>
      </trkpt>
      <trkpt lat="34.4911" lon="-119.7955">
        <ele>424.9</ele>
      </trkpt>
      <trkpt lat="34.49095" lon="-119.79557">
        <ele>422.2</ele>
      </trkpt>
      <trkpt lat="34.49086" lon="-119.79562">
        <ele>422.8</ele>
      </trkpt>
      <trkpt lat="34.49078" lon="-119.79564">
        <ele>422.5</ele>
      </trkpt>
      <trkpt lat="34.49061" lon="-119.79571">
        <ele>421.7</ele>
      </trkpt>
      <trkpt lat="34.4905" lon="-119.79575">
        <ele>421.5</ele>
      </trkpt>
      <trkpt lat="34.49034" lon="-119.79581">
        <ele>422.8</ele>
      </trkpt>
      <trkpt lat="34.49028" lon="-119.79586">
        <ele>423.7</ele>
      </trkpt>
      <trkpt lat="34.49019" lon="-119.79592">
        <ele>423.6</ele>
      </trkpt>
      <trkpt lat="34.49015" lon="-119.796">
        <ele>423.5</ele>
      </trkpt>
      <trkpt lat="34.49013" lon="-119.79604">
        <ele>423.5</ele>
      </trkpt>
      <trkpt lat="34.49007" lon="-119.79612">
        <ele>423.5</ele>
      </trkpt>
      <trkpt lat="34.49003" lon="-119.79617">
        <ele>423.3</ele>
      </trkpt>
      <trkpt lat="34.48987" lon="-119.79622">
        <ele>421.0</ele>
      </trkpt>
      <trkpt lat="34.48975" lon="-119.79619">
        <ele>419.7</ele>
      </trkpt>
      <trkpt lat="34.4896" lon="-119.79614">
        <ele>418.2</ele>
      </trkpt>
      <trkpt lat="34.48947" lon="-119.79607">
        <ele>417.8</ele>
      </trkpt>
      <trkpt lat="34.48935" lon="-119.796">
        <ele>418.0</ele>
      </trkpt>
      <trkpt lat="34.48933" lon="-119.79598">
        <ele>418.1</ele>
      </trkpt>
      <trkpt lat="34.48922" lon="-119.79592">
        <ele>418.0</ele>
      </trkpt>
      <trkpt lat="34.48919" lon="-119.79591">
        <ele>417.9</ele>
      </trkpt>
      <trkpt lat="34.48913" lon="-119.79589">
        <ele>418.2</ele>
      </trkpt>
      <trkpt lat="34.48904" lon="-119.79587">
        <ele>418.7</ele>
      </trkpt>
      <trkpt lat="34.48901" lon="-119.79587">
        <ele>418.8</ele>
      </trkpt>
      <trkpt lat="34.48892" lon="-119.79589">
        <ele>418.8</ele>
      </trkpt>
      <trkpt lat="34.48884" lon="-119.79595">
        <ele>417.8</ele>
      </trkpt>
      <trkpt lat="34.48874" lon="-119.79604">
        <ele>414.8</ele>
      </trkpt>
      <trkpt lat="34.48862" lon="-119.79617">
        <ele>412.2</ele>
      </trkpt>
      <trkpt lat="34.48858" lon="-119.79621">
        <ele>412.0</ele>
      </trkpt>
      <trkpt lat="34.4885" lon="-119.79627">
        <ele>412.1</ele>
      </trkpt>
      <trkpt lat="34.48839" lon="-119.79634">
        <ele>412.1</ele>
      </trkpt>
      <trkpt lat="34.48829" lon="-119.79635">
        <ele>411.7</ele>
      </trkpt>
      <trkpt lat="34.48819" lon="-119.79631">
        <ele>410.1</ele>
      </trkpt>
      <trkpt lat="34.48809" lon="-119.79628">
        <ele>407.4</ele>
      </trkpt>
      <trkpt lat="34.48807" lon="-119.79628">
        <ele>406.9</ele>
      </trkpt>
      <trkpt lat="34.48796" lon="-119.79627">
        <ele>406.0</ele>
      </trkpt>
      <trkpt lat="34.4879" lon="-119.79628">
        <ele>405.9</ele>
      </trkpt>
      <trkpt lat="34.48784" lon="-119.79629">
        <ele>405.8</ele>
      </trkpt>
      <trkpt lat="34.48773" lon="-119.79636">
        <ele>404.7</ele>
      </trkpt>
      <trkpt lat="34.48769" lon="-119.79638">
        <ele>404.7</ele>
      </trkpt>
      <trkpt lat="34.48758" lon="-119.79647">
        <ele>402.2</ele>
      </trkpt>
      <trkpt lat="34.48753" lon="-119.79651">
        <ele>401.0</ele>
      </trkpt>
      <trkpt lat="34.48742" lon="-119.79658">
        <ele>399.9</ele>
      </trkpt>
      <trkpt lat="34.48732" lon="-119.79664">
        <ele>399.8</ele>
      </trkpt>
      <trkpt lat="34.48726" lon="-119.79667">
        <ele>399.8</ele>
      </trkpt>
      <trkpt lat="34.48709" lon="-119.79677">
        <ele>398.9</ele>
      </trkpt>
      <trkpt lat="34.48704" lon="-119.7968">
        <ele>398.1</ele>
      </trkpt>
      <trkpt lat="34.48693" lon="-119.79686">
        <ele>395.4</ele>
      </trkpt>
      <trkpt lat="34.48686" lon="-119.79691">
        <ele>394.1</ele>
      </trkpt>
      <trkpt lat="34.48677" lon="-119.79697">
        <ele>393.9</ele>
      </trkpt>
      <trkpt lat="34.48669" lon="-119.79703">
        <ele>393.9</ele>
      </trkpt>
      <trkpt lat="34.48662" lon="-119.79708">
        <ele>394.1</ele>
      </trkpt>
      <trkpt lat="34.48653" lon="-119.79715">
        <ele>394.1</ele>
      </trkpt>
      <trkpt lat="34.48648" lon="-119.79721">
        <ele>394.4</ele>
      </trkpt>
      <trkpt lat="34.48645" lon="-119.79724">
        <ele>393.7</ele>
      </trkpt>
      <trkpt lat="34.48634" lon="-119.79735">
        <ele>393.0</ele>
      </trkpt>
      <trkpt lat="34.48631" lon="-119.79738">
        <ele>392.7</ele>
      </trkpt>
      <trkpt lat="34.48622" lon="-119.79748">
        <ele>392.1</ele>
      </trkpt>
      <trkpt lat="34.4862" lon="-119.79749">
        <ele>392.9</ele>
      </trkpt>
      <trkpt lat="34.48612" lon="-119.79756">
        <ele>392.6</ele>
      </trkpt>
      <trkpt lat="34.48605" lon="-119.7976">
        <ele>391.5</ele>
      </trkpt>
      <trkpt lat="34.48604" lon="-119.7976">
        <ele>391.4</ele>
      </trkpt>
      <trkpt lat="34.48596" lon="-119.79763">
        <ele>389.4</ele>
      </trkpt>
      <trkpt lat="34.48587" lon="-119.79765">
        <ele>388.1</ele>
      </trkpt>
      <trkpt lat="34.48573" lon="-119.79767">
        <ele>387.7</ele>
      </trkpt>
      <trkpt lat="34.48569" lon="-119.79768">
        <ele>387.7</ele>
      </trkpt>
      <trkpt lat="34.48564" lon="-119.79769">
        <ele>387.6</ele>
      </trkpt>
      <trkpt lat="34.48556" lon="-119.79774">
        <ele>386.6</ele>
      </trkpt>
      <trkpt lat="34.48553" lon="-119.79776">
        <ele>385.8</ele>
      </trkpt>
      <trkpt lat="34.48548" lon="-119.79778">
        <ele>384.5</ele>
      </trkpt>
      <trkpt lat="34.48539" lon="-119.79784">
        <ele>381.9</ele>
      </trkpt>
      <trkpt lat="34.48537" lon="-119.79785">
        <ele>381.5</ele>
      </trkpt>
      <trkpt lat="34.48519" lon="-119.7979">
        <ele>379.0</ele>
      </trkpt>
      <trkpt lat="34.48512" lon="-119.79792">
        <ele>377.5</ele>
      </trkpt>
      <trkpt lat="34.48499" lon="-119.79795">
        <ele>376.1</ele>
      </trkpt>
      <trkpt lat="34.48488" lon="-119.79791">
        <ele>373.4</ele>
      </trkpt>
      <trkpt lat="34.48483" lon="-119.79787">
        <ele>371.9</ele>
      </trkpt>
      <trkpt lat="34.4848" lon="-119.79781">
        <ele>370.5</ele>
      </trkpt>
      <trkpt lat="34.4848" lon="-119.79774">
        <ele>369.0</ele>
      </trkpt>
      <trkpt lat="34.48482" lon="-119.79769">
        <ele>367.6</ele>
      </trkpt>
      <trkpt lat="34.48484" lon="-119.79763">
        <ele>365.7</ele>
      </trkpt>
      <trkpt lat="34.48492" lon="-119.79754">
        <ele>364.1</ele>
      </trkpt>
      <trkpt lat="34.48493" lon="-119.79753">
        <ele>364.1</ele>
      </trkpt>
      <trkpt lat="34.48499" lon="-119.79747">
        <ele>364.1</ele>
      </trkpt>
      <trkpt lat="34.48506" lon="-119.79741">
        <ele>364.4</ele>
      </trkpt>
      <trkpt lat="34.48513" lon="-119.79735">
        <ele>364.8</ele>
      </trkpt>
      <trkpt lat="34.48518" lon="-119.79731">
        <ele>364.9</ele>
      </trkpt>
      <trkpt lat="34.48519" lon="-119.79725">
        <ele>364.8</ele>
      </trkpt>
      <trkpt lat="34.48519" lon="-119.79724">
        <ele>364.7</ele>
      </trkpt>
      <trkpt lat="34.48517" lon="-119.79719">
        <ele>363.9</ele>
      </trkpt>
      <trkpt lat="34.48511" lon="-119.79717">
        <ele>362.9</ele>
      </trkpt>
      <trkpt lat="34.48505" lon="-119.79721">
        <ele>362.8</ele>
      </trkpt>
      <trkpt lat="34.48499" lon="-119.79724">
        <ele>362.4</ele>
      </trkpt>
      <trkpt lat="34.4849" lon="-119.7973">
        <ele>360.6</ele>
      </trkpt>
      <trkpt lat="34.48489" lon="-119.79731">
        <ele>360.3</ele>
      </trkpt>
      <trkpt lat="34.48473" lon="-119.79741">
        <ele>358.8</ele>
      </trkpt>
      <trkpt lat="34.48456" lon="-119.79747">
        <ele>357.8</ele>
      </trkpt>
      <trkpt lat="34.48452" lon="-119.79748">
        <ele>357.3</ele>
      </trkpt>
      <trkpt lat="34.48439" lon="-119.79754">
        <ele>355.2</ele>
      </trkpt>
      <trkpt lat="34.48427" lon="-119.79759">
        <ele>352.7</ele>
      </trkpt>
      <trkpt lat="34.48422" lon="-119.79762">
        <ele>352.4</ele>
      </trkpt>
      <trkpt lat="34.4841" lon="-119.79767">
        <ele>351.0</ele>
      </trkpt>
      <trkpt lat="34.48406" lon="-119.7977">
        <ele>350.4</ele>
      </trkpt>
      <trkpt lat="34.48399" lon="-119.79775">
        <ele>348.2</ele>
      </trkpt>
      <trkpt lat="34.48392" lon="-119.79782">
        <ele>346.7</ele>
      </trkpt>
      <trkpt lat="34.48391" lon="-119.79783">
        <ele>346.5</ele>
      </trkpt>
      <trkpt lat="34.48386" lon="-119.79792">
        <ele>346.2</ele>
      </trkpt>
      <trkpt lat="34.4838" lon="-119.798">
        <ele>345.4</ele>
      </trkpt>
      <trkpt lat="34.48377" lon="-119.79802">
        <ele>344.7</ele>
      </trkpt>
      <trkpt lat="34.48367" lon="-119.79814">
        <ele>341.3</ele>
      </trkpt>
      <trkpt lat="34.48366" lon="-119.79814">
        <ele>341.1</ele>
      </trkpt>
      <trkpt lat="34.48355" lon="-119.79817">
        <ele>339.1</ele>
      </trkpt>
      <trkpt lat="34.48349" lon="-119.79817">
        <ele>338.3</ele>
      </trkpt>
      <trkpt lat="34.48343" lon="-119.79817">
        <ele>337.6</ele>
      </trkpt>
      <trkpt lat="34.48332" lon="-119.79811">
        <ele>335.4</ele>
      </trkpt>
      <trkpt lat="34.48331" lon="-119.798">
        <ele>333.2</ele>
      </trkpt>
      <trkpt lat="34.48337" lon="-119.79793">
        <ele>332.4</ele>
      </trkpt>
      <trkpt lat="34.48338" lon="-119.79793">
        <ele>332.5</ele>
      </trkpt>
      <trkpt lat="34.48345" lon="-119.7979">
        <ele>332.7</ele>
      </trkpt>
      <trkpt lat="34.48352" lon="-119.79786">
        <ele>332.7</ele>
      </trkpt>
      <trkpt lat="34.48362" lon="-119.7978">
        <ele>334.1</ele>
      </trkpt>
      <trkpt lat="34.48365" lon="-119.79775">
        <ele>334.4</ele>
      </trkpt>
      <trkpt lat="34.48365" lon="-119.7977">
        <ele>333.0</ele>
      </trkpt>
      <trkpt lat="34.48365" lon="-119.79769">
        <ele>332.8</ele>
      </trkpt>
      <trkpt lat="34.4836" lon="-119.79766">
        <ele>330.3</ele>
      </trkpt>
      <trkpt lat="34.48351" lon="-119.79767">
        <ele>328.4</ele>
      </trkpt>
      <trkpt lat="34.48348" lon="-119.79768">
        <ele>328.2</ele>
      </trkpt>
      <trkpt lat="34.48338" lon="-119.79772">
        <ele>327.7</ele>
      </trkpt>
      <trkpt lat="34.48331" lon="-119.79773">
        <ele>326.7</ele>
      </trkpt>
      <trkpt lat="34.4832" lon="-119.79774">
        <ele>323.8</ele>
      </trkpt>
      <trkpt lat="34.48313" lon="-119.79773">
        <ele>321.7</ele>
      </trkpt>
      <trkpt lat="34.48312" lon="-119.79773">
        <ele>321.5</ele>
      </trkpt>
      <trkpt lat="34.48304" lon="-119.79774">
        <ele>320.7</ele>
      </trkpt>
      <trkpt lat="34.48296" lon="-119.79773">
        <ele>320.2</ele>
      </trkpt>
      <trkpt lat="34.48295" lon="-119.79774">
        <ele>320.2</ele>
      </trkpt>
      <trkpt lat="34.48277" lon="-119.79777">
        <ele>317.9</ele>
      </trkpt>
      <trkpt lat="34.48268" lon="-119.79782">
        <ele>316.1</ele>
      </trkpt>
      <trkpt lat="34.48261" lon="-119.79787">
        <ele>315.5</ele>
      </trkpt>
      <trkpt lat="34.48256" lon="-119.7979">
        <ele>315.3</ele>
      </trkpt>
      <trkpt lat="34.48247" lon="-119.79796">
        <ele>314.9</ele>
      </trkpt>
      <trkpt lat="34.48245" lon="-119.79797">
        <ele>314.7</ele>
      </trkpt>
      <trkpt lat="34.48239" lon="-119.798">
        <ele>314.2</ele>
      </trkpt>
      <trkpt lat="34.48231" lon="-119.79802">
        <ele>314.2</ele>
      </trkpt>
      <trkpt lat="34.48228" lon="-119.79802">
        <ele>314.2</ele>
      </trkpt>
      <trkpt lat="34.48221" lon="-119.79801">
        <ele>314.2</ele>
      </trkpt>
      <trkpt lat="34.48212" lon="-119.79793">
        <ele>312.3</ele>
      </trkpt>
      <trkpt lat="34.48206" lon="-119.79785">
        <ele>310.2</ele>
      </trkpt>
      <trkpt lat="34.482" lon="-119.79777">
        <ele>309.1</ele>
      </trkpt>
      <trkpt lat="34.48193" lon="-119.79767">
        <ele>308.4</ele>
      </trkpt>
      <trkpt lat="34.48188" lon="-119.79761">
        <ele>308.3</ele>
      </trkpt>
      <trkpt lat="34.48179" lon="-119.79751">
        <ele>308.0</ele>
      </trkpt>
      <trkpt lat="34.48174" lon="-119.79747">
        <ele>308.0</ele>
      </trkpt>
      <trkpt lat="34.48168" lon="-119.79742">
        <ele>308.0</ele>
      </trkpt>
      <trkpt lat="34.48161" lon="-119.79739">
        <ele>307.9</ele>
      </trkpt>
      <trkpt lat="34.48158" lon="-119.79739">
        <ele>308.1</ele>
      </trkpt>
      <trkpt lat="34.48153" lon="-119.7974">
        <ele>308.4</ele>
      </trkpt>
      <trkpt lat="34.48141" lon="-119.79745">
        <ele>308.5</ele>
      </trkpt>
      <trkpt lat="34.48129" lon="-119.79751">
        <ele>308.0</ele>
      </trkpt>
      <trkpt lat="34.48128" lon="-119.79751">
        <ele>307.9</ele>
      </trkpt>
      <trkpt lat="34.48111" lon="-119.79755">
        <ele>307.6</ele>
      </trkpt>
      <trkpt lat="34.48102" lon="-119.79757">
        <ele>306.9</ele>
      </trkpt>
      <trkpt lat="34.48093" lon="-119.79759">
        <ele>305.0</ele>
      </trkpt>
      <trkpt lat="34.48076" lon="-119.79764">
        <ele>303.2</ele>
      </trkpt>
      <trkpt lat="34.48061" lon="-119.79769">
        <ele>303.0</ele>
      </trkpt>
      <trkpt lat="34.48058" lon="-119.79769">
        <ele>302.9</ele>
      </trkpt>
      <trkpt lat="34.48041" lon="-119.79773">
        <ele>302.4</ele>
      </trkpt>
      <trkpt lat="34.48023" lon="-119.79777">
        <ele>300.9</ele>
      </trkpt>
      <trkpt lat="34.48" lon="-119.79782">
        <ele>297.4</ele>
      </trkpt>
      <trkpt lat="34.47985" lon="-119.79784">
        <ele>296.8</ele>
      </trkpt>
      <trkpt lat="34.4798" lon="-119.79785">
        <ele>296.8</ele>
      </trkpt>
      <trkpt lat="34.47974" lon="-119.79784">
        <ele>296.6</ele>
      </trkpt>
      <trkpt lat="34.47972" lon="-119.79784">
        <ele>296.6</ele>
      </trkpt>
      <trkpt lat="34.47969" lon="-119.79783">
        <ele>296.6</ele>
      </trkpt>
      <trkpt lat="34.47964" lon="-119.79781">
        <ele>296.5</ele>
      </trkpt>
      <trkpt lat="34.47959" lon="-119.79776">
        <ele>296.2</ele>
      </trkpt>
      <trkpt lat="34.47954" lon="-119.79771">
        <ele>296.6</ele>
      </trkpt>
      <trkpt lat="34.47949" lon="-119.79766">
        <ele>296.8</ele>
      </trkpt>
      <trkpt lat="34.47944" lon="-119.79759">
        <ele>296.7</ele>
      </trkpt>
      <trkpt lat="34.47943" lon="-119.79758">
        <ele>296.8</ele>
      </trkpt>
      <trkpt lat="34.47935" lon="-119.79744">
        <ele>296.1</ele>
      </trkpt>
      <trkpt lat="34.47933" lon="-119.7974">
        <ele>295.4</ele>
      </trkpt>
      <trkpt lat="34.47923" lon="-119.79722">
        <ele>291.5</ele>
      </trkpt>
      <trkpt lat="34.47922" lon="-119.79719">
        <ele>291.1</ele>
      </trkpt>
      <trkpt lat="34.47916" lon="-119.79702">
        <ele>290.3</ele>
      </trkpt>
      <trkpt lat="34.47912" lon="-119.7969">
        <ele>290.3</ele>
      </trkpt>
      <trkpt lat="34.47909" lon="-119.79682">
        <ele>290.3</ele>
      </trkpt>
      <trkpt lat="34.47903" lon="-119.79666">
        <ele>290.3</ele>
      </trkpt>
      <trkpt lat="34.47902" lon="-119.79662">
        <ele>290.1</ele>
      </trkpt>
      <trkpt lat="34.47896" lon="-119.79649">
        <ele>289.5</ele>
      </trkpt>
      <trkpt lat="34.47893" lon="-119.79643">
        <ele>288.5</ele>
      </trkpt>
      <trkpt lat="34.47891" lon="-119.79639">
        <ele>287.8</ele>
      </trkpt>
      <trkpt lat="34.47884" lon="-119.79628">
        <ele>284.8</ele>
      </trkpt>
      <trkpt lat="34.47882" lon="-119.79625">
        <ele>284.3</ele>
      </trkpt>
      <trkpt lat="34.47877" lon="-119.79619">
        <ele>284.0</ele>
      </trkpt>
      <trkpt lat="34.47872" lon="-119.79612">
        <ele>284.0</ele>
      </trkpt>
      <trkpt lat="34.47871" lon="-119.79609">
        <ele>283.9</ele>
      </trkpt>
      <trkpt lat="34.47868" lon="-119.79604">
        <ele>284.0</ele>
      </trkpt>
      <trkpt lat="34.47866" lon="-119.79596">
        <ele>283.9</ele>
      </trkpt>
      <trkpt lat="34.47864" lon="-119.79588">
        <ele>284.0</ele>
      </trkpt>
      <trkpt lat="34.47861" lon="-119.79576">
        <ele>283.8</ele>
      </trkpt>
      <trkpt lat="34.47859" lon="-119.79568">
        <ele>282.9</ele>
      </trkpt>
      <trkpt lat="34.47858" lon="-119.79564">
        <ele>282.3</ele>
      </trkpt>
      <trkpt lat="34.47856" lon="-119.7956">
        <ele>281.6</ele>
      </trkpt>
      <trkpt lat="34.47854" lon="-119.79555">
        <ele>280.8</ele>
      </trkpt>
      <trkpt lat="34.47852" lon="-119.7955">
        <ele>279.8</ele>
      </trkpt>
      <trkpt lat="34.47851" lon="-119.79548">
        <ele>279.5</ele>
      </trkpt>
      <trkpt lat="34.47849" lon="-119.79545">
        <ele>279.0</ele>
      </trkpt>
      <trkpt lat="34.47847" lon="-119.79543">
        <ele>278.7</ele>
      </trkpt>
      <trkpt lat="34.47845" lon="-119.7954">
        <ele>278.5</ele>
      </trkpt>
      <trkpt lat="34.47843" lon="-119.79539">
        <ele>278.6</ele>
      </trkpt>
      <trkpt lat="34.47841" lon="-119.79538">
        <ele>278.5</ele>
      </trkpt>
      <trkpt lat="34.47839" lon="-119.79537">
        <ele>278.3</ele>
      </trkpt>
      <trkpt lat="34.47837" lon="-119.79536">
        <ele>278.0</ele>
      </trkpt>
      <trkpt lat="34.47836" lon="-119.79536">
        <ele>277.9</ele>
      </trkpt>
      <trkpt lat="34.47833" lon="-119.79537">
        <ele>277.9</ele>
      </trkpt>
      <trkpt lat="34.4783" lon="-119.79538">
        <ele>277.8</ele>
      </trkpt>
      <trkpt lat="34.47829" lon="-119.79539">
        <ele>277.8</ele>
      </trkpt>
      <trkpt lat="34.47827" lon="-119.7954">
        <ele>277.8</ele>
      </trkpt>
      <trkpt lat="34.47826" lon="-119.79542">
        <ele>277.9</ele>
      </trkpt>
      <trkpt lat="34.47824" lon="-119.79545">
        <ele>277.9</ele>
      </trkpt>
      <trkpt lat="34.47823" lon="-119.79547">
        <ele>277.9</ele>
      </trkpt>
      <trkpt lat="34.47823" lon="-119.79548">
        <ele>278.0</ele>
      </trkpt>
      <trkpt lat="34.47821" lon="-119.79553">
        <ele>277.9</ele>
      </trkpt>
      <trkpt lat="34.4782" lon="-119.79556">
        <ele>277.9</ele>
      </trkpt>
      <trkpt lat="34.47819" lon="-119.79559">
        <ele>277.9</ele>
      </trkpt>
      <trkpt lat="34.47816" lon="-119.79564">
        <ele>277.8</ele>
      </trkpt>
      <trkpt lat="34.47812" lon="-119.79571">
        <ele>277.6</ele>
      </trkpt>
      <trkpt lat="34.47807" lon="-119.79581">
        <ele>276.7</ele>
      </trkpt>
      <trkpt lat="34.47805" lon="-119.79586">
        <ele>275.7</ele>
      </trkpt>
      <trkpt lat="34.47802" lon="-119.7959">
        <ele>274.7</ele>
      </trkpt>
      <trkpt lat="34.478" lon="-119.79596">
        <ele>273.7</ele>
      </trkpt>
      <trkpt lat="34.47799" lon="-119.79599">
        <ele>273.3</ele>
      </trkpt>
      <trkpt lat="34.47798" lon="-119.79601">
        <ele>273.0</ele>
      </trkpt>
      <trkpt lat="34.47798" lon="-119.79604">
        <ele>272.8</ele>
      </trkpt>
      <trkpt lat="34.47798" lon="-119.79605">
        <ele>272.8</ele>
      </trkpt>
      <trkpt lat="34.47798" lon="-119.79607">
        <ele>272.7</ele>
      </trkpt>
      <trkpt lat="34.47799" lon="-119.79611">
        <ele>272.8</ele>
      </trkpt>
      <trkpt lat="34.47799" lon="-119.79615">
        <ele>272.6</ele>
      </trkpt>
      <trkpt lat="34.478" lon="-119.79618">
        <ele>272.7</ele>
      </trkpt>
      <trkpt lat="34.47803" lon="-119.79626">
        <ele>272.6</ele>
      </trkpt>
      <trkpt lat="34.47804" lon="-119.79627">
        <ele>272.6</ele>
      </trkpt>
      <trkpt lat="34.47805" lon="-119.79631">
        <ele>272.1</ele>
      </trkpt>
      <trkpt lat="34.47806" lon="-119.79634">
        <ele>271.6</ele>
      </trkpt>
      <trkpt lat="34.47807" lon="-119.79637">
        <ele>271.1</ele>
      </trkpt>
      <trkpt lat="34.47808" lon="-119.7964">
        <ele>270.6</ele>
      </trkpt>
      <trkpt lat="34.47808" lon="-119.79644">
        <ele>269.6</ele>
      </trkpt>
      <trkpt lat="34.47808" lon="-119.79648">
        <ele>268.6</ele>
      </trkpt>
      <trkpt lat="34.47808" lon="-119.79651">
        <ele>268.3</ele>
      </trkpt>
      <trkpt lat="34.47807" lon="-119.79654">
        <ele>267.9</ele>
      </trkpt>
      <trkpt lat="34.47806" lon="-119.79657">
        <ele>267.4</ele>
      </trkpt>
      <trkpt lat="34.47805" lon="-119.79659">
        <ele>267.3</ele>
      </trkpt>
      <trkpt lat="34.47803" lon="-119.79661">
        <ele>267.1</ele>
      </trkpt>
      <trkpt lat="34.47802" lon="-119.79662">
        <ele>267.0</ele>
      </trkpt>
      <trkpt lat="34.478" lon="-119.79664">
        <ele>266.8</ele>
      </trkpt>
      <trkpt lat="34.47799" lon="-119.79664">
        <ele>266.7</ele>
      </trkpt>
      <trkpt lat="34.47798" lon="-119.79665">
        <ele>266.6</ele>
      </trkpt>
      <trkpt lat="34.47795" lon="-119.79666">
        <ele>266.2</ele>
      </trkpt>
      <trkpt lat="34.47788" lon="-119.79668">
        <ele>265.4</ele>
      </trkpt>
      <trkpt lat="34.47777" lon="-119.79672">
        <ele>264.3</ele>
      </trkpt>
      <trkpt lat="34.47773" lon="-119.79674">
        <ele>263.8</ele>
      </trkpt>
      <trkpt lat="34.4777" lon="-119.79676">
        <ele>263.4</ele>
      </trkpt>
      <trkpt lat="34.47765" lon="-119.79679">
        <ele>261.9</ele>
      </trkpt>
      <trkpt lat="34.47761" lon="-119.79683">
        <ele>260.8</ele>
      </trkpt>
      <trkpt lat="34.47759" lon="-119.79685">
        <ele>260.5</ele>
      </trkpt>
      <trkpt lat="34.47757" lon="-119.7969">
        <ele>260.5</ele>
      </trkpt>
      <trkpt lat="34.47755" lon="-119.79693">
        <ele>260.4</ele>
      </trkpt>
      <trkpt lat="34.47754" lon="-119.79696">
        <ele>260.5</ele>
      </trkpt>
      <trkpt lat="34.47754" lon="-119.79697">
        <ele>260.6</ele>
      </trkpt>
      <trkpt lat="34.47751" lon="-119.7971">
        <ele>260.9</ele>
      </trkpt>
      <trkpt lat="34.4775" lon="-119.79716">
        <ele>260.7</ele>
      </trkpt>
      <trkpt lat="34.47749" lon="-119.79721">
        <ele>260.3</ele>
      </trkpt>
      <trkpt lat="34.47747" lon="-119.79725">
        <ele>259.3</ele>
      </trkpt>
      <trkpt lat="34.47744" lon="-119.79729">
        <ele>257.9</ele>
      </trkpt>
      <trkpt lat="34.47742" lon="-119.79732">
        <ele>257.0</ele>
      </trkpt>
      <trkpt lat="34.47737" lon="-119.79735">
        <ele>255.6</ele>
      </trkpt>
      <trkpt lat="34.47734" lon="-119.79738">
        <ele>254.9</ele>
      </trkpt>
      <trkpt lat="34.47731" lon="-119.79739">
        <ele>254.4</ele>
      </trkpt>
      <trkpt lat="34.47728" lon="-119.7974">
        <ele>254.2</ele>
      </trkpt>
      <trkpt lat="34.47725" lon="-119.79741">
        <ele>254.2</ele>
      </trkpt>
      <trkpt lat="34.47723" lon="-119.79742">
        <ele>254.2</ele>
      </trkpt>
      <trkpt lat="34.47722" lon="-119.79742">
        <ele>254.2</ele>
      </trkpt>
      <trkpt lat="34.47718" lon="-119.79742">
        <ele>253.6</ele>
      </trkpt>
      <trkpt lat="34.47713" lon="-119.79743">
        <ele>253.0</ele>
      </trkpt>
      <trkpt lat="34.47705" lon="-119.79742">
        <ele>252.0</ele>
      </trkpt>
      <trkpt lat="34.47701" lon="-119.79741">
        <ele>251.1</ele>
      </trkpt>
      <trkpt lat="34.47689" lon="-119.79741">
        <ele>248.6</ele>
      </trkpt>
      <trkpt lat="34.47687" lon="-119.79741">
        <ele>248.2</ele>
      </trkpt>
      <trkpt lat="34.47686" lon="-119.79741">
        <ele>248.1</ele>
      </trkpt>
      <trkpt lat="34.47683" lon="-119.79741">
        <ele>247.7</ele>
      </trkpt>
      <trkpt lat="34.47679" lon="-119.79742">
        <ele>247.5</ele>
      </trkpt>
      <trkpt lat="34.47677" lon="-119.79743">
        <ele>247.5</ele>
      </trkpt>
      <trkpt lat="34.47672" lon="-119.79746">
        <ele>247.4</ele>
      </trkpt>
      <trkpt lat="34.4767" lon="-119.79748">
        <ele>247.5</ele>
      </trkpt>
      <trkpt lat="34.47668" lon="-119.79749">
        <ele>247.4</ele>
      </trkpt>
      <trkpt lat="34.47665" lon="-119.7975">
        <ele>247.2</ele>
      </trkpt>
      <trkpt lat="34.47661" lon="-119.79751">
        <ele>247.1</ele>
      </trkpt>
      <trkpt lat="34.47658" lon="-119.79752">
        <ele>247.1</ele>
      </trkpt>
      <trkpt lat="34.47654" lon="-119.79752">
        <ele>246.9</ele>
      </trkpt>
      <trkpt lat="34.47645" lon="-119.79752">
        <ele>246.2</ele>
      </trkpt>
      <trkpt lat="34.47635" lon="-119.79751">
        <ele>244.4</ele>
      </trkpt>
      <trkpt lat="34.47627" lon="-119.79751">
        <ele>242.7</ele>
      </trkpt>
      <trkpt lat="34.47623" lon="-119.79751">
        <ele>242.2</ele>
      </trkpt>
      <trkpt lat="34.4762" lon="-119.79753">
        <ele>242.0</ele>
      </trkpt>
      <trkpt lat="34.47617" lon="-119.79755">
        <ele>242.0</ele>
      </trkpt>
      <trkpt lat="34.47614" lon="-119.79757">
        <ele>241.9</ele>
      </trkpt>
      <trkpt lat="34.47612" lon="-119.7976">
        <ele>242.1</ele>
      </trkpt>
      <trkpt lat="34.4761" lon="-119.79764">
        <ele>242.3</ele>
      </trkpt>
      <trkpt lat="34.47608" lon="-119.79768">
        <ele>242.4</ele>
      </trkpt>
      <trkpt lat="34.47605" lon="-119.79774">
        <ele>242.3</ele>
      </trkpt>
      <trkpt lat="34.47603" lon="-119.79793">
        <ele>238.6</ele>
      </trkpt>
      <trkpt lat="34.47603" lon="-119.79807">
        <ele>237.5</ele>
      </trkpt>
      <trkpt lat="34.47601" lon="-119.79819">
        <ele>236.3</ele>
      </trkpt>
      <trkpt lat="34.47599" lon="-119.79832">
        <ele>236.1</ele>
      </trkpt>
      <trkpt lat="34.47596" lon="-119.79844">
        <ele>235.8</ele>
      </trkpt>
      <trkpt lat="34.47593" lon="-119.79853">
        <ele>235.5</ele>
      </trkpt>
      <trkpt lat="34.47587" lon="-119.79863">
        <ele>234.4</ele>
      </trkpt>
      <trkpt lat="34.47583" lon="-119.79868">
        <ele>233.2</ele>
      </trkpt>
      <trkpt lat="34.47578" lon="-119.79872">
        <ele>232.2</ele>
      </trkpt>
      <trkpt lat="34.47577" lon="-119.79873">
        <ele>232.0</ele>
      </trkpt>
      <trkpt lat="34.47572" lon="-119.79876">
        <ele>231.3</ele>
      </trkpt>
      <trkpt lat="34.47562" lon="-119.79877">
        <ele>230.1</ele>
      </trkpt>
      <trkpt lat="34.47559" lon="-119.79877">
        <ele>229.8</ele>
      </trkpt>
      <trkpt lat="34.47552" lon="-119.79878">
        <ele>229.5</ele>
      </trkpt>
      <trkpt lat="34.47545" lon="-119.79879">
        <ele>229.5</ele>
      </trkpt>
      <trkpt lat="34.47542" lon="-119.7988">
        <ele>229.5</ele>
      </trkpt>
      <trkpt lat="34.47538" lon="-119.79882">
        <ele>229.8</ele>
      </trkpt>
      <trkpt lat="34.47533" lon="-119.79885">
        <ele>229.7</ele>
      </trkpt>
      <trkpt lat="34.47528" lon="-119.7989">
        <ele>229.6</ele>
      </trkpt>
      <trkpt lat="34.47523" lon="-119.79896">
        <ele>229.1</ele>
      </trkpt>
      <trkpt lat="34.47518" lon="-119.79903">
        <ele>227.5</ele>
      </trkpt>
      <trkpt lat="34.47512" lon="-119.79908">
        <ele>225.2</ele>
      </trkpt>
      <trkpt lat="34.47507" lon="-119.7991">
        <ele>224.0</ele>
      </trkpt>
      <trkpt lat="34.475" lon="-119.79913">
        <ele>223.5</ele>
      </trkpt>
      <trkpt lat="34.47489" lon="-119.79914">
        <ele>223.4</ele>
      </trkpt>
      <trkpt lat="34.4748" lon="-119.79915">
        <ele>223.3</ele>
      </trkpt>
      <trkpt lat="34.47473" lon="-119.79916">
        <ele>223.3</ele>
      </trkpt>
      <trkpt lat="34.47468" lon="-119.79917">
        <ele>223.1</ele>
      </trkpt>
      <trkpt lat="34.47464" lon="-119.7992">
        <ele>223.1</ele>
      </trkpt>
      <trkpt lat="34.47462" lon="-119.79922">
        <ele>223.1</ele>
      </trkpt>
      <trkpt lat="34.4746" lon="-119.79925">
        <ele>223.1</ele>
      </trkpt>
      <trkpt lat="34.47457" lon="-119.79934">
        <ele>223.4</ele>
      </trkpt>
      <trkpt lat="34.47453" lon="-119.79945">
        <ele>221.7</ele>
      </trkpt>
      <trkpt lat="34.47451" lon="-119.79957">
        <ele>219.7</ele>
      </trkpt>
      <trkpt lat="34.47447" lon="-119.79965">
        <ele>219.0</ele>
      </trkpt>
      <trkpt lat="34.47444" lon="-119.7997">
        <ele>218.6</ele>
      </trkpt>
      <trkpt lat="34.4744" lon="-119.79975">
        <ele>218.7</ele>
      </trkpt>
      <trkpt lat="34.47436" lon="-119.79979">
        <ele>218.7</ele>
      </trkpt>
      <trkpt lat="34.47432" lon="-119.79981">
        <ele>218.5</ele>
      </trkpt>
      <trkpt lat="34.47427" lon="-119.79984">
        <ele>218.5</ele>
      </trkpt>
      <trkpt lat="34.4742" lon="-119.79987">
        <ele>218.3</ele>
      </trkpt>
      <trkpt lat="34.47409" lon="-119.79989">
        <ele>217.5</ele>
      </trkpt>
      <trkpt lat="34.47398" lon="-119.79991">
        <ele>215.6</ele>
      </trkpt>
      <trkpt lat="34.47386" lon="-119.79993">
        <ele>212.2</ele>
      </trkpt>
      <trkpt lat="34.47378" lon="-119.79995">
        <ele>211.2</ele>
      </trkpt>
      <trkpt lat="34.4737" lon="-119.79997">
        <ele>210.9</ele>
      </trkpt>
      <trkpt lat="34.47364" lon="-119.80001">
        <ele>210.4</ele>
      </trkpt>
      <trkpt lat="34.47358" lon="-119.80005">
        <ele>210.0</ele>
      </trkpt>
      <trkpt lat="34.47346" lon="-119.80015">
        <ele>209.8</ele>
      </trkpt>
      <trkpt lat="34.47327" lon="-119.80031">
        <ele>209.5</ele>
      </trkpt>
      <trkpt lat="34.47311" lon="-119.80046">
        <ele>206.0</ele>
      </trkpt>
      <trkpt lat="34.47301" lon="-119.80056">
        <ele>205.6</ele>
      </trkpt>
      <trkpt lat="34.47294" lon="-119.80065">
        <ele>205.1</ele>
      </trkpt>
      <trkpt lat="34.47287" lon="-119.80074">
        <ele>202.4</ele>
      </trkpt>
      <trkpt lat="34.47277" lon="-119.80088">
        <ele>200.6</ele>
      </trkpt>
      <trkpt lat="34.47266" lon="-119.80106">
        <ele>199.9</ele>
      </trkpt>
      <trkpt lat="34.47258" lon="-119.8012">
        <ele>199.3</ele>
      </trkpt>
      <trkpt lat="34.47242" lon="-119.80148">
        <ele>194.4</ele>
      </trkpt>
      <trkpt lat="34.47237" lon="-119.80158">
        <ele>193.8</ele>
      </trkpt>
      <trkpt lat="34.47234" lon="-119.80163">
        <ele>193.8</ele>
      </trkpt>
      <trkpt lat="34.4723" lon="-119.80171">
        <ele>193.7</ele>
      </trkpt>
      <trkpt lat="34.47226" lon="-119.80182">
        <ele>193.3</ele>
      </trkpt>
      <trkpt lat="34.47222" lon="-119.80191">
        <ele>192.7</ele>
      </trkpt>
      <trkpt lat="34.47217" lon="-119.80204">
        <ele>190.1</ele>
      </trkpt>
      <trkpt lat="34.47212" lon="-119.80218">
        <ele>187.2</ele>
      </trkpt>
      <trkpt lat="34.47209" lon="-119.80224">
        <ele>186.5</ele>
      </trkpt>
      <trkpt lat="34.47206" lon="-119.80228">
        <ele>186.3</ele>
      </trkpt>
      <trkpt lat="34.47203" lon="-119.80231">
        <ele>186.3</ele>
      </trkpt>
      <trkpt lat="34.47201" lon="-119.80233">
        <ele>186.2</ele>
      </trkpt>
      <trkpt lat="34.47199" lon="-119.80234">
        <ele>186.1</ele>
      </trkpt>
      <trkpt lat="34.47197" lon="-119.80235">
        <ele>186.1</ele>
      </trkpt>
      <trkpt lat="34.47195" lon="-119.80236">
        <ele>186.0</ele>
      </trkpt>
      <trkpt lat="34.47193" lon="-119.80236">
        <ele>185.9</ele>
      </trkpt>
      <trkpt lat="34.4719" lon="-119.80236">
        <ele>185.9</ele>
      </trkpt>
      <trkpt lat="34.47187" lon="-119.80235">
        <ele>185.9</ele>
      </trkpt>
      <trkpt lat="34.47183" lon="-119.80233">
        <ele>185.6</ele>
      </trkpt>
      <trkpt lat="34.4718" lon="-119.80231">
        <ele>185.2</ele>
      </trkpt>
      <trkpt lat="34.47176" lon="-119.80229">
        <ele>184.3</ele>
      </trkpt>
      <trkpt lat="34.4717" lon="-119.80222">
        <ele>182.7</ele>
      </trkpt>
      <trkpt lat="34.47167" lon="-119.80219">
        <ele>182.0</ele>
      </trkpt>
      <trkpt lat="34.47163" lon="-119.80215">
        <ele>181.9</ele>
      </trkpt>
      <trkpt lat="34.47159" lon="-119.80213">
        <ele>181.8</ele>
      </trkpt>
      <trkpt lat="34.47154" lon="-119.80211">
        <ele>181.7</ele>
      </trkpt>
      <trkpt lat="34.47149" lon="-119.8021">
        <ele>181.3</ele>
      </trkpt>
      <trkpt lat="34.47144" lon="-119.80209">
        <ele>181.3</ele>
      </trkpt>
      <trkpt lat="34.47134" lon="-119.8021">
        <ele>181.0</ele>
      </trkpt>
      <trkpt lat="34.47126" lon="-119.80211">
        <ele>180.9</ele>
      </trkpt>
      <trkpt lat="34.47117" lon="-119.80213">
        <ele>180.9</ele>
      </trkpt>
      <trkpt lat="34.47116" lon="-119.80214">
        <ele>180.8</ele>
      </trkpt>
      <trkpt lat="34.47106" lon="-119.80216">
        <ele>180.7</ele>
      </trkpt>
      <trkpt lat="34.47101" lon="-119.80218">
        <ele>180.5</ele>
      </trkpt>
      <trkpt lat="34.47096" lon="-119.80219">
        <ele>180.0</ele>
      </trkpt>
      <trkpt lat="34.47092" lon="-119.80219">
        <ele>179.5</ele>
      </trkpt>
      <trkpt lat="34.47087" lon="-119.80219">
        <ele>178.5</ele>
      </trkpt>
      <trkpt lat="34.47082" lon="-119.80217">
        <ele>177.5</ele>
      </trkpt>
      <trkpt lat="34.47079" lon="-119.80214">
        <ele>177.0</ele>
      </trkpt>
      <trkpt lat="34.47076" lon="-119.80212">
        <ele>176.5</ele>
      </trkpt>
      <trkpt lat="34.47074" lon="-119.80208">
        <ele>176.3</ele>
      </trkpt>
      <trkpt lat="34.47073" lon="-119.80204">
        <ele>176.4</ele>
      </trkpt>
      <trkpt lat="34.47072" lon="-119.80199">
        <ele>176.7</ele>
      </trkpt>
      <trkpt lat="34.47071" lon="-119.80195">
        <ele>176.8</ele>
      </trkpt>
      <trkpt lat="34.47071" lon="-119.80188">
        <ele>177.9</ele>
      </trkpt>
      <trkpt lat="34.47071" lon="-119.80176">
        <ele>179.3</ele>
      </trkpt>
      <trkpt lat="34.47072" lon="-119.80167">
        <ele>179.5</ele>
      </trkpt>
      <trkpt lat="34.47073" lon="-119.80156">
        <ele>178.0</ele>
      </trkpt>
      <trkpt lat="34.47073" lon="-119.80148">
        <ele>174.6</ele>
      </trkpt>
      <trkpt lat="34.47074" lon="-119.8014">
        <ele>172.0</ele>
      </trkpt>
      <trkpt lat="34.47073" lon="-119.80134">
        <ele>170.5</ele>
      </trkpt>
      <trkpt lat="34.47073" lon="-119.80133">
        <ele>170.3</ele>
      </trkpt>
      <trkpt lat="34.47073" lon="-119.80129">
        <ele>169.8</ele>
      </trkpt>
      <trkpt lat="34.47072" lon="-119.80126">
        <ele>169.4</ele>
      </trkpt>
      <trkpt lat="34.4707" lon="-119.80121">
        <ele>168.8</ele>
      </trkpt>
      <trkpt lat="34.47067" lon="-119.80116">
        <ele>168.9</ele>
      </trkpt>
      <trkpt lat="34.47059" lon="-119.80108">
        <ele>168.5</ele>
      </trkpt>
      <trkpt lat="34.47052" lon="-119.80099">
        <ele>168.6</ele>
      </trkpt>
      <trkpt lat="34.47047" lon="-119.80094">
        <ele>168.3</ele>
      </trkpt>
      <trkpt lat="34.47034" lon="-119.8008">
        <ele>166.4</ele>
      </trkpt>
      <trkpt lat="34.47025" lon="-119.80072">
        <ele>165.0</ele>
      </trkpt>
      <trkpt lat="34.47018" lon="-119.80068">
        <ele>164.5</ele>
      </trkpt>
      <trkpt lat="34.47008" lon="-119.80062">
        <ele>165.0</ele>
      </trkpt>
      <trkpt lat="34.47004" lon="-119.8006">
        <ele>165.0</ele>
      </trkpt>
      <trkpt lat="34.46998" lon="-119.80058">
        <ele>164.5</ele>
      </trkpt>
      <trkpt lat="34.4699" lon="-119.80056">
        <ele>163.5</ele>
      </trkpt>
      <trkpt lat="34.46982" lon="-119.80055">
        <ele>162.3</ele>
      </trkpt>
      <trkpt lat="34.46977" lon="-119.80055">
        <ele>160.9</ele>
      </trkpt>
      <trkpt lat="34.46973" lon="-119.80055">
        <ele>159.7</ele>
      </trkpt>
      <trkpt lat="34.46969" lon="-119.80056">
        <ele>158.8</ele>
      </trkpt>
      <trkpt lat="34.46959" lon="-119.80059">
        <ele>157.7</ele>
      </trkpt>
      <trkpt lat="34.46937" lon="-119.80065">
        <ele>157.5</ele>
      </trkpt>
      <trkpt lat="34.46931" lon="-119.80067">
        <ele>157.3</ele>
      </trkpt>
      <trkpt lat="34.4691" lon="-119.80071">
        <ele>157.8</ele>
      </trkpt>
      <trkpt lat="34.46902" lon="-119.80073">
        <ele>157.7</ele>
      </trkpt>
      <trkpt lat="34.469" lon="-119.80074">
        <ele>157.4</ele>
      </trkpt>
      <trkpt lat="34.46895" lon="-119.80076">
        <ele>157.1</ele>
      </trkpt>
      <trkpt lat="34.46892" lon="-119.80078">
        <ele>156.6</ele>
      </trkpt>
      <trkpt lat="34.46888" lon="-119.80081">
        <ele>155.6</ele>
      </trkpt>
      <trkpt lat="34.46884" lon="-119.80085">
        <ele>153.9</ele>
      </trkpt>
      <trkpt lat="34.4688" lon="-119.80091">
        <ele>152.0</ele>
      </trkpt>
      <trkpt lat="34.46875" lon="-119.80098">
        <ele>150.4</ele>
      </trkpt>
      <trkpt lat="34.46865" lon="-119.80111">
        <ele>149.5</ele>
      </trkpt>
      <trkpt lat="34.46857" lon="-119.8012">
        <ele>149.3</ele>
      </trkpt>
      <trkpt lat="34.4685" lon="-119.80128">
        <ele>148.3</ele>
      </trkpt>
      <trkpt lat="34.46848" lon="-119.80129">
        <ele>148.0</ele>
      </trkpt>
      <trkpt lat="34.46841" lon="-119.80136">
        <ele>146.2</ele>
      </trkpt>
      <trkpt lat="34.46834" lon="-119.80142">
        <ele>145.1</ele>
      </trkpt>
      <trkpt lat="34.46834" lon="-119.80143">
        <ele>145.0</ele>
      </trkpt>
      <trkpt lat="34.46824" lon="-119.80153">
        <ele>144.0</ele>
      </trkpt>
      <trkpt lat="34.4682" lon="-119.80159">
        <ele>143.4</ele>
      </trkpt>
      <trkpt lat="34.46813" lon="-119.8017">
        <ele>142.3</ele>
      </trkpt>
      <trkpt lat="34.46804" lon="-119.80184">
        <ele>139.6</ele>
      </trkpt>
      <trkpt lat="34.46795" lon="-119.80194">
        <ele>138.4</ele>
      </trkpt>
      <trkpt lat="34.46788" lon="-119.80199">
        <ele>138.1</ele>
      </trkpt>
      <trkpt lat="34.46783" lon="-119.80203">
        <ele>137.7</ele>
      </trkpt>
      <trkpt lat="34.46771" lon="-119.80213">
        <ele>136.8</ele>
      </trkpt>
      <trkpt lat="34.46768" lon="-119.80216">
        <ele>136.3</ele>
      </trkpt>
      <trkpt lat="34.4676" lon="-119.80224">
        <ele>134.7</ele>
      </trkpt>
      <trkpt lat="34.46751" lon="-119.80236">
        <ele>132.0</ele>
      </trkpt>
      <trkpt lat="34.46746" lon="-119.80241">
        <ele>131.6</ele>
      </trkpt>
      <trkpt lat="34.46742" lon="-119.80246">
        <ele>131.5</ele>
      </trkpt>
      <trkpt lat="34.46735" lon="-119.80252">
        <ele>131.6</ele>
      </trkpt>
      <trkpt lat="34.46733" lon="-119.80254">
        <ele>131.7</ele>
      </trkpt>
      <trkpt lat="34.4673" lon="-119.80256">
        <ele>131.8</ele>
      </trkpt>
      <trkpt lat="34.46727" lon="-119.80258">
        <ele>131.8</ele>
      </trkpt>
      <trkpt lat="34.46724" lon="-119.80259">
        <ele>131.8</ele>
      </trkpt>
      <trkpt lat="34.46722" lon="-119.80259">
        <ele>131.9</ele>
      </trkpt>
      <trkpt lat="34.46718" lon="-119.80259">
        <ele>131.8</ele>
      </trkpt>
      <trkpt lat="34.46714" lon="-119.80259">
        <ele>131.7</ele>
      </trkpt>
      <trkpt lat="34.46709" lon="-119.80258">
        <ele>131.5</ele>
      </trkpt>
      <trkpt lat="34.46701" lon="-119.80255">
        <ele>131.1</ele>
      </trkpt>
      <trkpt lat="34.46692" lon="-119.80249">
        <ele>130.2</ele>
      </trkpt>
      <trkpt lat="34.46679" lon="-119.8024">
        <ele>128.5</ele>
      </trkpt>
      <trkpt lat="34.46665" lon="-119.80223">
        <ele>127.1</ele>
      </trkpt>
      <trkpt lat="34.4666" lon="-119.80217">
        <ele>126.7</ele>
      </trkpt>
      <trkpt lat="34.46652" lon="-119.80204">
        <ele>126.0</ele>
      </trkpt>
      <trkpt lat="34.46647" lon="-119.80195">
        <ele>125.5</ele>
      </trkpt>
      <trkpt lat="34.46644" lon="-119.80188">
        <ele>125.3</ele>
      </trkpt>
      <trkpt lat="34.46641" lon="-119.80181">
        <ele>125.0</ele>
      </trkpt>
      <trkpt lat="34.46635" lon="-119.80167">
        <ele>124.6</ele>
      </trkpt>
      <trkpt lat="34.4663" lon="-119.80159">
        <ele>124.1</ele>
      </trkpt>
      <trkpt lat="34.46627" lon="-119.80155">
        <ele>123.9</ele>
      </trkpt>
      <trkpt lat="34.46624" lon="-119.8015">
        <ele>123.5</ele>
      </trkpt>
      <trkpt lat="34.4662" lon="-119.80147">
        <ele>123.1</ele>
      </trkpt>
      <trkpt lat="34.46612" lon="-119.80141">
        <ele>121.8</ele>
      </trkpt>
      <trkpt lat="34.46597" lon="-119.80129">
        <ele>119.1</ele>
      </trkpt>
      <trkpt lat="34.46592" lon="-119.80125">
        <ele>118.5</ele>
      </trkpt>
      <trkpt lat="34.46582" lon="-119.80117">
        <ele>118.3</ele>
      </trkpt>
      <trkpt lat="34.4658" lon="-119.80116">
        <ele>118.3</ele>
      </trkpt>
      <trkpt lat="34.46571" lon="-119.80107">
        <ele>118.1</ele>
      </trkpt>
      <trkpt lat="34.46563" lon="-119.80098">
        <ele>117.9</ele>
      </trkpt>
      <trkpt lat="34.46555" lon="-119.80089">
        <ele>117.8</ele>
      </trkpt>
      <trkpt lat="34.46541" lon="-119.80075">
        <ele>118.3</ele>
      </trkpt>
      <trkpt lat="34.46536" lon="-119.80069">
        <ele>118.1</ele>
      </trkpt>
      <trkpt lat="34.46526" lon="-119.8006">
        <ele>117.9</ele>
      </trkpt>
      <trkpt lat="34.46516" lon="-119.80053">
        <ele>118.1</ele>
      </trkpt>
      <trkpt lat="34.46512" lon="-119.8005">
        <ele>118.3</ele>
      </trkpt>
      <trkpt lat="34.465" lon="-119.80045">
        <ele>118.2</ele>
      </trkpt>
      <trkpt lat="34.46489" lon="-119.8004">
        <ele>115.7</ele>
      </trkpt>
      <trkpt lat="34.46479" lon="-119.80037">
        <ele>113.9</ele>
      </trkpt>
      <trkpt lat="34.46463" lon="-119.80034">
        <ele>112.8</ele>
      </trkpt>
      <trkpt lat="34.4646" lon="-119.80033">
        <ele>112.8</ele>
      </trkpt>
      <trkpt lat="34.46453" lon="-119.8003">
        <ele>112.7</ele>
      </trkpt>
      <trkpt lat="34.46444" lon="-119.80026">
        <ele>112.7</ele>
      </trkpt>
      <trkpt lat="34.46443" lon="-119.80025">
        <ele>112.6</ele>
      </trkpt>
      <trkpt lat="34.46432" lon="-119.80017">
        <ele>112.2</ele>
      </trkpt>
      <trkpt lat="34.46428" lon="-119.80014">
        <ele>112.1</ele>
      </trkpt>
      <trkpt lat="34.46421" lon="-119.80007">
        <ele>111.5</ele>
      </trkpt>
      <trkpt lat="34.46414" lon="-119.79999">
        <ele>110.3</ele>
      </trkpt>
      <trkpt lat="34.46409" lon="-119.79993">
        <ele>109.1</ele>
      </trkpt>
      <trkpt lat="34.46387" lon="-119.79967">
        <ele>107.2</ele>
      </trkpt>
      <trkpt lat="34.46377" lon="-119.79953">
        <ele>106.8</ele>
      </trkpt>
      <trkpt lat="34.46376" lon="-119.79953">
        <ele>106.8</ele>
      </trkpt>
      <trkpt lat="34.46373" lon="-119.79947">
        <ele>106.6</ele>
      </trkpt>
      <trkpt lat="34.46367" lon="-119.79937">
        <ele>106.3</ele>
      </trkpt>
      <trkpt lat="34.46366" lon="-119.79935">
        <ele>106.2</ele>
      </trkpt>
      <trkpt lat="34.46363" lon="-119.79926">
        <ele>105.8</ele>
      </trkpt>
      <trkpt lat="34.4636" lon="-119.79917">
        <ele>105.3</ele>
      </trkpt>
      <trkpt lat="34.4636" lon="-119.79915">
        <ele>105.1</ele>
      </trkpt>
      <trkpt lat="34.46359" lon="-119.79906">
        <ele>104.4</ele>
      </trkpt>
      <trkpt lat="34.46358" lon="-119.79895">
        <ele>103.4</ele>
      </trkpt>
      <trkpt lat="34.46358" lon="-119.79893">
        <ele>103.2</ele>
      </trkpt>
      <trkpt lat="34.46358" lon="-119.79887">
        <ele>102.7</ele>
      </trkpt>
      <trkpt lat="34.46358" lon="-119.79876">
        <ele>101.6</ele>
      </trkpt>
      <trkpt lat="34.46359" lon="-119.79862">
        <ele>100.5</ele>
      </trkpt>
      <trkpt lat="34.46359" lon="-119.79852">
        <ele>99.9</ele>
      </trkpt>
      <trkpt lat="34.46359" lon="-119.79849">
        <ele>99.8</ele>
      </trkpt>
      <trkpt lat="34.46359" lon="-119.79843">
        <ele>99.5</ele>
      </trkpt>
      <trkpt lat="34.46359" lon="-119.79836">
        <ele>99.2</ele>
      </trkpt>
      <trkpt lat="34.46358" lon="-119.79828">
        <ele>98.8</ele>
      </trkpt>
      <trkpt lat="34.46358" lon="-119.79826">
        <ele>98.7</ele>
      </trkpt>
      <trkpt lat="34.46356" lon="-119.79817">
        <ele>97.8</ele>
      </trkpt>
      <trkpt lat="34.46355" lon="-119.7981">
        <ele>96.3</ele>
      </trkpt>
      <trkpt lat="34.46353" lon="-119.79807">
        <ele>96.0</ele>
      </trkpt>
      <trkpt lat="34.4635" lon="-119.79797">
        <ele>94.5</ele>
      </trkpt>
      <trkpt lat="34.46346" lon="-119.79787">
        <ele>94.0</ele>
      </trkpt>
      <trkpt lat="34.46345" lon="-119.79784">
        <ele>93.9</ele>
      </trkpt>
      <trkpt lat="34.46339" lon="-119.79767">
        <ele>93.5</ele>
      </trkpt>
      <trkpt lat="34.4633" lon="-119.79748">
        <ele>93.3</ele>
      </trkpt>
      <trkpt lat="34.4633" lon="-119.79745">
        <ele>93.1</ele>
      </trkpt>
      <trkpt lat="34.46324" lon="-119.79733">
        <ele>92.7</ele>
      </trkpt>
      <trkpt lat="34.46322" lon="-119.79728">
        <ele>91.4</ele>
      </trkpt>
      <trkpt lat="34.4632" lon="-119.79726">
        <ele>90.8</ele>
      </trkpt>
      <trkpt lat="34.46316" lon="-119.7972">
        <ele>89.4</ele>
      </trkpt>
      <trkpt lat="34.46311" lon="-119.79713">
        <ele>88.3</ele>
      </trkpt>
      <trkpt lat="34.4631" lon="-119.79712">
        <ele>88.3</ele>
      </trkpt>
      <trkpt lat="34.46308" lon="-119.7971">
        <ele>88.3</ele>
      </trkpt>
      <trkpt lat="34.46302" lon="-119.79705">
        <ele>88.4</ele>
      </trkpt>
      <trkpt lat="34.46296" lon="-119.79699">
        <ele>88.5</ele>
      </trkpt>
      <trkpt lat="34.46294" lon="-119.79697">
        <ele>88.5</ele>
      </trkpt>
      <trkpt lat="34.46288" lon="-119.79691">
        <ele>88.6</ele>
      </trkpt>
      <trkpt lat="34.46283" lon="-119.79683">
        <ele>88.1</ele>
      </trkpt>
      <trkpt lat="34.46278" lon="-119.79675">
        <ele>87.3</ele>
      </trkpt>
      <trkpt lat="34.46274" lon="-119.79668">
        <ele>85.6</ele>
      </trkpt>
      <trkpt lat="34.46267" lon="-119.79655">
        <ele>83.0</ele>
      </trkpt>
      <trkpt lat="34.46263" lon="-119.79647">
        <ele>82.0</ele>
      </trkpt>
      <trkpt lat="34.46263" lon="-119.79646">
        <ele>81.8</ele>
      </trkpt>
      <trkpt lat="34.46258" lon="-119.7964">
        <ele>81.5</ele>
      </trkpt>
      <trkpt lat="34.46254" lon="-119.79635">
        <ele>81.0</ele>
      </trkpt>
      <trkpt lat="34.4625" lon="-119.79632">
        <ele>81.3</ele>
      </trkpt>
      <trkpt lat="34.46245" lon="-119.7963">
        <ele>81.0</ele>
      </trkpt>
      <trkpt lat="34.4624" lon="-119.79628">
        <ele>80.4</ele>
      </trkpt>
      <trkpt lat="34.46234" lon="-119.79627">
        <ele>79.3</ele>
      </trkpt>
      <trkpt lat="34.46233" lon="-119.79627">
        <ele>79.2</ele>
      </trkpt>
      <trkpt lat="34.46226" lon="-119.79628">
        <ele>78.3</ele>
      </trkpt>
      <trkpt lat="34.46215" lon="-119.79631">
        <ele>77.6</ele>
      </trkpt>
      <trkpt lat="34.46209" lon="-119.79633">
        <ele>77.5</ele>
      </trkpt>
      <trkpt lat="34.46184" lon="-119.79635">
        <ele>75.2</ele>
      </trkpt>
      <trkpt lat="34.46182" lon="-119.79635">
        <ele>74.7</ele>
      </trkpt>
      <trkpt lat="34.46128" lon="-119.79638">
        <ele>71.3</ele>
      </trkpt>
      <trkpt lat="34.4611" lon="-119.79639">
        <ele>70.2</ele>
      </trkpt>
      <trkpt lat="34.46107" lon="-119.79639">
        <ele>69.6</ele>
      </trkpt>
      <trkpt lat="34.46101" lon="-119.7964">
        <ele>68.5</ele>
      </trkpt>
      <trkpt lat="34.46095" lon="-119.7964">
        <ele>67.3</ele>
      </trkpt>
      <trkpt lat="34.46092" lon="-119.7964">
        <ele>66.8</ele>
      </trkpt>
      <trkpt lat="34.46089" lon="-119.79639">
        <ele>66.5</ele>
      </trkpt>
      <trkpt lat="34.46082" lon="-119.79638">
        <ele>65.9</ele>
      </trkpt>
      <trkpt lat="34.4608" lon="-119.79637">
        <ele>65.7</ele>
      </trkpt>
      <trkpt lat="34.46075" lon="-119.79634">
        <ele>65.2</ele>
      </trkpt>
      <trkpt lat="34.46072" lon="-119.79631">
        <ele>64.8</ele>
      </trkpt>
      <trkpt lat="34.46065" lon="-119.79626">
        <ele>64.2</ele>
      </trkpt>
      <trkpt lat="34.4606" lon="-119.7962">
        <ele>63.4</ele>
      </trkpt>
      <trkpt lat="34.46055" lon="-119.79613">
        <ele>61.6</ele>
      </trkpt>
      <trkpt lat="34.46052" lon="-119.79608">
        <ele>58.9</ele>
      </trkpt>
      <trkpt lat="34.46046" lon="-119.796">
        <ele>55.2</ele>
      </trkpt>
      <trkpt lat="34.46041" lon="-119.79592">
        <ele>54.1</ele>
      </trkpt>
      <trkpt lat="34.4604" lon="-119.79591">
        <ele>54.0</ele>
      </trkpt>
      <trkpt lat="34.46036" lon="-119.79586">
        <ele>53.8</ele>
      </trkpt>
      <trkpt lat="34.46031" lon="-119.79579">
        <ele>53.5</ele>
      </trkpt>
      <trkpt lat="34.46026" lon="-119.79573">
        <ele>53.3</ele>
      </trkpt>
      <trkpt lat="34.46021" lon="-119.79569">
        <ele>53.3</ele>
      </trkpt>
      <trkpt lat="34.46016" lon="-119.79566">
        <ele>53.3</ele>
      </trkpt>
      <trkpt lat="34.46011" lon="-119.79563">
        <ele>53.3</ele>
      </trkpt>
      <trkpt lat="34.45996" lon="-119.79557">
        <ele>53.4</ele>
      </trkpt>
      <trkpt lat="34.45974" lon="-119.79552">
        <ele>53.4</ele>
      </trkpt>
      <trkpt lat="34.45949" lon="-119.79548">
        <ele>51.3</ele>
      </trkpt>
      <trkpt lat="34.4594" lon="-119.79545">
        <ele>50.6</ele>
      </trkpt>
      <trkpt lat="34.45936" lon="-119.79545">
        <ele>50.3</ele>
      </trkpt>
      <trkpt lat="34.45929" lon="-119.79543">
        <ele>49.7</ele>
      </trkpt>
      <trkpt lat="34.45913" lon="-119.79541">
        <ele>48.4</ele>
      </trkpt>
      <trkpt lat="34.45899" lon="-119.79542">
        <ele>47.3</ele>
      </trkpt>
      <trkpt lat="34.45893" lon="-119.79542">
        <ele>46.8</ele>
      </trkpt>
      <trkpt lat="34.45887" lon="-119.79542">
        <ele>46.3</ele>
      </trkpt>
      <trkpt lat="34.45878" lon="-119.79544">
        <ele>45.6</ele>
      </trkpt>
      <trkpt lat="34.45871" lon="-119.79546">
        <ele>45.5</ele>
      </trkpt>
      <trkpt lat="34.45826" lon="-119.79557">
        <ele>44.7</ele>
      </trkpt>
      <trkpt lat="34.45825" lon="-119.79557">
        <ele>44.7</ele>
      </trkpt>
      <trkpt lat="34.45808" lon="-119.79561">
        <ele>44.5</ele>
      </trkpt>
      <trkpt lat="34.45807" lon="-119.79562">
        <ele>44.5</ele>
      </trkpt>
      <trkpt lat="34.45797" lon="-119.79564">
        <ele>44.4</ele>
      </trkpt>
      <trkpt lat="34.4579" lon="-119.79567">
        <ele>44.2</ele>
      </trkpt>
      <trkpt lat="34.45783" lon="-119.79569">
        <ele>44.1</ele>
      </trkpt>
      <trkpt lat="34.45777" lon="-119.79573">
        <ele>44.0</ele>
      </trkpt>
      <trkpt lat="34.45764" lon="-119.7958">
        <ele>44.0</ele>
      </trkpt>
      <trkpt lat="34.45754" lon="-119.79587">
        <ele>44.0</ele>
      </trkpt>
      <trkpt lat="34.45733" lon="-119.79602">
        <ele>44.0</ele>
      </trkpt>
      <trkpt lat="34.4573" lon="-119.79604">
        <ele>44.0</ele>
      </trkpt>
      <trkpt lat="34.45729" lon="-119.79604">
        <ele>44.0</ele>
      </trkpt>
      <trkpt lat="34.4572" lon="-119.79609">
        <ele>44.1</ele>
      </trkpt>
      <trkpt lat="34.45713" lon="-119.79613">
        <ele>44.2</ele>
      </trkpt>
      <trkpt lat="34.45708" lon="-119.79615">
        <ele>44.2</ele>
      </trkpt>
      <trkpt lat="34.45699" lon="-119.79617">
        <ele>44.2</ele>
      </trkpt>
      <trkpt lat="34.45687" lon="-119.79618">
        <ele>44.3</ele>
      </trkpt>
      <trkpt lat="34.45672" lon="-119.79618">
        <ele>44.3</ele>
      </trkpt>
      <trkpt lat="34.45643" lon="-119.79618">
        <ele>44.1</ele>
      </trkpt>
      <trkpt lat="34.45603" lon="-119.79619">
        <ele>43.0</ele>
      </trkpt>
      <trkpt lat="34.45538" lon="-119.79619">
        <ele>40.0</ele>
      </trkpt>
      <trkpt lat="34.45534" lon="-119.79619">
        <ele>40.0</ele>
      </trkpt>
      <trkpt lat="34.45498" lon="-119.7962">
        <ele>39.8</ele>
      </trkpt>
      <trkpt lat="34.45428" lon="-119.7962">
        <ele>40.4</ele>
      </trkpt>
      <trkpt lat="34.45386" lon="-119.7962">
        <ele>41.3</ele>
      </trkpt>
      <trkpt lat="34.45352" lon="-119.79621">
        <ele>42.1</ele>
      </trkpt>
      <trkpt lat="34.45289" lon="-119.79621">
        <ele>42.3</ele>
      </trkpt>
      <trkpt lat="34.45193" lon="-119.79622">
        <ele>39.8</ele>
      </trkpt>
      <trkpt lat="34.45181" lon="-119.79622">
        <ele>39.2</ele>
      </trkpt>
      <trkpt lat="34.4515" lon="-119.79622">
        <ele>38.3</ele>
      </trkpt>
      <trkpt lat="34.4515" lon="-119.79622">
        <ele>38.3</ele>
      </trkpt>
      <trkpt lat="34.45151" lon="-119.79535">
        <ele>43.5</ele>
      </trkpt>
      <trkpt lat="34.45151" lon="-119.79522">
        <ele>44.5</ele>
      </trkpt>
      <trkpt lat="34.45151" lon="-119.79477">
        <ele>48.5</ele>
      </trkpt>
      <trkpt lat="34.45152" lon="-119.7943">
        <ele>52.2</ele>
      </trkpt>
      <trkpt lat="34.45152" lon="-119.79409">
        <ele>51.3</ele>
      </trkpt>
      <trkpt lat="34.45153" lon="-119.79365">
        <ele>48.7</ele>
      </trkpt>
      <trkpt lat="34.45153" lon="-119.79346">
        <ele>48.4</ele>
      </trkpt>
      <trkpt lat="34.45153" lon="-119.79327">
        <ele>48.2</ele>
      </trkpt>
      <trkpt lat="34.45154" lon="-119.793">
        <ele>47.9</ele>
      </trkpt>
      <trkpt lat="34.45155" lon="-119.79253">
        <ele>47.8</ele>
      </trkpt>
      <trkpt lat="34.45156" lon="-119.79198">
        <ele>49.0</ele>
      </trkpt>
      <trkpt lat="34.45156" lon="-119.79193">
        <ele>49.2</ele>
      </trkpt>
      <trkpt lat="34.45155" lon="-119.79174">
        <ele>49.7</ele>
      </trkpt>
      <trkpt lat="34.45153" lon="-119.79154">
        <ele>51.0</ele>
      </trkpt>
      <trkpt lat="34.45146" lon="-119.79112">
        <ele>52.9</ele>
      </trkpt>
      <trkpt lat="34.45146" lon="-119.79111">
        <ele>52.8</ele>
      </trkpt>
      <trkpt lat="34.4514" lon="-119.7908">
        <ele>48.2</ele>
      </trkpt>
      <trkpt lat="34.4514" lon="-119.79079">
        <ele>48.1</ele>
      </trkpt>
      <trkpt lat="34.45137" lon="-119.79067">
        <ele>48.1</ele>
      </trkpt>
      <trkpt lat="34.45135" lon="-119.79057">
        <ele>48.1</ele>
      </trkpt>
      <trkpt lat="34.45134" lon="-119.79048">
        <ele>48.2</ele>
      </trkpt>
      <trkpt lat="34.45133" lon="-119.79033">
        <ele>48.2</ele>
      </trkpt>
      <trkpt lat="34.45131" lon="-119.79007">
        <ele>48.4</ele>
      </trkpt>
      <trkpt lat="34.45131" lon="-119.79007">
        <ele>48.4</ele>
      </trkpt>
      <trkpt lat="34.45122" lon="-119.79009">
        <ele>48.4</ele>
      </trkpt>
      <trkpt lat="34.45113" lon="-119.79011">
        <ele>48.5</ele>
      </trkpt>
      <trkpt lat="34.45112" lon="-119.79012">
        <ele>48.4</ele>
      </trkpt>
      <trkpt lat="34.45107" lon="-119.79013">
        <ele>48.7</ele>
      </trkpt>
      <trkpt lat="34.45106" lon="-119.79014">
        <ele>48.5</ele>
      </trkpt>
      <trkpt lat="34.45096" lon="-119.79017">
        <ele>48.4</ele>
      </trkpt>
      <trkpt lat="34.45095" lon="-119.79017">
        <ele>48.4</ele>
      </trkpt>
      <trkpt lat="34.45094" lon="-119.79018">
        <ele>48.2</ele>
      </trkpt>
      <trkpt lat="34.45089" lon="-119.7902">
        <ele>48.0</ele>
      </trkpt>
      <trkpt lat="34.45083" lon="-119.79023">
        <ele>47.8</ele>
      </trkpt>
      <trkpt lat="34.45073" lon="-119.79029">
        <ele>47.3</ele>
      </trkpt>
      <trkpt lat="34.4507" lon="-119.79031">
        <ele>47.2</ele>
      </trkpt>
      <trkpt lat="34.45063" lon="-119.79036">
        <ele>47.0</ele>
      </trkpt>
      <trkpt lat="34.4506" lon="-119.79038">
        <ele>46.9</ele>
      </trkpt>
      <trkpt lat="34.45053" lon="-119.79044">
        <ele>46.7</ele>
      </trkpt>
      <trkpt lat="34.45036" lon="-119.7906">
        <ele>46.7</ele>
      </trkpt>
      <trkpt lat="34.45014" lon="-119.7908">
        <ele>49.1</ele>
      </trkpt>
      <trkpt lat="34.45005" lon="-119.79089">
        <ele>52.2</ele>
      </trkpt>
      <trkpt lat="34.44963" lon="-119.79129">
        <ele>47.8</ele>
      </trkpt>
      <trkpt lat="34.44949" lon="-119.79143">
        <ele>45.9</ele>
      </trkpt>
      <trkpt lat="34.44944" lon="-119.79147">
        <ele>44.8</ele>
      </trkpt>
      <trkpt lat="34.44937" lon="-119.79154">
        <ele>43.4</ele>
      </trkpt>
      <trkpt lat="34.44929" lon="-119.79159">
        <ele>42.6</ele>
      </trkpt>
      <trkpt lat="34.44923" lon="-119.79163">
        <ele>42.4</ele>
      </trkpt>
      <trkpt lat="34.44916" lon="-119.79166">
        <ele>42.6</ele>
      </trkpt>
      <trkpt lat="34.44909" lon="-119.79169">
        <ele>43.0</ele>
      </trkpt>
      <trkpt lat="34.44906" lon="-119.79171">
        <ele>43.1</ele>
      </trkpt>
      <trkpt lat="34.44902" lon="-119.79172">
        <ele>43.5</ele>
      </trkpt>
      <trkpt lat="34.44899" lon="-119.79173">
        <ele>43.6</ele>
      </trkpt>
      <trkpt lat="34.44887" lon="-119.79176">
        <ele>44.2</ele>
      </trkpt>
      <trkpt lat="34.44886" lon="-119.79176">
        <ele>44.2</ele>
      </trkpt>
      <trkpt lat="34.44873" lon="-119.79178">
        <ele>44.5</ele>
      </trkpt>
      <trkpt lat="34.44861" lon="-119.79179">
        <ele>44.7</ele>
      </trkpt>
      <trkpt lat="34.44849" lon="-119.79178">
        <ele>45.1</ele>
      </trkpt>
      <trkpt lat="34.4483" lon="-119.79174">
        <ele>44.2</ele>
      </trkpt>
      <trkpt lat="34.44815" lon="-119.7917">
        <ele>41.3</ele>
      </trkpt>
      <trkpt lat="34.44802" lon="-119.79163">
        <ele>41.7</ele>
      </trkpt>
      <trkpt lat="34.44797" lon="-119.79159">
        <ele>41.8</ele>
      </trkpt>
      <trkpt lat="34.44787" lon="-119.79152">
        <ele>42.1</ele>
      </trkpt>
      <trkpt lat="34.44767" lon="-119.79133">
        <ele>44.8</ele>
      </trkpt>
      <trkpt lat="34.44749" lon="-119.79115">
        <ele>45.6</ele>
      </trkpt>
      <trkpt lat="34.44735" lon="-119.79101">
        <ele>44.5</ele>
      </trkpt>
      <trkpt lat="34.44724" lon="-119.79091">
        <ele>43.4</ele>
      </trkpt>
      <trkpt lat="34.44665" lon="-119.79033">
        <ele>42.2</ele>
      </trkpt>
      <trkpt lat="34.44651" lon="-119.79019">
        <ele>41.3</ele>
      </trkpt>
      <trkpt lat="34.44636" lon="-119.79003">
        <ele>39.9</ele>
      </trkpt>
      <trkpt lat="34.4462" lon="-119.78987">
        <ele>38.3</ele>
      </trkpt>
      <trkpt lat="34.44617" lon="-119.78983">
        <ele>38.0</ele>
      </trkpt>
      <trkpt lat="34.44602" lon="-119.78968">
        <ele>37.1</ele>
      </trkpt>
      <trkpt lat="34.44595" lon="-119.78962">
        <ele>36.9</ele>
      </trkpt>
      <trkpt lat="34.4459" lon="-119.78958">
        <ele>36.9</ele>
      </trkpt>
      <trkpt lat="34.44576" lon="-119.78947">
        <ele>37.0</ele>
      </trkpt>
      <trkpt lat="34.44567" lon="-119.7894">
        <ele>37.0</ele>
      </trkpt>
      <trkpt lat="34.44562" lon="-119.78938">
        <ele>37.0</ele>
      </trkpt>
      <trkpt lat="34.44558" lon="-119.78936">
        <ele>37.0</ele>
      </trkpt>
      <trkpt lat="34.44553" lon="-119.78935">
        <ele>36.9</ele>
      </trkpt>
      <trkpt lat="34.44548" lon="-119.78933">
        <ele>36.8</ele>
      </trkpt>
      <trkpt lat="34.44537" lon="-119.78937">
        <ele>36.9</ele>
      </trkpt>
      <trkpt lat="34.44536" lon="-119.78937">
        <ele>37.0</ele>
      </trkpt>
      <trkpt lat="34.44508" lon="-119.78936">
        <ele>37.3</ele>
      </trkpt>
      <trkpt lat="34.44483" lon="-119.78935">
        <ele>36.8</ele>
      </trkpt>
      <trkpt lat="34.44463" lon="-119.78936">
        <ele>36.6</ele>
      </trkpt>
      <trkpt lat="34.44437" lon="-119.78937">
        <ele>35.9</ele>
      </trkpt>
      <trkpt lat="34.44406" lon="-119.78938">
        <ele>34.8</ele>
      </trkpt>
      <trkpt lat="34.44388" lon="-119.78938">
        <ele>34.3</ele>
      </trkpt>
      <trkpt lat="34.44371" lon="-119.78938">
        <ele>33.6</ele>
      </trkpt>
      <trkpt lat="34.4437" lon="-119.78938">
        <ele>33.6</ele>
      </trkpt>
      <trkpt lat="34.44353" lon="-119.78939">
        <ele>33.5</ele>
      </trkpt>
      <trkpt lat="34.44352" lon="-119.78939">
        <ele>33.5</ele>
      </trkpt>
      <trkpt lat="34.44346" lon="-119.78939">
        <ele>33.4</ele>
      </trkpt>
      <trkpt lat="34.44317" lon="-119.7894">
        <ele>33.5</ele>
      </trkpt>
      <trkpt lat="34.44316" lon="-119.7894">
        <ele>33.5</ele>
      </trkpt>
      <trkpt lat="34.44299" lon="-119.7894">
        <ele>34.1</ele>
      </trkpt>
      <trkpt lat="34.44245" lon="-119.7894">
        <ele>34.5</ele>
      </trkpt>
      <trkpt lat="34.44223" lon="-119.7894">
        <ele>34.7</ele>
      </trkpt>
      <trkpt lat="34.44191" lon="-119.7894">
        <ele>35.0</ele>
      </trkpt>
      <trkpt lat="34.44155" lon="-119.78941">
        <ele>32.4</ele>
      </trkpt>
      <trkpt lat="34.44125" lon="-119.78942">
        <ele>30.3</ele>
      </trkpt>
      <trkpt lat="34.44119" lon="-119.78942">
        <ele>29.9</ele>
      </trkpt>
      <trkpt lat="34.44116" lon="-119.78942">
        <ele>29.7</ele>
      </trkpt>
      <trkpt lat="34.44095" lon="-119.78943">
        <ele>28.3</ele>
      </trkpt>
      <trkpt lat="34.44083" lon="-119.78943">
        <ele>30.0</ele>
      </trkpt>
      <trkpt lat="34.44059" lon="-119.78944">
        <ele>30.8</ele>
      </trkpt>
      <trkpt lat="34.44033" lon="-119.78945">
        <ele>29.9</ele>
      </trkpt>
      <trkpt lat="34.43979" lon="-119.78946">
        <ele>24.8</ele>
      </trkpt>
      <trkpt lat="34.43943" lon="-119.78946">
        <ele>23.9</ele>
      </trkpt>
      <trkpt lat="34.43925" lon="-119.78946">
        <ele>21.9</ele>
      </trkpt>
      <trkpt lat="34.43908" lon="-119.78946">
        <ele>19.4</ele>
      </trkpt>
      <trkpt lat="34.43863" lon="-119.78947">
        <ele>18.2</ele>
      </trkpt>
      <trkpt lat="34.43816" lon="-119.78949">
        <ele>17.3</ele>
      </trkpt>
      <trkpt lat="34.4374" lon="-119.78953">
        <ele>15.4</ele>
      </trkpt>
      <trkpt lat="34.43708" lon="-119.7895">
        <ele>14.4</ele>
      </trkpt>
      <trkpt lat="34.43662" lon="-119.78951">
        <ele>13.6</ele>
      </trkpt>
      <trkpt lat="34.43648" lon="-119.78952">
        <ele>13.6</ele>
      </trkpt>
      <trkpt lat="34.43648" lon="-119.78952">
        <ele>13.6</ele>
      </trkpt>
      <trkpt lat="34.43652" lon="-119.78937">
        <ele>13.3</ele>
      </trkpt>
      <trkpt lat="34.43658" lon="-119.78904">
        <ele>12.9</ele>
      </trkpt>
      <trkpt lat="34.43665" lon="-119.78867">
        <ele>12.9</ele>
      </trkpt>
      <trkpt lat="34.43703" lon="-119.78676">
        <ele>12.6</ele>
      </trkpt>
      <trkpt lat="34.43712" lon="-119.78619">
        <ele>12.6</ele>
      </trkpt>
      <trkpt lat="34.43716" lon="-119.78599">
        <ele>12.7</ele>
      </trkpt>
      <trkpt lat="34.43718" lon="-119.78585">
        <ele>12.6</ele>
      </trkpt>
      <trkpt lat="34.43729" lon="-119.78524">
        <ele>12.8</ele>
      </trkpt>
      <trkpt lat="34.43739" lon="-119.78468">
        <ele>13.5</ele>
      </trkpt>
      <trkpt lat="34.43742" lon="-119.78454">
        <ele>13.6</ele>
      </trkpt>
      <trkpt lat="34.43757" lon="-119.78373">
        <ele>13.9</ele>
      </trkpt>
      <trkpt lat="34.43766" lon="-119.78323">
        <ele>13.7</ele>
      </trkpt>
      <trkpt lat="34.43767" lon="-119.78318">
        <ele>13.8</ele>
      </trkpt>
      <trkpt lat="34.4378" lon="-119.7825">
        <ele>13.4</ele>
      </trkpt>
      <trkpt lat="34.43783" lon="-119.78233">
        <ele>13.3</ele>
      </trkpt>
      <trkpt lat="34.43785" lon="-119.78226">
        <ele>13.3</ele>
      </trkpt>
      <trkpt lat="34.43787" lon="-119.78212">
        <ele>13.2</ele>
      </trkpt>
      <trkpt lat="34.43793" lon="-119.78179">
        <ele>13.2</ele>
      </trkpt>
      <trkpt lat="34.43794" lon="-119.78173">
        <ele>13.2</ele>
      </trkpt>
      <trkpt lat="34.43801" lon="-119.78137">
        <ele>13.9</ele>
      </trkpt>
      <trkpt lat="34.43816" lon="-119.78056">
        <ele>15.2</ele>
      </trkpt>
      <trkpt lat="34.43817" lon="-119.78052">
        <ele>15.3</ele>
      </trkpt>
      <trkpt lat="34.4382" lon="-119.78035">
        <ele>15.8</ele>
      </trkpt>
      <trkpt lat="34.43821" lon="-119.78031">
        <ele>16.0</ele>
      </trkpt>
      <trkpt lat="34.43825" lon="-119.78014">
        <ele>16.7</ele>
      </trkpt>
      <trkpt lat="34.43825" lon="-119.7801">
        <ele>16.9</ele>
      </trkpt>
      <trkpt lat="34.43825" lon="-119.78009">
        <ele>17.0</ele>
      </trkpt>
      <trkpt lat="34.43832" lon="-119.77982">
        <ele>18.3</ele>
      </trkpt>
      <trkpt lat="34.43833" lon="-119.7798">
        <ele>18.4</ele>
      </trkpt>
      <trkpt lat="34.43834" lon="-119.77978">
        <ele>18.5</ele>
      </trkpt>
      <trkpt lat="34.43839" lon="-119.77975">
        <ele>18.7</ele>
      </trkpt>
      <trkpt lat="34.43844" lon="-119.7795">
        <ele>19.6</ele>
      </trkpt>
      <trkpt lat="34.43848" lon="-119.77932">
        <ele>19.8</ele>
      </trkpt>
      <trkpt lat="34.43852" lon="-119.77909">
        <ele>20.1</ele>
      </trkpt>
      <trkpt lat="34.43856" lon="-119.77887">
        <ele>21.2</ele>
      </trkpt>
      <trkpt lat="34.43864" lon="-119.77842">
        <ele>24.1</ele>
      </trkpt>
      <trkpt lat="34.43868" lon="-119.77818">
        <ele>24.8</ele>
      </trkpt>
      <trkpt lat="34.4387" lon="-119.7781">
        <ele>24.8</ele>
      </trkpt>
      <trkpt lat="34.43879" lon="-119.77756">
        <ele>24.2</ele>
      </trkpt>
      <trkpt lat="34.4388" lon="-119.77749">
        <ele>24.2</ele>
      </trkpt>
      <trkpt lat="34.43885" lon="-119.77721">
        <ele>24.2</ele>
      </trkpt>
      <trkpt lat="34.43885" lon="-119.7772">
        <ele>24.3</ele>
      </trkpt>
      <trkpt lat="34.43889" lon="-119.77698">
        <ele>24.4</ele>
      </trkpt>
      <trkpt lat="34.43895" lon="-119.77665">
        <ele>24.6</ele>
      </trkpt>
      <trkpt lat="34.43905" lon="-119.7761">
        <ele>26.8</ele>
      </trkpt>
      <trkpt lat="34.43918" lon="-119.77537">
        <ele>30.2</ele>
      </trkpt>
      <trkpt lat="34.43921" lon="-119.77518">
        <ele>30.7</ele>
      </trkpt>
      <trkpt lat="34.43933" lon="-119.77448">
        <ele>35.1</ele>
      </trkpt>
      <trkpt lat="34.43946" lon="-119.77375">
        <ele>34.0</ele>
      </trkpt>
      <trkpt lat="34.43947" lon="-119.77368">
        <ele>33.8</ele>
      </trkpt>
      <trkpt lat="34.43953" lon="-119.77336">
        <ele>33.2</ele>
      </trkpt>
      <trkpt lat="34.43959" lon="-119.77302">
        <ele>31.9</ele>
      </trkpt>
      <trkpt lat="34.4396" lon="-119.77297">
        <ele>31.4</ele>
      </trkpt>
      <trkpt lat="34.43965" lon="-119.77268">
        <ele>30.0</ele>
      </trkpt>
      <trkpt lat="34.43972" lon="-119.77231">
        <ele>31.6</ele>
      </trkpt>
      <trkpt lat="34.43984" lon="-119.77168">
        <ele>32.2</ele>
      </trkpt>
      <trkpt lat="34.43986" lon="-119.77158">
        <ele>32.3</ele>
      </trkpt>
      <trkpt lat="34.43995" lon="-119.77112">
        <ele>33.7</ele>
      </trkpt>
      <trkpt lat="34.43993" lon="-119.771">
        <ele>34.1</ele>
      </trkpt>
      <trkpt lat="34.44013" lon="-119.77006">
        <ele>36.7</ele>
      </trkpt>
      <trkpt lat="34.44013" lon="-119.77006">
        <ele>36.7</ele>
      </trkpt>
      <trkpt lat="34.44006" lon="-119.76998">
        <ele>36.5</ele>
      </trkpt>
      <trkpt lat="34.44006" lon="-119.76998">
        <ele>36.5</ele>
      </trkpt>
      <trkpt lat="34.44004" lon="-119.76997">
        <ele>36.5</ele>
      </trkpt>
      <trkpt lat="34.43997" lon="-119.76985">
        <ele>36.3</ele>
      </trkpt>
      <trkpt lat="34.43994" lon="-119.76981">
        <ele>36.2</ele>
      </trkpt>
      <trkpt lat="34.43989" lon="-119.76973">
        <ele>36.0</ele>
      </trkpt>
      <trkpt lat="34.43959" lon="-119.76924">
        <ele>36.0</ele>
      </trkpt>
      <trkpt lat="34.43942" lon="-119.76894">
        <ele>36.5</ele>
      </trkpt>
      <trkpt lat="34.43931" lon="-119.76876">
        <ele>36.9</ele>
      </trkpt>
      <trkpt lat="34.43927" lon="-119.7687">
        <ele>37.0</ele>
      </trkpt>
      <trkpt lat="34.43923" lon="-119.76864">
        <ele>37.1</ele>
      </trkpt>
      <trkpt lat="34.43922" lon="-119.76861">
        <ele>37.1</ele>
      </trkpt>
      <trkpt lat="34.43906" lon="-119.76835">
        <ele>37.0</ele>
      </trkpt>
      <trkpt lat="34.43893" lon="-119.76813">
        <ele>37.0</ele>
      </trkpt>
      <trkpt lat="34.43891" lon="-119.76808">
        <ele>37.0</ele>
      </trkpt>
      <trkpt lat="34.4389" lon="-119.76807">
        <ele>37.0</ele>
      </trkpt>
      <trkpt lat="34.43887" lon="-119.76802">
        <ele>37.0</ele>
      </trkpt>
      <trkpt lat="34.4388" lon="-119.7679">
        <ele>36.8</ele>
      </trkpt>
      <trkpt lat="34.43875" lon="-119.7678">
        <ele>36.5</ele>
      </trkpt>
      <trkpt lat="34.43872" lon="-119.76773">
        <ele>36.2</ele>
      </trkpt>
      <trkpt lat="34.43867" lon="-119.76761">
        <ele>35.6</ele>
      </trkpt>
      <trkpt lat="34.43861" lon="-119.76749">
        <ele>35.1</ele>
      </trkpt>
      <trkpt lat="34.43859" lon="-119.76744">
        <ele>34.8</ele>
      </trkpt>
      <trkpt lat="34.43855" lon="-119.76736">
        <ele>34.5</ele>
      </trkpt>
      <trkpt lat="34.43844" lon="-119.76712">
        <ele>33.7</ele>
      </trkpt>
      <trkpt lat="34.43829" lon="-119.76679">
        <ele>32.7</ele>
      </trkpt>
      <trkpt lat="34.43824" lon="-119.76669">
        <ele>32.6</ele>
      </trkpt>
      <trkpt lat="34.43817" lon="-119.76654">
        <ele>32.8</ele>
      </trkpt>
      <trkpt lat="34.43814" lon="-119.76645">
        <ele>33.2</ele>
      </trkpt>
      <trkpt lat="34.43805" lon="-119.76625">
        <ele>34.4</ele>
      </trkpt>
      <trkpt lat="34.43802" lon="-119.76619">
        <ele>34.8</ele>
      </trkpt>
      <trkpt lat="34.43795" lon="-119.76599">
        <ele>35.7</ele>
      </trkpt>
      <trkpt lat="34.43784" lon="-119.7657">
        <ele>35.0</ele>
      </trkpt>
      <trkpt lat="34.43778" lon="-119.76551">
        <ele>34.4</ele>
      </trkpt>
      <trkpt lat="34.43775" lon="-119.76536">
        <ele>34.3</ele>
      </trkpt>
      <trkpt lat="34.43772" lon="-119.76523">
        <ele>34.2</ele>
      </trkpt>
      <trkpt lat="34.43772" lon="-119.76521">
        <ele>34.2</ele>
      </trkpt>
      <trkpt lat="34.43772" lon="-119.7652">
        <ele>34.3</ele>
      </trkpt>
      <trkpt lat="34.4377" lon="-119.76505">
        <ele>34.3</ele>
      </trkpt>
      <trkpt lat="34.43766" lon="-119.76477">
        <ele>33.7</ele>
      </trkpt>
      <trkpt lat="34.43761" lon="-119.76435">
        <ele>32.7</ele>
      </trkpt>
      <trkpt lat="34.4376" lon="-119.76423">
        <ele>32.8</ele>
      </trkpt>
      <trkpt lat="34.43758" lon="-119.76413">
        <ele>32.7</ele>
      </trkpt>
      <trkpt lat="34.43757" lon="-119.76407">
        <ele>32.7</ele>
      </trkpt>
      <trkpt lat="34.43753" lon="-119.7637">
        <ele>32.4</ele>
      </trkpt>
      <trkpt lat="34.43747" lon="-119.76328">
        <ele>33.4</ele>
      </trkpt>
      <trkpt lat="34.43746" lon="-119.76319">
        <ele>33.8</ele>
      </trkpt>
      <trkpt lat="34.43745" lon="-119.76307">
        <ele>34.2</ele>
      </trkpt>
      <trkpt lat="34.43742" lon="-119.76286">
        <ele>34.9</ele>
      </trkpt>
      <trkpt lat="34.43738" lon="-119.76263">
        <ele>35.9</ele>
      </trkpt>
      <trkpt lat="34.43736" lon="-119.76252">
        <ele>36.4</ele>
      </trkpt>
      <trkpt lat="34.43729" lon="-119.76213">
        <ele>37.8</ele>
      </trkpt>
      <trkpt lat="34.43727" lon="-119.76199">
        <ele>38.2</ele>
      </trkpt>
      <trkpt lat="34.43722" lon="-119.76171">
        <ele>38.5</ele>
      </trkpt>
      <trkpt lat="34.43719" lon="-119.76152">
        <ele>38.6</ele>
      </trkpt>
      <trkpt lat="34.43718" lon="-119.76149">
        <ele>38.7</ele>
      </trkpt>
      <trkpt lat="34.43716" lon="-119.7613">
        <ele>38.9</ele>
      </trkpt>
      <trkpt lat="34.43715" lon="-119.76122">
        <ele>39.0</ele>
      </trkpt>
      <trkpt lat="34.43713" lon="-119.76109">
        <ele>39.1</ele>
      </trkpt>
      <trkpt lat="34.43713" lon="-119.76107">
        <ele>39.1</ele>
      </trkpt>
      <trkpt lat="34.43713" lon="-119.76101">
        <ele>39.4</ele>
      </trkpt>
      <trkpt lat="34.43711" lon="-119.76087">
        <ele>39.9</ele>
      </trkpt>
      <trkpt lat="34.4371" lon="-119.76073">
        <ele>40.2</ele>
      </trkpt>
      <trkpt lat="34.4371" lon="-119.76065">
        <ele>40.4</ele>
      </trkpt>
      <trkpt lat="34.43709" lon="-119.76056">
        <ele>40.3</ele>
      </trkpt>
      <trkpt lat="34.43708" lon="-119.76041">
        <ele>40.3</ele>
      </trkpt>
      <trkpt lat="34.43704" lon="-119.76">
        <ele>39.7</ele>
      </trkpt>
      <trkpt lat="34.43702" lon="-119.75942">
        <ele>40.9</ele>
      </trkpt>
      <trkpt lat="34.437" lon="-119.75899">
        <ele>41.2</ele>
      </trkpt>
      <trkpt lat="34.43698" lon="-119.75856">
        <ele>41.6</ele>
      </trkpt>
      <trkpt lat="34.43698" lon="-119.75834">
        <ele>41.6</ele>
      </trkpt>
      <trkpt lat="34.43697" lon="-119.75812">
        <ele>41.5</ele>
      </trkpt>
      <trkpt lat="34.43696" lon="-119.75793">
        <ele>41.5</ele>
      </trkpt>
      <trkpt lat="34.43696" lon="-119.75793">
        <ele>41.5</ele>
      </trkpt>
      <trkpt lat="34.43695" lon="-119.75769">
        <ele>41.8</ele>
      </trkpt>
      <trkpt lat="34.43694" lon="-119.75747">
        <ele>42.2</ele>
      </trkpt>
      <trkpt lat="34.43692" lon="-119.75682">
        <ele>48.0</ele>
      </trkpt>
      <trkpt lat="34.43691" lon="-119.75663">
        <ele>48.7</ele>
      </trkpt>
      <trkpt lat="34.43689" lon="-119.75605">
        <ele>49.0</ele>
      </trkpt>
      <trkpt lat="34.43687" lon="-119.75555">
        <ele>50.6</ele>
      </trkpt>
      <trkpt lat="34.43685" lon="-119.75505">
        <ele>52.8</ele>
      </trkpt>
      <trkpt lat="34.43682" lon="-119.75446">
        <ele>53.8</ele>
      </trkpt>
      <trkpt lat="34.43682" lon="-119.75439">
        <ele>53.9</ele>
      </trkpt>
      <trkpt lat="34.43681" lon="-119.75421">
        <ele>53.9</ele>
      </trkpt>
      <trkpt lat="34.43677" lon="-119.75397">
        <ele>54.0</ele>
      </trkpt>
      <trkpt lat="34.43677" lon="-119.75396">
        <ele>54.0</ele>
      </trkpt>
      <trkpt lat="34.43672" lon="-119.75368">
        <ele>54.2</ele>
      </trkpt>
      <trkpt lat="34.43669" lon="-119.75356">
        <ele>54.3</ele>
      </trkpt>
      <trkpt lat="34.43665" lon="-119.75343">
        <ele>54.4</ele>
      </trkpt>
      <trkpt lat="34.4366" lon="-119.75327">
        <ele>54.5</ele>
      </trkpt>
      <trkpt lat="34.43654" lon="-119.75308">
        <ele>54.7</ele>
      </trkpt>
      <trkpt lat="34.43653" lon="-119.75307">
        <ele>54.7</ele>
      </trkpt>
      <trkpt lat="34.43645" lon="-119.75287">
        <ele>54.9</ele>
      </trkpt>
      <trkpt lat="34.43635" lon="-119.75263">
        <ele>55.2</ele>
      </trkpt>
      <trkpt lat="34.43622" lon="-119.7524">
        <ele>55.5</ele>
      </trkpt>
      <trkpt lat="34.43617" lon="-119.75232">
        <ele>55.7</ele>
      </trkpt>
      <trkpt lat="34.43613" lon="-119.75226">
        <ele>55.8</ele>
      </trkpt>
      <trkpt lat="34.43606" lon="-119.75215">
        <ele>55.9</ele>
      </trkpt>
      <trkpt lat="34.43602" lon="-119.75209">
        <ele>56.1</ele>
      </trkpt>
      <trkpt lat="34.4358" lon="-119.75174">
        <ele>56.5</ele>
      </trkpt>
      <trkpt lat="34.43559" lon="-119.75144">
        <ele>56.7</ele>
      </trkpt>
      <trkpt lat="34.43547" lon="-119.75125">
        <ele>57.0</ele>
      </trkpt>
      <trkpt lat="34.43534" lon="-119.75105">
        <ele>57.6</ele>
      </trkpt>
      <trkpt lat="34.43525" lon="-119.75093">
        <ele>57.4</ele>
      </trkpt>
      <trkpt lat="34.4352" lon="-119.75085">
        <ele>57.2</ele>
      </trkpt>
      <trkpt lat="34.43509" lon="-119.7507">
        <ele>57.0</ele>
      </trkpt>
      <trkpt lat="34.43502" lon="-119.7506">
        <ele>57.2</ele>
      </trkpt>
      <trkpt lat="34.43487" lon="-119.75041">
        <ele>58.0</ele>
      </trkpt>
      <trkpt lat="34.43471" lon="-119.75022">
        <ele>59.5</ele>
      </trkpt>
      <trkpt lat="34.43445" lon="-119.74991">
        <ele>60.4</ele>
      </trkpt>
      <trkpt lat="34.43406" lon="-119.74948">
        <ele>47.2</ele>
      </trkpt>
      <trkpt lat="34.43365" lon="-119.74902">
        <ele>46.4</ele>
      </trkpt>
      <trkpt lat="34.43354" lon="-119.74891">
        <ele>46.4</ele>
      </trkpt>
      <trkpt lat="34.43347" lon="-119.74882">
        <ele>46.4</ele>
      </trkpt>
      <trkpt lat="34.43332" lon="-119.74866">
        <ele>46.3</ele>
      </trkpt>
      <trkpt lat="34.43311" lon="-119.74843">
        <ele>46.4</ele>
      </trkpt>
      <trkpt lat="34.43307" lon="-119.74839">
        <ele>46.4</ele>
      </trkpt>
      <trkpt lat="34.43298" lon="-119.74829">
        <ele>46.4</ele>
      </trkpt>
      <trkpt lat="34.432742" lon="-119.748022">
        <ele>46.3</ele>
      </trkpt>
      <trkpt lat="34.43274" lon="-119.74802">
        <ele>46.3</ele>
      </trkpt>
      <trkpt lat="34.43274" lon="-119.74802">
        <ele>46.3</ele>
      </trkpt>
      <trkpt lat="34.432736" lon="-119.748015">
        <ele>46.3</ele>
      </trkpt>
      <trkpt lat="34.43264" lon="-119.7479">
        <ele>46.2</ele>
      </trkpt>
      <trkpt lat="34.43246" lon="-119.74766">
        <ele>46.1</ele>
      </trkpt>
      <trkpt lat="34.43228" lon="-119.74741">
        <ele>46.1</ele>
      </trkpt>
      <trkpt lat="34.43203" lon="-119.74702">
        <ele>46.1</ele>
      </trkpt>
      <trkpt lat="34.43187" lon="-119.74677">
        <ele>46.0</ele>
      </trkpt>
      <trkpt lat="34.43184" lon="-119.7467">
        <ele>46.0</ele>
      </trkpt>
      <trkpt lat="34.43179" lon="-119.74663">
        <ele>46.0</ele>
      </trkpt>
      <trkpt lat="34.43124" lon="-119.74572">
        <ele>46.3</ele>
      </trkpt>
      <trkpt lat="34.43115" lon="-119.74558">
        <ele>46.3</ele>
      </trkpt>
      <trkpt lat="34.43113" lon="-119.74555">
        <ele>46.3</ele>
      </trkpt>
      <trkpt lat="34.43112" lon="-119.74552">
        <ele>46.4</ele>
      </trkpt>
      <trkpt lat="34.431" lon="-119.74533">
        <ele>46.4</ele>
      </trkpt>
      <trkpt lat="34.43084" lon="-119.74507">
        <ele>46.3</ele>
      </trkpt>
      <trkpt lat="34.43049" lon="-119.74449">
        <ele>46.3</ele>
      </trkpt>
      <trkpt lat="34.43014" lon="-119.7439">
        <ele>46.3</ele>
      </trkpt>
      <trkpt lat="34.4301" lon="-119.74383">
        <ele>46.3</ele>
      </trkpt>
      <trkpt lat="34.42997" lon="-119.74358">
        <ele>46.4</ele>
      </trkpt>
      <trkpt lat="34.42994" lon="-119.74353">
        <ele>46.4</ele>
      </trkpt>
      <trkpt lat="34.42985" lon="-119.74335">
        <ele>46.4</ele>
      </trkpt>
      <trkpt lat="34.42975" lon="-119.74317">
        <ele>46.4</ele>
      </trkpt>
      <trkpt lat="34.42971" lon="-119.74308">
        <ele>46.4</ele>
      </trkpt>
      <trkpt lat="34.42948" lon="-119.74262">
        <ele>48.0</ele>
      </trkpt>
      <trkpt lat="34.42946" lon="-119.74258">
        <ele>48.1</ele>
      </trkpt>
      <trkpt lat="34.42933" lon="-119.74233">
        <ele>48.4</ele>
      </trkpt>
      <trkpt lat="34.42903" lon="-119.74168">
        <ele>49.3</ele>
      </trkpt>
      <trkpt lat="34.42901" lon="-119.74162">
        <ele>49.3</ele>
      </trkpt>
      <trkpt lat="34.42886" lon="-119.74128">
        <ele>49.7</ele>
      </trkpt>
      <trkpt lat="34.42878" lon="-119.74109">
        <ele>49.7</ele>
      </trkpt>
      <trkpt lat="34.42865" lon="-119.74077">
        <ele>49.1</ele>
      </trkpt>
      <trkpt lat="34.42861" lon="-119.7407">
        <ele>48.8</ele>
      </trkpt>
      <trkpt lat="34.42859" lon="-119.74066">
        <ele>48.6</ele>
      </trkpt>
      <trkpt lat="34.42857" lon="-119.74063">
        <ele>48.5</ele>
      </trkpt>
      <trkpt lat="34.42854" lon="-119.74055">
        <ele>48.1</ele>
      </trkpt>
      <trkpt lat="34.42853" lon="-119.74054">
        <ele>48.0</ele>
      </trkpt>
      <trkpt lat="34.42848" lon="-119.74044">
        <ele>47.6</ele>
      </trkpt>
      <trkpt lat="34.42842" lon="-119.74034">
        <ele>47.2</ele>
      </trkpt>
      <trkpt lat="34.42835" lon="-119.74022">
        <ele>46.7</ele>
      </trkpt>
      <trkpt lat="34.42831" lon="-119.74016">
        <ele>46.5</ele>
      </trkpt>
      <trkpt lat="34.42827" lon="-119.74009">
        <ele>46.4</ele>
      </trkpt>
      <trkpt lat="34.42823" lon="-119.74002">
        <ele>46.1</ele>
      </trkpt>
      <trkpt lat="34.42819" lon="-119.73996">
        <ele>45.9</ele>
      </trkpt>
      <trkpt lat="34.42807" lon="-119.73978">
        <ele>45.4</ele>
      </trkpt>
      <trkpt lat="34.42802" lon="-119.7397">
        <ele>45.2</ele>
      </trkpt>
      <trkpt lat="34.428" lon="-119.73968">
        <ele>45.2</ele>
      </trkpt>
      <trkpt lat="34.428" lon="-119.73968">
        <ele>45.2</ele>
      </trkpt>
      <trkpt lat="34.428" lon="-119.73968">
        <ele>45.2</ele>
      </trkpt>
      <trkpt lat="34.42798" lon="-119.73965">
        <ele>45.1</ele>
      </trkpt>
      <trkpt lat="34.42774" lon="-119.73932">
        <ele>44.2</ele>
      </trkpt>
      <trkpt lat="34.42771" lon="-119.73926">
        <ele>44.0</ele>
      </trkpt>
      <trkpt lat="34.42766" lon="-119.7392">
        <ele>43.8</ele>
      </trkpt>
      <trkpt lat="34.42749" lon="-119.73896">
        <ele>43.2</ele>
      </trkpt>
      <trkpt lat="34.42713" lon="-119.73846">
        <ele>41.8</ele>
      </trkpt>
      <trkpt lat="34.4271" lon="-119.73841">
        <ele>41.6</ele>
      </trkpt>
      <trkpt lat="34.42705" lon="-119.73834">
        <ele>41.2</ele>
      </trkpt>
      <trkpt lat="34.42702" lon="-119.7383">
        <ele>40.8</ele>
      </trkpt>
      <trkpt lat="34.42699" lon="-119.73825">
        <ele>40.3</ele>
      </trkpt>
      <trkpt lat="34.42691" lon="-119.73813">
        <ele>38.9</ele>
      </trkpt>
      <trkpt lat="34.42691" lon="-119.73812">
        <ele>38.8</ele>
      </trkpt>
      <trkpt lat="34.42681" lon="-119.73794">
        <ele>36.5</ele>
      </trkpt>
      <trkpt lat="34.42672" lon="-119.73775">
        <ele>35.0</ele>
      </trkpt>
      <trkpt lat="34.42665" lon="-119.73755">
        <ele>33.7</ele>
      </trkpt>
      <trkpt lat="34.42664" lon="-119.73755">
        <ele>33.7</ele>
      </trkpt>
      <trkpt lat="34.42663" lon="-119.7375">
        <ele>33.4</ele>
      </trkpt>
      <trkpt lat="34.42658" lon="-119.73735">
        <ele>32.5</ele>
      </trkpt>
      <trkpt lat="34.42655" lon="-119.73726">
        <ele>32.0</ele>
      </trkpt>
      <trkpt lat="34.42649" lon="-119.73701">
        <ele>31.5</ele>
      </trkpt>
      <trkpt lat="34.42648" lon="-119.73693">
        <ele>31.4</ele>
      </trkpt>
      <trkpt lat="34.42646" lon="-119.7368">
        <ele>31.5</ele>
      </trkpt>
      <trkpt lat="34.42645" lon="-119.73675">
        <ele>31.5</ele>
      </trkpt>
      <trkpt lat="34.42644" lon="-119.73659">
        <ele>31.8</ele>
      </trkpt>
      <trkpt lat="34.426435" lon="-119.736448">
        <ele>32.1</ele>
      </trkpt>
      <trkpt lat="34.426435" lon="-119.736446">
        <ele>32.1</ele>
      </trkpt>
      <trkpt lat="34.42643" lon="-119.73632">
        <ele>32.4</ele>
      </trkpt>
      <trkpt lat="34.42643" lon="-119.73629">
        <ele>32.5</ele>
      </trkpt>
      <trkpt lat="34.42643" lon="-119.73623">
        <ele>32.8</ele>
      </trkpt>
      <trkpt lat="34.42643" lon="-119.73614">
        <ele>33.2</ele>
      </trkpt>
      <trkpt lat="34.42642" lon="-119.73597">
        <ele>34.5</ele>
      </trkpt>
      <trkpt lat="34.42642" lon="-119.73594">
        <ele>34.8</ele>
      </trkpt>
      <trkpt lat="34.42642" lon="-119.7358">
        <ele>36.3</ele>
      </trkpt>
      <trkpt lat="34.42642" lon="-119.73568">
        <ele>37.6</ele>
      </trkpt>
      <trkpt lat="34.42642" lon="-119.73558">
        <ele>38.7</ele>
      </trkpt>
      <trkpt lat="34.42642" lon="-119.73557">
        <ele>38.8</ele>
      </trkpt>
      <trkpt lat="34.42642" lon="-119.73549">
        <ele>39.8</ele>
      </trkpt>
      <trkpt lat="34.42641" lon="-119.73544">
        <ele>40.4</ele>
      </trkpt>
      <trkpt lat="34.42641" lon="-119.73544">
        <ele>40.4</ele>
      </trkpt>
      <trkpt lat="34.42633" lon="-119.73537">
        <ele>41.2</ele>
      </trkpt>
      <trkpt lat="34.42631" lon="-119.73536">
        <ele>41.3</ele>
      </trkpt>
      <trkpt lat="34.4263" lon="-119.73535">
        <ele>41.5</ele>
      </trkpt>
      <trkpt lat="34.42629" lon="-119.73534">
        <ele>41.6</ele>
      </trkpt>
      <trkpt lat="34.42628" lon="-119.73534">
        <ele>41.6</ele>
      </trkpt>
      <trkpt lat="34.42626" lon="-119.73533">
        <ele>41.6</ele>
      </trkpt>
      <trkpt lat="34.42624" lon="-119.73533">
        <ele>41.6</ele>
      </trkpt>
      <trkpt lat="34.42622" lon="-119.73533">
        <ele>41.6</ele>
      </trkpt>
      <trkpt lat="34.42621" lon="-119.73533">
        <ele>41.5</ele>
      </trkpt>
      <trkpt lat="34.42619" lon="-119.73534">
        <ele>41.4</ele>
      </trkpt>
      <trkpt lat="34.42618" lon="-119.73534">
        <ele>41.4</ele>
      </trkpt>
      <trkpt lat="34.42616" lon="-119.73536">
        <ele>41.1</ele>
      </trkpt>
      <trkpt lat="34.42615" lon="-119.73537">
        <ele>41.0</ele>
      </trkpt>
      <trkpt lat="34.42614" lon="-119.73538">
        <ele>40.8</ele>
      </trkpt>
      <trkpt lat="34.42613" lon="-119.73539">
        <ele>40.7</ele>
      </trkpt>
      <trkpt lat="34.42613" lon="-119.7354">
        <ele>40.6</ele>
      </trkpt>
      <trkpt lat="34.42612" lon="-119.73542">
        <ele>40.3</ele>
      </trkpt>
      <trkpt lat="34.42611" lon="-119.73543">
        <ele>40.2</ele>
      </trkpt>
      <trkpt lat="34.4261" lon="-119.73545">
        <ele>40.0</ele>
      </trkpt>
      <trkpt lat="34.42608" lon="-119.73549">
        <ele>39.5</ele>
      </trkpt>
      <trkpt lat="34.42606" lon="-119.73552">
        <ele>39.2</ele>
      </trkpt>
      <trkpt lat="34.42603" lon="-119.73555">
        <ele>38.9</ele>
      </trkpt>
      <trkpt lat="34.42603" lon="-119.73555">
        <ele>38.9</ele>
      </trkpt>
      <trkpt lat="34.42596" lon="-119.73568">
        <ele>37.6</ele>
      </trkpt>
      <trkpt lat="34.42593" lon="-119.73575">
        <ele>36.9</ele>
      </trkpt>
      <trkpt lat="34.42586" lon="-119.73587">
        <ele>35.7</ele>
      </trkpt>
      <trkpt lat="34.42581" lon="-119.73596">
        <ele>35.0</ele>
      </trkpt>
      <trkpt lat="34.42578" lon="-119.73601">
        <ele>34.6</ele>
      </trkpt>
      <trkpt lat="34.42575" lon="-119.73605">
        <ele>34.4</ele>
      </trkpt>
      <trkpt lat="34.42569" lon="-119.73612">
        <ele>34.0</ele>
      </trkpt>
      <trkpt lat="34.42561" lon="-119.7362">
        <ele>33.5</ele>
      </trkpt>
      <trkpt lat="34.42555" lon="-119.73627">
        <ele>32.9</ele>
      </trkpt>
      <trkpt lat="34.4255" lon="-119.73632">
        <ele>32.5</ele>
      </trkpt>
      <trkpt lat="34.425451" lon="-119.736349">
        <ele>32.2</ele>
      </trkpt>
      <trkpt lat="34.42545" lon="-119.73635">
        <ele>32.2</ele>
      </trkpt>
      <trkpt lat="34.42541" lon="-119.73637">
        <ele>32.0</ele>
      </trkpt>
      <trkpt lat="34.42535" lon="-119.73637">
        <ele>32.1</ele>
      </trkpt>
      <trkpt lat="34.42523" lon="-119.73644">
        <ele>31.4</ele>
      </trkpt>
      <trkpt lat="34.42507" lon="-119.73654">
        <ele>30.4</ele>
      </trkpt>
      <trkpt lat="34.42495" lon="-119.73661">
        <ele>29.8</ele>
      </trkpt>
      <trkpt lat="34.42491" lon="-119.73663">
        <ele>29.7</ele>
      </trkpt>
      <trkpt lat="34.42475" lon="-119.7367">
        <ele>29.3</ele>
      </trkpt>
      <trkpt lat="34.42471" lon="-119.73672">
        <ele>29.2</ele>
      </trkpt>
      <trkpt lat="34.42467" lon="-119.73674">
        <ele>29.2</ele>
      </trkpt>
      <trkpt lat="34.42457" lon="-119.73679">
        <ele>28.9</ele>
      </trkpt>
      <trkpt lat="34.42427" lon="-119.73692">
        <ele>28.3</ele>
      </trkpt>
      <trkpt lat="34.42403" lon="-119.73704">
        <ele>28.0</ele>
      </trkpt>
      <trkpt lat="34.4238" lon="-119.73716">
        <ele>27.7</ele>
      </trkpt>
      <trkpt lat="34.42364" lon="-119.73723">
        <ele>27.5</ele>
      </trkpt>
      <trkpt lat="34.4235" lon="-119.73731">
        <ele>27.7</ele>
      </trkpt>
      <trkpt lat="34.42342" lon="-119.73736">
        <ele>27.8</ele>
      </trkpt>
      <trkpt lat="34.4232" lon="-119.7375">
        <ele>28.0</ele>
      </trkpt>
      <trkpt lat="34.42291" lon="-119.73772">
        <ele>28.5</ele>
      </trkpt>
      <trkpt lat="34.4229" lon="-119.73773">
        <ele>28.5</ele>
      </trkpt>
      <trkpt lat="34.42266" lon="-119.73795">
        <ele>28.7</ele>
      </trkpt>
      <trkpt lat="34.42254" lon="-119.73805">
        <ele>28.4</ele>
      </trkpt>
      <trkpt lat="34.42245" lon="-119.73814">
        <ele>28.2</ele>
      </trkpt>
      <trkpt lat="34.42238" lon="-119.7382">
        <ele>28.2</ele>
      </trkpt>
      <trkpt lat="34.42224" lon="-119.73834">
        <ele>28.5</ele>
      </trkpt>
      <trkpt lat="34.42173" lon="-119.73888">
        <ele>27.6</ele>
      </trkpt>
      <trkpt lat="34.42158" lon="-119.73904">
        <ele>26.9</ele>
      </trkpt>
      <trkpt lat="34.42155" lon="-119.73907">
        <ele>26.7</ele>
      </trkpt>
      <trkpt lat="34.42151" lon="-119.73911">
        <ele>26.6</ele>
      </trkpt>
      <trkpt lat="34.42132" lon="-119.73931">
        <ele>25.5</ele>
      </trkpt>
      <trkpt lat="34.42068" lon="-119.73999">
        <ele>22.6</ele>
      </trkpt>
      <trkpt lat="34.42042" lon="-119.74026">
        <ele>21.6</ele>
      </trkpt>
      <trkpt lat="34.42029" lon="-119.74038">
        <ele>21.5</ele>
      </trkpt>
      <trkpt lat="34.42014" lon="-119.74051">
        <ele>21.4</ele>
      </trkpt>
      <trkpt lat="34.41994" lon="-119.74066">
        <ele>21.5</ele>
      </trkpt>
      <trkpt lat="34.41992" lon="-119.74067">
        <ele>21.5</ele>
      </trkpt>
      <trkpt lat="34.41975" lon="-119.74078">
        <ele>21.9</ele>
      </trkpt>
      <trkpt lat="34.41958" lon="-119.74088">
        <ele>22.4</ele>
      </trkpt>
      <trkpt lat="34.41941" lon="-119.74097">
        <ele>23.2</ele>
      </trkpt>
      <trkpt lat="34.41929" lon="-119.74102">
        <ele>24.2</ele>
      </trkpt>
      <trkpt lat="34.41923" lon="-119.74105">
        <ele>24.6</ele>
      </trkpt>
      <trkpt lat="34.41898" lon="-119.74113">
        <ele>27.1</ele>
      </trkpt>
      <trkpt lat="34.4188" lon="-119.74118">
        <ele>27.1</ele>
      </trkpt>
      <trkpt lat="34.41877" lon="-119.74119">
        <ele>26.9</ele>
      </trkpt>
      <trkpt lat="34.41855" lon="-119.74123">
        <ele>25.6</ele>
      </trkpt>
      <trkpt lat="34.41846" lon="-119.74124">
        <ele>24.9</ele>
      </trkpt>
      <trkpt lat="34.41836" lon="-119.74125">
        <ele>24.1</ele>
      </trkpt>
      <trkpt lat="34.4183" lon="-119.74126">
        <ele>23.5</ele>
      </trkpt>
      <trkpt lat="34.4181" lon="-119.74127">
        <ele>22.0</ele>
      </trkpt>
      <trkpt lat="34.41789" lon="-119.74126">
        <ele>21.5</ele>
      </trkpt>
      <trkpt lat="34.41779" lon="-119.74124">
        <ele>21.7</ele>
      </trkpt>
      <trkpt lat="34.41765" lon="-119.74122">
        <ele>22.2</ele>
      </trkpt>
      <trkpt lat="34.4174" lon="-119.74117">
        <ele>22.8</ele>
      </trkpt>
      <trkpt lat="34.41738" lon="-119.74117">
        <ele>22.8</ele>
      </trkpt>
      <trkpt lat="34.41718" lon="-119.74111">
        <ele>22.7</ele>
      </trkpt>
      <trkpt lat="34.41709" lon="-119.74109">
        <ele>22.1</ele>
      </trkpt>
      <trkpt lat="34.41682" lon="-119.74099">
        <ele>18.0</ele>
      </trkpt>
      <trkpt lat="34.41647" lon="-119.74084">
        <ele>16.0</ele>
      </trkpt>
      <trkpt lat="34.41647" lon="-119.74083">
        <ele>16.0</ele>
      </trkpt>
      <trkpt lat="34.41621" lon="-119.74072">
        <ele>16.0</ele>
      </trkpt>
      <trkpt lat="34.41596" lon="-119.74061">
        <ele>16.0</ele>
      </trkpt>
      <trkpt lat="34.41589" lon="-119.74058">
        <ele>16.0</ele>
      </trkpt>
      <trkpt lat="34.41579" lon="-119.74053">
        <ele>16.0</ele>
      </trkpt>
      <trkpt lat="34.41552" lon="-119.74042">
        <ele>16.0</ele>
      </trkpt>
      <trkpt lat="34.41519" lon="-119.74028">
        <ele>15.9</ele>
      </trkpt>
      <trkpt lat="34.41506" lon="-119.74024">
        <ele>15.9</ele>
      </trkpt>
      <trkpt lat="34.41488" lon="-119.74019">
        <ele>16.2</ele>
      </trkpt>
      <trkpt lat="34.41463" lon="-119.74014">
        <ele>17.7</ele>
      </trkpt>
      <trkpt lat="34.41458" lon="-119.74014">
        <ele>17.6</ele>
      </trkpt>
      <trkpt lat="34.41444" lon="-119.74012">
        <ele>16.8</ele>
      </trkpt>
      <trkpt lat="34.4144" lon="-119.74011">
        <ele>16.4</ele>
      </trkpt>
      <trkpt lat="34.4143" lon="-119.74011">
        <ele>15.8</ele>
      </trkpt>
      <trkpt lat="34.4142" lon="-119.74011">
        <ele>15.6</ele>
      </trkpt>
      <trkpt lat="34.41364" lon="-119.74018">
        <ele>14.2</ele>
      </trkpt>
      <trkpt lat="34.41337" lon="-119.74019">
        <ele>13.2</ele>
      </trkpt>
      <trkpt lat="34.41306" lon="-119.74023">
        <ele>14.0</ele>
      </trkpt>
      <trkpt lat="34.4129" lon="-119.74026">
        <ele>14.0</ele>
      </trkpt>
      <trkpt lat="34.41261" lon="-119.7403">
        <ele>14.1</ele>
      </trkpt>
      <trkpt lat="34.41257" lon="-119.7403">
        <ele>14.1</ele>
      </trkpt>
      <trkpt lat="34.41253" lon="-119.74031">
        <ele>14.1</ele>
      </trkpt>
      <trkpt lat="34.41219" lon="-119.74035">
        <ele>13.9</ele>
      </trkpt>
      <trkpt lat="34.41198" lon="-119.74038">
        <ele>13.7</ele>
      </trkpt>
      <trkpt lat="34.41178" lon="-119.7404">
        <ele>13.3</ele>
      </trkpt>
      <trkpt lat="34.41163" lon="-119.74041">
        <ele>13.1</ele>
      </trkpt>
      <trkpt lat="34.4114" lon="-119.74041">
        <ele>13.0</ele>
      </trkpt>
      <trkpt lat="34.41119" lon="-119.74041">
        <ele>12.9</ele>
      </trkpt>
      <trkpt lat="34.41115" lon="-119.7404">
        <ele>12.9</ele>
      </trkpt>
      <trkpt lat="34.41113" lon="-119.7404">
        <ele>12.9</ele>
      </trkpt>
      <trkpt lat="34.411" lon="-119.7404">
        <ele>12.8</ele>
      </trkpt>
      <trkpt lat="34.41098" lon="-119.74039">
        <ele>12.8</ele>
      </trkpt>
      <trkpt lat="34.41097" lon="-119.74039">
        <ele>12.8</ele>
      </trkpt>
      <trkpt lat="34.41077" lon="-119.74037">
        <ele>12.7</ele>
      </trkpt>
      <trkpt lat="34.41039" lon="-119.74031">
        <ele>12.7</ele>
      </trkpt>
      <trkpt lat="34.41026" lon="-119.74028">
        <ele>12.8</ele>
      </trkpt>
      <trkpt lat="34.40904" lon="-119.74003">
        <ele>11.9</ele>
      </trkpt>
      <trkpt lat="34.40902" lon="-119.74003">
        <ele>11.9</ele>
      </trkpt>
      <trkpt lat="34.409" lon="-119.74002">
        <ele>12.0</ele>
      </trkpt>
      <trkpt lat="34.40884" lon="-119.73999">
        <ele>11.9</ele>
      </trkpt>
      <trkpt lat="34.40795" lon="-119.73981">
        <ele>10.9</ele>
      </trkpt>
      <trkpt lat="34.40691" lon="-119.73959">
        <ele>17.1</ele>
      </trkpt>
      <trkpt lat="34.40686" lon="-119.73958">
        <ele>17.1</ele>
      </trkpt>
      <trkpt lat="34.40658" lon="-119.73952">
        <ele>16.6</ele>
      </trkpt>
      <trkpt lat="34.40579" lon="-119.73935">
        <ele>12.4</ele>
      </trkpt>
      <trkpt lat="34.40576" lon="-119.73936">
        <ele>12.2</ele>
      </trkpt>
      <trkpt lat="34.40574" lon="-119.73936">
        <ele>12.2</ele>
      </trkpt>
      <trkpt lat="34.40572" lon="-119.73936">
        <ele>12.1</ele>
      </trkpt>
      <trkpt lat="34.40552" lon="-119.7393">
        <ele>12.5</ele>
      </trkpt>
      <trkpt lat="34.40544" lon="-119.73929">
        <ele>12.5</ele>
      </trkpt>
      <trkpt lat="34.40536" lon="-119.73928">
        <ele>12.4</ele>
      </trkpt>
      <trkpt lat="34.40536" lon="-119.73928">
        <ele>12.4</ele>
      </trkpt>
      <trkpt lat="34.40536" lon="-119.73929">
        <ele>12.3</ele>
      </trkpt>
      <trkpt lat="34.40535" lon="-119.73929">
        <ele>12.3</ele>
      </trkpt>
      <trkpt lat="34.40535" lon="-119.7393">
        <ele>12.1</ele>
      </trkpt>
      <trkpt lat="34.40534" lon="-119.73931">
        <ele>12.0</ele>
      </trkpt>
      <trkpt lat="34.40533" lon="-119.73931">
        <ele>11.9</ele>
      </trkpt>
      <trkpt lat="34.40533" lon="-119.73932">
        <ele>11.8</ele>
      </trkpt>
      <trkpt lat="34.40532" lon="-119.73932">
        <ele>11.7</ele>
      </trkpt>
      <trkpt lat="34.40532" lon="-119.73933">
        <ele>11.6</ele>
      </trkpt>
      <trkpt lat="34.40531" lon="-119.73933">
        <ele>11.6</ele>
      </trkpt>
      <trkpt lat="34.4053" lon="-119.73934">
        <ele>11.4</ele>
      </trkpt>
      <trkpt lat="34.40529" lon="-119.73934">
        <ele>11.3</ele>
      </trkpt>
      <trkpt lat="34.40528" lon="-119.73934">
        <ele>11.3</ele>
      </trkpt>
      <trkpt lat="34.40527" lon="-119.73935">
        <ele>11.1</ele>
      </trkpt>
      <trkpt lat="34.40526" lon="-119.73935">
        <ele>11.0</ele>
      </trkpt>
      <trkpt lat="34.40525" lon="-119.73935">
        <ele>10.9</ele>
      </trkpt>
      <trkpt lat="34.40524" lon="-119.73935">
        <ele>10.8</ele>
      </trkpt>
      <trkpt lat="34.40523" lon="-119.73935">
        <ele>10.7</ele>
      </trkpt>
      <trkpt lat="34.40522" lon="-119.73934">
        <ele>10.7</ele>
      </trkpt>
      <trkpt lat="34.40521" lon="-119.73934">
        <ele>10.6</ele>
      </trkpt>
      <trkpt lat="34.4052" lon="-119.73934">
        <ele>10.5</ele>
      </trkpt>
      <trkpt lat="34.40519" lon="-119.73933">
        <ele>10.5</ele>
      </trkpt>
      <trkpt lat="34.40518" lon="-119.73932">
        <ele>10.5</ele>
      </trkpt>
      <trkpt lat="34.40517" lon="-119.73932">
        <ele>10.4</ele>
      </trkpt>
      <trkpt lat="34.40517" lon="-119.73931">
        <ele>10.5</ele>
      </trkpt>
      <trkpt lat="34.40516" lon="-119.73931">
        <ele>10.4</ele>
      </trkpt>
      <trkpt lat="34.40516" lon="-119.7393">
        <ele>10.5</ele>
      </trkpt>
      <trkpt lat="34.40515" lon="-119.7393">
        <ele>10.4</ele>
      </trkpt>
      <trkpt lat="34.40515" lon="-119.73929">
        <ele>10.5</ele>
      </trkpt>
      <trkpt lat="34.40514" lon="-119.73928">
        <ele>10.5</ele>
      </trkpt>
      <trkpt lat="34.40514" lon="-119.73927">
        <ele>10.6</ele>
      </trkpt>
      <trkpt lat="34.40513" lon="-119.73926">
        <ele>10.6</ele>
      </trkpt>
      <trkpt lat="34.40513" lon="-119.73925">
        <ele>10.7</ele>
      </trkpt>
      <trkpt lat="34.40512" lon="-119.73924">
        <ele>10.7</ele>
      </trkpt>
      <trkpt lat="34.40512" lon="-119.73923">
        <ele>10.8</ele>
      </trkpt>
      <trkpt lat="34.40512" lon="-119.73922">
        <ele>10.9</ele>
      </trkpt>
      <trkpt lat="34.40512" lon="-119.73921">
        <ele>11.0</ele>
      </trkpt>
      <trkpt lat="34.40512" lon="-119.7392">
        <ele>11.1</ele>
      </trkpt>
      <trkpt lat="34.40512" lon="-119.73919">
        <ele>11.2</ele>
      </trkpt>
      <trkpt lat="34.40512" lon="-119.73918">
        <ele>11.3</ele>
      </trkpt>
      <trkpt lat="34.40512" lon="-119.73917">
        <ele>11.4</ele>
      </trkpt>
      <trkpt lat="34.40512" lon="-119.73916">
        <ele>11.5</ele>
      </trkpt>
      <trkpt lat="34.40512" lon="-119.73915">
        <ele>11.6</ele>
      </trkpt>
      <trkpt lat="34.40512" lon="-119.73914">
        <ele>11.8</ele>
      </trkpt>
      <trkpt lat="34.40512" lon="-119.73913">
        <ele>11.9</ele>
      </trkpt>
      <trkpt lat="34.40513" lon="-119.73912">
        <ele>12.1</ele>
      </trkpt>
      <trkpt lat="34.40513" lon="-119.73911">
        <ele>12.3</ele>
      </trkpt>
      <trkpt lat="34.40513" lon="-119.73911">
        <ele>12.3</ele>
      </trkpt>
      <trkpt lat="34.40512" lon="-119.73907">
        <ele>12.6</ele>
      </trkpt>
      <trkpt lat="34.40512" lon="-119.73902">
        <ele>13.1</ele>
      </trkpt>
      <trkpt lat="34.40511" lon="-119.73896">
        <ele>13.7</ele>
      </trkpt>
      <trkpt lat="34.40511" lon="-119.73889">
        <ele>14.4</ele>
      </trkpt>
      <trkpt lat="34.40511" lon="-119.73882">
        <ele>15.0</ele>
      </trkpt>
      <trkpt lat="34.4051" lon="-119.73867">
        <ele>15.9</ele>
      </trkpt>
      <trkpt lat="34.40509" lon="-119.73841">
        <ele>17.2</ele>
      </trkpt>
      <trkpt lat="34.40505" lon="-119.73792">
        <ele>17.9</ele>
      </trkpt>
      <trkpt lat="34.40501" lon="-119.73727">
        <ele>19.9</ele>
      </trkpt>
      <trkpt lat="34.405" lon="-119.73704">
        <ele>25.1</ele>
      </trkpt>
      <trkpt lat="34.405" lon="-119.73694">
        <ele>27.3</ele>
      </trkpt>
      <trkpt lat="34.40502" lon="-119.73679">
        <ele>30.6</ele>
      </trkpt>
      <trkpt lat="34.40501" lon="-119.73657">
        <ele>32.8</ele>
      </trkpt>
      <trkpt lat="34.405" lon="-119.73629">
        <ele>30.2</ele>
      </trkpt>
      <trkpt lat="34.40499" lon="-119.73613">
        <ele>22.9</ele>
      </trkpt>
      <trkpt lat="34.40498" lon="-119.73592">
        <ele>14.8</ele>
      </trkpt>
      <trkpt lat="34.40497" lon="-119.73586">
        <ele>14.8</ele>
      </trkpt>
      <trkpt lat="34.40496" lon="-119.7357">
        <ele>16.3</ele>
      </trkpt>
      <trkpt lat="34.40494" lon="-119.73545">
        <ele>22.8</ele>
      </trkpt>
      <trkpt lat="34.40487" lon="-119.73496">
        <ele>25.7</ele>
      </trkpt>
      <trkpt lat="34.40484" lon="-119.73482">
        <ele>25.6</ele>
      </trkpt>
      <trkpt lat="34.40479" lon="-119.73461">
        <ele>26.9</ele>
      </trkpt>
      <trkpt lat="34.40469" lon="-119.73419">
        <ele>30.3</ele>
      </trkpt>
      <trkpt lat="34.40466" lon="-119.73409">
        <ele>30.2</ele>
      </trkpt>
      <trkpt lat="34.40462" lon="-119.73389">
        <ele>30.4</ele>
      </trkpt>
      <trkpt lat="34.40441" lon="-119.73315">
        <ele>32.2</ele>
      </trkpt>
      <trkpt lat="34.40432" lon="-119.73285">
        <ele>34.2</ele>
      </trkpt>
      <trkpt lat="34.40429" lon="-119.73274">
        <ele>34.7</ele>
      </trkpt>
      <trkpt lat="34.40424" lon="-119.73253">
        <ele>35.4</ele>
      </trkpt>
      <trkpt lat="34.40412" lon="-119.73212">
        <ele>36.1</ele>
      </trkpt>
      <trkpt lat="34.40407" lon="-119.73192">
        <ele>36.4</ele>
      </trkpt>
      <trkpt lat="34.40407" lon="-119.73191">
        <ele>36.4</ele>
      </trkpt>
      <trkpt lat="34.40405" lon="-119.73186">
        <ele>36.4</ele>
      </trkpt>
      <trkpt lat="34.40391" lon="-119.73137">
        <ele>38.0</ele>
      </trkpt>
      <trkpt lat="34.4039" lon="-119.7313">
        <ele>38.7</ele>
      </trkpt>
      <trkpt lat="34.40389" lon="-119.73129">
        <ele>38.8</ele>
      </trkpt>
      <trkpt lat="34.40384" lon="-119.73109">
        <ele>41.7</ele>
      </trkpt>
      <trkpt lat="34.40362" lon="-119.73029">
        <ele>48.6</ele>
      </trkpt>
      <trkpt lat="34.40351" lon="-119.7299">
        <ele>51.0</ele>
      </trkpt>
      <trkpt lat="34.40338" lon="-119.72942">
        <ele>53.7</ele>
      </trkpt>
      <trkpt lat="34.40326" lon="-119.72898">
        <ele>55.4</ele>
      </trkpt>
      <trkpt lat="34.40314" lon="-119.72854">
        <ele>56.5</ele>
      </trkpt>
      <trkpt lat="34.40303" lon="-119.72814">
        <ele>57.0</ele>
      </trkpt>
      <trkpt lat="34.40272" lon="-119.72701">
        <ele>57.0</ele>
      </trkpt>
      <trkpt lat="34.4026" lon="-119.7266">
        <ele>57.1</ele>
      </trkpt>
      <trkpt lat="34.40259" lon="-119.72656">
        <ele>57.2</ele>
      </trkpt>
      <trkpt lat="34.40244" lon="-119.72604">
        <ele>57.4</ele>
      </trkpt>
      <trkpt lat="34.40242" lon="-119.72595">
        <ele>57.4</ele>
      </trkpt>
      <trkpt lat="34.40241" lon="-119.72591">
        <ele>57.4</ele>
      </trkpt>
      <trkpt lat="34.40241" lon="-119.72591">
        <ele>57.4</ele>
      </trkpt>
      <trkpt lat="34.40241" lon="-119.72591">
        <ele>57.4</ele>
      </trkpt>
      <trkpt lat="34.40227" lon="-119.72541">
        <ele>57.6</ele>
      </trkpt>
      <trkpt lat="34.40225" lon="-119.72533">
        <ele>57.6</ele>
      </trkpt>
      <trkpt lat="34.40224" lon="-119.72531">
        <ele>57.5</ele>
      </trkpt>
      <trkpt lat="34.40211" lon="-119.72479">
        <ele>57.5</ele>
      </trkpt>
      <trkpt lat="34.40189" lon="-119.72375">
        <ele>58.5</ele>
      </trkpt>
      <trkpt lat="34.40184" lon="-119.7235">
        <ele>57.5</ele>
      </trkpt>
      <trkpt lat="34.40179" lon="-119.72324">
        <ele>56.8</ele>
      </trkpt>
      <trkpt lat="34.40178" lon="-119.72319">
        <ele>56.7</ele>
      </trkpt>
      <trkpt lat="34.40171" lon="-119.72287">
        <ele>57.4</ele>
      </trkpt>
      <trkpt lat="34.40167" lon="-119.72263">
        <ele>58.3</ele>
      </trkpt>
      <trkpt lat="34.40161" lon="-119.72239">
        <ele>59.6</ele>
      </trkpt>
      <trkpt lat="34.40155" lon="-119.72209">
        <ele>61.4</ele>
      </trkpt>
      <trkpt lat="34.40155" lon="-119.72209">
        <ele>61.4</ele>
      </trkpt>
      <trkpt lat="34.40127" lon="-119.72215">
        <ele>60.1</ele>
      </trkpt>
      <trkpt lat="34.40109" lon="-119.72218">
        <ele>59.0</ele>
      </trkpt>
      <trkpt lat="34.40104" lon="-119.72219">
        <ele>58.7</ele>
      </trkpt>
      <trkpt lat="34.40101" lon="-119.7222">
        <ele>58.5</ele>
      </trkpt>
      <trkpt lat="34.40085" lon="-119.72223">
        <ele>57.6</ele>
      </trkpt>
      <trkpt lat="34.40078" lon="-119.72224">
        <ele>57.2</ele>
      </trkpt>
      <trkpt lat="34.40046" lon="-119.7223">
        <ele>55.4</ele>
      </trkpt>
      <trkpt lat="34.40043" lon="-119.7223">
        <ele>55.3</ele>
      </trkpt>
      <trkpt lat="34.40019" lon="-119.72233">
        <ele>54.1</ele>
      </trkpt>
      <trkpt lat="34.40006" lon="-119.72234">
        <ele>53.5</ele>
      </trkpt>
      <trkpt lat="34.40001" lon="-119.72235">
        <ele>53.2</ele>
      </trkpt>
      <trkpt lat="34.39987" lon="-119.72236">
        <ele>52.6</ele>
      </trkpt>
      <trkpt lat="34.39953" lon="-119.7224">
        <ele>51.2</ele>
      </trkpt>
      <trkpt lat="34.39951" lon="-119.7224">
        <ele>51.1</ele>
      </trkpt>
      <trkpt lat="34.39917" lon="-119.72244">
        <ele>49.9</ele>
      </trkpt>
      <trkpt lat="34.39911" lon="-119.72245">
        <ele>49.7</ele>
      </trkpt>
      <trkpt lat="34.39898" lon="-119.72246">
        <ele>49.2</ele>
      </trkpt>
      <trkpt lat="34.3989" lon="-119.72247">
        <ele>49.0</ele>
      </trkpt>
      <trkpt lat="34.39881" lon="-119.72248">
        <ele>48.8</ele>
      </trkpt>
      <trkpt lat="34.3988" lon="-119.72248">
        <ele>48.8</ele>
      </trkpt>
      <trkpt lat="34.3986" lon="-119.72249">
        <ele>48.1</ele>
      </trkpt>
      <trkpt lat="34.39854" lon="-119.72249">
        <ele>47.9</ele>
      </trkpt>
      <trkpt lat="34.39844" lon="-119.72248">
        <ele>47.6</ele>
      </trkpt>
      <trkpt lat="34.39837" lon="-119.72247">
        <ele>47.2</ele>
      </trkpt>
      <trkpt lat="34.39826" lon="-119.72244">
        <ele>46.8</ele>
      </trkpt>
      <trkpt lat="34.39815" lon="-119.72241">
        <ele>46.1</ele>
      </trkpt>
      <trkpt lat="34.39806" lon="-119.72238">
        <ele>45.3</ele>
      </trkpt>
      <trkpt lat="34.398" lon="-119.72235">
        <ele>44.9</ele>
      </trkpt>
      <trkpt lat="34.39799" lon="-119.72235">
        <ele>44.8</ele>
      </trkpt>
      <trkpt lat="34.39793" lon="-119.72231">
        <ele>44.3</ele>
      </trkpt>
      <trkpt lat="34.39783" lon="-119.72226">
        <ele>43.5</ele>
      </trkpt>
      <trkpt lat="34.39775" lon="-119.7222">
        <ele>42.9</ele>
      </trkpt>
      <trkpt lat="34.39771" lon="-119.72217">
        <ele>42.6</ele>
      </trkpt>
      <trkpt lat="34.39767" lon="-119.72214">
        <ele>42.3</ele>
      </trkpt>
      <trkpt lat="34.39762" lon="-119.72209">
        <ele>41.9</ele>
      </trkpt>
      <trkpt lat="34.39757" lon="-119.72204">
        <ele>41.5</ele>
      </trkpt>
      <trkpt lat="34.39754" lon="-119.72201">
        <ele>41.3</ele>
      </trkpt>
      <trkpt lat="34.39746" lon="-119.72193">
        <ele>40.7</ele>
      </trkpt>
      <trkpt lat="34.39739" lon="-119.72186">
        <ele>40.2</ele>
      </trkpt>
      <trkpt lat="34.39734" lon="-119.72178">
        <ele>39.9</ele>
      </trkpt>
      <trkpt lat="34.39729" lon="-119.72171">
        <ele>39.6</ele>
      </trkpt>
      <trkpt lat="34.39725" lon="-119.72165">
        <ele>39.3</ele>
      </trkpt>
      <trkpt lat="34.39723" lon="-119.7216">
        <ele>39.1</ele>
      </trkpt>
      <trkpt lat="34.39723" lon="-119.7216">
        <ele>39.1</ele>
      </trkpt>
      <trkpt lat="34.39722" lon="-119.72159">
        <ele>39.1</ele>
      </trkpt>
      <trkpt lat="34.39719" lon="-119.72154">
        <ele>38.9</ele>
      </trkpt>
      <trkpt lat="34.39716" lon="-119.72148">
        <ele>38.6</ele>
      </trkpt>
      <trkpt lat="34.39711" lon="-119.72138">
        <ele>38.2</ele>
      </trkpt>
      <trkpt lat="34.39707" lon="-119.72128">
        <ele>37.9</ele>
      </trkpt>
      <trkpt lat="34.39705" lon="-119.72121">
        <ele>37.6</ele>
      </trkpt>
      <trkpt lat="34.39701" lon="-119.72109">
        <ele>37.2</ele>
      </trkpt>
      <trkpt lat="34.39697" lon="-119.72095">
        <ele>36.8</ele>
      </trkpt>
      <trkpt lat="34.39693" lon="-119.72077">
        <ele>36.4</ele>
      </trkpt>
      <trkpt lat="34.39691" lon="-119.7206">
        <ele>36.0</ele>
      </trkpt>
      <trkpt lat="34.39689" lon="-119.72043">
        <ele>35.7</ele>
      </trkpt>
      <trkpt lat="34.39688" lon="-119.72021">
        <ele>35.5</ele>
      </trkpt>
      <trkpt lat="34.3969" lon="-119.71988">
        <ele>35.5</ele>
      </trkpt>
      <trkpt lat="34.3969" lon="-119.71988">
        <ele>35.5</ele>
      </trkpt>
      <trkpt lat="34.39692" lon="-119.71967">
        <ele>35.6</ele>
      </trkpt>
      <trkpt lat="34.39693" lon="-119.71945">
        <ele>35.6</ele>
      </trkpt>
      <trkpt lat="34.39694" lon="-119.71913">
        <ele>35.5</ele>
      </trkpt>
      <trkpt lat="34.39694" lon="-119.7189">
        <ele>35.6</ele>
      </trkpt>
      <trkpt lat="34.39694" lon="-119.71888">
        <ele>35.6</ele>
      </trkpt>
      <trkpt lat="34.39694" lon="-119.71867">
        <ele>35.5</ele>
      </trkpt>
      <trkpt lat="34.39693" lon="-119.71864">
        <ele>35.4</ele>
      </trkpt>
      <trkpt lat="34.39691" lon="-119.71841">
        <ele>35.1</ele>
      </trkpt>
      <trkpt lat="34.39688" lon="-119.71815">
        <ele>34.6</ele>
      </trkpt>
      <trkpt lat="34.39688" lon="-119.71807">
        <ele>34.6</ele>
      </trkpt>
      <trkpt lat="34.39687" lon="-119.71805">
        <ele>34.5</ele>
      </trkpt>
      <trkpt lat="34.39687" lon="-119.71802">
        <ele>34.5</ele>
      </trkpt>
      <trkpt lat="34.39686" lon="-119.71784">
        <ele>34.3</ele>
      </trkpt>
      <trkpt lat="34.39686" lon="-119.71765">
        <ele>34.2</ele>
      </trkpt>
      <trkpt lat="34.39686" lon="-119.71747">
        <ele>34.1</ele>
      </trkpt>
      <trkpt lat="34.39687" lon="-119.71737">
        <ele>34.1</ele>
      </trkpt>
      <trkpt lat="34.39687" lon="-119.71733">
        <ele>34.1</ele>
      </trkpt>
      <trkpt lat="34.3969" lon="-119.71711">
        <ele>34.0</ele>
      </trkpt>
      <trkpt lat="34.39695" lon="-119.71679">
        <ele>34.0</ele>
      </trkpt>
      <trkpt lat="34.39698" lon="-119.71655">
        <ele>34.0</ele>
      </trkpt>
      <trkpt lat="34.39699" lon="-119.71644">
        <ele>33.9</ele>
      </trkpt>
      <trkpt lat="34.39699" lon="-119.71635">
        <ele>33.8</ele>
      </trkpt>
      <trkpt lat="34.39697" lon="-119.71618">
        <ele>33.5</ele>
      </trkpt>
      <trkpt lat="34.39688" lon="-119.71538">
        <ele>31.5</ele>
      </trkpt>
      <trkpt lat="34.39677" lon="-119.71447">
        <ele>28.8</ele>
      </trkpt>
      <trkpt lat="34.39677" lon="-119.71447">
        <ele>28.8</ele>
      </trkpt>
      <trkpt lat="34.39676" lon="-119.71433">
        <ele>28.9</ele>
      </trkpt>
      <trkpt lat="34.39673" lon="-119.71404">
        <ele>28.3</ele>
      </trkpt>
      <trkpt lat="34.39668" lon="-119.71367">
        <ele>26.9</ele>
      </trkpt>
      <trkpt lat="34.39659" lon="-119.71295">
        <ele>25.5</ele>
      </trkpt>
      <trkpt lat="34.39652" lon="-119.71231">
        <ele>24.2</ele>
      </trkpt>
      <trkpt lat="34.39651" lon="-119.71223">
        <ele>24.1</ele>
      </trkpt>
      <trkpt lat="34.39647" lon="-119.71203">
        <ele>23.7</ele>
      </trkpt>
      <trkpt lat="34.39643" lon="-119.71181">
        <ele>23.1</ele>
      </trkpt>
      <trkpt lat="34.3964" lon="-119.7116">
        <ele>22.7</ele>
      </trkpt>
      <trkpt lat="34.39631" lon="-119.7111">
        <ele>21.8</ele>
      </trkpt>
      <trkpt lat="34.39626" lon="-119.71079">
        <ele>21.5</ele>
      </trkpt>
      <trkpt lat="34.396256" lon="-119.710741">
        <ele>21.5</ele>
      </trkpt>
      <trkpt lat="34.396256" lon="-119.710741">
        <ele>21.5</ele>
      </trkpt>
      <trkpt lat="34.39626" lon="-119.71074">
        <ele>21.5</ele>
      </trkpt>
      <trkpt lat="34.39624" lon="-119.71057">
        <ele>21.3</ele>
      </trkpt>
      <trkpt lat="34.39623" lon="-119.71034">
        <ele>21.2</ele>
      </trkpt>
      <trkpt lat="34.39623" lon="-119.71032">
        <ele>21.2</ele>
      </trkpt>
      <trkpt lat="34.39624" lon="-119.71011">
        <ele>21.1</ele>
      </trkpt>
      <trkpt lat="34.39626" lon="-119.70996">
        <ele>21.2</ele>
      </trkpt>
      <trkpt lat="34.39626" lon="-119.70996">
        <ele>21.2</ele>
      </trkpt>
      <trkpt lat="34.39609" lon="-119.70995">
        <ele>20.1</ele>
      </trkpt>
      <trkpt lat="34.39609" lon="-119.70995">
        <ele>20.1</ele>
      </trkpt>
      <trkpt lat="34.39612" lon="-119.70952">
        <ele>20.3</ele>
      </trkpt>
      <trkpt lat="34.39615" lon="-119.70906">
        <ele>20.2</ele>
      </trkpt>
      <trkpt lat="34.3962" lon="-119.70869">
        <ele>20.0</ele>
      </trkpt>
      <trkpt lat="34.3962" lon="-119.70865">
        <ele>20.0</ele>
      </trkpt>
      <trkpt lat="34.39623" lon="-119.70844">
        <ele>19.8</ele>
      </trkpt>
      <trkpt lat="34.39624" lon="-119.70841">
        <ele>19.8</ele>
      </trkpt>
      <trkpt lat="34.39627" lon="-119.70824">
        <ele>19.6</ele>
      </trkpt>
      <trkpt lat="34.39631" lon="-119.70804">
        <ele>19.3</ele>
      </trkpt>
      <trkpt lat="34.39636" lon="-119.70793">
        <ele>19.4</ele>
      </trkpt>
      <trkpt lat="34.39638" lon="-119.70785">
        <ele>19.3</ele>
      </trkpt>
      <trkpt lat="34.39645" lon="-119.70764">
        <ele>19.2</ele>
      </trkpt>
      <trkpt lat="34.3966" lon="-119.70725">
        <ele>19.5</ele>
      </trkpt>
      <trkpt lat="34.39667" lon="-119.70707">
        <ele>19.5</ele>
      </trkpt>
      <trkpt lat="34.39674" lon="-119.70689">
        <ele>19.7</ele>
      </trkpt>
      <trkpt lat="34.39677" lon="-119.70682">
        <ele>19.8</ele>
      </trkpt>
      <trkpt lat="34.39681" lon="-119.70674">
        <ele>19.8</ele>
      </trkpt>
      <trkpt lat="34.39702" lon="-119.70617">
        <ele>19.7</ele>
      </trkpt>
      <trkpt lat="34.39714" lon="-119.70581">
        <ele>19.6</ele>
      </trkpt>
      <trkpt lat="34.39719" lon="-119.70561">
        <ele>19.4</ele>
      </trkpt>
      <trkpt lat="34.39724" lon="-119.70538">
        <ele>19.2</ele>
      </trkpt>
      <trkpt lat="34.39732" lon="-119.70501">
        <ele>18.8</ele>
      </trkpt>
      <trkpt lat="34.39739" lon="-119.70464">
        <ele>18.2</ele>
      </trkpt>
      <trkpt lat="34.39739" lon="-119.70459">
        <ele>18.0</ele>
      </trkpt>
      <trkpt lat="34.3974" lon="-119.70456">
        <ele>18.0</ele>
      </trkpt>
      <trkpt lat="34.39741" lon="-119.70454">
        <ele>18.0</ele>
      </trkpt>
      <trkpt lat="34.39741" lon="-119.70452">
        <ele>18.0</ele>
      </trkpt>
      <trkpt lat="34.39743" lon="-119.70447">
        <ele>18.0</ele>
      </trkpt>
      <trkpt lat="34.39743" lon="-119.70443">
        <ele>17.9</ele>
      </trkpt>
      <trkpt lat="34.39744" lon="-119.70441">
        <ele>17.9</ele>
      </trkpt>
      <trkpt lat="34.39744" lon="-119.70439">
        <ele>17.9</ele>
      </trkpt>
      <trkpt lat="34.39746" lon="-119.70431">
        <ele>17.9</ele>
      </trkpt>
      <trkpt lat="34.39748" lon="-119.70423">
        <ele>17.8</ele>
      </trkpt>
      <trkpt lat="34.39753" lon="-119.70406">
        <ele>17.8</ele>
      </trkpt>
      <trkpt lat="34.39757" lon="-119.70396">
        <ele>17.8</ele>
      </trkpt>
      <trkpt lat="34.3976" lon="-119.70389">
        <ele>17.8</ele>
      </trkpt>
      <trkpt lat="34.39763" lon="-119.70383">
        <ele>17.8</ele>
      </trkpt>
      <trkpt lat="34.39767" lon="-119.70377">
        <ele>17.8</ele>
      </trkpt>
      <trkpt lat="34.39769" lon="-119.70373">
        <ele>17.8</ele>
      </trkpt>
      <trkpt lat="34.39772" lon="-119.70368">
        <ele>17.8</ele>
      </trkpt>
      <trkpt lat="34.3978" lon="-119.70357">
        <ele>17.9</ele>
      </trkpt>
      <trkpt lat="34.39786" lon="-119.7035">
        <ele>18.0</ele>
      </trkpt>
      <trkpt lat="34.39791" lon="-119.70344">
        <ele>18.0</ele>
      </trkpt>
      <trkpt lat="34.39834" lon="-119.70322">
        <ele>19.0</ele>
      </trkpt>
      <trkpt lat="34.39843" lon="-119.70318">
        <ele>19.1</ele>
      </trkpt>
      <trkpt lat="34.39852" lon="-119.70315">
        <ele>19.2</ele>
      </trkpt>
      <trkpt lat="34.39864" lon="-119.7031">
        <ele>19.1</ele>
      </trkpt>
      <trkpt lat="34.39871" lon="-119.70307">
        <ele>19.0</ele>
      </trkpt>
      <trkpt lat="34.39874" lon="-119.70306">
        <ele>18.9</ele>
      </trkpt>
      <trkpt lat="34.3988" lon="-119.70303">
        <ele>18.8</ele>
      </trkpt>
      <trkpt lat="34.39902" lon="-119.70291">
        <ele>17.9</ele>
      </trkpt>
      <trkpt lat="34.39907" lon="-119.70291">
        <ele>17.8</ele>
      </trkpt>
      <trkpt lat="34.39913" lon="-119.70289">
        <ele>17.5</ele>
      </trkpt>
      <trkpt lat="34.39917" lon="-119.70287">
        <ele>17.3</ele>
      </trkpt>
      <trkpt lat="34.39919" lon="-119.70286">
        <ele>17.2</ele>
      </trkpt>
      <trkpt lat="34.39921" lon="-119.70285">
        <ele>17.1</ele>
      </trkpt>
      <trkpt lat="34.39924" lon="-119.70282">
        <ele>16.9</ele>
      </trkpt>
      <trkpt lat="34.39927" lon="-119.7028">
        <ele>16.7</ele>
      </trkpt>
      <trkpt lat="34.39931" lon="-119.70277">
        <ele>16.4</ele>
      </trkpt>
      <trkpt lat="34.39934" lon="-119.70276">
        <ele>16.2</ele>
      </trkpt>
      <trkpt lat="34.39976" lon="-119.70254">
        <ele>15.2</ele>
      </trkpt>
      <trkpt lat="34.40003" lon="-119.70236">
        <ele>15.1</ele>
      </trkpt>
      <trkpt lat="34.40023" lon="-119.70222">
        <ele>14.7</ele>
      </trkpt>
      <trkpt lat="34.40031" lon="-119.70215">
        <ele>14.4</ele>
      </trkpt>
      <trkpt lat="34.40043" lon="-119.70205">
        <ele>14.1</ele>
      </trkpt>
      <trkpt lat="34.40057" lon="-119.70193">
        <ele>13.8</ele>
      </trkpt>
      <trkpt lat="34.4006" lon="-119.70189">
        <ele>13.6</ele>
      </trkpt>
      <trkpt lat="34.40067" lon="-119.70183">
        <ele>13.5</ele>
      </trkpt>
      <trkpt lat="34.4008" lon="-119.70168">
        <ele>13.0</ele>
      </trkpt>
      <trkpt lat="34.40087" lon="-119.70161">
        <ele>12.9</ele>
      </trkpt>
      <trkpt lat="34.40122" lon="-119.70124">
        <ele>12.4</ele>
      </trkpt>
      <trkpt lat="34.40128" lon="-119.70118">
        <ele>12.4</ele>
      </trkpt>
      <trkpt lat="34.40144" lon="-119.701">
        <ele>12.3</ele>
      </trkpt>
      <trkpt lat="34.40164" lon="-119.70079">
        <ele>12.5</ele>
      </trkpt>
      <trkpt lat="34.40168" lon="-119.70074">
        <ele>12.6</ele>
      </trkpt>
      <trkpt lat="34.40186" lon="-119.70055">
        <ele>12.7</ele>
      </trkpt>
      <trkpt lat="34.40196" lon="-119.70045">
        <ele>12.9</ele>
      </trkpt>
      <trkpt lat="34.40198" lon="-119.70041">
        <ele>12.8</ele>
      </trkpt>
      <trkpt lat="34.40201" lon="-119.70037">
        <ele>12.8</ele>
      </trkpt>
      <trkpt lat="34.40202" lon="-119.70035">
        <ele>12.8</ele>
      </trkpt>
      <trkpt lat="34.40202" lon="-119.70033">
        <ele>12.7</ele>
      </trkpt>
      <trkpt lat="34.40203" lon="-119.70032">
        <ele>12.7</ele>
      </trkpt>
      <trkpt lat="34.40204" lon="-119.7003">
        <ele>12.7</ele>
      </trkpt>
      <trkpt lat="34.40205" lon="-119.70029">
        <ele>12.7</ele>
      </trkpt>
      <trkpt lat="34.40207" lon="-119.70026">
        <ele>12.7</ele>
      </trkpt>
      <trkpt lat="34.40208" lon="-119.70025">
        <ele>12.7</ele>
      </trkpt>
      <trkpt lat="34.40209" lon="-119.70023">
        <ele>12.7</ele>
      </trkpt>
      <trkpt lat="34.4021" lon="-119.7002">
        <ele>12.7</ele>
      </trkpt>
      <trkpt lat="34.4021" lon="-119.70018">
        <ele>12.6</ele>
      </trkpt>
      <trkpt lat="34.4021" lon="-119.70016">
        <ele>12.5</ele>
      </trkpt>
      <trkpt lat="34.40211" lon="-119.70015">
        <ele>12.5</ele>
      </trkpt>
      <trkpt lat="34.40211" lon="-119.70015">
        <ele>12.5</ele>
      </trkpt>
      <trkpt lat="34.40209" lon="-119.70009">
        <ele>12.2</ele>
      </trkpt>
      <trkpt lat="34.40207" lon="-119.70005">
        <ele>11.9</ele>
      </trkpt>
      <trkpt lat="34.40197" lon="-119.69992">
        <ele>10.7</ele>
      </trkpt>
      <trkpt lat="34.40196" lon="-119.6999">
        <ele>10.5</ele>
      </trkpt>
      <trkpt lat="34.40195" lon="-119.69989">
        <ele>10.4</ele>
      </trkpt>
      <trkpt lat="34.40195" lon="-119.69987">
        <ele>10.3</ele>
      </trkpt>
      <trkpt lat="34.40197" lon="-119.69986">
        <ele>10.4</ele>
      </trkpt>
      <trkpt lat="34.40214" lon="-119.69969">
        <ele>10.9</ele>
      </trkpt>
      <trkpt lat="34.40232" lon="-119.69948">
        <ele>11.3</ele>
      </trkpt>
      <trkpt lat="34.4024" lon="-119.69936">
        <ele>11.3</ele>
      </trkpt>
      <trkpt lat="34.40246" lon="-119.69924">
        <ele>11.2</ele>
      </trkpt>
      <trkpt lat="34.40256" lon="-119.69905">
        <ele>11.0</ele>
      </trkpt>
      <trkpt lat="34.40263" lon="-119.69887">
        <ele>10.7</ele>
      </trkpt>
      <trkpt lat="34.4027" lon="-119.69864">
        <ele>10.2</ele>
      </trkpt>
      <trkpt lat="34.40273" lon="-119.69846">
        <ele>9.7</ele>
      </trkpt>
      <trkpt lat="34.40275" lon="-119.6983">
        <ele>9.2</ele>
      </trkpt>
      <trkpt lat="34.40275" lon="-119.69813">
        <ele>8.7</ele>
      </trkpt>
      <trkpt lat="34.40275" lon="-119.69805">
        <ele>8.5</ele>
      </trkpt>
      <trkpt lat="34.40276" lon="-119.698">
        <ele>8.4</ele>
      </trkpt>
      <trkpt lat="34.40278" lon="-119.69796">
        <ele>8.4</ele>
      </trkpt>
      <trkpt lat="34.4028" lon="-119.69792">
        <ele>8.4</ele>
      </trkpt>
      <trkpt lat="34.40283" lon="-119.69788">
        <ele>8.4</ele>
      </trkpt>
      <trkpt lat="34.40283" lon="-119.69777">
        <ele>8.1</ele>
      </trkpt>
      <trkpt lat="34.40282" lon="-119.69763">
        <ele>7.8</ele>
      </trkpt>
      <trkpt lat="34.40282" lon="-119.69755">
        <ele>7.7</ele>
      </trkpt>
      <trkpt lat="34.40283" lon="-119.69746">
        <ele>7.6</ele>
      </trkpt>
      <trkpt lat="34.40285" lon="-119.69741">
        <ele>7.6</ele>
      </trkpt>
      <trkpt lat="34.40287" lon="-119.69735">
        <ele>7.5</ele>
      </trkpt>
      <trkpt lat="34.40291" lon="-119.69722">
        <ele>7.4</ele>
      </trkpt>
      <trkpt lat="34.40291" lon="-119.69719">
        <ele>7.3</ele>
      </trkpt>
      <trkpt lat="34.40292" lon="-119.69711">
        <ele>7.2</ele>
      </trkpt>
      <trkpt lat="34.40287" lon="-119.69706">
        <ele>6.9</ele>
      </trkpt>
      <trkpt lat="34.40285" lon="-119.69703">
        <ele>6.8</ele>
      </trkpt>
      <trkpt lat="34.40284" lon="-119.69701">
        <ele>6.7</ele>
      </trkpt>
      <trkpt lat="34.40283" lon="-119.69699">
        <ele>6.6</ele>
      </trkpt>
      <trkpt lat="34.40283" lon="-119.69696">
        <ele>6.6</ele>
      </trkpt>
      <trkpt lat="34.40282" lon="-119.69692">
        <ele>6.5</ele>
      </trkpt>
      <trkpt lat="34.40282" lon="-119.69679">
        <ele>6.3</ele>
      </trkpt>
      <trkpt lat="34.40283" lon="-119.69663">
        <ele>6.1</ele>
      </trkpt>
      <trkpt lat="34.40285" lon="-119.69643">
        <ele>5.9</ele>
      </trkpt>
      <trkpt lat="34.40287" lon="-119.6963">
        <ele>5.9</ele>
      </trkpt>
      <trkpt lat="34.4029" lon="-119.69618">
        <ele>6.0</ele>
      </trkpt>
      <trkpt lat="34.40292" lon="-119.6961">
        <ele>6.0</ele>
      </trkpt>
      <trkpt lat="34.40296" lon="-119.69599">
        <ele>6.1</ele>
      </trkpt>
      <trkpt lat="34.40317" lon="-119.6955">
        <ele>6.8</ele>
      </trkpt>
      <trkpt lat="34.4032" lon="-119.69544">
        <ele>6.8</ele>
      </trkpt>
      <trkpt lat="34.40323" lon="-119.69538">
        <ele>6.9</ele>
      </trkpt>
      <trkpt lat="34.40328" lon="-119.6953">
        <ele>6.9</ele>
      </trkpt>
      <trkpt lat="34.40328" lon="-119.6953">
        <ele>6.9</ele>
      </trkpt>
      <trkpt lat="34.40334" lon="-119.6952">
        <ele>7.1</ele>
      </trkpt>
      <trkpt lat="34.40377" lon="-119.69471">
        <ele>7.3</ele>
      </trkpt>
      <trkpt lat="34.40394" lon="-119.69451">
        <ele>6.8</ele>
      </trkpt>
      <trkpt lat="34.40408" lon="-119.69435">
        <ele>6.2</ele>
      </trkpt>
      <trkpt lat="34.40408" lon="-119.69435">
        <ele>6.2</ele>
      </trkpt>
      <trkpt lat="34.40414" lon="-119.69432">
        <ele>6.1</ele>
      </trkpt>
      <trkpt lat="34.40416" lon="-119.69432">
        <ele>6.1</ele>
      </trkpt>
      <trkpt lat="34.40421" lon="-119.69431">
        <ele>6.1</ele>
      </trkpt>
      <trkpt lat="34.40426" lon="-119.69431">
        <ele>6.1</ele>
      </trkpt>
      <trkpt lat="34.40456" lon="-119.69436">
        <ele>7.2</ele>
      </trkpt>
      <trkpt lat="34.40476" lon="-119.69437">
        <ele>8.3</ele>
      </trkpt>
      <trkpt lat="34.40478" lon="-119.69436">
        <ele>8.3</ele>
      </trkpt>
      <trkpt lat="34.40482" lon="-119.69435">
        <ele>8.3</ele>
      </trkpt>
      <trkpt lat="34.40483" lon="-119.69435">
        <ele>8.4</ele>
      </trkpt>
      <trkpt lat="34.4051" lon="-119.69428">
        <ele>8.3</ele>
      </trkpt>
      <trkpt lat="34.4051" lon="-119.69428">
        <ele>8.3</ele>
      </trkpt>
      <trkpt lat="34.40509" lon="-119.69425">
        <ele>7.9</ele>
      </trkpt>
      <trkpt lat="34.40509" lon="-119.69424">
        <ele>7.8</ele>
      </trkpt>
      <trkpt lat="34.40509" lon="-119.69422">
        <ele>7.5</ele>
      </trkpt>
      <trkpt lat="34.40509" lon="-119.69421">
        <ele>7.3</ele>
      </trkpt>
      <trkpt lat="34.4051" lon="-119.69418">
        <ele>6.9</ele>
      </trkpt>
      <trkpt lat="34.4051" lon="-119.69417">
        <ele>6.8</ele>
      </trkpt>
      <trkpt lat="34.40511" lon="-119.69416">
        <ele>6.7</ele>
      </trkpt>
      <trkpt lat="34.40511" lon="-119.69415">
        <ele>6.5</ele>
      </trkpt>
      <trkpt lat="34.40513" lon="-119.69413">
        <ele>6.3</ele>
      </trkpt>
      <trkpt lat="34.40547" lon="-119.69382">
        <ele>3.5</ele>
      </trkpt>
      <trkpt lat="34.4055" lon="-119.6938">
        <ele>3.3</ele>
      </trkpt>
      <trkpt lat="34.40562" lon="-119.69372">
        <ele>2.8</ele>
      </trkpt>
      <trkpt lat="34.4058" lon="-119.6936">
        <ele>2.3</ele>
      </trkpt>
      <trkpt lat="34.40581" lon="-119.6936">
        <ele>2.4</ele>
      </trkpt>
      <trkpt lat="34.40592" lon="-119.69355">
        <ele>2.1</ele>
      </trkpt>
      <trkpt lat="34.40612" lon="-119.69347">
        <ele>2.4</ele>
      </trkpt>
      <trkpt lat="34.4063" lon="-119.6934">
        <ele>1.9</ele>
      </trkpt>
      <trkpt lat="34.40649" lon="-119.69333">
        <ele>1.8</ele>
      </trkpt>
      <trkpt lat="34.40649" lon="-119.69333">
        <ele>1.8</ele>
      </trkpt>
      <trkpt lat="34.40649" lon="-119.69337">
        <ele>2.3</ele>
      </trkpt>
      <trkpt lat="34.40649" lon="-119.69337">
        <ele>2.3</ele>
      </trkpt>
      <trkpt lat="34.40669" lon="-119.69329">
        <ele>2.4</ele>
      </trkpt>
      <trkpt lat="34.40681" lon="-119.69324">
        <ele>2.2</ele>
      </trkpt>
      <trkpt lat="34.40707" lon="-119.69313">
        <ele>1.8</ele>
      </trkpt>
      <trkpt lat="34.40712" lon="-119.69311">
        <ele>1.6</ele>
      </trkpt>
      <trkpt lat="34.40714" lon="-119.69311">
        <ele>1.6</ele>
      </trkpt>
      <trkpt lat="34.40717" lon="-119.69311">
        <ele>1.7</ele>
      </trkpt>
      <trkpt lat="34.40719" lon="-119.69312">
        <ele>2.0</ele>
      </trkpt>
      <trkpt lat="34.40723" lon="-119.69315">
        <ele>2.5</ele>
      </trkpt>
      <trkpt lat="34.40723" lon="-119.69315">
        <ele>2.5</ele>
      </trkpt>
      <trkpt lat="34.40726" lon="-119.69322">
        <ele>3.1</ele>
      </trkpt>
      <trkpt lat="34.40729" lon="-119.6933">
        <ele>3.7</ele>
      </trkpt>
      <trkpt lat="34.40731" lon="-119.69338">
        <ele>4.2</ele>
      </trkpt>
      <trkpt lat="34.40733" lon="-119.69343">
        <ele>4.6</ele>
      </trkpt>
      <trkpt lat="34.40735" lon="-119.69346">
        <ele>4.9</ele>
      </trkpt>
      <trkpt lat="34.40736" lon="-119.69348">
        <ele>5.0</ele>
      </trkpt>
      <trkpt lat="34.40737" lon="-119.69348">
        <ele>5.0</ele>
      </trkpt>
      <trkpt lat="34.40738" lon="-119.69349">
        <ele>5.1</ele>
      </trkpt>
      <trkpt lat="34.40741" lon="-119.69351">
        <ele>5.3</ele>
      </trkpt>
      <trkpt lat="34.40742" lon="-119.69351">
        <ele>5.3</ele>
      </trkpt>
      <trkpt lat="34.40744" lon="-119.69351">
        <ele>5.3</ele>
      </trkpt>
      <trkpt lat="34.40745" lon="-119.69352">
        <ele>5.4</ele>
      </trkpt>
      <trkpt lat="34.40746" lon="-119.69352">
        <ele>5.4</ele>
      </trkpt>
      <trkpt lat="34.40749" lon="-119.69351">
        <ele>5.3</ele>
      </trkpt>
      <trkpt lat="34.40749" lon="-119.69351">
        <ele>5.3</ele>
      </trkpt>
      <trkpt lat="34.40751" lon="-119.69348">
        <ele>5.1</ele>
      </trkpt>
      <trkpt lat="34.40763" lon="-119.69337">
        <ele>4.4</ele>
      </trkpt>
      <trkpt lat="34.40775" lon="-119.69325">
        <ele>3.9</ele>
      </trkpt>
      <trkpt lat="34.40785" lon="-119.69316">
        <ele>3.6</ele>
      </trkpt>
      <trkpt lat="34.40794" lon="-119.69309">
        <ele>3.4</ele>
      </trkpt>
      <trkpt lat="34.40801" lon="-119.69304">
        <ele>3.3</ele>
      </trkpt>
      <trkpt lat="34.40807" lon="-119.69299">
        <ele>3.3</ele>
      </trkpt>
      <trkpt lat="34.4081" lon="-119.69297">
        <ele>3.2</ele>
      </trkpt>
      <trkpt lat="34.40813" lon="-119.69297">
        <ele>3.3</ele>
      </trkpt>
      <trkpt lat="34.40815" lon="-119.69296">
        <ele>3.3</ele>
      </trkpt>
      <trkpt lat="34.40816" lon="-119.69296">
        <ele>3.3</ele>
      </trkpt>
      <trkpt lat="34.40819" lon="-119.69297">
        <ele>3.3</ele>
      </trkpt>
      <trkpt lat="34.40826" lon="-119.69302">
        <ele>3.5</ele>
      </trkpt>
      <trkpt lat="34.40835" lon="-119.69308">
        <ele>3.8</ele>
      </trkpt>
      <trkpt lat="34.40838" lon="-119.6931">
        <ele>3.9</ele>
      </trkpt>
      <trkpt lat="34.40841" lon="-119.6931">
        <ele>3.9</ele>
      </trkpt>
      <trkpt lat="34.40842" lon="-119.69311">
        <ele>3.9</ele>
      </trkpt>
      <trkpt lat="34.40844" lon="-119.69311">
        <ele>3.9</ele>
      </trkpt>
      <trkpt lat="34.40846" lon="-119.6931">
        <ele>3.9</ele>
      </trkpt>
      <trkpt lat="34.40848" lon="-119.69309">
        <ele>3.9</ele>
      </trkpt>
      <trkpt lat="34.40851" lon="-119.69307">
        <ele>3.9</ele>
      </trkpt>
      <trkpt lat="34.40856" lon="-119.69301">
        <ele>3.8</ele>
      </trkpt>
      <trkpt lat="34.40864" lon="-119.69294">
        <ele>3.7</ele>
      </trkpt>
      <trkpt lat="34.40876" lon="-119.6928">
        <ele>3.5</ele>
      </trkpt>
      <trkpt lat="34.40884" lon="-119.69272">
        <ele>3.3</ele>
      </trkpt>
      <trkpt lat="34.40891" lon="-119.69265">
        <ele>3.3</ele>
      </trkpt>
      <trkpt lat="34.40892" lon="-119.69263">
        <ele>3.3</ele>
      </trkpt>
      <trkpt lat="34.40892" lon="-119.69262">
        <ele>3.2</ele>
      </trkpt>
      <trkpt lat="34.40893" lon="-119.69261">
        <ele>3.2</ele>
      </trkpt>
      <trkpt lat="34.40893" lon="-119.6926">
        <ele>3.2</ele>
      </trkpt>
      <trkpt lat="34.40893" lon="-119.69258">
        <ele>3.2</ele>
      </trkpt>
      <trkpt lat="34.40894" lon="-119.69257">
        <ele>3.2</ele>
      </trkpt>
      <trkpt lat="34.40894" lon="-119.69255">
        <ele>3.2</ele>
      </trkpt>
      <trkpt lat="34.40894" lon="-119.69254">
        <ele>3.1</ele>
      </trkpt>
      <trkpt lat="34.40895" lon="-119.69253">
        <ele>3.1</ele>
      </trkpt>
      <trkpt lat="34.40896" lon="-119.6925">
        <ele>3.1</ele>
      </trkpt>
      <trkpt lat="34.40906" lon="-119.69238">
        <ele>3.1</ele>
      </trkpt>
      <trkpt lat="34.40912" lon="-119.69233">
        <ele>3.0</ele>
      </trkpt>
      <trkpt lat="34.40916" lon="-119.69231">
        <ele>3.0</ele>
      </trkpt>
      <trkpt lat="34.4092" lon="-119.6923">
        <ele>3.0</ele>
      </trkpt>
      <trkpt lat="34.40922" lon="-119.69229">
        <ele>3.0</ele>
      </trkpt>
      <trkpt lat="34.40925" lon="-119.69228">
        <ele>3.0</ele>
      </trkpt>
      <trkpt lat="34.4093" lon="-119.69223">
        <ele>2.9</ele>
      </trkpt>
      <trkpt lat="34.41021" lon="-119.69126">
        <ele>2.8</ele>
      </trkpt>
      <trkpt lat="34.41042" lon="-119.69103">
        <ele>2.8</ele>
      </trkpt>
      <trkpt lat="34.41053" lon="-119.69091">
        <ele>2.8</ele>
      </trkpt>
      <trkpt lat="34.41059" lon="-119.69084">
        <ele>2.8</ele>
      </trkpt>
      <trkpt lat="34.41066" lon="-119.69074">
        <ele>2.8</ele>
      </trkpt>
      <trkpt lat="34.41072" lon="-119.69067">
        <ele>2.8</ele>
      </trkpt>
      <trkpt lat="34.4108" lon="-119.69054">
        <ele>2.9</ele>
      </trkpt>
      <trkpt lat="34.41088" lon="-119.69041">
        <ele>2.8</ele>
      </trkpt>
      <trkpt lat="34.41098" lon="-119.69026">
        <ele>2.8</ele>
      </trkpt>
      <trkpt lat="34.41101" lon="-119.69023">
        <ele>2.8</ele>
      </trkpt>
      <trkpt lat="34.4111" lon="-119.6901">
        <ele>2.8</ele>
      </trkpt>
      <trkpt lat="34.4112" lon="-119.68999">
        <ele>2.8</ele>
      </trkpt>
      <trkpt lat="34.41132" lon="-119.68985">
        <ele>2.8</ele>
      </trkpt>
      <trkpt lat="34.41141" lon="-119.68975">
        <ele>2.9</ele>
      </trkpt>
      <trkpt lat="34.41155" lon="-119.6896">
        <ele>3.0</ele>
      </trkpt>
      <trkpt lat="34.41163" lon="-119.68952">
        <ele>3.0</ele>
      </trkpt>
      <trkpt lat="34.41166" lon="-119.68947">
        <ele>3.0</ele>
      </trkpt>
      <trkpt lat="34.41169" lon="-119.68942">
        <ele>3.0</ele>
      </trkpt>
      <trkpt lat="34.41173" lon="-119.68927">
        <ele>2.9</ele>
      </trkpt>
      <trkpt lat="34.41177" lon="-119.68911">
        <ele>2.8</ele>
      </trkpt>
      <trkpt lat="34.41179" lon="-119.68906">
        <ele>2.7</ele>
      </trkpt>
      <trkpt lat="34.4118" lon="-119.68901">
        <ele>2.7</ele>
      </trkpt>
      <trkpt lat="34.41182" lon="-119.68899">
        <ele>2.7</ele>
      </trkpt>
      <trkpt lat="34.41183" lon="-119.68897">
        <ele>2.7</ele>
      </trkpt>
      <trkpt lat="34.41186" lon="-119.68893">
        <ele>2.7</ele>
      </trkpt>
      <trkpt lat="34.41188" lon="-119.6889">
        <ele>2.7</ele>
      </trkpt>
      <trkpt lat="34.41193" lon="-119.68884">
        <ele>2.7</ele>
      </trkpt>
      <trkpt lat="34.41193" lon="-119.68884">
        <ele>2.7</ele>
      </trkpt>
      <trkpt lat="34.41161" lon="-119.68834">
        <ele>1.0</ele>
      </trkpt>
      <trkpt lat="34.41139" lon="-119.688">
        <ele>1.2</ele>
      </trkpt>
      <trkpt lat="34.41094" lon="-119.68731">
        <ele>1.1</ele>
      </trkpt>
      <trkpt lat="34.41139" lon="-119.688">
        <ele>1.2</ele>
      </trkpt>
      <trkpt lat="34.41161" lon="-119.68834">
        <ele>1.0</ele>
      </trkpt>
      <trkpt lat="34.41193" lon="-119.68884">
        <ele>2.7</ele>
      </trkpt>
      <trkpt lat="34.41193" lon="-119.68884">
        <ele>2.7</ele>
      </trkpt>
      <trkpt lat="34.41204" lon="-119.68874">
        <ele>2.7</ele>
      </trkpt>
      <trkpt lat="34.41205" lon="-119.68874">
        <ele>2.7</ele>
      </trkpt>
      <trkpt lat="34.41207" lon="-119.68871">
        <ele>2.7</ele>
      </trkpt>
      <trkpt lat="34.41211" lon="-119.68867">
        <ele>2.8</ele>
      </trkpt>
      <trkpt lat="34.41215" lon="-119.68865">
        <ele>2.8</ele>
      </trkpt>
      <trkpt lat="34.41218" lon="-119.68865">
        <ele>2.8</ele>
      </trkpt>
      <trkpt lat="34.41232" lon="-119.68861">
        <ele>2.8</ele>
      </trkpt>
      <trkpt lat="34.41241" lon="-119.6886">
        <ele>2.8</ele>
      </trkpt>
      <trkpt lat="34.41245" lon="-119.68858">
        <ele>2.8</ele>
      </trkpt>
      <trkpt lat="34.41248" lon="-119.68857">
        <ele>2.8</ele>
      </trkpt>
      <trkpt lat="34.41249" lon="-119.68857">
        <ele>2.8</ele>
      </trkpt>
      <trkpt lat="34.4125" lon="-119.68856">
        <ele>2.8</ele>
      </trkpt>
      <trkpt lat="34.41273" lon="-119.68833">
        <ele>2.8</ele>
      </trkpt>
      <trkpt lat="34.41276" lon="-119.68828">
        <ele>2.8</ele>
      </trkpt>
      <trkpt lat="34.41278" lon="-119.68825">
        <ele>2.8</ele>
      </trkpt>
      <trkpt lat="34.41288" lon="-119.68782">
        <ele>2.9</ele>
      </trkpt>
      <trkpt lat="34.4129" lon="-119.68775">
        <ele>2.9</ele>
      </trkpt>
      <trkpt lat="34.41294" lon="-119.68765">
        <ele>2.9</ele>
      </trkpt>
      <trkpt lat="34.41306" lon="-119.68736">
        <ele>2.9</ele>
      </trkpt>
      <trkpt lat="34.41322" lon="-119.687">
        <ele>2.9</ele>
      </trkpt>
      <trkpt lat="34.41325" lon="-119.68694">
        <ele>2.9</ele>
      </trkpt>
      <trkpt lat="34.41354" lon="-119.68629">
        <ele>2.9</ele>
      </trkpt>
      <trkpt lat="34.4137" lon="-119.68593">
        <ele>2.9</ele>
      </trkpt>
      <trkpt lat="34.41375" lon="-119.68582">
        <ele>2.9</ele>
      </trkpt>
      <trkpt lat="34.4138" lon="-119.68571">
        <ele>2.9</ele>
      </trkpt>
      <trkpt lat="34.41381" lon="-119.68566">
        <ele>2.9</ele>
      </trkpt>
      <trkpt lat="34.41387" lon="-119.68546">
        <ele>2.9</ele>
      </trkpt>
      <trkpt lat="34.41389" lon="-119.68538">
        <ele>2.9</ele>
      </trkpt>
      <trkpt lat="34.41395" lon="-119.68509">
        <ele>2.8</ele>
      </trkpt>
      <trkpt lat="34.41402" lon="-119.68472">
        <ele>2.8</ele>
      </trkpt>
      <trkpt lat="34.41408" lon="-119.6844">
        <ele>2.8</ele>
      </trkpt>
      <trkpt lat="34.41414" lon="-119.68409">
        <ele>2.7</ele>
      </trkpt>
      <trkpt lat="34.41421" lon="-119.68376">
        <ele>2.7</ele>
      </trkpt>
      <trkpt lat="34.41424" lon="-119.68358">
        <ele>2.7</ele>
      </trkpt>
      <trkpt lat="34.41432" lon="-119.68319">
        <ele>2.7</ele>
      </trkpt>
      <trkpt lat="34.41434" lon="-119.68309">
        <ele>2.7</ele>
      </trkpt>
      <trkpt lat="34.41436" lon="-119.68303">
        <ele>2.7</ele>
      </trkpt>
      <trkpt lat="34.41438" lon="-119.68299">
        <ele>2.7</ele>
      </trkpt>
      <trkpt lat="34.4144" lon="-119.68296">
        <ele>2.7</ele>
      </trkpt>
      <trkpt lat="34.41445" lon="-119.68292">
        <ele>2.7</ele>
      </trkpt>
      <trkpt lat="34.41456" lon="-119.68282">
        <ele>2.8</ele>
      </trkpt>
      <trkpt lat="34.41465" lon="-119.68275">
        <ele>2.9</ele>
      </trkpt>
      <trkpt lat="34.41474" lon="-119.68266">
        <ele>3.0</ele>
      </trkpt>
      <trkpt lat="34.41477" lon="-119.68262">
        <ele>3.0</ele>
      </trkpt>
      <trkpt lat="34.41478" lon="-119.68259">
        <ele>3.0</ele>
      </trkpt>
      <trkpt lat="34.41479" lon="-119.68255">
        <ele>3.0</ele>
      </trkpt>
      <trkpt lat="34.41481" lon="-119.68245">
        <ele>3.0</ele>
      </trkpt>
      <trkpt lat="34.41482" lon="-119.68231">
        <ele>2.9</ele>
      </trkpt>
      <trkpt lat="34.41484" lon="-119.68216">
        <ele>3.0</ele>
      </trkpt>
      <trkpt lat="34.41485" lon="-119.68205">
        <ele>2.9</ele>
      </trkpt>
      <trkpt lat="34.41487" lon="-119.6819">
        <ele>2.9</ele>
      </trkpt>
      <trkpt lat="34.4149" lon="-119.6817">
        <ele>2.9</ele>
      </trkpt>
      <trkpt lat="34.4149" lon="-119.68161">
        <ele>2.9</ele>
      </trkpt>
      <trkpt lat="34.41491" lon="-119.68149">
        <ele>2.9</ele>
      </trkpt>
      <trkpt lat="34.41492" lon="-119.68118">
        <ele>2.8</ele>
      </trkpt>
      <trkpt lat="34.41493" lon="-119.68096">
        <ele>2.8</ele>
      </trkpt>
      <trkpt lat="34.41494" lon="-119.68074">
        <ele>2.7</ele>
      </trkpt>
      <trkpt lat="34.41495" lon="-119.68058">
        <ele>2.7</ele>
      </trkpt>
      <trkpt lat="34.41495" lon="-119.68049">
        <ele>2.7</ele>
      </trkpt>
      <trkpt lat="34.41497" lon="-119.68035">
        <ele>2.7</ele>
      </trkpt>
      <trkpt lat="34.41499" lon="-119.68022">
        <ele>2.7</ele>
      </trkpt>
      <trkpt lat="34.41501" lon="-119.68014">
        <ele>2.7</ele>
      </trkpt>
      <trkpt lat="34.41502" lon="-119.68006">
        <ele>2.7</ele>
      </trkpt>
      <trkpt lat="34.41506" lon="-119.67989">
        <ele>2.6</ele>
      </trkpt>
      <trkpt lat="34.41507" lon="-119.67983">
        <ele>2.6</ele>
      </trkpt>
      <trkpt lat="34.41508" lon="-119.67979">
        <ele>2.7</ele>
      </trkpt>
      <trkpt lat="34.41508" lon="-119.67976">
        <ele>2.7</ele>
      </trkpt>
      <trkpt lat="34.41507" lon="-119.67972">
        <ele>2.6</ele>
      </trkpt>
      <trkpt lat="34.41506" lon="-119.6797">
        <ele>2.6</ele>
      </trkpt>
      <trkpt lat="34.41506" lon="-119.67966">
        <ele>2.6</ele>
      </trkpt>
      <trkpt lat="34.41506" lon="-119.67963">
        <ele>2.6</ele>
      </trkpt>
      <trkpt lat="34.41506" lon="-119.6796">
        <ele>2.5</ele>
      </trkpt>
      <trkpt lat="34.4151" lon="-119.67941">
        <ele>2.4</ele>
      </trkpt>
      <trkpt lat="34.41514" lon="-119.67917">
        <ele>1.9</ele>
      </trkpt>
      <trkpt lat="34.41518" lon="-119.67897">
        <ele>2.1</ele>
      </trkpt>
      <trkpt lat="34.41519" lon="-119.67893">
        <ele>1.9</ele>
      </trkpt>
      <trkpt lat="34.4152" lon="-119.6789">
        <ele>1.8</ele>
      </trkpt>
      <trkpt lat="34.41526" lon="-119.67857">
        <ele>2.0</ele>
      </trkpt>
      <trkpt lat="34.4153" lon="-119.67838">
        <ele>1.9</ele>
      </trkpt>
      <trkpt lat="34.41532" lon="-119.67826">
        <ele>1.7</ele>
      </trkpt>
      <trkpt lat="34.41533" lon="-119.67815">
        <ele>1.7</ele>
      </trkpt>
      <trkpt lat="34.41535" lon="-119.67801">
        <ele>1.8</ele>
      </trkpt>
      <trkpt lat="34.41537" lon="-119.67789">
        <ele>1.9</ele>
      </trkpt>
      <trkpt lat="34.41537" lon="-119.67786">
        <ele>1.8</ele>
      </trkpt>
      <trkpt lat="34.41538" lon="-119.67779">
        <ele>1.4</ele>
      </trkpt>
      <trkpt lat="34.41542" lon="-119.6776">
        <ele>1.5</ele>
      </trkpt>
      <trkpt lat="34.41549" lon="-119.67722">
        <ele>1.3</ele>
      </trkpt>
      <trkpt lat="34.4155" lon="-119.67719">
        <ele>1.4</ele>
      </trkpt>
      <trkpt lat="34.41558" lon="-119.67678">
        <ele>1.8</ele>
      </trkpt>
      <trkpt lat="34.41558" lon="-119.67678">
        <ele>1.8</ele>
      </trkpt>
      <trkpt lat="34.41572" lon="-119.67604">
        <ele>2.4</ele>
      </trkpt>
      <trkpt lat="34.4158" lon="-119.67556">
        <ele>2.2</ele>
      </trkpt>
      <trkpt lat="34.41588" lon="-119.67515">
        <ele>2.1</ele>
      </trkpt>
      <trkpt lat="34.41592" lon="-119.67495">
        <ele>2.3</ele>
      </trkpt>
      <trkpt lat="34.41596" lon="-119.67469">
        <ele>1.8</ele>
      </trkpt>
      <trkpt lat="34.416" lon="-119.6745">
        <ele>2.2</ele>
      </trkpt>
      <trkpt lat="34.41604" lon="-119.67431">
        <ele>2.4</ele>
      </trkpt>
      <trkpt lat="34.41611" lon="-119.67397">
        <ele>2.6</ele>
      </trkpt>
      <trkpt lat="34.41616" lon="-119.67371">
        <ele>2.6</ele>
      </trkpt>
      <trkpt lat="34.41622" lon="-119.6734">
        <ele>2.7</ele>
      </trkpt>
      <trkpt lat="34.41627" lon="-119.67312">
        <ele>2.7</ele>
      </trkpt>
      <trkpt lat="34.41628" lon="-119.67309">
        <ele>2.7</ele>
      </trkpt>
      <trkpt lat="34.4163" lon="-119.67294">
        <ele>2.7</ele>
      </trkpt>
      <trkpt lat="34.41633" lon="-119.67278">
        <ele>2.7</ele>
      </trkpt>
      <trkpt lat="34.41637" lon="-119.67259">
        <ele>2.7</ele>
      </trkpt>
      <trkpt lat="34.41639" lon="-119.67248">
        <ele>2.7</ele>
      </trkpt>
      <trkpt lat="34.41641" lon="-119.67239">
        <ele>2.8</ele>
      </trkpt>
      <trkpt lat="34.41643" lon="-119.67231">
        <ele>2.8</ele>
      </trkpt>
      <trkpt lat="34.41643" lon="-119.67227">
        <ele>2.8</ele>
      </trkpt>
      <trkpt lat="34.41644" lon="-119.67224">
        <ele>2.8</ele>
      </trkpt>
      <trkpt lat="34.41646" lon="-119.67221">
        <ele>2.8</ele>
      </trkpt>
      <trkpt lat="34.41648" lon="-119.67219">
        <ele>2.8</ele>
      </trkpt>
      <trkpt lat="34.41649" lon="-119.67217">
        <ele>2.8</ele>
      </trkpt>
      <trkpt lat="34.4165" lon="-119.67216">
        <ele>2.8</ele>
      </trkpt>
      <trkpt lat="34.41653" lon="-119.67214">
        <ele>2.8</ele>
      </trkpt>
      <trkpt lat="34.41655" lon="-119.67214">
        <ele>2.8</ele>
      </trkpt>
      <trkpt lat="34.41657" lon="-119.67213">
        <ele>2.8</ele>
      </trkpt>
      <trkpt lat="34.41661" lon="-119.67214">
        <ele>2.9</ele>
      </trkpt>
      <trkpt lat="34.41668" lon="-119.67216">
        <ele>3.0</ele>
      </trkpt>
      <trkpt lat="34.41673" lon="-119.67218">
        <ele>3.0</ele>
      </trkpt>
      <trkpt lat="34.41673" lon="-119.67218">
        <ele>3.0</ele>
      </trkpt>
      <trkpt lat="34.416735" lon="-119.672156">
        <ele>3.0</ele>
      </trkpt>
      <trkpt lat="34.41692" lon="-119.67122">
        <ele>3.1</ele>
      </trkpt>
      <trkpt lat="34.41698" lon="-119.67091">
        <ele>3.1</ele>
      </trkpt>
      <trkpt lat="34.41698" lon="-119.67091">
        <ele>3.1</ele>
      </trkpt>
      <trkpt lat="34.41706" lon="-119.67093">
        <ele>3.1</ele>
      </trkpt>
      <trkpt lat="34.41712" lon="-119.67094">
        <ele>3.2</ele>
      </trkpt>
      <trkpt lat="34.41726" lon="-119.67098">
        <ele>3.3</ele>
      </trkpt>
      <trkpt lat="34.41726" lon="-119.67098">
        <ele>3.3</ele>
      </trkpt>
      <trkpt lat="34.41729" lon="-119.67072">
        <ele>3.3</ele>
      </trkpt>
      <trkpt lat="34.41733" lon="-119.6704">
        <ele>3.3</ele>
      </trkpt>
      <trkpt lat="34.41737" lon="-119.67012">
        <ele>3.4</ele>
      </trkpt>
      <trkpt lat="34.41737" lon="-119.67011">
        <ele>3.4</ele>
      </trkpt>
      <trkpt lat="34.4174" lon="-119.66982">
        <ele>3.3</ele>
      </trkpt>
      <trkpt lat="34.41746" lon="-119.66939">
        <ele>3.4</ele>
      </trkpt>
      <trkpt lat="34.41746" lon="-119.66938">
        <ele>3.4</ele>
      </trkpt>
      <trkpt lat="34.41751" lon="-119.66895">
        <ele>3.3</ele>
      </trkpt>
      <trkpt lat="34.41751" lon="-119.66893">
        <ele>3.3</ele>
      </trkpt>
      <trkpt lat="34.41755" lon="-119.66866">
        <ele>3.5</ele>
      </trkpt>
      <trkpt lat="34.41755" lon="-119.66862">
        <ele>3.5</ele>
      </trkpt>
      <trkpt lat="34.41758" lon="-119.66837">
        <ele>3.6</ele>
      </trkpt>
      <trkpt lat="34.4176" lon="-119.66828">
        <ele>3.5</ele>
      </trkpt>
      <trkpt lat="34.41761" lon="-119.66817">
        <ele>3.5</ele>
      </trkpt>
      <trkpt lat="34.41762" lon="-119.66812">
        <ele>3.5</ele>
      </trkpt>
      <trkpt lat="34.41762" lon="-119.66811">
        <ele>3.5</ele>
      </trkpt>
      <trkpt lat="34.41762" lon="-119.6681">
        <ele>3.5</ele>
      </trkpt>
      <trkpt lat="34.41761" lon="-119.66809">
        <ele>3.5</ele>
      </trkpt>
      <trkpt lat="34.41761" lon="-119.66808">
        <ele>3.5</ele>
      </trkpt>
      <trkpt lat="34.41758" lon="-119.66806">
        <ele>3.5</ele>
      </trkpt>
      <trkpt lat="34.41758" lon="-119.66806">
        <ele>3.5</ele>
      </trkpt>
      <trkpt lat="34.41758" lon="-119.66804">
        <ele>3.5</ele>
      </trkpt>
      <trkpt lat="34.41759" lon="-119.66802">
        <ele>3.5</ele>
      </trkpt>
      <trkpt lat="34.41759" lon="-119.66799">
        <ele>3.5</ele>
      </trkpt>
      <trkpt lat="34.41759" lon="-119.66796">
        <ele>3.5</ele>
      </trkpt>
      <trkpt lat="34.41759" lon="-119.66794">
        <ele>3.5</ele>
      </trkpt>
      <trkpt lat="34.41758" lon="-119.66791">
        <ele>3.4</ele>
      </trkpt>
      <trkpt lat="34.41758" lon="-119.6679">
        <ele>3.4</ele>
      </trkpt>
      <trkpt lat="34.41758" lon="-119.66788">
        <ele>3.4</ele>
      </trkpt>
      <trkpt lat="34.41758" lon="-119.66785">
        <ele>3.4</ele>
      </trkpt>
      <trkpt lat="34.41758" lon="-119.66784">
        <ele>3.4</ele>
      </trkpt>
      <trkpt lat="34.41758" lon="-119.66782">
        <ele>3.4</ele>
      </trkpt>
      <trkpt lat="34.4176" lon="-119.66779">
        <ele>3.5</ele>
      </trkpt>
      <trkpt lat="34.41761" lon="-119.66777">
        <ele>3.5</ele>
      </trkpt>
      <trkpt lat="34.41765" lon="-119.66772">
        <ele>3.5</ele>
      </trkpt>
      <trkpt lat="34.41765" lon="-119.66772">
        <ele>3.5</ele>
      </trkpt>
      <trkpt lat="34.41767" lon="-119.66768">
        <ele>3.5</ele>
      </trkpt>
      <trkpt lat="34.41768" lon="-119.66765">
        <ele>3.5</ele>
      </trkpt>
      <trkpt lat="34.41768" lon="-119.66763">
        <ele>3.5</ele>
      </trkpt>
      <trkpt lat="34.41768" lon="-119.66761">
        <ele>3.5</ele>
      </trkpt>
      <trkpt lat="34.41767" lon="-119.6676">
        <ele>3.5</ele>
      </trkpt>
      <trkpt lat="34.41766" lon="-119.66758">
        <ele>3.5</ele>
      </trkpt>
      <trkpt lat="34.41763" lon="-119.66755">
        <ele>3.5</ele>
      </trkpt>
      <trkpt lat="34.41755" lon="-119.66748">
        <ele>3.4</ele>
      </trkpt>
      <trkpt lat="34.41751" lon="-119.66745">
        <ele>3.3</ele>
      </trkpt>
      <trkpt lat="34.41747" lon="-119.66742">
        <ele>3.2</ele>
      </trkpt>
      <trkpt lat="34.41743" lon="-119.6674">
        <ele>3.2</ele>
      </trkpt>
      <trkpt lat="34.41743" lon="-119.6674">
        <ele>3.2</ele>
      </trkpt>
      <trkpt lat="34.41742" lon="-119.66739">
        <ele>3.2</ele>
      </trkpt>
      <trkpt lat="34.41741" lon="-119.66738">
        <ele>3.2</ele>
      </trkpt>
      <trkpt lat="34.41741" lon="-119.66737">
        <ele>3.2</ele>
      </trkpt>
      <trkpt lat="34.4174" lon="-119.66733">
        <ele>3.3</ele>
      </trkpt>
      <trkpt lat="34.41739" lon="-119.6673">
        <ele>3.4</ele>
      </trkpt>
      <trkpt lat="34.41739" lon="-119.66725">
        <ele>3.5</ele>
      </trkpt>
      <trkpt lat="34.41739" lon="-119.66719">
        <ele>3.6</ele>
      </trkpt>
      <trkpt lat="34.41739" lon="-119.66712">
        <ele>3.8</ele>
      </trkpt>
      <trkpt lat="34.41739" lon="-119.66704">
        <ele>3.9</ele>
      </trkpt>
      <trkpt lat="34.4174" lon="-119.66697">
        <ele>4.1</ele>
      </trkpt>
      <trkpt lat="34.41741" lon="-119.66693">
        <ele>4.2</ele>
      </trkpt>
      <trkpt lat="34.41742" lon="-119.66691">
        <ele>4.2</ele>
      </trkpt>
      <trkpt lat="34.41743" lon="-119.66689">
        <ele>4.3</ele>
      </trkpt>
      <trkpt lat="34.41746" lon="-119.66683">
        <ele>4.4</ele>
      </trkpt>
      <trkpt lat="34.41747" lon="-119.6668">
        <ele>4.5</ele>
      </trkpt>
      <trkpt lat="34.41748" lon="-119.66677">
        <ele>4.6</ele>
      </trkpt>
      <trkpt lat="34.41749" lon="-119.66674">
        <ele>4.6</ele>
      </trkpt>
      <trkpt lat="34.4175" lon="-119.66663">
        <ele>4.9</ele>
      </trkpt>
      <trkpt lat="34.41751" lon="-119.66657">
        <ele>4.9</ele>
      </trkpt>
      <trkpt lat="34.41753" lon="-119.66645">
        <ele>5.1</ele>
      </trkpt>
      <trkpt lat="34.41753" lon="-119.66637">
        <ele>5.1</ele>
      </trkpt>
      <trkpt lat="34.41754" lon="-119.66635">
        <ele>5.2</ele>
      </trkpt>
      <trkpt lat="34.41755" lon="-119.66628">
        <ele>5.3</ele>
      </trkpt>
      <trkpt lat="34.41756" lon="-119.66621">
        <ele>5.4</ele>
      </trkpt>
      <trkpt lat="34.4176" lon="-119.66595">
        <ele>5.6</ele>
      </trkpt>
      <trkpt lat="34.41765" lon="-119.66571">
        <ele>5.9</ele>
      </trkpt>
      <trkpt lat="34.41767" lon="-119.66564">
        <ele>6.0</ele>
      </trkpt>
      <trkpt lat="34.41769" lon="-119.66552">
        <ele>6.1</ele>
      </trkpt>
      <trkpt lat="34.41769" lon="-119.6655">
        <ele>6.2</ele>
      </trkpt>
      <trkpt lat="34.41774" lon="-119.66529">
        <ele>6.6</ele>
      </trkpt>
      <trkpt lat="34.41776" lon="-119.66516">
        <ele>6.8</ele>
      </trkpt>
      <trkpt lat="34.41778" lon="-119.66506">
        <ele>7.0</ele>
      </trkpt>
      <trkpt lat="34.41779" lon="-119.66503">
        <ele>7.1</ele>
      </trkpt>
      <trkpt lat="34.41779" lon="-119.66493">
        <ele>7.3</ele>
      </trkpt>
      <trkpt lat="34.4178" lon="-119.66485">
        <ele>7.4</ele>
      </trkpt>
      <trkpt lat="34.41782" lon="-119.66475">
        <ele>7.5</ele>
      </trkpt>
      <trkpt lat="34.41784" lon="-119.66466">
        <ele>7.6</ele>
      </trkpt>
      <trkpt lat="34.41786" lon="-119.66455">
        <ele>7.7</ele>
      </trkpt>
      <trkpt lat="34.41789" lon="-119.66439">
        <ele>7.6</ele>
      </trkpt>
      <trkpt lat="34.41793" lon="-119.6642">
        <ele>7.3</ele>
      </trkpt>
      <trkpt lat="34.41795" lon="-119.66413">
        <ele>7.2</ele>
      </trkpt>
      <trkpt lat="34.41797" lon="-119.66408">
        <ele>7.0</ele>
      </trkpt>
      <trkpt lat="34.418" lon="-119.66403">
        <ele>6.8</ele>
      </trkpt>
      <trkpt lat="34.41803" lon="-119.66397">
        <ele>6.3</ele>
      </trkpt>
      <trkpt lat="34.41804" lon="-119.66393">
        <ele>6.0</ele>
      </trkpt>
      <trkpt lat="34.41805" lon="-119.6638">
        <ele>4.3</ele>
      </trkpt>
      <trkpt lat="34.41807" lon="-119.66364">
        <ele>1.8</ele>
      </trkpt>
      <trkpt lat="34.41809" lon="-119.66353">
        <ele>1.7</ele>
      </trkpt>
      <trkpt lat="34.41811" lon="-119.66342">
        <ele>2.2</ele>
      </trkpt>
      <trkpt lat="34.41815" lon="-119.66323">
        <ele>2.4</ele>
      </trkpt>
      <trkpt lat="34.41817" lon="-119.66316">
        <ele>2.8</ele>
      </trkpt>
      <trkpt lat="34.41819" lon="-119.66308">
        <ele>3.5</ele>
      </trkpt>
      <trkpt lat="34.41821" lon="-119.66302">
        <ele>3.9</ele>
      </trkpt>
      <trkpt lat="34.41822" lon="-119.66299">
        <ele>4.1</ele>
      </trkpt>
      <trkpt lat="34.41824" lon="-119.66296">
        <ele>4.1</ele>
      </trkpt>
      <trkpt lat="34.41827" lon="-119.6629">
        <ele>4.5</ele>
      </trkpt>
      <trkpt lat="34.41831" lon="-119.66285">
        <ele>4.6</ele>
      </trkpt>
      <trkpt lat="34.41835" lon="-119.66282">
        <ele>4.4</ele>
      </trkpt>
      <trkpt lat="34.4184" lon="-119.66276">
        <ele>4.8</ele>
      </trkpt>
      <trkpt lat="34.41846" lon="-119.66271">
        <ele>5.0</ele>
      </trkpt>
      <trkpt lat="34.41849" lon="-119.66269">
        <ele>5.0</ele>
      </trkpt>
      <trkpt lat="34.41853" lon="-119.66267">
        <ele>4.8</ele>
      </trkpt>
      <trkpt lat="34.41865" lon="-119.66259">
        <ele>5.0</ele>
      </trkpt>
      <trkpt lat="34.4187" lon="-119.66256">
        <ele>5.0</ele>
      </trkpt>
      <trkpt lat="34.41882" lon="-119.66251">
        <ele>4.8</ele>
      </trkpt>
      <trkpt lat="34.41891" lon="-119.66247">
        <ele>4.7</ele>
      </trkpt>
      <trkpt lat="34.41906" lon="-119.66241">
        <ele>4.3</ele>
      </trkpt>
      <trkpt lat="34.41926" lon="-119.6623">
        <ele>3.4</ele>
      </trkpt>
      <trkpt lat="34.41933" lon="-119.66226">
        <ele>3.3</ele>
      </trkpt>
      <trkpt lat="34.4194" lon="-119.6622">
        <ele>3.2</ele>
      </trkpt>
      <trkpt lat="34.41954" lon="-119.66208">
        <ele>3.2</ele>
      </trkpt>
      <trkpt lat="34.41966" lon="-119.66195">
        <ele>3.6</ele>
      </trkpt>
      <trkpt lat="34.41973" lon="-119.66188">
        <ele>3.5</ele>
      </trkpt>
      <trkpt lat="34.41979" lon="-119.66181">
        <ele>3.3</ele>
      </trkpt>
      <trkpt lat="34.41986" lon="-119.66174">
        <ele>3.0</ele>
      </trkpt>
      <trkpt lat="34.4199" lon="-119.6617">
        <ele>2.7</ele>
      </trkpt>
      <trkpt lat="34.41993" lon="-119.66165">
        <ele>2.6</ele>
      </trkpt>
      <trkpt lat="34.41996" lon="-119.66161">
        <ele>2.5</ele>
      </trkpt>
      <trkpt lat="34.41998" lon="-119.66157">
        <ele>2.4</ele>
      </trkpt>
      <trkpt lat="34.42" lon="-119.66154">
        <ele>2.3</ele>
      </trkpt>
      <trkpt lat="34.42002" lon="-119.66149">
        <ele>2.2</ele>
      </trkpt>
      <trkpt lat="34.42003" lon="-119.66146">
        <ele>2.2</ele>
      </trkpt>
      <trkpt lat="34.42004" lon="-119.66143">
        <ele>2.2</ele>
      </trkpt>
      <trkpt lat="34.42005" lon="-119.66141">
        <ele>2.2</ele>
      </trkpt>
      <trkpt lat="34.42006" lon="-119.66138">
        <ele>2.1</ele>
      </trkpt>
      <trkpt lat="34.42009" lon="-119.6613">
        <ele>2.0</ele>
      </trkpt>
      <trkpt lat="34.4201" lon="-119.66124">
        <ele>1.9</ele>
      </trkpt>
      <trkpt lat="34.42011" lon="-119.66119">
        <ele>1.9</ele>
      </trkpt>
      <trkpt lat="34.42012" lon="-119.66115">
        <ele>1.9</ele>
      </trkpt>
      <trkpt lat="34.42012" lon="-119.66109">
        <ele>2.0</ele>
      </trkpt>
      <trkpt lat="34.42013" lon="-119.66091">
        <ele>2.2</ele>
      </trkpt>
      <trkpt lat="34.42014" lon="-119.66075">
        <ele>2.3</ele>
      </trkpt>
      <trkpt lat="34.42015" lon="-119.66054">
        <ele>2.3</ele>
      </trkpt>
      <trkpt lat="34.42017" lon="-119.6603">
        <ele>2.4</ele>
      </trkpt>
      <trkpt lat="34.42019" lon="-119.66015">
        <ele>2.2</ele>
      </trkpt>
      <trkpt lat="34.4202" lon="-119.65997">
        <ele>2.2</ele>
      </trkpt>
      <trkpt lat="34.42021" lon="-119.65975">
        <ele>2.2</ele>
      </trkpt>
      <trkpt lat="34.42022" lon="-119.65947">
        <ele>2.5</ele>
      </trkpt>
      <trkpt lat="34.42023" lon="-119.6593">
        <ele>2.6</ele>
      </trkpt>
      <trkpt lat="34.42024" lon="-119.65919">
        <ele>2.6</ele>
      </trkpt>
      <trkpt lat="34.42024" lon="-119.65913">
        <ele>2.6</ele>
      </trkpt>
      <trkpt lat="34.42026" lon="-119.65894">
        <ele>2.6</ele>
      </trkpt>
      <trkpt lat="34.42027" lon="-119.65876">
        <ele>2.8</ele>
      </trkpt>
      <trkpt lat="34.42027" lon="-119.65872">
        <ele>2.9</ele>
      </trkpt>
      <trkpt lat="34.42029" lon="-119.65858">
        <ele>2.9</ele>
      </trkpt>
      <trkpt lat="34.42029" lon="-119.65854">
        <ele>2.9</ele>
      </trkpt>
      <trkpt lat="34.4203" lon="-119.65843">
        <ele>2.9</ele>
      </trkpt>
      <trkpt lat="34.42031" lon="-119.65832">
        <ele>3.0</ele>
      </trkpt>
      <trkpt lat="34.42032" lon="-119.6583">
        <ele>2.9</ele>
      </trkpt>
      <trkpt lat="34.42034" lon="-119.65818">
        <ele>2.8</ele>
      </trkpt>
      <trkpt lat="34.42035" lon="-119.65811">
        <ele>2.8</ele>
      </trkpt>
      <trkpt lat="34.42035" lon="-119.65809">
        <ele>2.9</ele>
      </trkpt>
      <trkpt lat="34.4204" lon="-119.65791">
        <ele>2.9</ele>
      </trkpt>
      <trkpt lat="34.42045" lon="-119.65769">
        <ele>3.1</ele>
      </trkpt>
      <trkpt lat="34.42047" lon="-119.65765">
        <ele>3.1</ele>
      </trkpt>
      <trkpt lat="34.42051" lon="-119.65751">
        <ele>3.2</ele>
      </trkpt>
      <trkpt lat="34.42054" lon="-119.65742">
        <ele>3.3</ele>
      </trkpt>
      <trkpt lat="34.42056" lon="-119.65734">
        <ele>3.4</ele>
      </trkpt>
      <trkpt lat="34.42059" lon="-119.65729">
        <ele>3.4</ele>
      </trkpt>
      <trkpt lat="34.42061" lon="-119.65725">
        <ele>3.4</ele>
      </trkpt>
      <trkpt lat="34.42065" lon="-119.65718">
        <ele>3.4</ele>
      </trkpt>
      <trkpt lat="34.4207" lon="-119.65711">
        <ele>3.4</ele>
      </trkpt>
      <trkpt lat="34.42074" lon="-119.65706">
        <ele>3.3</ele>
      </trkpt>
      <trkpt lat="34.4208" lon="-119.65698">
        <ele>3.3</ele>
      </trkpt>
      <trkpt lat="34.42086" lon="-119.6569">
        <ele>3.2</ele>
      </trkpt>
      <trkpt lat="34.42094" lon="-119.65682">
        <ele>3.1</ele>
      </trkpt>
      <trkpt lat="34.42103" lon="-119.65675">
        <ele>3.0</ele>
      </trkpt>
      <trkpt lat="34.42114" lon="-119.65667">
        <ele>3.6</ele>
      </trkpt>
      <trkpt lat="34.42116" lon="-119.65666">
        <ele>3.6</ele>
      </trkpt>
      <trkpt lat="34.42118" lon="-119.65664">
        <ele>3.8</ele>
      </trkpt>
      <trkpt lat="34.4212" lon="-119.65664">
        <ele>3.8</ele>
      </trkpt>
      <trkpt lat="34.42122" lon="-119.65663">
        <ele>3.9</ele>
      </trkpt>
      <trkpt lat="34.42125" lon="-119.65663">
        <ele>4.0</ele>
      </trkpt>
      <trkpt lat="34.42126" lon="-119.65663">
        <ele>4.0</ele>
      </trkpt>
      <trkpt lat="34.42127" lon="-119.65663">
        <ele>4.0</ele>
      </trkpt>
      <trkpt lat="34.42127" lon="-119.65663">
        <ele>4.0</ele>
      </trkpt>
      <trkpt lat="34.42129" lon="-119.65656">
        <ele>4.3</ele>
      </trkpt>
      <trkpt lat="34.42129" lon="-119.65656">
        <ele>4.3</ele>
      </trkpt>
      <trkpt lat="34.42128" lon="-119.65655">
        <ele>4.4</ele>
      </trkpt>
      <trkpt lat="34.42126" lon="-119.65653">
        <ele>4.4</ele>
      </trkpt>
      <trkpt lat="34.42124" lon="-119.6565">
        <ele>4.6</ele>
      </trkpt>
      <trkpt lat="34.42122" lon="-119.65647">
        <ele>4.7</ele>
      </trkpt>
      <trkpt lat="34.42122" lon="-119.65646">
        <ele>4.8</ele>
      </trkpt>
      <trkpt lat="34.42121" lon="-119.65643">
        <ele>4.9</ele>
      </trkpt>
      <trkpt lat="34.42121" lon="-119.6564">
        <ele>5.1</ele>
      </trkpt>
      <trkpt lat="34.42121" lon="-119.65636">
        <ele>5.3</ele>
      </trkpt>
      <trkpt lat="34.42122" lon="-119.65633">
        <ele>5.4</ele>
      </trkpt>
      <trkpt lat="34.42124" lon="-119.65629">
        <ele>5.6</ele>
      </trkpt>
      <trkpt lat="34.42126" lon="-119.65627">
        <ele>5.7</ele>
      </trkpt>
      <trkpt lat="34.42128" lon="-119.65624">
        <ele>5.8</ele>
      </trkpt>
      <trkpt lat="34.42131" lon="-119.65623">
        <ele>5.8</ele>
      </trkpt>
      <trkpt lat="34.42134" lon="-119.65622">
        <ele>5.9</ele>
      </trkpt>
      <trkpt lat="34.42135" lon="-119.65622">
        <ele>5.9</ele>
      </trkpt>
      <trkpt lat="34.42137" lon="-119.65622">
        <ele>5.9</ele>
      </trkpt>
      <trkpt lat="34.4214" lon="-119.65623">
        <ele>5.9</ele>
      </trkpt>
      <trkpt lat="34.42143" lon="-119.65624">
        <ele>5.9</ele>
      </trkpt>
      <trkpt lat="34.42145" lon="-119.65627">
        <ele>5.9</ele>
      </trkpt>
      <trkpt lat="34.42147" lon="-119.65629">
        <ele>5.8</ele>
      </trkpt>
      <trkpt lat="34.42149" lon="-119.65632">
        <ele>5.8</ele>
      </trkpt>
      <trkpt lat="34.42164" lon="-119.65618">
        <ele>6.6</ele>
      </trkpt>
      <trkpt lat="34.42168" lon="-119.65615">
        <ele>6.8</ele>
      </trkpt>
      <trkpt lat="34.42176" lon="-119.65608">
        <ele>7.2</ele>
      </trkpt>
      <trkpt lat="34.42187" lon="-119.65596">
        <ele>7.8</ele>
      </trkpt>
      <trkpt lat="34.42191" lon="-119.65592">
        <ele>8.0</ele>
      </trkpt>
      <trkpt lat="34.42193" lon="-119.65589">
        <ele>8.2</ele>
      </trkpt>
      <trkpt lat="34.422" lon="-119.65578">
        <ele>8.7</ele>
      </trkpt>
      <trkpt lat="34.42208" lon="-119.65565">
        <ele>9.4</ele>
      </trkpt>
      <trkpt lat="34.4221" lon="-119.65562">
        <ele>9.6</ele>
      </trkpt>
      <trkpt lat="34.42234" lon="-119.65517">
        <ele>11.6</ele>
      </trkpt>
      <trkpt lat="34.42237" lon="-119.65512">
        <ele>11.8</ele>
      </trkpt>
      <trkpt lat="34.42237" lon="-119.65511">
        <ele>11.8</ele>
      </trkpt>
      <trkpt lat="34.42247" lon="-119.65489">
        <ele>12.7</ele>
      </trkpt>
      <trkpt lat="34.42256" lon="-119.65467">
        <ele>13.3</ele>
      </trkpt>
      <trkpt lat="34.42268" lon="-119.65444">
        <ele>14.0</ele>
      </trkpt>
      <trkpt lat="34.42277" lon="-119.65425">
        <ele>14.4</ele>
      </trkpt>
      <trkpt lat="34.42281" lon="-119.65417">
        <ele>14.6</ele>
      </trkpt>
      <trkpt lat="34.42286" lon="-119.65406">
        <ele>14.7</ele>
      </trkpt>
      <trkpt lat="34.42286" lon="-119.65406">
        <ele>14.7</ele>
      </trkpt>
      <trkpt lat="34.42286" lon="-119.65394">
        <ele>14.9</ele>
      </trkpt>
      <trkpt lat="34.42286" lon="-119.6539">
        <ele>15.0</ele>
      </trkpt>
      <trkpt lat="34.42286" lon="-119.65383">
        <ele>15.0</ele>
      </trkpt>
      <trkpt lat="34.42285" lon="-119.65376">
        <ele>15.1</ele>
      </trkpt>
      <trkpt lat="34.42284" lon="-119.65372">
        <ele>15.1</ele>
      </trkpt>
      <trkpt lat="34.42284" lon="-119.65369">
        <ele>15.2</ele>
      </trkpt>
      <trkpt lat="34.42282" lon="-119.65364">
        <ele>15.2</ele>
      </trkpt>
      <trkpt lat="34.42281" lon="-119.65358">
        <ele>15.3</ele>
      </trkpt>
      <trkpt lat="34.42272" lon="-119.65341">
        <ele>15.5</ele>
      </trkpt>
      <trkpt lat="34.42264" lon="-119.65325">
        <ele>15.9</ele>
      </trkpt>
      <trkpt lat="34.42259" lon="-119.65316">
        <ele>16.0</ele>
      </trkpt>
      <trkpt lat="34.42259" lon="-119.65315">
        <ele>16.0</ele>
      </trkpt>
      <trkpt lat="34.42255" lon="-119.65309">
        <ele>16.1</ele>
      </trkpt>
      <trkpt lat="34.42253" lon="-119.65303">
        <ele>16.2</ele>
      </trkpt>
      <trkpt lat="34.42252" lon="-119.65299">
        <ele>16.4</ele>
      </trkpt>
      <trkpt lat="34.42252" lon="-119.65296">
        <ele>16.4</ele>
      </trkpt>
      <trkpt lat="34.42252" lon="-119.65293">
        <ele>16.5</ele>
      </trkpt>
      <trkpt lat="34.42252" lon="-119.65289">
        <ele>16.6</ele>
      </trkpt>
      <trkpt lat="34.42253" lon="-119.65282">
        <ele>16.7</ele>
      </trkpt>
      <trkpt lat="34.42254" lon="-119.65278">
        <ele>16.8</ele>
      </trkpt>
      <trkpt lat="34.42255" lon="-119.65275">
        <ele>16.9</ele>
      </trkpt>
      <trkpt lat="34.42255" lon="-119.65275">
        <ele>16.9</ele>
      </trkpt>
      <trkpt lat="34.42235" lon="-119.65248">
        <ele>17.6</ele>
      </trkpt>
      <trkpt lat="34.42231" lon="-119.65242">
        <ele>17.8</ele>
      </trkpt>
      <trkpt lat="34.42224" lon="-119.65227">
        <ele>18.0</ele>
      </trkpt>
      <trkpt lat="34.42222" lon="-119.65222">
        <ele>18.1</ele>
      </trkpt>
      <trkpt lat="34.42197" lon="-119.6517">
        <ele>18.3</ele>
      </trkpt>
      <trkpt lat="34.42194" lon="-119.65162">
        <ele>18.3</ele>
      </trkpt>
      <trkpt lat="34.42187" lon="-119.65146">
        <ele>18.6</ele>
      </trkpt>
      <trkpt lat="34.42179" lon="-119.65125">
        <ele>19.3</ele>
      </trkpt>
      <trkpt lat="34.42176" lon="-119.65118">
        <ele>19.5</ele>
      </trkpt>
      <trkpt lat="34.42172" lon="-119.65108">
        <ele>19.9</ele>
      </trkpt>
      <trkpt lat="34.4217" lon="-119.651">
        <ele>20.3</ele>
      </trkpt>
      <trkpt lat="34.42169" lon="-119.65099">
        <ele>20.3</ele>
      </trkpt>
      <trkpt lat="34.42163" lon="-119.6508">
        <ele>21.0</ele>
      </trkpt>
      <trkpt lat="34.42158" lon="-119.65061">
        <ele>21.6</ele>
      </trkpt>
      <trkpt lat="34.42152" lon="-119.65035">
        <ele>22.3</ele>
      </trkpt>
      <trkpt lat="34.42152" lon="-119.65035">
        <ele>22.3</ele>
      </trkpt>
      <trkpt lat="34.42152" lon="-119.65032">
        <ele>22.4</ele>
      </trkpt>
      <trkpt lat="34.42147" lon="-119.65001">
        <ele>22.9</ele>
      </trkpt>
      <trkpt lat="34.42147" lon="-119.64953">
        <ele>22.6</ele>
      </trkpt>
      <trkpt lat="34.42146" lon="-119.64916">
        <ele>21.6</ele>
      </trkpt>
      <trkpt lat="34.42146" lon="-119.64843">
        <ele>19.6</ele>
      </trkpt>
      <trkpt lat="34.42146" lon="-119.64833">
        <ele>19.6</ele>
      </trkpt>
      <trkpt lat="34.42146" lon="-119.64786">
        <ele>21.2</ele>
      </trkpt>
      <trkpt lat="34.42146" lon="-119.64775">
        <ele>21.9</ele>
      </trkpt>
      <trkpt lat="34.42144" lon="-119.64753">
        <ele>23.1</ele>
      </trkpt>
      <trkpt lat="34.42144" lon="-119.64747">
        <ele>23.5</ele>
      </trkpt>
      <trkpt lat="34.42143" lon="-119.6474">
        <ele>23.8</ele>
      </trkpt>
      <trkpt lat="34.42142" lon="-119.64732">
        <ele>24.2</ele>
      </trkpt>
      <trkpt lat="34.42142" lon="-119.64731">
        <ele>24.3</ele>
      </trkpt>
      <trkpt lat="34.42139" lon="-119.64718">
        <ele>24.7</ele>
      </trkpt>
      <trkpt lat="34.42135" lon="-119.64702">
        <ele>25.0</ele>
      </trkpt>
      <trkpt lat="34.4213" lon="-119.6468">
        <ele>25.1</ele>
      </trkpt>
      <trkpt lat="34.42128" lon="-119.64667">
        <ele>25.1</ele>
      </trkpt>
      <trkpt lat="34.42126" lon="-119.64659">
        <ele>25.0</ele>
      </trkpt>
      <trkpt lat="34.42122" lon="-119.6464">
        <ele>24.9</ele>
      </trkpt>
      <trkpt lat="34.42121" lon="-119.64627">
        <ele>25.1</ele>
      </trkpt>
      <trkpt lat="34.42119" lon="-119.64613">
        <ele>25.1</ele>
      </trkpt>
      <trkpt lat="34.42119" lon="-119.64602">
        <ele>25.3</ele>
      </trkpt>
      <trkpt lat="34.42118" lon="-119.64584">
        <ele>25.4</ele>
      </trkpt>
      <trkpt lat="34.42117" lon="-119.6458">
        <ele>25.4</ele>
      </trkpt>
      <trkpt lat="34.42117" lon="-119.6458">
        <ele>25.4</ele>
      </trkpt>
      <trkpt lat="34.42108" lon="-119.64582">
        <ele>24.2</ele>
      </trkpt>
      <trkpt lat="34.42108" lon="-119.64582">
        <ele>24.2</ele>
      </trkpt>
      <trkpt lat="34.42107" lon="-119.64564">
        <ele>24.4</ele>
      </trkpt>
      <trkpt lat="34.42106" lon="-119.64542">
        <ele>24.8</ele>
      </trkpt>
      <trkpt lat="34.42105" lon="-119.64529">
        <ele>25.0</ele>
      </trkpt>
      <trkpt lat="34.42105" lon="-119.64529">
        <ele>25.0</ele>
      </trkpt>
      <trkpt lat="34.42102" lon="-119.64478">
        <ele>25.7</ele>
      </trkpt>
      <trkpt lat="34.42102" lon="-119.64477">
        <ele>25.7</ele>
      </trkpt>
      <trkpt lat="34.42101" lon="-119.64457">
        <ele>26.0</ele>
      </trkpt>
      <trkpt lat="34.42095" lon="-119.64384">
        <ele>27.1</ele>
      </trkpt>
      <trkpt lat="34.42095" lon="-119.64384">
        <ele>27.1</ele>
      </trkpt>
      <trkpt lat="34.42107" lon="-119.64383">
        <ele>28.3</ele>
      </trkpt>
      <trkpt lat="34.42107" lon="-119.64383">
        <ele>28.3</ele>
      </trkpt>
      <trkpt lat="34.42105" lon="-119.64356">
        <ele>28.5</ele>
      </trkpt>
      <trkpt lat="34.42105" lon="-119.64355">
        <ele>28.5</ele>
      </trkpt>
      <trkpt lat="34.42105" lon="-119.64349">
        <ele>28.6</ele>
      </trkpt>
      <trkpt lat="34.42105" lon="-119.64335">
        <ele>28.7</ele>
      </trkpt>
      <trkpt lat="34.42105" lon="-119.64333">
        <ele>28.7</ele>
      </trkpt>
      <trkpt lat="34.42105" lon="-119.64329">
        <ele>28.7</ele>
      </trkpt>
      <trkpt lat="34.42106" lon="-119.64313">
        <ele>28.7</ele>
      </trkpt>
      <trkpt lat="34.42106" lon="-119.64306">
        <ele>28.6</ele>
      </trkpt>
      <trkpt lat="34.42109" lon="-119.64288">
        <ele>28.6</ele>
      </trkpt>
      <trkpt lat="34.42112" lon="-119.6427">
        <ele>28.3</ele>
      </trkpt>
      <trkpt lat="34.42114" lon="-119.64261">
        <ele>27.9</ele>
      </trkpt>
      <trkpt lat="34.42116" lon="-119.64252">
        <ele>27.4</ele>
      </trkpt>
      <trkpt lat="34.42118" lon="-119.64244">
        <ele>26.7</ele>
      </trkpt>
      <trkpt lat="34.42125" lon="-119.6422">
        <ele>23.1</ele>
      </trkpt>
      <trkpt lat="34.4213" lon="-119.64203">
        <ele>18.7</ele>
      </trkpt>
      <trkpt lat="34.42132" lon="-119.64195">
        <ele>16.3</ele>
      </trkpt>
      <trkpt lat="34.42136" lon="-119.64183">
        <ele>15.6</ele>
      </trkpt>
      <trkpt lat="34.42143" lon="-119.64162">
        <ele>15.4</ele>
      </trkpt>
      <trkpt lat="34.42144" lon="-119.64156">
        <ele>15.3</ele>
      </trkpt>
      <trkpt lat="34.42147" lon="-119.64146">
        <ele>15.2</ele>
      </trkpt>
      <trkpt lat="34.4215" lon="-119.64133">
        <ele>15.1</ele>
      </trkpt>
      <trkpt lat="34.42152" lon="-119.6412">
        <ele>14.9</ele>
      </trkpt>
      <trkpt lat="34.42153" lon="-119.64118">
        <ele>14.9</ele>
      </trkpt>
      <trkpt lat="34.42154" lon="-119.6411">
        <ele>14.8</ele>
      </trkpt>
      <trkpt lat="34.42154" lon="-119.64108">
        <ele>14.8</ele>
      </trkpt>
      <trkpt lat="34.42154" lon="-119.64084">
        <ele>14.9</ele>
      </trkpt>
      <trkpt lat="34.42154" lon="-119.64075">
        <ele>14.9</ele>
      </trkpt>
      <trkpt lat="34.4215" lon="-119.6407">
        <ele>14.8</ele>
      </trkpt>
      <trkpt lat="34.4215" lon="-119.64069">
        <ele>14.8</ele>
      </trkpt>
      <trkpt lat="34.4215" lon="-119.64056">
        <ele>15.0</ele>
      </trkpt>
      <trkpt lat="34.42151" lon="-119.64041">
        <ele>15.2</ele>
      </trkpt>
      <trkpt lat="34.42151" lon="-119.64033">
        <ele>15.3</ele>
      </trkpt>
      <trkpt lat="34.42152" lon="-119.64028">
        <ele>15.5</ele>
      </trkpt>
      <trkpt lat="34.42152" lon="-119.64027">
        <ele>15.5</ele>
      </trkpt>
      <trkpt lat="34.42153" lon="-119.64024">
        <ele>15.6</ele>
      </trkpt>
      <trkpt lat="34.42153" lon="-119.64018">
        <ele>15.7</ele>
      </trkpt>
      <trkpt lat="34.42153" lon="-119.64016">
        <ele>15.7</ele>
      </trkpt>
      <trkpt lat="34.42153" lon="-119.64014">
        <ele>15.8</ele>
      </trkpt>
      <trkpt lat="34.42152" lon="-119.64011">
        <ele>15.8</ele>
      </trkpt>
      <trkpt lat="34.42152" lon="-119.64008">
        <ele>15.9</ele>
      </trkpt>
      <trkpt lat="34.42149" lon="-119.63999">
        <ele>16.0</ele>
      </trkpt>
      <trkpt lat="34.42149" lon="-119.63999">
        <ele>16.0</ele>
      </trkpt>
      <trkpt lat="34.42147" lon="-119.63997">
        <ele>16.0</ele>
      </trkpt>
      <trkpt lat="34.42147" lon="-119.63996">
        <ele>16.0</ele>
      </trkpt>
      <trkpt lat="34.42146" lon="-119.63995">
        <ele>16.0</ele>
      </trkpt>
      <trkpt lat="34.42145" lon="-119.63994">
        <ele>16.0</ele>
      </trkpt>
      <trkpt lat="34.42144" lon="-119.63993">
        <ele>16.0</ele>
      </trkpt>
      <trkpt lat="34.42143" lon="-119.63992">
        <ele>16.0</ele>
      </trkpt>
      <trkpt lat="34.42143" lon="-119.63991">
        <ele>16.0</ele>
      </trkpt>
      <trkpt lat="34.42142" lon="-119.63989">
        <ele>16.0</ele>
      </trkpt>
      <trkpt lat="34.42142" lon="-119.63988">
        <ele>16.0</ele>
      </trkpt>
      <trkpt lat="34.42141" lon="-119.63985">
        <ele>16.1</ele>
      </trkpt>
      <trkpt lat="34.42141" lon="-119.63984">
        <ele>16.1</ele>
      </trkpt>
      <trkpt lat="34.42141" lon="-119.63983">
        <ele>16.1</ele>
      </trkpt>
      <trkpt lat="34.42141" lon="-119.63981">
        <ele>16.1</ele>
      </trkpt>
      <trkpt lat="34.42141" lon="-119.6398">
        <ele>16.2</ele>
      </trkpt>
      <trkpt lat="34.42141" lon="-119.63978">
        <ele>16.2</ele>
      </trkpt>
      <trkpt lat="34.42142" lon="-119.63977">
        <ele>16.3</ele>
      </trkpt>
      <trkpt lat="34.42142" lon="-119.63976">
        <ele>16.3</ele>
      </trkpt>
      <trkpt lat="34.42143" lon="-119.63973">
        <ele>16.4</ele>
      </trkpt>
      <trkpt lat="34.42144" lon="-119.63971">
        <ele>16.5</ele>
      </trkpt>
      <trkpt lat="34.42145" lon="-119.63969">
        <ele>16.5</ele>
      </trkpt>
      <trkpt lat="34.42147" lon="-119.63967">
        <ele>16.7</ele>
      </trkpt>
      <trkpt lat="34.42149" lon="-119.63965">
        <ele>16.8</ele>
      </trkpt>
      <trkpt lat="34.42151" lon="-119.63963">
        <ele>16.9</ele>
      </trkpt>
      <trkpt lat="34.42153" lon="-119.63962">
        <ele>17.0</ele>
      </trkpt>
      <trkpt lat="34.42155" lon="-119.63962">
        <ele>17.1</ele>
      </trkpt>
      <trkpt lat="34.42158" lon="-119.63962">
        <ele>17.2</ele>
      </trkpt>
      <trkpt lat="34.4216" lon="-119.63962">
        <ele>17.2</ele>
      </trkpt>
      <trkpt lat="34.42161" lon="-119.63962">
        <ele>17.2</ele>
      </trkpt>
      <trkpt lat="34.42162" lon="-119.63962">
        <ele>17.2</ele>
      </trkpt>
      <trkpt lat="34.42165" lon="-119.63963">
        <ele>17.3</ele>
      </trkpt>
      <trkpt lat="34.42175" lon="-119.63949">
        <ele>17.7</ele>
      </trkpt>
      <trkpt lat="34.42182" lon="-119.63936">
        <ele>18.0</ele>
      </trkpt>
      <trkpt lat="34.42183" lon="-119.63936">
        <ele>18.0</ele>
      </trkpt>
      <trkpt lat="34.42187" lon="-119.63931">
        <ele>18.2</ele>
      </trkpt>
      <trkpt lat="34.42189" lon="-119.63923">
        <ele>18.3</ele>
      </trkpt>
      <trkpt lat="34.42189" lon="-119.63923">
        <ele>18.3</ele>
      </trkpt>
      <trkpt lat="34.42196" lon="-119.63901">
        <ele>18.4</ele>
      </trkpt>
      <trkpt lat="34.42197" lon="-119.63897">
        <ele>18.4</ele>
      </trkpt>
      <trkpt lat="34.42201" lon="-119.6388">
        <ele>18.4</ele>
      </trkpt>
      <trkpt lat="34.42204" lon="-119.63868">
        <ele>18.3</ele>
      </trkpt>
      <trkpt lat="34.42207" lon="-119.63855">
        <ele>18.1</ele>
      </trkpt>
      <trkpt lat="34.42211" lon="-119.63838">
        <ele>17.9</ele>
      </trkpt>
      <trkpt lat="34.42214" lon="-119.6383">
        <ele>17.8</ele>
      </trkpt>
      <trkpt lat="34.42217" lon="-119.63814">
        <ele>17.4</ele>
      </trkpt>
      <trkpt lat="34.42225" lon="-119.63783">
        <ele>16.1</ele>
      </trkpt>
      <trkpt lat="34.42227" lon="-119.63772">
        <ele>15.9</ele>
      </trkpt>
      <trkpt lat="34.42229" lon="-119.63764">
        <ele>15.8</ele>
      </trkpt>
      <trkpt lat="34.42232" lon="-119.63752">
        <ele>15.6</ele>
      </trkpt>
      <trkpt lat="34.42243" lon="-119.6371">
        <ele>15.1</ele>
      </trkpt>
      <trkpt lat="34.42253" lon="-119.63669">
        <ele>14.5</ele>
      </trkpt>
      <trkpt lat="34.42254" lon="-119.63668">
        <ele>14.5</ele>
      </trkpt>
      <trkpt lat="34.42261" lon="-119.63641">
        <ele>14.1</ele>
      </trkpt>
      <trkpt lat="34.42266" lon="-119.63621">
        <ele>13.8</ele>
      </trkpt>
      <trkpt lat="34.42271" lon="-119.63602">
        <ele>13.7</ele>
      </trkpt>
      <trkpt lat="34.42273" lon="-119.63592">
        <ele>13.6</ele>
      </trkpt>
      <trkpt lat="34.42274" lon="-119.63585">
        <ele>13.6</ele>
      </trkpt>
      <trkpt lat="34.42276" lon="-119.63577">
        <ele>13.5</ele>
      </trkpt>
      <trkpt lat="34.42278" lon="-119.63568">
        <ele>13.5</ele>
      </trkpt>
      <trkpt lat="34.42279" lon="-119.6356">
        <ele>13.5</ele>
      </trkpt>
      <trkpt lat="34.42281" lon="-119.63544">
        <ele>13.3</ele>
      </trkpt>
      <trkpt lat="34.42281" lon="-119.6354">
        <ele>13.2</ele>
      </trkpt>
      <trkpt lat="34.42283" lon="-119.63521">
        <ele>13.0</ele>
      </trkpt>
      <trkpt lat="34.42289" lon="-119.63453">
        <ele>12.7</ele>
      </trkpt>
      <trkpt lat="34.42291" lon="-119.63431">
        <ele>13.4</ele>
      </trkpt>
      <trkpt lat="34.42294" lon="-119.63397">
        <ele>14.1</ele>
      </trkpt>
      <trkpt lat="34.42297" lon="-119.63364">
        <ele>14.6</ele>
      </trkpt>
      <trkpt lat="34.42298" lon="-119.63343">
        <ele>15.0</ele>
      </trkpt>
      <trkpt lat="34.42298" lon="-119.63343">
        <ele>15.0</ele>
      </trkpt>
      <trkpt lat="34.423" lon="-119.63313">
        <ele>15.6</ele>
      </trkpt>
      <trkpt lat="34.42304" lon="-119.63263">
        <ele>16.0</ele>
      </trkpt>
      <trkpt lat="34.4231" lon="-119.63218">
        <ele>16.2</ele>
      </trkpt>
      <trkpt lat="34.42312" lon="-119.632">
        <ele>16.0</ele>
      </trkpt>
      <trkpt lat="34.42312" lon="-119.632">
        <ele>16.0</ele>
      </trkpt>
      <trkpt lat="34.42309" lon="-119.63197">
        <ele>15.8</ele>
      </trkpt>
      <trkpt lat="34.42307" lon="-119.63194">
        <ele>15.8</ele>
      </trkpt>
      <trkpt lat="34.42304" lon="-119.63187">
        <ele>15.5</ele>
      </trkpt>
      <trkpt lat="34.423" lon="-119.63179">
        <ele>15.2</ele>
      </trkpt>
      <trkpt lat="34.423" lon="-119.63179">
        <ele>15.2</ele>
      </trkpt>
      <trkpt lat="34.42297" lon="-119.63178">
        <ele>15.1</ele>
      </trkpt>
      <trkpt lat="34.42294" lon="-119.63178">
        <ele>15.1</ele>
      </trkpt>
      <trkpt lat="34.42292" lon="-119.63177">
        <ele>15.0</ele>
      </trkpt>
      <trkpt lat="34.42289" lon="-119.63176">
        <ele>14.9</ele>
      </trkpt>
      <trkpt lat="34.42287" lon="-119.63174">
        <ele>14.8</ele>
      </trkpt>
      <trkpt lat="34.42285" lon="-119.63173">
        <ele>14.7</ele>
      </trkpt>
      <trkpt lat="34.42283" lon="-119.63171">
        <ele>14.6</ele>
      </trkpt>
      <trkpt lat="34.42281" lon="-119.63168">
        <ele>14.5</ele>
      </trkpt>
      <trkpt lat="34.4228" lon="-119.63166">
        <ele>14.4</ele>
      </trkpt>
      <trkpt lat="34.42278" lon="-119.63163">
        <ele>14.3</ele>
      </trkpt>
      <trkpt lat="34.42277" lon="-119.63159">
        <ele>14.2</ele>
      </trkpt>
      <trkpt lat="34.42276" lon="-119.63158">
        <ele>14.1</ele>
      </trkpt>
      <trkpt lat="34.42276" lon="-119.63157">
        <ele>14.1</ele>
      </trkpt>
      <trkpt lat="34.42276" lon="-119.63156">
        <ele>14.1</ele>
      </trkpt>
      <trkpt lat="34.42276" lon="-119.63155">
        <ele>14.1</ele>
      </trkpt>
      <trkpt lat="34.42275" lon="-119.63154">
        <ele>14.0</ele>
      </trkpt>
      <trkpt lat="34.42275" lon="-119.63153">
        <ele>14.0</ele>
      </trkpt>
      <trkpt lat="34.42275" lon="-119.63152">
        <ele>14.0</ele>
      </trkpt>
      <trkpt lat="34.42275" lon="-119.63151">
        <ele>14.0</ele>
      </trkpt>
      <trkpt lat="34.42275" lon="-119.6315">
        <ele>13.9</ele>
      </trkpt>
      <trkpt lat="34.42275" lon="-119.63149">
        <ele>13.9</ele>
      </trkpt>
      <trkpt lat="34.42275" lon="-119.63148">
        <ele>13.9</ele>
      </trkpt>
      <trkpt lat="34.42276" lon="-119.63146">
        <ele>13.9</ele>
      </trkpt>
      <trkpt lat="34.42276" lon="-119.63145">
        <ele>13.9</ele>
      </trkpt>
      <trkpt lat="34.42276" lon="-119.63144">
        <ele>13.9</ele>
      </trkpt>
      <trkpt lat="34.42277" lon="-119.63143">
        <ele>13.9</ele>
      </trkpt>
      <trkpt lat="34.42278" lon="-119.63142">
        <ele>13.9</ele>
      </trkpt>
      <trkpt lat="34.42278" lon="-119.63141">
        <ele>13.9</ele>
      </trkpt>
      <trkpt lat="34.42279" lon="-119.6314">
        <ele>13.9</ele>
      </trkpt>
      <trkpt lat="34.4228" lon="-119.63139">
        <ele>14.0</ele>
      </trkpt>
      <trkpt lat="34.4228" lon="-119.63138">
        <ele>13.9</ele>
      </trkpt>
      <trkpt lat="34.42281" lon="-119.63138">
        <ele>14.0</ele>
      </trkpt>
      <trkpt lat="34.42282" lon="-119.63137">
        <ele>14.0</ele>
      </trkpt>
      <trkpt lat="34.42283" lon="-119.63136">
        <ele>14.0</ele>
      </trkpt>
      <trkpt lat="34.42284" lon="-119.63136">
        <ele>14.0</ele>
      </trkpt>
      <trkpt lat="34.42285" lon="-119.63135">
        <ele>14.0</ele>
      </trkpt>
      <trkpt lat="34.42286" lon="-119.63134">
        <ele>14.0</ele>
      </trkpt>
      <trkpt lat="34.42286" lon="-119.63123">
        <ele>13.8</ele>
      </trkpt>
      <trkpt lat="34.42287" lon="-119.63117">
        <ele>13.8</ele>
      </trkpt>
      <trkpt lat="34.42288" lon="-119.63111">
        <ele>13.7</ele>
      </trkpt>
      <trkpt lat="34.42286" lon="-119.63108">
        <ele>13.6</ele>
      </trkpt>
      <trkpt lat="34.4228" lon="-119.63097">
        <ele>13.3</ele>
      </trkpt>
      <trkpt lat="34.42278" lon="-119.63094">
        <ele>13.2</ele>
      </trkpt>
      <trkpt lat="34.42273" lon="-119.63086">
        <ele>13.0</ele>
      </trkpt>
      <trkpt lat="34.42268" lon="-119.63076">
        <ele>12.7</ele>
      </trkpt>
      <trkpt lat="34.42265" lon="-119.63071">
        <ele>12.6</ele>
      </trkpt>
      <trkpt lat="34.42259" lon="-119.63058">
        <ele>12.2</ele>
      </trkpt>
      <trkpt lat="34.4224" lon="-119.63013">
        <ele>11.3</ele>
      </trkpt>
      <trkpt lat="34.42233" lon="-119.62994">
        <ele>11.0</ele>
      </trkpt>
      <trkpt lat="34.4221" lon="-119.62937">
        <ele>9.9</ele>
      </trkpt>
      <trkpt lat="34.42206" lon="-119.62927">
        <ele>9.7</ele>
      </trkpt>
      <trkpt lat="34.42201" lon="-119.62914">
        <ele>9.5</ele>
      </trkpt>
      <trkpt lat="34.42189" lon="-119.62885">
        <ele>9.0</ele>
      </trkpt>
      <trkpt lat="34.42183" lon="-119.6287">
        <ele>8.7</ele>
      </trkpt>
      <trkpt lat="34.4218" lon="-119.62861">
        <ele>8.6</ele>
      </trkpt>
      <trkpt lat="34.42174" lon="-119.62847">
        <ele>8.3</ele>
      </trkpt>
      <trkpt lat="34.42167" lon="-119.62825">
        <ele>8.0</ele>
      </trkpt>
      <trkpt lat="34.42159" lon="-119.62803">
        <ele>7.7</ele>
      </trkpt>
      <trkpt lat="34.42152" lon="-119.62779">
        <ele>7.3</ele>
      </trkpt>
      <trkpt lat="34.42147" lon="-119.62764">
        <ele>7.1</ele>
      </trkpt>
      <trkpt lat="34.42146" lon="-119.62759">
        <ele>7.1</ele>
      </trkpt>
      <trkpt lat="34.42141" lon="-119.62739">
        <ele>6.9</ele>
      </trkpt>
      <trkpt lat="34.42138" lon="-119.62724">
        <ele>6.8</ele>
      </trkpt>
      <trkpt lat="34.42138" lon="-119.62724">
        <ele>6.8</ele>
      </trkpt>
      <trkpt lat="34.42137" lon="-119.6272">
        <ele>6.8</ele>
      </trkpt>
      <trkpt lat="34.42131" lon="-119.62691">
        <ele>6.6</ele>
      </trkpt>
      <trkpt lat="34.42127" lon="-119.62667">
        <ele>6.4</ele>
      </trkpt>
      <trkpt lat="34.42124" lon="-119.62647">
        <ele>6.2</ele>
      </trkpt>
      <trkpt lat="34.42119" lon="-119.62628">
        <ele>6.1</ele>
      </trkpt>
      <trkpt lat="34.42118" lon="-119.62613">
        <ele>5.9</ele>
      </trkpt>
      <trkpt lat="34.42117" lon="-119.626">
        <ele>5.8</ele>
      </trkpt>
      <trkpt lat="34.42116" lon="-119.62579">
        <ele>5.7</ele>
      </trkpt>
      <trkpt lat="34.42116" lon="-119.62573">
        <ele>5.6</ele>
      </trkpt>
      <trkpt lat="34.42116" lon="-119.62556">
        <ele>5.6</ele>
      </trkpt>
      <trkpt lat="34.42114" lon="-119.62513">
        <ele>5.5</ele>
      </trkpt>
      <trkpt lat="34.42112" lon="-119.62475">
        <ele>5.4</ele>
      </trkpt>
      <trkpt lat="34.42111" lon="-119.6244">
        <ele>5.2</ele>
      </trkpt>
      <trkpt lat="34.4211" lon="-119.62431">
        <ele>5.1</ele>
      </trkpt>
      <trkpt lat="34.42109" lon="-119.62406">
        <ele>5.0</ele>
      </trkpt>
      <trkpt lat="34.42108" lon="-119.62381">
        <ele>5.0</ele>
      </trkpt>
      <trkpt lat="34.42107" lon="-119.62363">
        <ele>5.0</ele>
      </trkpt>
      <trkpt lat="34.42107" lon="-119.6234">
        <ele>5.1</ele>
      </trkpt>
      <trkpt lat="34.42106" lon="-119.62326">
        <ele>5.3</ele>
      </trkpt>
      <trkpt lat="34.42107" lon="-119.6229">
        <ele>5.7</ele>
      </trkpt>
      <trkpt lat="34.4211" lon="-119.62242">
        <ele>6.0</ele>
      </trkpt>
      <trkpt lat="34.42117" lon="-119.62147">
        <ele>6.9</ele>
      </trkpt>
      <trkpt lat="34.42117" lon="-119.62147">
        <ele>6.9</ele>
      </trkpt>
      <trkpt lat="34.42119" lon="-119.62122">
        <ele>7.1</ele>
      </trkpt>
      <trkpt lat="34.42121" lon="-119.621">
        <ele>7.3</ele>
      </trkpt>
      <trkpt lat="34.42122" lon="-119.6208">
        <ele>7.5</ele>
      </trkpt>
      <trkpt lat="34.42125" lon="-119.62049">
        <ele>7.9</ele>
      </trkpt>
      <trkpt lat="34.42126" lon="-119.62036">
        <ele>8.0</ele>
      </trkpt>
      <trkpt lat="34.42126" lon="-119.62035">
        <ele>8.0</ele>
      </trkpt>
      <trkpt lat="34.42131" lon="-119.61996">
        <ele>8.4</ele>
      </trkpt>
      <trkpt lat="34.42134" lon="-119.61972">
        <ele>8.6</ele>
      </trkpt>
      <trkpt lat="34.42134" lon="-119.61971">
        <ele>8.6</ele>
      </trkpt>
      <trkpt lat="34.42135" lon="-119.6196">
        <ele>8.5</ele>
      </trkpt>
      <trkpt lat="34.42136" lon="-119.6195">
        <ele>8.5</ele>
      </trkpt>
      <trkpt lat="34.42146" lon="-119.61867">
        <ele>7.4</ele>
      </trkpt>
      <trkpt lat="34.42146" lon="-119.61864">
        <ele>7.3</ele>
      </trkpt>
      <trkpt lat="34.42147" lon="-119.61863">
        <ele>7.4</ele>
      </trkpt>
      <trkpt lat="34.42152" lon="-119.6182">
        <ele>7.1</ele>
      </trkpt>
      <trkpt lat="34.42159" lon="-119.6176">
        <ele>7.6</ele>
      </trkpt>
      <trkpt lat="34.42162" lon="-119.61732">
        <ele>8.6</ele>
      </trkpt>
      <trkpt lat="34.42168" lon="-119.61695">
        <ele>11.1</ele>
      </trkpt>
      <trkpt lat="34.42173" lon="-119.6167">
        <ele>13.3</ele>
      </trkpt>
      <trkpt lat="34.4218" lon="-119.61644">
        <ele>15.1</ele>
      </trkpt>
      <trkpt lat="34.42191" lon="-119.61606">
        <ele>16.3</ele>
      </trkpt>
      <trkpt lat="34.42195" lon="-119.61591">
        <ele>16.8</ele>
      </trkpt>
      <trkpt lat="34.42211" lon="-119.61531">
        <ele>17.4</ele>
      </trkpt>
      <trkpt lat="34.42211" lon="-119.61531">
        <ele>17.4</ele>
      </trkpt>
      <trkpt lat="34.42212" lon="-119.61526">
        <ele>17.5</ele>
      </trkpt>
      <trkpt lat="34.42218" lon="-119.61504">
        <ele>17.7</ele>
      </trkpt>
      <trkpt lat="34.42221" lon="-119.61491">
        <ele>17.8</ele>
      </trkpt>
      <trkpt lat="34.42228" lon="-119.61471">
        <ele>18.1</ele>
      </trkpt>
      <trkpt lat="34.42229" lon="-119.61464">
        <ele>18.1</ele>
      </trkpt>
      <trkpt lat="34.42232" lon="-119.61453">
        <ele>18.3</ele>
      </trkpt>
      <trkpt lat="34.42237" lon="-119.61434">
        <ele>18.6</ele>
      </trkpt>
      <trkpt lat="34.42238" lon="-119.61422">
        <ele>18.9</ele>
      </trkpt>
      <trkpt lat="34.42238" lon="-119.61405">
        <ele>19.5</ele>
      </trkpt>
      <trkpt lat="34.42237" lon="-119.61398">
        <ele>19.7</ele>
      </trkpt>
      <trkpt lat="34.42236" lon="-119.61392">
        <ele>19.9</ele>
      </trkpt>
      <trkpt lat="34.42233" lon="-119.61382">
        <ele>20.3</ele>
      </trkpt>
      <trkpt lat="34.42218" lon="-119.6133">
        <ele>23.4</ele>
      </trkpt>
      <trkpt lat="34.42214" lon="-119.61313">
        <ele>25.0</ele>
      </trkpt>
      <trkpt lat="34.42211" lon="-119.61303">
        <ele>25.9</ele>
      </trkpt>
      <trkpt lat="34.4221" lon="-119.61296">
        <ele>26.6</ele>
      </trkpt>
      <trkpt lat="34.42209" lon="-119.6129">
        <ele>27.2</ele>
      </trkpt>
      <trkpt lat="34.42209" lon="-119.61281">
        <ele>28.1</ele>
      </trkpt>
      <trkpt lat="34.4221" lon="-119.61275">
        <ele>28.7</ele>
      </trkpt>
      <trkpt lat="34.42211" lon="-119.61272">
        <ele>29.0</ele>
      </trkpt>
      <trkpt lat="34.42213" lon="-119.61267">
        <ele>29.4</ele>
      </trkpt>
      <trkpt lat="34.42216" lon="-119.61261">
        <ele>29.8</ele>
      </trkpt>
      <trkpt lat="34.42223" lon="-119.61252">
        <ele>30.3</ele>
      </trkpt>
      <trkpt lat="34.42223" lon="-119.61252">
        <ele>30.3</ele>
      </trkpt>
      <trkpt lat="34.42219" lon="-119.61231">
        <ele>31.9</ele>
      </trkpt>
      <trkpt lat="34.42217" lon="-119.61219">
        <ele>33.7</ele>
      </trkpt>
      <trkpt lat="34.42219" lon="-119.61209">
        <ele>35.4</ele>
      </trkpt>
      <trkpt lat="34.42223" lon="-119.612">
        <ele>37.1</ele>
      </trkpt>
      <trkpt lat="34.42223" lon="-119.612">
        <ele>37.1</ele>
      </trkpt>
      <trkpt lat="34.42214" lon="-119.61192">
        <ele>39.7</ele>
      </trkpt>
      <trkpt lat="34.42198" lon="-119.61177">
        <ele>43.1</ele>
      </trkpt>
      <trkpt lat="34.42195" lon="-119.61173">
        <ele>43.7</ele>
      </trkpt>
      <trkpt lat="34.4219" lon="-119.61169">
        <ele>43.8</ele>
      </trkpt>
      <trkpt lat="34.42183" lon="-119.61157">
        <ele>44.3</ele>
      </trkpt>
      <trkpt lat="34.4218" lon="-119.61154">
        <ele>44.1</ele>
      </trkpt>
      <trkpt lat="34.42174" lon="-119.61142">
        <ele>44.3</ele>
      </trkpt>
      <trkpt lat="34.42173" lon="-119.61138">
        <ele>44.5</ele>
      </trkpt>
      <trkpt lat="34.42168" lon="-119.61123">
        <ele>44.5</ele>
      </trkpt>
      <trkpt lat="34.42165" lon="-119.61105">
        <ele>46.5</ele>
      </trkpt>
      <trkpt lat="34.42164" lon="-119.61097">
        <ele>47.5</ele>
      </trkpt>
      <trkpt lat="34.42162" lon="-119.61083">
        <ele>48.2</ele>
      </trkpt>
      <trkpt lat="34.42161" lon="-119.61075">
        <ele>48.4</ele>
      </trkpt>
      <trkpt lat="34.42157" lon="-119.61054">
        <ele>50.2</ele>
      </trkpt>
      <trkpt lat="34.42153" lon="-119.61033">
        <ele>52.5</ele>
      </trkpt>
      <trkpt lat="34.42151" lon="-119.61021">
        <ele>53.3</ele>
      </trkpt>
      <trkpt lat="34.42149" lon="-119.61011">
        <ele>53.7</ele>
      </trkpt>
      <trkpt lat="34.42145" lon="-119.60997">
        <ele>54.1</ele>
      </trkpt>
      <trkpt lat="34.42144" lon="-119.6099">
        <ele>54.3</ele>
      </trkpt>
      <trkpt lat="34.42139" lon="-119.60969">
        <ele>54.0</ele>
      </trkpt>
      <trkpt lat="34.42132" lon="-119.60933">
        <ele>54.1</ele>
      </trkpt>
      <trkpt lat="34.4213" lon="-119.60927">
        <ele>54.0</ele>
      </trkpt>
      <trkpt lat="34.42126" lon="-119.60906">
        <ele>54.2</ele>
      </trkpt>
      <trkpt lat="34.42118" lon="-119.60864">
        <ele>55.1</ele>
      </trkpt>
      <trkpt lat="34.42114" lon="-119.60842">
        <ele>55.6</ele>
      </trkpt>
      <trkpt lat="34.42113" lon="-119.60839">
        <ele>55.5</ele>
      </trkpt>
      <trkpt lat="34.4211" lon="-119.60821">
        <ele>55.8</ele>
      </trkpt>
      <trkpt lat="34.42106" lon="-119.608">
        <ele>55.9</ele>
      </trkpt>
      <trkpt lat="34.42104" lon="-119.60789">
        <ele>55.9</ele>
      </trkpt>
      <trkpt lat="34.421" lon="-119.60771">
        <ele>55.7</ele>
      </trkpt>
      <trkpt lat="34.42097" lon="-119.60735">
        <ele>56.1</ele>
      </trkpt>
      <trkpt lat="34.42096" lon="-119.60714">
        <ele>56.2</ele>
      </trkpt>
      <trkpt lat="34.42094" lon="-119.60692">
        <ele>55.8</ele>
      </trkpt>
      <trkpt lat="34.42094" lon="-119.60685">
        <ele>55.7</ele>
      </trkpt>
      <trkpt lat="34.42094" lon="-119.6067">
        <ele>55.2</ele>
      </trkpt>
      <trkpt lat="34.42094" lon="-119.60662">
        <ele>54.8</ele>
      </trkpt>
      <trkpt lat="34.42094" lon="-119.60648">
        <ele>53.6</ele>
      </trkpt>
      <trkpt lat="34.42095" lon="-119.60627">
        <ele>50.8</ele>
      </trkpt>
      <trkpt lat="34.42095" lon="-119.60615">
        <ele>48.4</ele>
      </trkpt>
      <trkpt lat="34.42096" lon="-119.60594">
        <ele>44.4</ele>
      </trkpt>
      <trkpt lat="34.42101" lon="-119.60553">
        <ele>40.3</ele>
      </trkpt>
      <trkpt lat="34.42103" lon="-119.60533">
        <ele>38.9</ele>
      </trkpt>
      <trkpt lat="34.42113" lon="-119.6048">
        <ele>36.3</ele>
      </trkpt>
      <trkpt lat="34.42121" lon="-119.60438">
        <ele>35.0</ele>
      </trkpt>
      <trkpt lat="34.42124" lon="-119.60425">
        <ele>34.9</ele>
      </trkpt>
      <trkpt lat="34.42124" lon="-119.6042">
        <ele>34.8</ele>
      </trkpt>
      <trkpt lat="34.42125" lon="-119.60415">
        <ele>34.8</ele>
      </trkpt>
      <trkpt lat="34.42128" lon="-119.60407">
        <ele>34.9</ele>
      </trkpt>
      <trkpt lat="34.42132" lon="-119.604">
        <ele>35.2</ele>
      </trkpt>
      <trkpt lat="34.42137" lon="-119.60395">
        <ele>35.6</ele>
      </trkpt>
      <trkpt lat="34.42145" lon="-119.6039">
        <ele>36.5</ele>
      </trkpt>
      <trkpt lat="34.42159" lon="-119.60386">
        <ele>38.1</ele>
      </trkpt>
      <trkpt lat="34.42165" lon="-119.60386">
        <ele>38.8</ele>
      </trkpt>
      <trkpt lat="34.42165" lon="-119.60386">
        <ele>38.8</ele>
      </trkpt>
      <trkpt lat="34.42159" lon="-119.60365">
        <ele>38.1</ele>
      </trkpt>
      <trkpt lat="34.42154" lon="-119.60343">
        <ele>37.2</ele>
      </trkpt>
      <trkpt lat="34.42149" lon="-119.60317">
        <ele>36.1</ele>
      </trkpt>
      <trkpt lat="34.42147" lon="-119.60306">
        <ele>35.5</ele>
      </trkpt>
      <trkpt lat="34.42147" lon="-119.603">
        <ele>35.3</ele>
      </trkpt>
      <trkpt lat="34.42146" lon="-119.60294">
        <ele>35.0</ele>
      </trkpt>
      <trkpt lat="34.42146" lon="-119.60293">
        <ele>35.0</ele>
      </trkpt>
      <trkpt lat="34.42146" lon="-119.60286">
        <ele>34.6</ele>
      </trkpt>
      <trkpt lat="34.42145" lon="-119.60278">
        <ele>34.1</ele>
      </trkpt>
      <trkpt lat="34.42146" lon="-119.60269">
        <ele>33.6</ele>
      </trkpt>
      <trkpt lat="34.42147" lon="-119.60256">
        <ele>32.2</ele>
      </trkpt>
      <trkpt lat="34.42148" lon="-119.6025">
        <ele>31.6</ele>
      </trkpt>
      <trkpt lat="34.42153" lon="-119.60227">
        <ele>29.7</ele>
      </trkpt>
      <trkpt lat="34.42157" lon="-119.6021">
        <ele>29.5</ele>
      </trkpt>
      <trkpt lat="34.42159" lon="-119.60201">
        <ele>29.4</ele>
      </trkpt>
      <trkpt lat="34.42159" lon="-119.60201">
        <ele>29.4</ele>
      </trkpt>
      <trkpt lat="34.4216" lon="-119.60196">
        <ele>29.4</ele>
      </trkpt>
      <trkpt lat="34.42163" lon="-119.60183">
        <ele>29.4</ele>
      </trkpt>
      <trkpt lat="34.42164" lon="-119.60176">
        <ele>29.3</ele>
      </trkpt>
      <trkpt lat="34.42168" lon="-119.60155">
        <ele>29.2</ele>
      </trkpt>
      <trkpt lat="34.4217" lon="-119.60133">
        <ele>28.4</ele>
      </trkpt>
      <trkpt lat="34.42171" lon="-119.60118">
        <ele>27.8</ele>
      </trkpt>
      <trkpt lat="34.42171" lon="-119.6011">
        <ele>27.5</ele>
      </trkpt>
      <trkpt lat="34.42172" lon="-119.60104">
        <ele>27.4</ele>
      </trkpt>
      <trkpt lat="34.42172" lon="-119.60099">
        <ele>27.3</ele>
      </trkpt>
      <trkpt lat="34.42172" lon="-119.60086">
        <ele>27.1</ele>
      </trkpt>
      <trkpt lat="34.42172" lon="-119.60079">
        <ele>27.1</ele>
      </trkpt>
      <trkpt lat="34.42172" lon="-119.60067">
        <ele>27.1</ele>
      </trkpt>
      <trkpt lat="34.42171" lon="-119.60049">
        <ele>27.2</ele>
      </trkpt>
      <trkpt lat="34.42171" lon="-119.60046">
        <ele>27.2</ele>
      </trkpt>
      <trkpt lat="34.4217" lon="-119.60038">
        <ele>27.3</ele>
      </trkpt>
      <trkpt lat="34.42169" lon="-119.60029">
        <ele>27.4</ele>
      </trkpt>
      <trkpt lat="34.42169" lon="-119.60029">
        <ele>27.4</ele>
      </trkpt>
      <trkpt lat="34.42168" lon="-119.60021">
        <ele>27.5</ele>
      </trkpt>
      <trkpt lat="34.42168" lon="-119.60019">
        <ele>27.6</ele>
      </trkpt>
      <trkpt lat="34.42167" lon="-119.60013">
        <ele>27.6</ele>
      </trkpt>
      <trkpt lat="34.42166" lon="-119.60008">
        <ele>27.7</ele>
      </trkpt>
      <trkpt lat="34.42165" lon="-119.60002">
        <ele>27.8</ele>
      </trkpt>
      <trkpt lat="34.42164" lon="-119.59992">
        <ele>28.0</ele>
      </trkpt>
      <trkpt lat="34.42161" lon="-119.59979">
        <ele>28.0</ele>
      </trkpt>
      <trkpt lat="34.4216" lon="-119.59975">
        <ele>28.1</ele>
      </trkpt>
      <trkpt lat="34.42157" lon="-119.59962">
        <ele>28.1</ele>
      </trkpt>
      <trkpt lat="34.42157" lon="-119.5996">
        <ele>28.1</ele>
      </trkpt>
      <trkpt lat="34.42154" lon="-119.59949">
        <ele>28.0</ele>
      </trkpt>
      <trkpt lat="34.42152" lon="-119.59944">
        <ele>28.0</ele>
      </trkpt>
      <trkpt lat="34.42149" lon="-119.59933">
        <ele>27.9</ele>
      </trkpt>
      <trkpt lat="34.42146" lon="-119.59923">
        <ele>27.8</ele>
      </trkpt>
      <trkpt lat="34.42142" lon="-119.59911">
        <ele>27.8</ele>
      </trkpt>
      <trkpt lat="34.42141" lon="-119.59909">
        <ele>27.8</ele>
      </trkpt>
      <trkpt lat="34.42136" lon="-119.59894">
        <ele>27.6</ele>
      </trkpt>
      <trkpt lat="34.42131" lon="-119.59882">
        <ele>27.6</ele>
      </trkpt>
      <trkpt lat="34.42123" lon="-119.59865">
        <ele>27.5</ele>
      </trkpt>
      <trkpt lat="34.42114" lon="-119.59842">
        <ele>27.5</ele>
      </trkpt>
      <trkpt lat="34.42104" lon="-119.59817">
        <ele>27.6</ele>
      </trkpt>
      <trkpt lat="34.42088" lon="-119.59777">
        <ele>27.5</ele>
      </trkpt>
      <trkpt lat="34.42071" lon="-119.59732">
        <ele>27.0</ele>
      </trkpt>
      <trkpt lat="34.42062" lon="-119.59712">
        <ele>26.4</ele>
      </trkpt>
      <trkpt lat="34.42055" lon="-119.59698">
        <ele>26.0</ele>
      </trkpt>
      <trkpt lat="34.42049" lon="-119.59681">
        <ele>25.6</ele>
      </trkpt>
      <trkpt lat="34.42023" lon="-119.59617">
        <ele>24.1</ele>
      </trkpt>
      <trkpt lat="34.42013" lon="-119.59592">
        <ele>23.9</ele>
      </trkpt>
      <trkpt lat="34.42001" lon="-119.59562">
        <ele>23.6</ele>
      </trkpt>
      <trkpt lat="34.41997" lon="-119.59552">
        <ele>23.6</ele>
      </trkpt>
      <trkpt lat="34.4199" lon="-119.59534">
        <ele>23.4</ele>
      </trkpt>
      <trkpt lat="34.41989" lon="-119.5953">
        <ele>23.4</ele>
      </trkpt>
      <trkpt lat="34.41987" lon="-119.59522">
        <ele>23.4</ele>
      </trkpt>
      <trkpt lat="34.41985" lon="-119.59516">
        <ele>23.3</ele>
      </trkpt>
      <trkpt lat="34.41979" lon="-119.59493">
        <ele>23.2</ele>
      </trkpt>
      <trkpt lat="34.41977" lon="-119.5948">
        <ele>23.1</ele>
      </trkpt>
      <trkpt lat="34.41974" lon="-119.59468">
        <ele>22.9</ele>
      </trkpt>
      <trkpt lat="34.41968" lon="-119.59437">
        <ele>22.5</ele>
      </trkpt>
      <trkpt lat="34.41968" lon="-119.59437">
        <ele>22.5</ele>
      </trkpt>
      <trkpt lat="34.41964" lon="-119.59416">
        <ele>22.1</ele>
      </trkpt>
      <trkpt lat="34.41958" lon="-119.59384">
        <ele>21.7</ele>
      </trkpt>
      <trkpt lat="34.41952" lon="-119.59353">
        <ele>21.4</ele>
      </trkpt>
      <trkpt lat="34.41947" lon="-119.59327">
        <ele>21.4</ele>
      </trkpt>
      <trkpt lat="34.41944" lon="-119.5931">
        <ele>21.5</ele>
      </trkpt>
      <trkpt lat="34.41943" lon="-119.59307">
        <ele>21.4</ele>
      </trkpt>
      <trkpt lat="34.41943" lon="-119.59306">
        <ele>21.4</ele>
      </trkpt>
      <trkpt lat="34.41933" lon="-119.59258">
        <ele>19.2</ele>
      </trkpt>
      <trkpt lat="34.4193" lon="-119.5924">
        <ele>18.6</ele>
      </trkpt>
      <trkpt lat="34.41926" lon="-119.59221">
        <ele>18.4</ele>
      </trkpt>
      <trkpt lat="34.41923" lon="-119.59203">
        <ele>18.1</ele>
      </trkpt>
      <trkpt lat="34.41922" lon="-119.592">
        <ele>18.0</ele>
      </trkpt>
      <trkpt lat="34.41919" lon="-119.59182">
        <ele>18.1</ele>
      </trkpt>
      <trkpt lat="34.41914" lon="-119.5916">
        <ele>18.4</ele>
      </trkpt>
      <trkpt lat="34.41913" lon="-119.59153">
        <ele>18.5</ele>
      </trkpt>
      <trkpt lat="34.4191" lon="-119.59143">
        <ele>18.9</ele>
      </trkpt>
      <trkpt lat="34.41906" lon="-119.59129">
        <ele>19.4</ele>
      </trkpt>
      <trkpt lat="34.41902" lon="-119.59117">
        <ele>20.0</ele>
      </trkpt>
      <trkpt lat="34.41896" lon="-119.591">
        <ele>20.9</ele>
      </trkpt>
      <trkpt lat="34.41889" lon="-119.59083">
        <ele>21.8</ele>
      </trkpt>
      <trkpt lat="34.41882" lon="-119.59066">
        <ele>22.8</ele>
      </trkpt>
      <trkpt lat="34.41865" lon="-119.59028">
        <ele>24.4</ele>
      </trkpt>
      <trkpt lat="34.41863" lon="-119.59023">
        <ele>24.5</ele>
      </trkpt>
      <trkpt lat="34.41859" lon="-119.59014">
        <ele>24.7</ele>
      </trkpt>
      <trkpt lat="34.41855" lon="-119.59003">
        <ele>25.0</ele>
      </trkpt>
      <trkpt lat="34.41846" lon="-119.58984">
        <ele>25.2</ele>
      </trkpt>
      <trkpt lat="34.41843" lon="-119.58976">
        <ele>25.3</ele>
      </trkpt>
      <trkpt lat="34.41838" lon="-119.58965">
        <ele>25.4</ele>
      </trkpt>
      <trkpt lat="34.41795" lon="-119.58865">
        <ele>24.8</ele>
      </trkpt>
      <trkpt lat="34.41795" lon="-119.58865">
        <ele>24.8</ele>
      </trkpt>
      <trkpt lat="34.41792" lon="-119.58857">
        <ele>24.7</ele>
      </trkpt>
      <trkpt lat="34.41792" lon="-119.58857">
        <ele>24.7</ele>
      </trkpt>
      <trkpt lat="34.41786" lon="-119.58841">
        <ele>24.7</ele>
      </trkpt>
      <trkpt lat="34.41781" lon="-119.58828">
        <ele>24.8</ele>
      </trkpt>
      <trkpt lat="34.41777" lon="-119.58817">
        <ele>24.9</ele>
      </trkpt>
      <trkpt lat="34.41773" lon="-119.58803">
        <ele>25.2</ele>
      </trkpt>
      <trkpt lat="34.41768" lon="-119.58789">
        <ele>25.4</ele>
      </trkpt>
      <trkpt lat="34.41764" lon="-119.58773">
        <ele>25.8</ele>
      </trkpt>
      <trkpt lat="34.4176" lon="-119.5876">
        <ele>26.2</ele>
      </trkpt>
      <trkpt lat="34.41758" lon="-119.58749">
        <ele>26.6</ele>
      </trkpt>
      <trkpt lat="34.41752" lon="-119.58724">
        <ele>27.1</ele>
      </trkpt>
      <trkpt lat="34.41749" lon="-119.58709">
        <ele>27.4</ele>
      </trkpt>
      <trkpt lat="34.41746" lon="-119.58693">
        <ele>27.3</ele>
      </trkpt>
      <trkpt lat="34.41745" lon="-119.58681">
        <ele>27.3</ele>
      </trkpt>
      <trkpt lat="34.41743" lon="-119.58671">
        <ele>27.1</ele>
      </trkpt>
      <trkpt lat="34.41742" lon="-119.58656">
        <ele>26.9</ele>
      </trkpt>
      <trkpt lat="34.4174" lon="-119.58637">
        <ele>26.7</ele>
      </trkpt>
      <trkpt lat="34.41739" lon="-119.58627">
        <ele>26.5</ele>
      </trkpt>
      <trkpt lat="34.41738" lon="-119.58617">
        <ele>26.4</ele>
      </trkpt>
      <trkpt lat="34.41738" lon="-119.58606">
        <ele>26.4</ele>
      </trkpt>
      <trkpt lat="34.41737" lon="-119.5859">
        <ele>26.2</ele>
      </trkpt>
      <trkpt lat="34.41737" lon="-119.5858">
        <ele>26.1</ele>
      </trkpt>
      <trkpt lat="34.41737" lon="-119.58575">
        <ele>26.1</ele>
      </trkpt>
      <trkpt lat="34.41737" lon="-119.58559">
        <ele>26.1</ele>
      </trkpt>
      <trkpt lat="34.41737" lon="-119.5855">
        <ele>26.0</ele>
      </trkpt>
      <trkpt lat="34.41738" lon="-119.58533">
        <ele>26.1</ele>
      </trkpt>
      <trkpt lat="34.41738" lon="-119.58517">
        <ele>26.1</ele>
      </trkpt>
      <trkpt lat="34.4174" lon="-119.585">
        <ele>26.4</ele>
      </trkpt>
      <trkpt lat="34.4174" lon="-119.58493">
        <ele>26.5</ele>
      </trkpt>
      <trkpt lat="34.41741" lon="-119.58486">
        <ele>26.7</ele>
      </trkpt>
      <trkpt lat="34.41743" lon="-119.58471">
        <ele>27.0</ele>
      </trkpt>
      <trkpt lat="34.41745" lon="-119.58454">
        <ele>27.5</ele>
      </trkpt>
      <trkpt lat="34.41751" lon="-119.58418">
        <ele>29.2</ele>
      </trkpt>
      <trkpt lat="34.41756" lon="-119.58386">
        <ele>30.9</ele>
      </trkpt>
      <trkpt lat="34.41759" lon="-119.58366">
        <ele>32.2</ele>
      </trkpt>
      <trkpt lat="34.41759" lon="-119.58364">
        <ele>32.3</ele>
      </trkpt>
      <trkpt lat="34.41761" lon="-119.58351">
        <ele>32.9</ele>
      </trkpt>
      <trkpt lat="34.41763" lon="-119.5834">
        <ele>33.1</ele>
      </trkpt>
      <trkpt lat="34.41764" lon="-119.5833">
        <ele>33.3</ele>
      </trkpt>
      <trkpt lat="34.41764" lon="-119.58329">
        <ele>33.3</ele>
      </trkpt>
      <trkpt lat="34.41764" lon="-119.58319">
        <ele>33.3</ele>
      </trkpt>
      <trkpt lat="34.41764" lon="-119.58309">
        <ele>33.2</ele>
      </trkpt>
      <trkpt lat="34.41764" lon="-119.583">
        <ele>33.1</ele>
      </trkpt>
      <trkpt lat="34.41763" lon="-119.58286">
        <ele>32.6</ele>
      </trkpt>
      <trkpt lat="34.41762" lon="-119.58282">
        <ele>32.4</ele>
      </trkpt>
      <trkpt lat="34.4176" lon="-119.58271">
        <ele>32.0</ele>
      </trkpt>
      <trkpt lat="34.41759" lon="-119.58265">
        <ele>31.8</ele>
      </trkpt>
      <trkpt lat="34.41758" lon="-119.58259">
        <ele>31.5</ele>
      </trkpt>
      <trkpt lat="34.41756" lon="-119.5825">
        <ele>31.3</ele>
      </trkpt>
      <trkpt lat="34.41755" lon="-119.58245">
        <ele>31.4</ele>
      </trkpt>
      <trkpt lat="34.41754" lon="-119.5824">
        <ele>31.5</ele>
      </trkpt>
      <trkpt lat="34.41751" lon="-119.58232">
        <ele>31.8</ele>
      </trkpt>
      <trkpt lat="34.41748" lon="-119.58223">
        <ele>32.2</ele>
      </trkpt>
      <trkpt lat="34.41747" lon="-119.58221">
        <ele>32.3</ele>
      </trkpt>
      <trkpt lat="34.41741" lon="-119.58206">
        <ele>32.6</ele>
      </trkpt>
      <trkpt lat="34.41735" lon="-119.58192">
        <ele>32.6</ele>
      </trkpt>
      <trkpt lat="34.41728" lon="-119.58178">
        <ele>32.5</ele>
      </trkpt>
      <trkpt lat="34.41722" lon="-119.58166">
        <ele>32.3</ele>
      </trkpt>
      <trkpt lat="34.41721" lon="-119.58164">
        <ele>32.3</ele>
      </trkpt>
      <trkpt lat="34.41704" lon="-119.58128">
        <ele>31.7</ele>
      </trkpt>
      <trkpt lat="34.41701" lon="-119.5812">
        <ele>31.6</ele>
      </trkpt>
      <trkpt lat="34.41687" lon="-119.58093">
        <ele>30.9</ele>
      </trkpt>
      <trkpt lat="34.4168" lon="-119.58075">
        <ele>29.8</ele>
      </trkpt>
      <trkpt lat="34.41675" lon="-119.58064">
        <ele>28.8</ele>
      </trkpt>
      <trkpt lat="34.41668" lon="-119.58047">
        <ele>27.2</ele>
      </trkpt>
      <trkpt lat="34.41663" lon="-119.58031">
        <ele>25.9</ele>
      </trkpt>
      <trkpt lat="34.41655" lon="-119.58008">
        <ele>24.2</ele>
      </trkpt>
      <trkpt lat="34.41651" lon="-119.57994">
        <ele>23.2</ele>
      </trkpt>
      <trkpt lat="34.41649" lon="-119.57989">
        <ele>22.8</ele>
      </trkpt>
      <trkpt lat="34.41648" lon="-119.57984">
        <ele>22.5</ele>
      </trkpt>
      <trkpt lat="34.4164" lon="-119.57959">
        <ele>20.7</ele>
      </trkpt>
      <trkpt lat="34.41617" lon="-119.57883">
        <ele>15.8</ele>
      </trkpt>
      <trkpt lat="34.41615" lon="-119.57876">
        <ele>15.4</ele>
      </trkpt>
      <trkpt lat="34.41615" lon="-119.57876">
        <ele>15.4</ele>
      </trkpt>
      <trkpt lat="34.41608" lon="-119.57853">
        <ele>13.7</ele>
      </trkpt>
      <trkpt lat="34.41604" lon="-119.57836">
        <ele>13.4</ele>
      </trkpt>
      <trkpt lat="34.41599" lon="-119.57815">
        <ele>13.2</ele>
      </trkpt>
      <trkpt lat="34.41595" lon="-119.57795">
        <ele>13.1</ele>
      </trkpt>
      <trkpt lat="34.41593" lon="-119.57781">
        <ele>13.0</ele>
      </trkpt>
      <trkpt lat="34.41591" lon="-119.57768">
        <ele>12.9</ele>
      </trkpt>
      <trkpt lat="34.41591" lon="-119.57766">
        <ele>12.9</ele>
      </trkpt>
      <trkpt lat="34.41591" lon="-119.5776">
        <ele>12.8</ele>
      </trkpt>
      <trkpt lat="34.4159" lon="-119.57748">
        <ele>12.8</ele>
      </trkpt>
      <trkpt lat="34.41588" lon="-119.57727">
        <ele>12.5</ele>
      </trkpt>
      <trkpt lat="34.41587" lon="-119.57712">
        <ele>12.3</ele>
      </trkpt>
      <trkpt lat="34.41586" lon="-119.57711">
        <ele>12.2</ele>
      </trkpt>
      <trkpt lat="34.41585" lon="-119.57685">
        <ele>11.9</ele>
      </trkpt>
      <trkpt lat="34.41584" lon="-119.57674">
        <ele>11.8</ele>
      </trkpt>
      <trkpt lat="34.41584" lon="-119.57668">
        <ele>11.7</ele>
      </trkpt>
      <trkpt lat="34.41583" lon="-119.5766">
        <ele>11.7</ele>
      </trkpt>
      <trkpt lat="34.41584" lon="-119.57646">
        <ele>11.5</ele>
      </trkpt>
      <trkpt lat="34.41584" lon="-119.57644">
        <ele>11.5</ele>
      </trkpt>
      <trkpt lat="34.41584" lon="-119.57628">
        <ele>11.4</ele>
      </trkpt>
      <trkpt lat="34.41585" lon="-119.57617">
        <ele>11.4</ele>
      </trkpt>
      <trkpt lat="34.41586" lon="-119.57607">
        <ele>11.5</ele>
      </trkpt>
      <trkpt lat="34.41588" lon="-119.57597">
        <ele>11.7</ele>
      </trkpt>
      <trkpt lat="34.41591" lon="-119.57581">
        <ele>11.9</ele>
      </trkpt>
      <trkpt lat="34.41596" lon="-119.57566">
        <ele>12.2</ele>
      </trkpt>
      <trkpt lat="34.41602" lon="-119.57545">
        <ele>12.4</ele>
      </trkpt>
      <trkpt lat="34.41606" lon="-119.57531">
        <ele>12.5</ele>
      </trkpt>
      <trkpt lat="34.41609" lon="-119.5752">
        <ele>12.6</ele>
      </trkpt>
      <trkpt lat="34.41611" lon="-119.57512">
        <ele>12.6</ele>
      </trkpt>
      <trkpt lat="34.41613" lon="-119.57502">
        <ele>12.6</ele>
      </trkpt>
      <trkpt lat="34.41616" lon="-119.57479">
        <ele>12.6</ele>
      </trkpt>
      <trkpt lat="34.4162" lon="-119.57454">
        <ele>12.6</ele>
      </trkpt>
      <trkpt lat="34.41621" lon="-119.57447">
        <ele>12.6</ele>
      </trkpt>
      <trkpt lat="34.41628" lon="-119.57397">
        <ele>12.4</ele>
      </trkpt>
      <trkpt lat="34.41632" lon="-119.57376">
        <ele>12.4</ele>
      </trkpt>
      <trkpt lat="34.41638" lon="-119.57351">
        <ele>12.4</ele>
      </trkpt>
      <trkpt lat="34.41642" lon="-119.57336">
        <ele>12.4</ele>
      </trkpt>
      <trkpt lat="34.41644" lon="-119.57323">
        <ele>12.4</ele>
      </trkpt>
      <trkpt lat="34.41652" lon="-119.57279">
        <ele>12.3</ele>
      </trkpt>
      <trkpt lat="34.41656" lon="-119.5725">
        <ele>12.2</ele>
      </trkpt>
      <trkpt lat="34.41656" lon="-119.5725">
        <ele>12.2</ele>
      </trkpt>
      <trkpt lat="34.4166" lon="-119.57219">
        <ele>12.2</ele>
      </trkpt>
      <trkpt lat="34.41665" lon="-119.57182">
        <ele>12.3</ele>
      </trkpt>
      <trkpt lat="34.41666" lon="-119.57166">
        <ele>12.4</ele>
      </trkpt>
      <trkpt lat="34.41666" lon="-119.57154">
        <ele>12.4</ele>
      </trkpt>
      <trkpt lat="34.41666" lon="-119.57148">
        <ele>12.3</ele>
      </trkpt>
      <trkpt lat="34.41665" lon="-119.57141">
        <ele>12.3</ele>
      </trkpt>
      <trkpt lat="34.41661" lon="-119.57111">
        <ele>12.2</ele>
      </trkpt>
      <trkpt lat="34.41658" lon="-119.57093">
        <ele>12.1</ele>
      </trkpt>
      <trkpt lat="34.41658" lon="-119.57091">
        <ele>12.1</ele>
      </trkpt>
      <trkpt lat="34.41656" lon="-119.57076">
        <ele>12.1</ele>
      </trkpt>
      <trkpt lat="34.41655" lon="-119.57069">
        <ele>12.1</ele>
      </trkpt>
      <trkpt lat="34.41655" lon="-119.57061">
        <ele>12.1</ele>
      </trkpt>
      <trkpt lat="34.41654" lon="-119.57047">
        <ele>12.0</ele>
      </trkpt>
      <trkpt lat="34.41655" lon="-119.57035">
        <ele>12.0</ele>
      </trkpt>
      <trkpt lat="34.41657" lon="-119.57013">
        <ele>12.0</ele>
      </trkpt>
      <trkpt lat="34.4166" lon="-119.56988">
        <ele>12.0</ele>
      </trkpt>
      <trkpt lat="34.41664" lon="-119.56956">
        <ele>12.0</ele>
      </trkpt>
      <trkpt lat="34.41667" lon="-119.56939">
        <ele>12.0</ele>
      </trkpt>
      <trkpt lat="34.41676" lon="-119.56875">
        <ele>11.8</ele>
      </trkpt>
      <trkpt lat="34.41678" lon="-119.56865">
        <ele>11.8</ele>
      </trkpt>
      <trkpt lat="34.41682" lon="-119.56832">
        <ele>11.7</ele>
      </trkpt>
      <trkpt lat="34.41685" lon="-119.56817">
        <ele>11.6</ele>
      </trkpt>
      <trkpt lat="34.41686" lon="-119.56811">
        <ele>11.6</ele>
      </trkpt>
      <trkpt lat="34.41687" lon="-119.568">
        <ele>11.6</ele>
      </trkpt>
      <trkpt lat="34.41688" lon="-119.56795">
        <ele>11.6</ele>
      </trkpt>
      <trkpt lat="34.4169" lon="-119.56777">
        <ele>11.6</ele>
      </trkpt>
      <trkpt lat="34.41694" lon="-119.5675">
        <ele>11.5</ele>
      </trkpt>
      <trkpt lat="34.41695" lon="-119.56738">
        <ele>11.5</ele>
      </trkpt>
      <trkpt lat="34.41696" lon="-119.56728">
        <ele>11.5</ele>
      </trkpt>
      <trkpt lat="34.41699" lon="-119.567">
        <ele>11.5</ele>
      </trkpt>
      <trkpt lat="34.41699" lon="-119.56692">
        <ele>11.5</ele>
      </trkpt>
      <trkpt lat="34.417" lon="-119.56683">
        <ele>11.5</ele>
      </trkpt>
      <trkpt lat="34.417" lon="-119.56683">
        <ele>11.5</ele>
      </trkpt>
      <trkpt lat="34.417" lon="-119.56679">
        <ele>11.5</ele>
      </trkpt>
      <trkpt lat="34.41701" lon="-119.56656">
        <ele>11.5</ele>
      </trkpt>
      <trkpt lat="34.417" lon="-119.56641">
        <ele>11.5</ele>
      </trkpt>
      <trkpt lat="34.417" lon="-119.56632">
        <ele>11.5</ele>
      </trkpt>
      <trkpt lat="34.417" lon="-119.56618">
        <ele>11.5</ele>
      </trkpt>
      <trkpt lat="34.41699" lon="-119.566">
        <ele>11.5</ele>
      </trkpt>
      <trkpt lat="34.41698" lon="-119.5658">
        <ele>11.5</ele>
      </trkpt>
      <trkpt lat="34.41697" lon="-119.56572">
        <ele>11.4</ele>
      </trkpt>
      <trkpt lat="34.41695" lon="-119.5655">
        <ele>11.4</ele>
      </trkpt>
      <trkpt lat="34.41693" lon="-119.56529">
        <ele>11.4</ele>
      </trkpt>
      <trkpt lat="34.41691" lon="-119.5651">
        <ele>11.4</ele>
      </trkpt>
      <trkpt lat="34.41678" lon="-119.56376">
        <ele>11.2</ele>
      </trkpt>
      <trkpt lat="34.41675" lon="-119.56353">
        <ele>11.1</ele>
      </trkpt>
      <trkpt lat="34.41672" lon="-119.56325">
        <ele>11.0</ele>
      </trkpt>
      <trkpt lat="34.41664" lon="-119.56245">
        <ele>10.9</ele>
      </trkpt>
      <trkpt lat="34.41662" lon="-119.56221">
        <ele>10.9</ele>
      </trkpt>
      <trkpt lat="34.41652" lon="-119.56126">
        <ele>11.1</ele>
      </trkpt>
      <trkpt lat="34.41651" lon="-119.56115">
        <ele>11.1</ele>
      </trkpt>
      <trkpt lat="34.41651" lon="-119.5611">
        <ele>11.2</ele>
      </trkpt>
      <trkpt lat="34.41647" lon="-119.56073">
        <ele>11.4</ele>
      </trkpt>
      <trkpt lat="34.41645" lon="-119.56053">
        <ele>11.5</ele>
      </trkpt>
      <trkpt lat="34.41642" lon="-119.56039">
        <ele>11.5</ele>
      </trkpt>
      <trkpt lat="34.41639" lon="-119.56025">
        <ele>11.5</ele>
      </trkpt>
      <trkpt lat="34.41636" lon="-119.56017">
        <ele>11.5</ele>
      </trkpt>
      <trkpt lat="34.41633" lon="-119.56004">
        <ele>11.6</ele>
      </trkpt>
      <trkpt lat="34.41625" lon="-119.55981">
        <ele>11.6</ele>
      </trkpt>
      <trkpt lat="34.41621" lon="-119.55971">
        <ele>11.6</ele>
      </trkpt>
      <trkpt lat="34.4162" lon="-119.55966">
        <ele>11.7</ele>
      </trkpt>
      <trkpt lat="34.41614" lon="-119.55954">
        <ele>11.7</ele>
      </trkpt>
      <trkpt lat="34.41604" lon="-119.55932">
        <ele>11.7</ele>
      </trkpt>
      <trkpt lat="34.41596" lon="-119.55915">
        <ele>11.7</ele>
      </trkpt>
      <trkpt lat="34.41586" lon="-119.55896">
        <ele>11.7</ele>
      </trkpt>
      <trkpt lat="34.41578" lon="-119.55881">
        <ele>11.7</ele>
      </trkpt>
      <trkpt lat="34.41575" lon="-119.55877">
        <ele>11.6</ele>
      </trkpt>
      <trkpt lat="34.4157" lon="-119.55868">
        <ele>11.6</ele>
      </trkpt>
      <trkpt lat="34.41561" lon="-119.55853">
        <ele>11.7</ele>
      </trkpt>
      <trkpt lat="34.41554" lon="-119.55843">
        <ele>11.6</ele>
      </trkpt>
      <trkpt lat="34.41546" lon="-119.55834">
        <ele>11.6</ele>
      </trkpt>
      <trkpt lat="34.4154" lon="-119.55828">
        <ele>11.5</ele>
      </trkpt>
      <trkpt lat="34.41536" lon="-119.55823">
        <ele>11.5</ele>
      </trkpt>
      <trkpt lat="34.41526" lon="-119.55814">
        <ele>11.4</ele>
      </trkpt>
      <trkpt lat="34.41514" lon="-119.55803">
        <ele>11.2</ele>
      </trkpt>
      <trkpt lat="34.41512" lon="-119.55801">
        <ele>11.2</ele>
      </trkpt>
      <trkpt lat="34.41495" lon="-119.55782">
        <ele>11.1</ele>
      </trkpt>
      <trkpt lat="34.41421" lon="-119.55695">
        <ele>10.8</ele>
      </trkpt>
      <trkpt lat="34.41387" lon="-119.55656">
        <ele>10.9</ele>
      </trkpt>
      <trkpt lat="34.41375" lon="-119.55644">
        <ele>10.8</ele>
      </trkpt>
      <trkpt lat="34.41362" lon="-119.55627">
        <ele>10.8</ele>
      </trkpt>
      <trkpt lat="34.41345" lon="-119.55606">
        <ele>10.8</ele>
      </trkpt>
      <trkpt lat="34.41335" lon="-119.55592">
        <ele>10.8</ele>
      </trkpt>
      <trkpt lat="34.41322" lon="-119.55572">
        <ele>10.9</ele>
      </trkpt>
      <trkpt lat="34.41314" lon="-119.5556">
        <ele>11.0</ele>
      </trkpt>
      <trkpt lat="34.41305" lon="-119.55546">
        <ele>11.0</ele>
      </trkpt>
      <trkpt lat="34.41294" lon="-119.55525">
        <ele>11.1</ele>
      </trkpt>
      <trkpt lat="34.41284" lon="-119.55507">
        <ele>11.1</ele>
      </trkpt>
      <trkpt lat="34.41263" lon="-119.55464">
        <ele>11.3</ele>
      </trkpt>
      <trkpt lat="34.41249" lon="-119.55436">
        <ele>11.4</ele>
      </trkpt>
      <trkpt lat="34.41224" lon="-119.55386">
        <ele>11.4</ele>
      </trkpt>
      <trkpt lat="34.41222" lon="-119.55381">
        <ele>11.4</ele>
      </trkpt>
      <trkpt lat="34.41222" lon="-119.55381">
        <ele>11.4</ele>
      </trkpt>
      <trkpt lat="34.41202" lon="-119.55342">
        <ele>11.5</ele>
      </trkpt>
      <trkpt lat="34.41186" lon="-119.55311">
        <ele>11.6</ele>
      </trkpt>
      <trkpt lat="34.41176" lon="-119.55291">
        <ele>11.6</ele>
      </trkpt>
      <trkpt lat="34.41174" lon="-119.55286">
        <ele>11.6</ele>
      </trkpt>
      <trkpt lat="34.41167" lon="-119.55272">
        <ele>11.7</ele>
      </trkpt>
      <trkpt lat="34.41159" lon="-119.55259">
        <ele>11.7</ele>
      </trkpt>
      <trkpt lat="34.41159" lon="-119.55258">
        <ele>11.7</ele>
      </trkpt>
      <trkpt lat="34.4115" lon="-119.55244">
        <ele>11.8</ele>
      </trkpt>
      <trkpt lat="34.41141" lon="-119.55229">
        <ele>11.8</ele>
      </trkpt>
      <trkpt lat="34.41129" lon="-119.55211">
        <ele>11.9</ele>
      </trkpt>
      <trkpt lat="34.41113" lon="-119.55194">
        <ele>11.9</ele>
      </trkpt>
      <trkpt lat="34.41112" lon="-119.55193">
        <ele>11.9</ele>
      </trkpt>
      <trkpt lat="34.41094" lon="-119.55173">
        <ele>11.8</ele>
      </trkpt>
      <trkpt lat="34.41074" lon="-119.55153">
        <ele>11.7</ele>
      </trkpt>
      <trkpt lat="34.4106" lon="-119.5514">
        <ele>11.7</ele>
      </trkpt>
      <trkpt lat="34.4104" lon="-119.55119">
        <ele>11.7</ele>
      </trkpt>
      <trkpt lat="34.4099" lon="-119.55069">
        <ele>11.7</ele>
      </trkpt>
      <trkpt lat="34.40955" lon="-119.55034">
        <ele>11.6</ele>
      </trkpt>
      <trkpt lat="34.40948" lon="-119.55026">
        <ele>11.5</ele>
      </trkpt>
      <trkpt lat="34.40942" lon="-119.5502">
        <ele>11.5</ele>
      </trkpt>
      <trkpt lat="34.4094" lon="-119.55018">
        <ele>11.5</ele>
      </trkpt>
      <trkpt lat="34.40885" lon="-119.54963">
        <ele>11.2</ele>
      </trkpt>
      <trkpt lat="34.40868" lon="-119.54946">
        <ele>11.1</ele>
      </trkpt>
      <trkpt lat="34.40857" lon="-119.54934">
        <ele>11.1</ele>
      </trkpt>
      <trkpt lat="34.40846" lon="-119.54921">
        <ele>11.1</ele>
      </trkpt>
      <trkpt lat="34.40832" lon="-119.54904">
        <ele>11.0</ele>
      </trkpt>
      <trkpt lat="34.40821" lon="-119.54889">
        <ele>11.0</ele>
      </trkpt>
      <trkpt lat="34.40809" lon="-119.54873">
        <ele>11.0</ele>
      </trkpt>
      <trkpt lat="34.40802" lon="-119.54864">
        <ele>11.0</ele>
      </trkpt>
      <trkpt lat="34.40766" lon="-119.54813">
        <ele>11.0</ele>
      </trkpt>
      <trkpt lat="34.40766" lon="-119.54813">
        <ele>11.0</ele>
      </trkpt>
      <trkpt lat="34.40758" lon="-119.54802">
        <ele>10.9</ele>
      </trkpt>
      <trkpt lat="34.40748" lon="-119.54788">
        <ele>10.9</ele>
      </trkpt>
      <trkpt lat="34.40742" lon="-119.5478">
        <ele>10.9</ele>
      </trkpt>
      <trkpt lat="34.40735" lon="-119.54769">
        <ele>10.9</ele>
      </trkpt>
      <trkpt lat="34.40724" lon="-119.54751">
        <ele>10.9</ele>
      </trkpt>
      <trkpt lat="34.40712" lon="-119.5473">
        <ele>10.9</ele>
      </trkpt>
      <trkpt lat="34.40702" lon="-119.54711">
        <ele>10.8</ele>
      </trkpt>
      <trkpt lat="34.40685" lon="-119.54675">
        <ele>10.8</ele>
      </trkpt>
      <trkpt lat="34.40675" lon="-119.54653">
        <ele>10.7</ele>
      </trkpt>
      <trkpt lat="34.40669" lon="-119.54635">
        <ele>10.7</ele>
      </trkpt>
      <trkpt lat="34.40664" lon="-119.54621">
        <ele>10.7</ele>
      </trkpt>
      <trkpt lat="34.40656" lon="-119.54595">
        <ele>10.6</ele>
      </trkpt>
      <trkpt lat="34.40648" lon="-119.54566">
        <ele>10.6</ele>
      </trkpt>
      <trkpt lat="34.40642" lon="-119.54544">
        <ele>10.6</ele>
      </trkpt>
      <trkpt lat="34.40638" lon="-119.54522">
        <ele>10.6</ele>
      </trkpt>
      <trkpt lat="34.40634" lon="-119.54499">
        <ele>10.6</ele>
      </trkpt>
      <trkpt lat="34.40629" lon="-119.54465">
        <ele>10.6</ele>
      </trkpt>
      <trkpt lat="34.40626" lon="-119.54442">
        <ele>10.6</ele>
      </trkpt>
      <trkpt lat="34.40624" lon="-119.54429">
        <ele>10.5</ele>
      </trkpt>
      <trkpt lat="34.40623" lon="-119.54419">
        <ele>10.5</ele>
      </trkpt>
      <trkpt lat="34.40622" lon="-119.54407">
        <ele>10.5</ele>
      </trkpt>
      <trkpt lat="34.4062" lon="-119.54355">
        <ele>10.6</ele>
      </trkpt>
      <trkpt lat="34.40618" lon="-119.54262">
        <ele>10.6</ele>
      </trkpt>
      <trkpt lat="34.40618" lon="-119.54236">
        <ele>10.6</ele>
      </trkpt>
      <trkpt lat="34.40618" lon="-119.54236">
        <ele>10.6</ele>
      </trkpt>
      <trkpt lat="34.40617" lon="-119.5419">
        <ele>10.6</ele>
      </trkpt>
      <trkpt lat="34.40616" lon="-119.5412">
        <ele>10.7</ele>
      </trkpt>
      <trkpt lat="34.40615" lon="-119.54074">
        <ele>10.7</ele>
      </trkpt>
      <trkpt lat="34.40614" lon="-119.54032">
        <ele>10.7</ele>
      </trkpt>
      <trkpt lat="34.40614" lon="-119.54015">
        <ele>10.7</ele>
      </trkpt>
      <trkpt lat="34.40612" lon="-119.53995">
        <ele>10.7</ele>
      </trkpt>
      <trkpt lat="34.40608" lon="-119.53982">
        <ele>10.7</ele>
      </trkpt>
      <trkpt lat="34.40602" lon="-119.53948">
        <ele>10.7</ele>
      </trkpt>
      <trkpt lat="34.40599" lon="-119.53934">
        <ele>10.7</ele>
      </trkpt>
      <trkpt lat="34.40595" lon="-119.53916">
        <ele>10.7</ele>
      </trkpt>
      <trkpt lat="34.40592" lon="-119.539">
        <ele>10.7</ele>
      </trkpt>
      <trkpt lat="34.40587" lon="-119.53874">
        <ele>10.8</ele>
      </trkpt>
      <trkpt lat="34.40582" lon="-119.53853">
        <ele>10.9</ele>
      </trkpt>
      <trkpt lat="34.40575" lon="-119.53813">
        <ele>11.0</ele>
      </trkpt>
      <trkpt lat="34.40563" lon="-119.53753">
        <ele>11.1</ele>
      </trkpt>
      <trkpt lat="34.40558" lon="-119.53723">
        <ele>11.1</ele>
      </trkpt>
      <trkpt lat="34.4056" lon="-119.53715">
        <ele>11.2</ele>
      </trkpt>
      <trkpt lat="34.40547" lon="-119.53655">
        <ele>11.2</ele>
      </trkpt>
      <trkpt lat="34.40542" lon="-119.53628">
        <ele>11.2</ele>
      </trkpt>
      <trkpt lat="34.40541" lon="-119.53628">
        <ele>11.2</ele>
      </trkpt>
      <trkpt lat="34.40534" lon="-119.5359">
        <ele>11.1</ele>
      </trkpt>
      <trkpt lat="34.40532" lon="-119.53575">
        <ele>11.1</ele>
      </trkpt>
      <trkpt lat="34.40531" lon="-119.5357">
        <ele>11.1</ele>
      </trkpt>
      <trkpt lat="34.40518" lon="-119.53507">
        <ele>11.1</ele>
      </trkpt>
      <trkpt lat="34.40514" lon="-119.53484">
        <ele>11.2</ele>
      </trkpt>
      <trkpt lat="34.4051" lon="-119.53463">
        <ele>11.1</ele>
      </trkpt>
      <trkpt lat="34.4051" lon="-119.53461">
        <ele>11.1</ele>
      </trkpt>
      <trkpt lat="34.40504" lon="-119.53432">
        <ele>11.1</ele>
      </trkpt>
      <trkpt lat="34.40499" lon="-119.53402">
        <ele>11.1</ele>
      </trkpt>
      <trkpt lat="34.40496" lon="-119.53388">
        <ele>11.1</ele>
      </trkpt>
      <trkpt lat="34.40489" lon="-119.53349">
        <ele>11.1</ele>
      </trkpt>
      <trkpt lat="34.40484" lon="-119.53321">
        <ele>11.2</ele>
      </trkpt>
      <trkpt lat="34.40483" lon="-119.53317">
        <ele>11.2</ele>
      </trkpt>
      <trkpt lat="34.4048" lon="-119.53302">
        <ele>11.2</ele>
      </trkpt>
      <trkpt lat="34.40479" lon="-119.53294">
        <ele>11.3</ele>
      </trkpt>
      <trkpt lat="34.40479" lon="-119.53292">
        <ele>11.3</ele>
      </trkpt>
      <trkpt lat="34.40475" lon="-119.53269">
        <ele>11.4</ele>
      </trkpt>
      <trkpt lat="34.40469" lon="-119.5324">
        <ele>11.5</ele>
      </trkpt>
      <trkpt lat="34.40463" lon="-119.53207">
        <ele>11.7</ele>
      </trkpt>
      <trkpt lat="34.40463" lon="-119.53205">
        <ele>11.7</ele>
      </trkpt>
      <trkpt lat="34.4046" lon="-119.53188">
        <ele>11.7</ele>
      </trkpt>
      <trkpt lat="34.40459" lon="-119.53184">
        <ele>11.8</ele>
      </trkpt>
      <trkpt lat="34.40458" lon="-119.53174">
        <ele>11.8</ele>
      </trkpt>
      <trkpt lat="34.40456" lon="-119.53161">
        <ele>11.8</ele>
      </trkpt>
      <trkpt lat="34.40454" lon="-119.53148">
        <ele>11.9</ele>
      </trkpt>
      <trkpt lat="34.40454" lon="-119.53144">
        <ele>11.9</ele>
      </trkpt>
      <trkpt lat="34.40453" lon="-119.5314">
        <ele>11.9</ele>
      </trkpt>
      <trkpt lat="34.40453" lon="-119.53132">
        <ele>11.9</ele>
      </trkpt>
      <trkpt lat="34.40453" lon="-119.53122">
        <ele>11.9</ele>
      </trkpt>
      <trkpt lat="34.40454" lon="-119.53119">
        <ele>11.9</ele>
      </trkpt>
      <trkpt lat="34.40454" lon="-119.53114">
        <ele>12.0</ele>
      </trkpt>
      <trkpt lat="34.40455" lon="-119.53108">
        <ele>12.0</ele>
      </trkpt>
      <trkpt lat="34.40456" lon="-119.53105">
        <ele>12.0</ele>
      </trkpt>
      <trkpt lat="34.40457" lon="-119.53095">
        <ele>12.1</ele>
      </trkpt>
      <trkpt lat="34.40458" lon="-119.53088">
        <ele>12.1</ele>
      </trkpt>
      <trkpt lat="34.40459" lon="-119.53084">
        <ele>12.1</ele>
      </trkpt>
      <trkpt lat="34.40461" lon="-119.53074">
        <ele>12.1</ele>
      </trkpt>
      <trkpt lat="34.40463" lon="-119.53063">
        <ele>12.2</ele>
      </trkpt>
      <trkpt lat="34.40469" lon="-119.53034">
        <ele>12.3</ele>
      </trkpt>
      <trkpt lat="34.40471" lon="-119.53023">
        <ele>12.2</ele>
      </trkpt>
      <trkpt lat="34.40476" lon="-119.52993">
        <ele>12.3</ele>
      </trkpt>
      <trkpt lat="34.40476" lon="-119.52992">
        <ele>12.3</ele>
      </trkpt>
      <trkpt lat="34.40477" lon="-119.52982">
        <ele>12.2</ele>
      </trkpt>
      <trkpt lat="34.40477" lon="-119.52977">
        <ele>12.2</ele>
      </trkpt>
      <trkpt lat="34.40478" lon="-119.52972">
        <ele>12.2</ele>
      </trkpt>
      <trkpt lat="34.40479" lon="-119.5296">
        <ele>12.2</ele>
      </trkpt>
      <trkpt lat="34.40479" lon="-119.52955">
        <ele>12.2</ele>
      </trkpt>
      <trkpt lat="34.40479" lon="-119.52951">
        <ele>12.2</ele>
      </trkpt>
      <trkpt lat="34.40479" lon="-119.5294">
        <ele>12.1</ele>
      </trkpt>
      <trkpt lat="34.40479" lon="-119.52931">
        <ele>12.1</ele>
      </trkpt>
      <trkpt lat="34.40479" lon="-119.52922">
        <ele>12.0</ele>
      </trkpt>
      <trkpt lat="34.40478" lon="-119.52912">
        <ele>11.9</ele>
      </trkpt>
      <trkpt lat="34.40478" lon="-119.52911">
        <ele>11.9</ele>
      </trkpt>
      <trkpt lat="34.40477" lon="-119.52902">
        <ele>11.9</ele>
      </trkpt>
      <trkpt lat="34.40474" lon="-119.52883">
        <ele>11.8</ele>
      </trkpt>
      <trkpt lat="34.40472" lon="-119.52869">
        <ele>11.8</ele>
      </trkpt>
      <trkpt lat="34.40471" lon="-119.52861">
        <ele>11.8</ele>
      </trkpt>
      <trkpt lat="34.40468" lon="-119.52831">
        <ele>11.8</ele>
      </trkpt>
      <trkpt lat="34.40466" lon="-119.52822">
        <ele>11.8</ele>
      </trkpt>
      <trkpt lat="34.40456" lon="-119.52741">
        <ele>11.8</ele>
      </trkpt>
      <trkpt lat="34.40449" lon="-119.52691">
        <ele>11.7</ele>
      </trkpt>
      <trkpt lat="34.40447" lon="-119.52674">
        <ele>11.7</ele>
      </trkpt>
      <trkpt lat="34.40446" lon="-119.52665">
        <ele>11.8</ele>
      </trkpt>
      <trkpt lat="34.40446" lon="-119.52665">
        <ele>11.8</ele>
      </trkpt>
      <trkpt lat="34.40417" lon="-119.52664">
        <ele>11.3</ele>
      </trkpt>
      <trkpt lat="34.40416" lon="-119.52664">
        <ele>11.3</ele>
      </trkpt>
      <trkpt lat="34.40402" lon="-119.52664">
        <ele>11.2</ele>
      </trkpt>
      <trkpt lat="34.40398" lon="-119.52664">
        <ele>11.1</ele>
      </trkpt>
      <trkpt lat="34.40378" lon="-119.52662">
        <ele>11.0</ele>
      </trkpt>
      <trkpt lat="34.40373" lon="-119.52662">
        <ele>10.9</ele>
      </trkpt>
      <trkpt lat="34.40359" lon="-119.52661">
        <ele>10.8</ele>
      </trkpt>
      <trkpt lat="34.40324" lon="-119.52658">
        <ele>10.4</ele>
      </trkpt>
      <trkpt lat="34.40319" lon="-119.52658">
        <ele>10.4</ele>
      </trkpt>
      <trkpt lat="34.40306" lon="-119.52657">
        <ele>10.3</ele>
      </trkpt>
      <trkpt lat="34.40279" lon="-119.52655">
        <ele>10.1</ele>
      </trkpt>
      <trkpt lat="34.40261" lon="-119.52653">
        <ele>9.9</ele>
      </trkpt>
      <trkpt lat="34.40253" lon="-119.52653">
        <ele>9.8</ele>
      </trkpt>
      <trkpt lat="34.40246" lon="-119.52652">
        <ele>9.7</ele>
      </trkpt>
      <trkpt lat="34.40212" lon="-119.5265">
        <ele>9.5</ele>
      </trkpt>
      <trkpt lat="34.4021" lon="-119.52649">
        <ele>9.4</ele>
      </trkpt>
      <trkpt lat="34.40199" lon="-119.52649">
        <ele>9.3</ele>
      </trkpt>
      <trkpt lat="34.40192" lon="-119.52648">
        <ele>9.2</ele>
      </trkpt>
      <trkpt lat="34.40178" lon="-119.52647">
        <ele>9.1</ele>
      </trkpt>
      <trkpt lat="34.40176" lon="-119.52604">
        <ele>9.1</ele>
      </trkpt>
      <trkpt lat="34.40175" lon="-119.52592">
        <ele>9.1</ele>
      </trkpt>
      <trkpt lat="34.40171" lon="-119.5254">
        <ele>9.2</ele>
      </trkpt>
      <trkpt lat="34.4017" lon="-119.52533">
        <ele>9.3</ele>
      </trkpt>
      <trkpt lat="34.4017" lon="-119.5253">
        <ele>9.3</ele>
      </trkpt>
      <trkpt lat="34.40167" lon="-119.52474">
        <ele>9.3</ele>
      </trkpt>
      <trkpt lat="34.40166" lon="-119.52467">
        <ele>9.3</ele>
      </trkpt>
      <trkpt lat="34.40165" lon="-119.52446">
        <ele>9.4</ele>
      </trkpt>
      <trkpt lat="34.40163" lon="-119.52416">
        <ele>9.4</ele>
      </trkpt>
      <trkpt lat="34.40162" lon="-119.52405">
        <ele>9.4</ele>
      </trkpt>
      <trkpt lat="34.40161" lon="-119.52389">
        <ele>9.4</ele>
      </trkpt>
      <trkpt lat="34.40159" lon="-119.52359">
        <ele>9.5</ele>
      </trkpt>
      <trkpt lat="34.40156" lon="-119.52305">
        <ele>9.6</ele>
      </trkpt>
      <trkpt lat="34.40154" lon="-119.52288">
        <ele>9.5</ele>
      </trkpt>
      <trkpt lat="34.40154" lon="-119.52284">
        <ele>9.5</ele>
      </trkpt>
      <trkpt lat="34.40153" lon="-119.52269">
        <ele>9.5</ele>
      </trkpt>
      <trkpt lat="34.40152" lon="-119.52263">
        <ele>9.5</ele>
      </trkpt>
      <trkpt lat="34.40151" lon="-119.52256">
        <ele>9.5</ele>
      </trkpt>
      <trkpt lat="34.40149" lon="-119.52243">
        <ele>9.5</ele>
      </trkpt>
      <trkpt lat="34.40146" lon="-119.52226">
        <ele>9.5</ele>
      </trkpt>
      <trkpt lat="34.40146" lon="-119.52225">
        <ele>9.5</ele>
      </trkpt>
      <trkpt lat="34.40142" lon="-119.52208">
        <ele>9.5</ele>
      </trkpt>
      <trkpt lat="34.40139" lon="-119.52194">
        <ele>9.4</ele>
      </trkpt>
      <trkpt lat="34.40136" lon="-119.52182">
        <ele>9.4</ele>
      </trkpt>
      <trkpt lat="34.40135" lon="-119.52182">
        <ele>9.4</ele>
      </trkpt>
      <trkpt lat="34.40129" lon="-119.52162">
        <ele>9.4</ele>
      </trkpt>
      <trkpt lat="34.40127" lon="-119.52155">
        <ele>9.4</ele>
      </trkpt>
      <trkpt lat="34.40121" lon="-119.5214">
        <ele>9.4</ele>
      </trkpt>
      <trkpt lat="34.40113" lon="-119.52121">
        <ele>9.5</ele>
      </trkpt>
      <trkpt lat="34.40106" lon="-119.52107">
        <ele>9.5</ele>
      </trkpt>
      <trkpt lat="34.40106" lon="-119.52106">
        <ele>9.5</ele>
      </trkpt>
      <trkpt lat="34.40098" lon="-119.52092">
        <ele>9.5</ele>
      </trkpt>
      <trkpt lat="34.40096" lon="-119.52088">
        <ele>9.5</ele>
      </trkpt>
      <trkpt lat="34.40093" lon="-119.52082">
        <ele>9.5</ele>
      </trkpt>
      <trkpt lat="34.40089" lon="-119.52075">
        <ele>9.5</ele>
      </trkpt>
      <trkpt lat="34.40076" lon="-119.52057">
        <ele>9.5</ele>
      </trkpt>
      <trkpt lat="34.40071" lon="-119.52048">
        <ele>9.5</ele>
      </trkpt>
      <trkpt lat="34.4006" lon="-119.52035">
        <ele>9.4</ele>
      </trkpt>
      <trkpt lat="34.40029" lon="-119.51999">
        <ele>9.5</ele>
      </trkpt>
      <trkpt lat="34.40019" lon="-119.51988">
        <ele>9.5</ele>
      </trkpt>
      <trkpt lat="34.39991" lon="-119.51954">
        <ele>9.6</ele>
      </trkpt>
      <trkpt lat="34.39981" lon="-119.51942">
        <ele>9.6</ele>
      </trkpt>
      <trkpt lat="34.39968" lon="-119.51925">
        <ele>9.7</ele>
      </trkpt>
      <trkpt lat="34.39957" lon="-119.51912">
        <ele>9.7</ele>
      </trkpt>
      <trkpt lat="34.3994" lon="-119.51892">
        <ele>9.8</ele>
      </trkpt>
      <trkpt lat="34.39934" lon="-119.51885">
        <ele>9.8</ele>
      </trkpt>
      <trkpt lat="34.39926" lon="-119.51876">
        <ele>9.8</ele>
      </trkpt>
      <trkpt lat="34.39893" lon="-119.51838">
        <ele>9.9</ele>
      </trkpt>
      <trkpt lat="34.39875" lon="-119.51816">
        <ele>10.1</ele>
      </trkpt>
      <trkpt lat="34.39872" lon="-119.51812">
        <ele>10.1</ele>
      </trkpt>
      <trkpt lat="34.39857" lon="-119.51795">
        <ele>10.1</ele>
      </trkpt>
      <trkpt lat="34.39852" lon="-119.51788">
        <ele>10.2</ele>
      </trkpt>
      <trkpt lat="34.39838" lon="-119.51771">
        <ele>10.2</ele>
      </trkpt>
      <trkpt lat="34.39828" lon="-119.5176">
        <ele>10.3</ele>
      </trkpt>
      <trkpt lat="34.39803" lon="-119.5173">
        <ele>10.4</ele>
      </trkpt>
      <trkpt lat="34.39799" lon="-119.51725">
        <ele>10.5</ele>
      </trkpt>
      <trkpt lat="34.39794" lon="-119.5172">
        <ele>10.5</ele>
      </trkpt>
      <trkpt lat="34.39752" lon="-119.5167">
        <ele>10.9</ele>
      </trkpt>
      <trkpt lat="34.39744" lon="-119.51661">
        <ele>10.9</ele>
      </trkpt>
      <trkpt lat="34.39735" lon="-119.5165">
        <ele>11.0</ele>
      </trkpt>
      <trkpt lat="34.39718" lon="-119.51629">
        <ele>11.2</ele>
      </trkpt>
      <trkpt lat="34.39708" lon="-119.51618">
        <ele>11.3</ele>
      </trkpt>
      <trkpt lat="34.39699" lon="-119.51607">
        <ele>11.4</ele>
      </trkpt>
      <trkpt lat="34.39676" lon="-119.5158">
        <ele>11.6</ele>
      </trkpt>
      <trkpt lat="34.39665" lon="-119.51566">
        <ele>11.7</ele>
      </trkpt>
      <trkpt lat="34.39653" lon="-119.51553">
        <ele>11.8</ele>
      </trkpt>
      <trkpt lat="34.39628" lon="-119.51523">
        <ele>11.9</ele>
      </trkpt>
      <trkpt lat="34.39607" lon="-119.51496">
        <ele>12.0</ele>
      </trkpt>
      <trkpt lat="34.39592" lon="-119.51478">
        <ele>12.1</ele>
      </trkpt>
      <trkpt lat="34.39582" lon="-119.51467">
        <ele>12.2</ele>
      </trkpt>
      <trkpt lat="34.39553" lon="-119.51433">
        <ele>12.3</ele>
      </trkpt>
      <trkpt lat="34.39538" lon="-119.51416">
        <ele>12.4</ele>
      </trkpt>
      <trkpt lat="34.3952" lon="-119.51395">
        <ele>12.5</ele>
      </trkpt>
      <trkpt lat="34.39508" lon="-119.51381">
        <ele>12.7</ele>
      </trkpt>
      <trkpt lat="34.39501" lon="-119.51373">
        <ele>12.7</ele>
      </trkpt>
      <trkpt lat="34.3949" lon="-119.5136">
        <ele>12.8</ele>
      </trkpt>
      <trkpt lat="34.39473" lon="-119.5134">
        <ele>13.0</ele>
      </trkpt>
      <trkpt lat="34.39462" lon="-119.51327">
        <ele>13.1</ele>
      </trkpt>
      <trkpt lat="34.39448" lon="-119.51309">
        <ele>13.1</ele>
      </trkpt>
      <trkpt lat="34.39419" lon="-119.51273">
        <ele>13.1</ele>
      </trkpt>
      <trkpt lat="34.39406" lon="-119.51258">
        <ele>13.1</ele>
      </trkpt>
      <trkpt lat="34.39393" lon="-119.51243">
        <ele>13.0</ele>
      </trkpt>
      <trkpt lat="34.39389" lon="-119.51239">
        <ele>13.0</ele>
      </trkpt>
      <trkpt lat="34.39366" lon="-119.51211">
        <ele>13.0</ele>
      </trkpt>
      <trkpt lat="34.3933" lon="-119.51169">
        <ele>12.8</ele>
      </trkpt>
      <trkpt lat="34.39318" lon="-119.51154">
        <ele>12.8</ele>
      </trkpt>
      <trkpt lat="34.39302" lon="-119.51135">
        <ele>12.8</ele>
      </trkpt>
      <trkpt lat="34.39293" lon="-119.51124">
        <ele>12.8</ele>
      </trkpt>
      <trkpt lat="34.39289" lon="-119.51119">
        <ele>12.9</ele>
      </trkpt>
      <trkpt lat="34.39288" lon="-119.51118">
        <ele>12.9</ele>
      </trkpt>
      <trkpt lat="34.39283" lon="-119.51113">
        <ele>12.9</ele>
      </trkpt>
      <trkpt lat="34.3928" lon="-119.51109">
        <ele>12.9</ele>
      </trkpt>
      <trkpt lat="34.39271" lon="-119.51097">
        <ele>13.0</ele>
      </trkpt>
      <trkpt lat="34.39267" lon="-119.51092">
        <ele>13.0</ele>
      </trkpt>
      <trkpt lat="34.39249" lon="-119.51065">
        <ele>13.3</ele>
      </trkpt>
      <trkpt lat="34.39242" lon="-119.51054">
        <ele>13.4</ele>
      </trkpt>
      <trkpt lat="34.39239" lon="-119.51048">
        <ele>13.4</ele>
      </trkpt>
      <trkpt lat="34.39229" lon="-119.51032">
        <ele>13.6</ele>
      </trkpt>
      <trkpt lat="34.39225" lon="-119.51025">
        <ele>13.6</ele>
      </trkpt>
      <trkpt lat="34.39217" lon="-119.51009">
        <ele>13.7</ele>
      </trkpt>
      <trkpt lat="34.39207" lon="-119.50987">
        <ele>13.9</ele>
      </trkpt>
      <trkpt lat="34.39203" lon="-119.50978">
        <ele>14.0</ele>
      </trkpt>
      <trkpt lat="34.392" lon="-119.50973">
        <ele>14.0</ele>
      </trkpt>
      <trkpt lat="34.39197" lon="-119.50963">
        <ele>14.1</ele>
      </trkpt>
      <trkpt lat="34.39187" lon="-119.50936">
        <ele>14.4</ele>
      </trkpt>
      <trkpt lat="34.3918" lon="-119.50917">
        <ele>14.5</ele>
      </trkpt>
      <trkpt lat="34.39174" lon="-119.50898">
        <ele>14.8</ele>
      </trkpt>
      <trkpt lat="34.3917" lon="-119.50886">
        <ele>14.9</ele>
      </trkpt>
      <trkpt lat="34.39163" lon="-119.50866">
        <ele>15.1</ele>
      </trkpt>
      <trkpt lat="34.39151" lon="-119.50831">
        <ele>15.5</ele>
      </trkpt>
      <trkpt lat="34.39143" lon="-119.5081">
        <ele>15.7</ele>
      </trkpt>
      <trkpt lat="34.39142" lon="-119.50806">
        <ele>15.7</ele>
      </trkpt>
      <trkpt lat="34.39128" lon="-119.50774">
        <ele>16.1</ele>
      </trkpt>
      <trkpt lat="34.39125" lon="-119.50768">
        <ele>16.2</ele>
      </trkpt>
      <trkpt lat="34.3912" lon="-119.50758">
        <ele>16.5</ele>
      </trkpt>
      <trkpt lat="34.39116" lon="-119.5075">
        <ele>16.6</ele>
      </trkpt>
      <trkpt lat="34.3911" lon="-119.50738">
        <ele>16.7</ele>
      </trkpt>
      <trkpt lat="34.391" lon="-119.50719">
        <ele>16.7</ele>
      </trkpt>
      <trkpt lat="34.39089" lon="-119.50696">
        <ele>16.6</ele>
      </trkpt>
      <trkpt lat="34.39083" lon="-119.50683">
        <ele>16.6</ele>
      </trkpt>
      <trkpt lat="34.39079" lon="-119.50674">
        <ele>16.6</ele>
      </trkpt>
      <trkpt lat="34.39069" lon="-119.50654">
        <ele>16.8</ele>
      </trkpt>
      <trkpt lat="34.39058" lon="-119.50631">
        <ele>17.1</ele>
      </trkpt>
      <trkpt lat="34.39049" lon="-119.50613">
        <ele>17.5</ele>
      </trkpt>
      <trkpt lat="34.39043" lon="-119.50595">
        <ele>18.0</ele>
      </trkpt>
      <trkpt lat="34.39041" lon="-119.50589">
        <ele>18.1</ele>
      </trkpt>
      <trkpt lat="34.39038" lon="-119.5058">
        <ele>18.4</ele>
      </trkpt>
      <trkpt lat="34.39033" lon="-119.50565">
        <ele>18.9</ele>
      </trkpt>
      <trkpt lat="34.39033" lon="-119.50563">
        <ele>18.9</ele>
      </trkpt>
      <trkpt lat="34.3903" lon="-119.50551">
        <ele>19.4</ele>
      </trkpt>
      <trkpt lat="34.39028" lon="-119.50539">
        <ele>19.9</ele>
      </trkpt>
      <trkpt lat="34.39025" lon="-119.5052">
        <ele>20.6</ele>
      </trkpt>
      <trkpt lat="34.39021" lon="-119.50504">
        <ele>21.3</ele>
      </trkpt>
      <trkpt lat="34.39017" lon="-119.50486">
        <ele>22.1</ele>
      </trkpt>
      <trkpt lat="34.39013" lon="-119.50469">
        <ele>22.8</ele>
      </trkpt>
      <trkpt lat="34.39007" lon="-119.50448">
        <ele>23.6</ele>
      </trkpt>
      <trkpt lat="34.39001" lon="-119.50425">
        <ele>23.8</ele>
      </trkpt>
      <trkpt lat="34.38994" lon="-119.50401">
        <ele>23.8</ele>
      </trkpt>
      <trkpt lat="34.38962" lon="-119.503">
        <ele>26.6</ele>
      </trkpt>
      <trkpt lat="34.38936" lon="-119.50218">
        <ele>27.7</ele>
      </trkpt>
      <trkpt lat="34.38928" lon="-119.50195">
        <ele>27.6</ele>
      </trkpt>
      <trkpt lat="34.38921" lon="-119.50173">
        <ele>27.6</ele>
      </trkpt>
      <trkpt lat="34.38917" lon="-119.50164">
        <ele>27.7</ele>
      </trkpt>
      <trkpt lat="34.38915" lon="-119.50159">
        <ele>27.8</ele>
      </trkpt>
      <trkpt lat="34.38911" lon="-119.5015">
        <ele>28.3</ele>
      </trkpt>
      <trkpt lat="34.38909" lon="-119.50145">
        <ele>28.5</ele>
      </trkpt>
      <trkpt lat="34.38908" lon="-119.50144">
        <ele>28.6</ele>
      </trkpt>
      <trkpt lat="34.38908" lon="-119.50143">
        <ele>28.6</ele>
      </trkpt>
      <trkpt lat="34.389" lon="-119.50126">
        <ele>29.0</ele>
      </trkpt>
      <trkpt lat="34.38899" lon="-119.50123">
        <ele>29.0</ele>
      </trkpt>
      <trkpt lat="34.38891" lon="-119.50107">
        <ele>29.1</ele>
      </trkpt>
      <trkpt lat="34.38887" lon="-119.501">
        <ele>29.0</ele>
      </trkpt>
      <trkpt lat="34.38881" lon="-119.50089">
        <ele>29.0</ele>
      </trkpt>
      <trkpt lat="34.3888" lon="-119.50087">
        <ele>29.0</ele>
      </trkpt>
      <trkpt lat="34.38878" lon="-119.50083">
        <ele>29.0</ele>
      </trkpt>
      <trkpt lat="34.38869" lon="-119.50068">
        <ele>28.9</ele>
      </trkpt>
      <trkpt lat="34.38862" lon="-119.50056">
        <ele>28.9</ele>
      </trkpt>
      <trkpt lat="34.3886" lon="-119.50054">
        <ele>28.8</ele>
      </trkpt>
      <trkpt lat="34.38859" lon="-119.50051">
        <ele>28.8</ele>
      </trkpt>
      <trkpt lat="34.38854" lon="-119.50045">
        <ele>28.7</ele>
      </trkpt>
      <trkpt lat="34.38842" lon="-119.50027">
        <ele>28.5</ele>
      </trkpt>
      <trkpt lat="34.3882" lon="-119.49994">
        <ele>28.8</ele>
      </trkpt>
      <trkpt lat="34.3881" lon="-119.49981">
        <ele>29.2</ele>
      </trkpt>
      <trkpt lat="34.38798" lon="-119.49964">
        <ele>29.4</ele>
      </trkpt>
      <trkpt lat="34.3878" lon="-119.49939">
        <ele>29.2</ele>
      </trkpt>
      <trkpt lat="34.38769" lon="-119.49922">
        <ele>29.5</ele>
      </trkpt>
      <trkpt lat="34.38767" lon="-119.4992">
        <ele>29.6</ele>
      </trkpt>
      <trkpt lat="34.38766" lon="-119.49918">
        <ele>29.6</ele>
      </trkpt>
      <trkpt lat="34.38762" lon="-119.49912">
        <ele>29.9</ele>
      </trkpt>
      <trkpt lat="34.38757" lon="-119.49903">
        <ele>30.2</ele>
      </trkpt>
      <trkpt lat="34.38751" lon="-119.49893">
        <ele>30.5</ele>
      </trkpt>
      <trkpt lat="34.38747" lon="-119.49885">
        <ele>30.7</ele>
      </trkpt>
      <trkpt lat="34.38746" lon="-119.49883">
        <ele>30.7</ele>
      </trkpt>
      <trkpt lat="34.38745" lon="-119.49882">
        <ele>30.7</ele>
      </trkpt>
      <trkpt lat="34.38741" lon="-119.49873">
        <ele>31.0</ele>
      </trkpt>
      <trkpt lat="34.38735" lon="-119.49857">
        <ele>31.3</ele>
      </trkpt>
      <trkpt lat="34.38731" lon="-119.49846">
        <ele>31.5</ele>
      </trkpt>
      <trkpt lat="34.38726" lon="-119.4983">
        <ele>31.9</ele>
      </trkpt>
      <trkpt lat="34.38725" lon="-119.49823">
        <ele>32.1</ele>
      </trkpt>
      <trkpt lat="34.38723" lon="-119.49813">
        <ele>32.4</ele>
      </trkpt>
      <trkpt lat="34.38722" lon="-119.49809">
        <ele>32.5</ele>
      </trkpt>
      <trkpt lat="34.3872" lon="-119.49799">
        <ele>32.8</ele>
      </trkpt>
      <trkpt lat="34.3872" lon="-119.49795">
        <ele>32.9</ele>
      </trkpt>
      <trkpt lat="34.38718" lon="-119.49777">
        <ele>33.1</ele>
      </trkpt>
      <trkpt lat="34.38716" lon="-119.49763">
        <ele>33.3</ele>
      </trkpt>
      <trkpt lat="34.38716" lon="-119.49756">
        <ele>33.4</ele>
      </trkpt>
      <trkpt lat="34.38716" lon="-119.49748">
        <ele>33.5</ele>
      </trkpt>
      <trkpt lat="34.38716" lon="-119.49739">
        <ele>33.7</ele>
      </trkpt>
      <trkpt lat="34.38717" lon="-119.49728">
        <ele>33.9</ele>
      </trkpt>
      <trkpt lat="34.38717" lon="-119.49723">
        <ele>34.0</ele>
      </trkpt>
      <trkpt lat="34.38718" lon="-119.49704">
        <ele>34.2</ele>
      </trkpt>
      <trkpt lat="34.38718" lon="-119.497">
        <ele>34.3</ele>
      </trkpt>
      <trkpt lat="34.38719" lon="-119.49682">
        <ele>34.6</ele>
      </trkpt>
      <trkpt lat="34.38719" lon="-119.49679">
        <ele>34.6</ele>
      </trkpt>
      <trkpt lat="34.3872" lon="-119.49664">
        <ele>34.8</ele>
      </trkpt>
      <trkpt lat="34.38721" lon="-119.49657">
        <ele>34.9</ele>
      </trkpt>
      <trkpt lat="34.38721" lon="-119.49655">
        <ele>34.9</ele>
      </trkpt>
      <trkpt lat="34.38721" lon="-119.49647">
        <ele>35.0</ele>
      </trkpt>
      <trkpt lat="34.38722" lon="-119.49639">
        <ele>35.2</ele>
      </trkpt>
      <trkpt lat="34.38722" lon="-119.49629">
        <ele>35.5</ele>
      </trkpt>
      <trkpt lat="34.38722" lon="-119.49622">
        <ele>35.6</ele>
      </trkpt>
      <trkpt lat="34.38722" lon="-119.49614">
        <ele>35.7</ele>
      </trkpt>
      <trkpt lat="34.38721" lon="-119.49603">
        <ele>35.8</ele>
      </trkpt>
      <trkpt lat="34.38721" lon="-119.49593">
        <ele>36.0</ele>
      </trkpt>
      <trkpt lat="34.3872" lon="-119.49584">
        <ele>36.2</ele>
      </trkpt>
      <trkpt lat="34.38719" lon="-119.49576">
        <ele>36.3</ele>
      </trkpt>
      <trkpt lat="34.38718" lon="-119.49569">
        <ele>36.3</ele>
      </trkpt>
      <trkpt lat="34.38717" lon="-119.49561">
        <ele>36.4</ele>
      </trkpt>
      <trkpt lat="34.38716" lon="-119.49554">
        <ele>36.5</ele>
      </trkpt>
      <trkpt lat="34.38714" lon="-119.4954">
        <ele>36.5</ele>
      </trkpt>
      <trkpt lat="34.38711" lon="-119.49527">
        <ele>36.5</ele>
      </trkpt>
      <trkpt lat="34.38703" lon="-119.49499">
        <ele>36.9</ele>
      </trkpt>
      <trkpt lat="34.38697" lon="-119.49479">
        <ele>37.1</ele>
      </trkpt>
      <trkpt lat="34.38695" lon="-119.49471">
        <ele>37.2</ele>
      </trkpt>
      <trkpt lat="34.38687" lon="-119.49445">
        <ele>37.4</ele>
      </trkpt>
      <trkpt lat="34.38687" lon="-119.49444">
        <ele>37.4</ele>
      </trkpt>
      <trkpt lat="34.38678" lon="-119.49414">
        <ele>37.6</ele>
      </trkpt>
      <trkpt lat="34.38675" lon="-119.49405">
        <ele>37.8</ele>
      </trkpt>
      <trkpt lat="34.38675" lon="-119.49404">
        <ele>37.9</ele>
      </trkpt>
      <trkpt lat="34.38668" lon="-119.49383">
        <ele>39.5</ele>
      </trkpt>
      <trkpt lat="34.38661" lon="-119.49363">
        <ele>40.9</ele>
      </trkpt>
      <trkpt lat="34.38654" lon="-119.49341">
        <ele>41.5</ele>
      </trkpt>
      <trkpt lat="34.38647" lon="-119.49317">
        <ele>41.7</ele>
      </trkpt>
      <trkpt lat="34.38643" lon="-119.49306">
        <ele>41.7</ele>
      </trkpt>
      <trkpt lat="34.38634" lon="-119.49277">
        <ele>41.8</ele>
      </trkpt>
      <trkpt lat="34.38621" lon="-119.49237">
        <ele>42.0</ele>
      </trkpt>
      <trkpt lat="34.38615" lon="-119.49219">
        <ele>42.4</ele>
      </trkpt>
      <trkpt lat="34.38608" lon="-119.49194">
        <ele>43.1</ele>
      </trkpt>
      <trkpt lat="34.38602" lon="-119.49176">
        <ele>43.7</ele>
      </trkpt>
      <trkpt lat="34.38593" lon="-119.4915">
        <ele>44.7</ele>
      </trkpt>
      <trkpt lat="34.38592" lon="-119.49147">
        <ele>44.9</ele>
      </trkpt>
      <trkpt lat="34.38584" lon="-119.49121">
        <ele>45.9</ele>
      </trkpt>
      <trkpt lat="34.38576" lon="-119.49097">
        <ele>47.1</ele>
      </trkpt>
      <trkpt lat="34.38576" lon="-119.49096">
        <ele>47.1</ele>
      </trkpt>
      <trkpt lat="34.38566" lon="-119.49066">
        <ele>48.5</ele>
      </trkpt>
      <trkpt lat="34.38565" lon="-119.49062">
        <ele>48.6</ele>
      </trkpt>
      <trkpt lat="34.38555" lon="-119.49032">
        <ele>49.7</ele>
      </trkpt>
      <trkpt lat="34.38545" lon="-119.49">
        <ele>49.7</ele>
      </trkpt>
      <trkpt lat="34.38544" lon="-119.48995">
        <ele>49.7</ele>
      </trkpt>
      <trkpt lat="34.38536" lon="-119.4897">
        <ele>49.7</ele>
      </trkpt>
      <trkpt lat="34.38531" lon="-119.48952">
        <ele>49.6</ele>
      </trkpt>
      <trkpt lat="34.3853" lon="-119.48949">
        <ele>49.7</ele>
      </trkpt>
      <trkpt lat="34.38521" lon="-119.4892">
        <ele>50.1</ele>
      </trkpt>
      <trkpt lat="34.38519" lon="-119.48915">
        <ele>50.3</ele>
      </trkpt>
      <trkpt lat="34.38512" lon="-119.48894">
        <ele>50.7</ele>
      </trkpt>
      <trkpt lat="34.38503" lon="-119.48869">
        <ele>50.9</ele>
      </trkpt>
      <trkpt lat="34.38492" lon="-119.48839">
        <ele>51.0</ele>
      </trkpt>
      <trkpt lat="34.38483" lon="-119.48818">
        <ele>51.0</ele>
      </trkpt>
      <trkpt lat="34.38473" lon="-119.48793">
        <ele>51.7</ele>
      </trkpt>
      <trkpt lat="34.38461" lon="-119.48764">
        <ele>53.7</ele>
      </trkpt>
      <trkpt lat="34.38453" lon="-119.48744">
        <ele>55.0</ele>
      </trkpt>
      <trkpt lat="34.38446" lon="-119.48727">
        <ele>55.6</ele>
      </trkpt>
      <trkpt lat="34.38443" lon="-119.4872">
        <ele>55.8</ele>
      </trkpt>
      <trkpt lat="34.3844" lon="-119.48712">
        <ele>55.8</ele>
      </trkpt>
      <trkpt lat="34.38436" lon="-119.48705">
        <ele>55.8</ele>
      </trkpt>
      <trkpt lat="34.38433" lon="-119.487">
        <ele>55.8</ele>
      </trkpt>
      <trkpt lat="34.38428" lon="-119.48692">
        <ele>55.8</ele>
      </trkpt>
      <trkpt lat="34.38427" lon="-119.4869">
        <ele>55.8</ele>
      </trkpt>
      <trkpt lat="34.38417" lon="-119.48675">
        <ele>55.7</ele>
      </trkpt>
      <trkpt lat="34.38407" lon="-119.48663">
        <ele>55.6</ele>
      </trkpt>
      <trkpt lat="34.38398" lon="-119.48652">
        <ele>55.4</ele>
      </trkpt>
      <trkpt lat="34.38394" lon="-119.48648">
        <ele>55.3</ele>
      </trkpt>
      <trkpt lat="34.38393" lon="-119.48647">
        <ele>55.2</ele>
      </trkpt>
      <trkpt lat="34.38386" lon="-119.48641">
        <ele>55.0</ele>
      </trkpt>
      <trkpt lat="34.3838" lon="-119.48635">
        <ele>54.8</ele>
      </trkpt>
      <trkpt lat="34.3837" lon="-119.48627">
        <ele>54.1</ele>
      </trkpt>
      <trkpt lat="34.38358" lon="-119.48618">
        <ele>52.6</ele>
      </trkpt>
      <trkpt lat="34.38347" lon="-119.4861">
        <ele>51.4</ele>
      </trkpt>
      <trkpt lat="34.38342" lon="-119.48605">
        <ele>51.0</ele>
      </trkpt>
      <trkpt lat="34.38341" lon="-119.48605">
        <ele>50.9</ele>
      </trkpt>
      <trkpt lat="34.38341" lon="-119.48605">
        <ele>50.9</ele>
      </trkpt>
      <trkpt lat="34.38341" lon="-119.48605">
        <ele>50.9</ele>
      </trkpt>
      <trkpt lat="34.38335" lon="-119.48599">
        <ele>50.4</ele>
      </trkpt>
      <trkpt lat="34.38334" lon="-119.48598">
        <ele>50.3</ele>
      </trkpt>
      <trkpt lat="34.38325" lon="-119.48587">
        <ele>49.8</ele>
      </trkpt>
      <trkpt lat="34.38319" lon="-119.48577">
        <ele>49.9</ele>
      </trkpt>
      <trkpt lat="34.38319" lon="-119.48577">
        <ele>49.9</ele>
      </trkpt>
      <trkpt lat="34.38328" lon="-119.48561">
        <ele>51.9</ele>
      </trkpt>
      <trkpt lat="34.38334" lon="-119.48547">
        <ele>53.9</ele>
      </trkpt>
      <trkpt lat="34.38338" lon="-119.48541">
        <ele>54.8</ele>
      </trkpt>
      <trkpt lat="34.38344" lon="-119.48529">
        <ele>56.5</ele>
      </trkpt>
      <trkpt lat="34.38356" lon="-119.48504">
        <ele>58.4</ele>
      </trkpt>
      <trkpt lat="34.38365" lon="-119.48487">
        <ele>59.8</ele>
      </trkpt>
      <trkpt lat="34.38371" lon="-119.48475">
        <ele>60.7</ele>
      </trkpt>
      <trkpt lat="34.38381" lon="-119.48454">
        <ele>62.4</ele>
      </trkpt>
      <trkpt lat="34.38388" lon="-119.48441">
        <ele>63.4</ele>
      </trkpt>
      <trkpt lat="34.38394" lon="-119.48429">
        <ele>64.4</ele>
      </trkpt>
      <trkpt lat="34.38399" lon="-119.48419">
        <ele>65.2</ele>
      </trkpt>
      <trkpt lat="34.38411" lon="-119.48394">
        <ele>67.2</ele>
      </trkpt>
      <trkpt lat="34.38417" lon="-119.48377">
        <ele>67.7</ele>
      </trkpt>
      <trkpt lat="34.38421" lon="-119.48365">
        <ele>67.3</ele>
      </trkpt>
      <trkpt lat="34.38424" lon="-119.48352">
        <ele>67.3</ele>
      </trkpt>
      <trkpt lat="34.38425" lon="-119.48349">
        <ele>67.3</ele>
      </trkpt>
      <trkpt lat="34.38429" lon="-119.48334">
        <ele>67.1</ele>
      </trkpt>
      <trkpt lat="34.38431" lon="-119.48317">
        <ele>67.2</ele>
      </trkpt>
      <trkpt lat="34.38433" lon="-119.483">
        <ele>66.6</ele>
      </trkpt>
      <trkpt lat="34.38435" lon="-119.48283">
        <ele>66.3</ele>
      </trkpt>
      <trkpt lat="34.38435" lon="-119.4826">
        <ele>66.1</ele>
      </trkpt>
      <trkpt lat="34.38436" lon="-119.48232">
        <ele>65.4</ele>
      </trkpt>
      <trkpt lat="34.38437" lon="-119.4821">
        <ele>64.9</ele>
      </trkpt>
      <trkpt lat="34.38438" lon="-119.48176">
        <ele>64.3</ele>
      </trkpt>
      <trkpt lat="34.38438" lon="-119.48167">
        <ele>64.2</ele>
      </trkpt>
      <trkpt lat="34.38439" lon="-119.48145">
        <ele>64.0</ele>
      </trkpt>
      <trkpt lat="34.38439" lon="-119.48119">
        <ele>64.2</ele>
      </trkpt>
      <trkpt lat="34.3844" lon="-119.48101">
        <ele>64.0</ele>
      </trkpt>
      <trkpt lat="34.38441" lon="-119.4808">
        <ele>63.8</ele>
      </trkpt>
      <trkpt lat="34.38442" lon="-119.48039">
        <ele>63.8</ele>
      </trkpt>
      <trkpt lat="34.38442" lon="-119.48014">
        <ele>63.9</ele>
      </trkpt>
      <trkpt lat="34.38444" lon="-119.47971">
        <ele>63.9</ele>
      </trkpt>
      <trkpt lat="34.38444" lon="-119.47949">
        <ele>64.1</ele>
      </trkpt>
      <trkpt lat="34.38445" lon="-119.47901">
        <ele>64.1</ele>
      </trkpt>
      <trkpt lat="34.38448" lon="-119.47796">
        <ele>64.2</ele>
      </trkpt>
      <trkpt lat="34.38448" lon="-119.47794">
        <ele>64.2</ele>
      </trkpt>
      <trkpt lat="34.38451" lon="-119.47712">
        <ele>65.2</ele>
      </trkpt>
      <trkpt lat="34.38451" lon="-119.47692">
        <ele>65.2</ele>
      </trkpt>
      <trkpt lat="34.38452" lon="-119.4769">
        <ele>65.1</ele>
      </trkpt>
      <trkpt lat="34.38452" lon="-119.47671">
        <ele>65.3</ele>
      </trkpt>
      <trkpt lat="34.38454" lon="-119.47652">
        <ele>65.4</ele>
      </trkpt>
      <trkpt lat="34.38456" lon="-119.47636">
        <ele>65.6</ele>
      </trkpt>
      <trkpt lat="34.38458" lon="-119.47625">
        <ele>65.8</ele>
      </trkpt>
      <trkpt lat="34.3846" lon="-119.47617">
        <ele>65.9</ele>
      </trkpt>
      <trkpt lat="34.3846" lon="-119.47617">
        <ele>65.9</ele>
      </trkpt>
      <trkpt lat="34.38456" lon="-119.47605">
        <ele>65.9</ele>
      </trkpt>
      <trkpt lat="34.38455" lon="-119.47603">
        <ele>65.9</ele>
      </trkpt>
      <trkpt lat="34.38455" lon="-119.47599">
        <ele>66.0</ele>
      </trkpt>
      <trkpt lat="34.38454" lon="-119.47591">
        <ele>66.0</ele>
      </trkpt>
      <trkpt lat="34.38455" lon="-119.47582">
        <ele>66.0</ele>
      </trkpt>
      <trkpt lat="34.38455" lon="-119.47575">
        <ele>65.9</ele>
      </trkpt>
      <trkpt lat="34.38456" lon="-119.47546">
        <ele>65.0</ele>
      </trkpt>
      <trkpt lat="34.38456" lon="-119.47538">
        <ele>64.6</ele>
      </trkpt>
      <trkpt lat="34.38455" lon="-119.47527">
        <ele>64.0</ele>
      </trkpt>
      <trkpt lat="34.38453" lon="-119.47517">
        <ele>63.5</ele>
      </trkpt>
      <trkpt lat="34.38453" lon="-119.47515">
        <ele>63.4</ele>
      </trkpt>
      <trkpt lat="34.38446" lon="-119.47496">
        <ele>62.2</ele>
      </trkpt>
      <trkpt lat="34.38443" lon="-119.4749">
        <ele>61.6</ele>
      </trkpt>
      <trkpt lat="34.38439" lon="-119.4748">
        <ele>60.2</ele>
      </trkpt>
      <trkpt lat="34.38433" lon="-119.47471">
        <ele>57.9</ele>
      </trkpt>
      <trkpt lat="34.38429" lon="-119.47467">
        <ele>56.2</ele>
      </trkpt>
      <trkpt lat="34.38423" lon="-119.47462">
        <ele>54.6</ele>
      </trkpt>
      <trkpt lat="34.38415" lon="-119.47456">
        <ele>54.1</ele>
      </trkpt>
      <trkpt lat="34.38408" lon="-119.47453">
        <ele>54.2</ele>
      </trkpt>
      <trkpt lat="34.38407" lon="-119.47452">
        <ele>54.1</ele>
      </trkpt>
      <trkpt lat="34.38399" lon="-119.4745">
        <ele>54.2</ele>
      </trkpt>
      <trkpt lat="34.38391" lon="-119.47451">
        <ele>54.4</ele>
      </trkpt>
      <trkpt lat="34.38383" lon="-119.47453">
        <ele>54.3</ele>
      </trkpt>
      <trkpt lat="34.38378" lon="-119.47456">
        <ele>54.5</ele>
      </trkpt>
      <trkpt lat="34.38374" lon="-119.47459">
        <ele>54.7</ele>
      </trkpt>
      <trkpt lat="34.3837" lon="-119.47461">
        <ele>54.7</ele>
      </trkpt>
      <trkpt lat="34.38362" lon="-119.47472">
        <ele>56.1</ele>
      </trkpt>
      <trkpt lat="34.38349" lon="-119.47486">
        <ele>56.8</ele>
      </trkpt>
      <trkpt lat="34.38341" lon="-119.47493">
        <ele>56.5</ele>
      </trkpt>
      <trkpt lat="34.38334" lon="-119.47498">
        <ele>56.1</ele>
      </trkpt>
      <trkpt lat="34.38323" lon="-119.47503">
        <ele>54.2</ele>
      </trkpt>
      <trkpt lat="34.38315" lon="-119.47504">
        <ele>51.2</ele>
      </trkpt>
      <trkpt lat="34.38311" lon="-119.47505">
        <ele>49.8</ele>
      </trkpt>
      <trkpt lat="34.38298" lon="-119.47505">
        <ele>45.6</ele>
      </trkpt>
      <trkpt lat="34.38297" lon="-119.47504">
        <ele>45.1</ele>
      </trkpt>
      <trkpt lat="34.38291" lon="-119.47503">
        <ele>44.1</ele>
      </trkpt>
      <trkpt lat="34.3829" lon="-119.47503">
        <ele>44.0</ele>
      </trkpt>
      <trkpt lat="34.38281" lon="-119.475">
        <ele>42.7</ele>
      </trkpt>
      <trkpt lat="34.38272" lon="-119.47497">
        <ele>41.9</ele>
      </trkpt>
      <trkpt lat="34.38266" lon="-119.47495">
        <ele>41.5</ele>
      </trkpt>
      <trkpt lat="34.38257" lon="-119.47494">
        <ele>41.6</ele>
      </trkpt>
      <trkpt lat="34.38241" lon="-119.47493">
        <ele>42.3</ele>
      </trkpt>
      <trkpt lat="34.38229" lon="-119.47492">
        <ele>42.8</ele>
      </trkpt>
      <trkpt lat="34.38226" lon="-119.4749">
        <ele>42.4</ele>
      </trkpt>
      <trkpt lat="34.3822" lon="-119.47488">
        <ele>42.2</ele>
      </trkpt>
      <trkpt lat="34.38213" lon="-119.47482">
        <ele>40.9</ele>
      </trkpt>
      <trkpt lat="34.3821" lon="-119.4748">
        <ele>40.8</ele>
      </trkpt>
      <trkpt lat="34.38207" lon="-119.47477">
        <ele>40.4</ele>
      </trkpt>
      <trkpt lat="34.38198" lon="-119.47466">
        <ele>39.2</ele>
      </trkpt>
      <trkpt lat="34.38187" lon="-119.47451">
        <ele>38.9</ele>
      </trkpt>
      <trkpt lat="34.38178" lon="-119.47443">
        <ele>39.5</ele>
      </trkpt>
      <trkpt lat="34.38174" lon="-119.4744">
        <ele>39.7</ele>
      </trkpt>
      <trkpt lat="34.38168" lon="-119.47436">
        <ele>39.8</ele>
      </trkpt>
      <trkpt lat="34.38162" lon="-119.47433">
        <ele>39.3</ele>
      </trkpt>
      <trkpt lat="34.38157" lon="-119.47431">
        <ele>38.7</ele>
      </trkpt>
      <trkpt lat="34.3815" lon="-119.47428">
        <ele>37.3</ele>
      </trkpt>
      <trkpt lat="34.3814" lon="-119.47426">
        <ele>35.3</ele>
      </trkpt>
      <trkpt lat="34.38133" lon="-119.47425">
        <ele>34.1</ele>
      </trkpt>
      <trkpt lat="34.38125" lon="-119.47423">
        <ele>32.7</ele>
      </trkpt>
      <trkpt lat="34.38122" lon="-119.47423">
        <ele>32.4</ele>
      </trkpt>
      <trkpt lat="34.38116" lon="-119.47423">
        <ele>31.7</ele>
      </trkpt>
      <trkpt lat="34.38104" lon="-119.47423">
        <ele>30.9</ele>
      </trkpt>
      <trkpt lat="34.38102" lon="-119.47423">
        <ele>30.9</ele>
      </trkpt>
      <trkpt lat="34.38094" lon="-119.47424">
        <ele>31.1</ele>
      </trkpt>
      <trkpt lat="34.38086" lon="-119.47425">
        <ele>30.9</ele>
      </trkpt>
      <trkpt lat="34.38081" lon="-119.47426">
        <ele>30.7</ele>
      </trkpt>
      <trkpt lat="34.38063" lon="-119.4743">
        <ele>30.0</ele>
      </trkpt>
      <trkpt lat="34.38052" lon="-119.47435">
        <ele>29.9</ele>
      </trkpt>
      <trkpt lat="34.38045" lon="-119.47439">
        <ele>29.8</ele>
      </trkpt>
      <trkpt lat="34.3804" lon="-119.47441">
        <ele>29.5</ele>
      </trkpt>
      <trkpt lat="34.38019" lon="-119.47456">
        <ele>28.4</ele>
      </trkpt>
      <trkpt lat="34.37983" lon="-119.47483">
        <ele>26.1</ele>
      </trkpt>
      <trkpt lat="34.37968" lon="-119.47495">
        <ele>24.9</ele>
      </trkpt>
      <trkpt lat="34.37939" lon="-119.47516">
        <ele>20.5</ele>
      </trkpt>
      <trkpt lat="34.37925" lon="-119.47526">
        <ele>18.6</ele>
      </trkpt>
      <trkpt lat="34.37914" lon="-119.47535">
        <ele>17.2</ele>
      </trkpt>
      <trkpt lat="34.3791" lon="-119.47539">
        <ele>17.2</ele>
      </trkpt>
      <trkpt lat="34.37909" lon="-119.4754">
        <ele>17.2</ele>
      </trkpt>
      <trkpt lat="34.37904" lon="-119.47546">
        <ele>18.3</ele>
      </trkpt>
      <trkpt lat="34.37901" lon="-119.47555">
        <ele>19.4</ele>
      </trkpt>
      <trkpt lat="34.37901" lon="-119.47557">
        <ele>19.4</ele>
      </trkpt>
      <trkpt lat="34.379" lon="-119.47564">
        <ele>20.0</ele>
      </trkpt>
      <trkpt lat="34.379" lon="-119.47572">
        <ele>20.3</ele>
      </trkpt>
      <trkpt lat="34.379" lon="-119.47578">
        <ele>20.5</ele>
      </trkpt>
      <trkpt lat="34.379" lon="-119.47583">
        <ele>20.7</ele>
      </trkpt>
      <trkpt lat="34.37902" lon="-119.476">
        <ele>20.9</ele>
      </trkpt>
      <trkpt lat="34.37904" lon="-119.47617">
        <ele>21.2</ele>
      </trkpt>
      <trkpt lat="34.37904" lon="-119.47622">
        <ele>21.4</ele>
      </trkpt>
      <trkpt lat="34.37905" lon="-119.47643">
        <ele>21.9</ele>
      </trkpt>
      <trkpt lat="34.37907" lon="-119.47668">
        <ele>22.0</ele>
      </trkpt>
      <trkpt lat="34.37906" lon="-119.47678">
        <ele>22.0</ele>
      </trkpt>
      <trkpt lat="34.37905" lon="-119.47687">
        <ele>21.9</ele>
      </trkpt>
      <trkpt lat="34.37902" lon="-119.47697">
        <ele>22.0</ele>
      </trkpt>
      <trkpt lat="34.37898" lon="-119.47707">
        <ele>22.1</ele>
      </trkpt>
      <trkpt lat="34.37898" lon="-119.47707">
        <ele>22.1</ele>
      </trkpt>
      <trkpt lat="34.37892" lon="-119.47717">
        <ele>22.0</ele>
      </trkpt>
      <trkpt lat="34.37883" lon="-119.47729">
        <ele>21.4</ele>
      </trkpt>
      <trkpt lat="34.3788" lon="-119.47733">
        <ele>21.1</ele>
      </trkpt>
      <trkpt lat="34.37874" lon="-119.4774">
        <ele>20.3</ele>
      </trkpt>
      <trkpt lat="34.3787" lon="-119.47744">
        <ele>19.8</ele>
      </trkpt>
      <trkpt lat="34.37866" lon="-119.47749">
        <ele>19.1</ele>
      </trkpt>
      <trkpt lat="34.37861" lon="-119.47754">
        <ele>18.4</ele>
      </trkpt>
      <trkpt lat="34.37856" lon="-119.47757">
        <ele>18.1</ele>
      </trkpt>
      <trkpt lat="34.37848" lon="-119.47764">
        <ele>17.4</ele>
      </trkpt>
      <trkpt lat="34.37846" lon="-119.47766">
        <ele>17.2</ele>
      </trkpt>
      <trkpt lat="34.37841" lon="-119.47769">
        <ele>16.9</ele>
      </trkpt>
      <trkpt lat="34.37832" lon="-119.47776">
        <ele>15.9</ele>
      </trkpt>
      <trkpt lat="34.37826" lon="-119.4778">
        <ele>15.4</ele>
      </trkpt>
      <trkpt lat="34.37816" lon="-119.47784">
        <ele>14.8</ele>
      </trkpt>
      <trkpt lat="34.37814" lon="-119.47785">
        <ele>14.6</ele>
      </trkpt>
      <trkpt lat="34.37797" lon="-119.47791">
        <ele>13.7</ele>
      </trkpt>
      <trkpt lat="34.37796" lon="-119.47791">
        <ele>13.7</ele>
      </trkpt>
      <trkpt lat="34.37779" lon="-119.47794">
        <ele>13.3</ele>
      </trkpt>
      <trkpt lat="34.37778" lon="-119.47794">
        <ele>13.3</ele>
      </trkpt>
      <trkpt lat="34.37773" lon="-119.47794">
        <ele>13.3</ele>
      </trkpt>
      <trkpt lat="34.3776" lon="-119.47795">
        <ele>13.2</ele>
      </trkpt>
      <trkpt lat="34.37759" lon="-119.47795">
        <ele>13.2</ele>
      </trkpt>
      <trkpt lat="34.37755" lon="-119.47795">
        <ele>13.1</ele>
      </trkpt>
      <trkpt lat="34.37747" lon="-119.47794">
        <ele>13.2</ele>
      </trkpt>
      <trkpt lat="34.37743" lon="-119.47794">
        <ele>13.2</ele>
      </trkpt>
      <trkpt lat="34.37737" lon="-119.47793">
        <ele>13.3</ele>
      </trkpt>
      <trkpt lat="34.37736" lon="-119.47793">
        <ele>13.3</ele>
      </trkpt>
      <trkpt lat="34.37725" lon="-119.4779">
        <ele>13.6</ele>
      </trkpt>
      <trkpt lat="34.37716" lon="-119.47787">
        <ele>13.7</ele>
      </trkpt>
      <trkpt lat="34.37707" lon="-119.47784">
        <ele>13.9</ele>
      </trkpt>
      <trkpt lat="34.37705" lon="-119.47784">
        <ele>13.8</ele>
      </trkpt>
      <trkpt lat="34.37688" lon="-119.47778">
        <ele>14.0</ele>
      </trkpt>
      <trkpt lat="34.37671" lon="-119.47771">
        <ele>13.7</ele>
      </trkpt>
      <trkpt lat="34.37654" lon="-119.47764">
        <ele>13.5</ele>
      </trkpt>
      <trkpt lat="34.37648" lon="-119.47761">
        <ele>13.4</ele>
      </trkpt>
      <trkpt lat="34.37642" lon="-119.47759">
        <ele>13.4</ele>
      </trkpt>
      <trkpt lat="34.37637" lon="-119.47758">
        <ele>13.3</ele>
      </trkpt>
      <trkpt lat="34.37615" lon="-119.47752">
        <ele>13.1</ele>
      </trkpt>
      <trkpt lat="34.37613" lon="-119.47751">
        <ele>13.1</ele>
      </trkpt>
      <trkpt lat="34.37611" lon="-119.4775">
        <ele>13.1</ele>
      </trkpt>
      <trkpt lat="34.37602" lon="-119.47747">
        <ele>13.0</ele>
      </trkpt>
      <trkpt lat="34.37559" lon="-119.47731">
        <ele>12.6</ele>
      </trkpt>
      <trkpt lat="34.37559" lon="-119.47731">
        <ele>12.6</ele>
      </trkpt>
      <trkpt lat="34.37552" lon="-119.47695">
        <ele>12.5</ele>
      </trkpt>
      <trkpt lat="34.37552" lon="-119.47694">
        <ele>12.5</ele>
      </trkpt>
      <trkpt lat="34.37552" lon="-119.47674">
        <ele>12.7</ele>
      </trkpt>
      <trkpt lat="34.37551" lon="-119.47587">
        <ele>13.2</ele>
      </trkpt>
      <trkpt lat="34.3755" lon="-119.47565">
        <ele>13.1</ele>
      </trkpt>
      <trkpt lat="34.3755" lon="-119.47557">
        <ele>13.0</ele>
      </trkpt>
      <trkpt lat="34.37552" lon="-119.47521">
        <ele>13.0</ele>
      </trkpt>
      <trkpt lat="34.37553" lon="-119.47506">
        <ele>13.0</ele>
      </trkpt>
      <trkpt lat="34.37553" lon="-119.475">
        <ele>12.9</ele>
      </trkpt>
      <trkpt lat="34.37556" lon="-119.47478">
        <ele>12.8</ele>
      </trkpt>
      <trkpt lat="34.37556" lon="-119.47471">
        <ele>12.7</ele>
      </trkpt>
      <trkpt lat="34.37556" lon="-119.47471">
        <ele>12.7</ele>
      </trkpt>
      <trkpt lat="34.37556" lon="-119.47471">
        <ele>12.7</ele>
      </trkpt>
      <trkpt lat="34.37558" lon="-119.47456">
        <ele>12.5</ele>
      </trkpt>
      <trkpt lat="34.3756" lon="-119.47435">
        <ele>12.0</ele>
      </trkpt>
      <trkpt lat="34.37561" lon="-119.47428">
        <ele>11.9</ele>
      </trkpt>
      <trkpt lat="34.37563" lon="-119.47413">
        <ele>11.5</ele>
      </trkpt>
      <trkpt lat="34.37568" lon="-119.47392">
        <ele>11.0</ele>
      </trkpt>
      <trkpt lat="34.37569" lon="-119.47385">
        <ele>10.8</ele>
      </trkpt>
      <trkpt lat="34.37578" lon="-119.47332">
        <ele>9.2</ele>
      </trkpt>
      <trkpt lat="34.37584" lon="-119.47307">
        <ele>8.6</ele>
      </trkpt>
      <trkpt lat="34.37588" lon="-119.47286">
        <ele>7.8</ele>
      </trkpt>
      <trkpt lat="34.37593" lon="-119.47265">
        <ele>7.1</ele>
      </trkpt>
      <trkpt lat="34.37598" lon="-119.47244">
        <ele>6.4</ele>
      </trkpt>
      <trkpt lat="34.37602" lon="-119.47223">
        <ele>5.8</ele>
      </trkpt>
      <trkpt lat="34.37612" lon="-119.47181">
        <ele>6.4</ele>
      </trkpt>
      <trkpt lat="34.37617" lon="-119.47134">
        <ele>6.4</ele>
      </trkpt>
      <trkpt lat="34.3762" lon="-119.47083">
        <ele>6.3</ele>
      </trkpt>
      <trkpt lat="34.37621" lon="-119.47023">
        <ele>5.9</ele>
      </trkpt>
      <trkpt lat="34.37621" lon="-119.47007">
        <ele>5.8</ele>
      </trkpt>
      <trkpt lat="34.37619" lon="-119.46964">
        <ele>5.8</ele>
      </trkpt>
      <trkpt lat="34.37619" lon="-119.46948">
        <ele>5.9</ele>
      </trkpt>
      <trkpt lat="34.37618" lon="-119.46942">
        <ele>5.8</ele>
      </trkpt>
      <trkpt lat="34.37615" lon="-119.46903">
        <ele>5.9</ele>
      </trkpt>
      <trkpt lat="34.3761" lon="-119.46859">
        <ele>5.8</ele>
      </trkpt>
      <trkpt lat="34.37601" lon="-119.46815">
        <ele>5.3</ele>
      </trkpt>
      <trkpt lat="34.37596" lon="-119.46792">
        <ele>5.0</ele>
      </trkpt>
      <trkpt lat="34.3759" lon="-119.46761">
        <ele>5.0</ele>
      </trkpt>
      <trkpt lat="34.3756" lon="-119.46638">
        <ele>4.5</ele>
      </trkpt>
      <trkpt lat="34.37509" lon="-119.4642">
        <ele>5.0</ele>
      </trkpt>
      <trkpt lat="34.37497" lon="-119.46373">
        <ele>4.4</ele>
      </trkpt>
      <trkpt lat="34.37492" lon="-119.46352">
        <ele>4.7</ele>
      </trkpt>
      <trkpt lat="34.37477" lon="-119.46289">
        <ele>4.7</ele>
      </trkpt>
      <trkpt lat="34.37467" lon="-119.46247">
        <ele>4.9</ele>
      </trkpt>
      <trkpt lat="34.37459" lon="-119.46213">
        <ele>4.8</ele>
      </trkpt>
      <trkpt lat="34.37451" lon="-119.46185">
        <ele>4.1</ele>
      </trkpt>
      <trkpt lat="34.37445" lon="-119.46164">
        <ele>4.1</ele>
      </trkpt>
      <trkpt lat="34.37443" lon="-119.46157">
        <ele>4.0</ele>
      </trkpt>
      <trkpt lat="34.37439" lon="-119.46144">
        <ele>4.0</ele>
      </trkpt>
      <trkpt lat="34.37432" lon="-119.46124">
        <ele>3.9</ele>
      </trkpt>
      <trkpt lat="34.37426" lon="-119.46104">
        <ele>4.1</ele>
      </trkpt>
      <trkpt lat="34.37402" lon="-119.46045">
        <ele>4.4</ele>
      </trkpt>
      <trkpt lat="34.37383" lon="-119.46007">
        <ele>4.4</ele>
      </trkpt>
      <trkpt lat="34.37377" lon="-119.45995">
        <ele>4.5</ele>
      </trkpt>
      <trkpt lat="34.37364" lon="-119.4597">
        <ele>4.5</ele>
      </trkpt>
      <trkpt lat="34.37351" lon="-119.45945">
        <ele>4.3</ele>
      </trkpt>
      <trkpt lat="34.37335" lon="-119.45916">
        <ele>4.0</ele>
      </trkpt>
      <trkpt lat="34.3732" lon="-119.4589">
        <ele>3.9</ele>
      </trkpt>
      <trkpt lat="34.37314" lon="-119.45881">
        <ele>3.9</ele>
      </trkpt>
      <trkpt lat="34.37302" lon="-119.45864">
        <ele>3.8</ele>
      </trkpt>
      <trkpt lat="34.37283" lon="-119.45836">
        <ele>3.8</ele>
      </trkpt>
      <trkpt lat="34.37243" lon="-119.45782">
        <ele>3.9</ele>
      </trkpt>
      <trkpt lat="34.37235" lon="-119.4577">
        <ele>4.0</ele>
      </trkpt>
      <trkpt lat="34.37231" lon="-119.45765">
        <ele>4.0</ele>
      </trkpt>
      <trkpt lat="34.37186" lon="-119.45708">
        <ele>4.2</ele>
      </trkpt>
      <trkpt lat="34.37156" lon="-119.45672">
        <ele>4.1</ele>
      </trkpt>
      <trkpt lat="34.37151" lon="-119.45666">
        <ele>4.2</ele>
      </trkpt>
      <trkpt lat="34.37142" lon="-119.45657">
        <ele>4.1</ele>
      </trkpt>
      <trkpt lat="34.37077" lon="-119.45587">
        <ele>3.8</ele>
      </trkpt>
      <trkpt lat="34.37036" lon="-119.4554">
        <ele>4.1</ele>
      </trkpt>
      <trkpt lat="34.37014" lon="-119.45516">
        <ele>5.0</ele>
      </trkpt>
      <trkpt lat="34.36983" lon="-119.45481">
        <ele>5.5</ele>
      </trkpt>
      <trkpt lat="34.36959" lon="-119.45455">
        <ele>5.6</ele>
      </trkpt>
      <trkpt lat="34.36956" lon="-119.45452">
        <ele>5.6</ele>
      </trkpt>
      <trkpt lat="34.36911" lon="-119.45407">
        <ele>5.6</ele>
      </trkpt>
      <trkpt lat="34.36886" lon="-119.45384">
        <ele>5.3</ele>
      </trkpt>
      <trkpt lat="34.36837" lon="-119.45341">
        <ele>4.0</ele>
      </trkpt>
      <trkpt lat="34.36782" lon="-119.45297">
        <ele>3.8</ele>
      </trkpt>
      <trkpt lat="34.36779" lon="-119.45295">
        <ele>3.7</ele>
      </trkpt>
      <trkpt lat="34.36755" lon="-119.45274">
        <ele>3.5</ele>
      </trkpt>
      <trkpt lat="34.36649" lon="-119.45192">
        <ele>2.2</ele>
      </trkpt>
      <trkpt lat="34.36641" lon="-119.45185">
        <ele>2.2</ele>
      </trkpt>
      <trkpt lat="34.36641" lon="-119.45185">
        <ele>2.2</ele>
      </trkpt>
      <trkpt lat="34.36632" lon="-119.45177">
        <ele>2.2</ele>
      </trkpt>
      <trkpt lat="34.36592" lon="-119.45143">
        <ele>2.5</ele>
      </trkpt>
      <trkpt lat="34.36516" lon="-119.45074">
        <ele>3.0</ele>
      </trkpt>
      <trkpt lat="34.36473" lon="-119.45035">
        <ele>3.0</ele>
      </trkpt>
      <trkpt lat="34.3647" lon="-119.45033">
        <ele>3.0</ele>
      </trkpt>
      <trkpt lat="34.36421" lon="-119.44988">
        <ele>3.4</ele>
      </trkpt>
      <trkpt lat="34.36404" lon="-119.44971">
        <ele>3.5</ele>
      </trkpt>
      <trkpt lat="34.36402" lon="-119.44968">
        <ele>3.5</ele>
      </trkpt>
      <trkpt lat="34.36363" lon="-119.44934">
        <ele>3.4</ele>
      </trkpt>
      <trkpt lat="34.36358" lon="-119.4493">
        <ele>3.4</ele>
      </trkpt>
      <trkpt lat="34.36356" lon="-119.44927">
        <ele>3.5</ele>
      </trkpt>
      <trkpt lat="34.36301" lon="-119.44877">
        <ele>3.2</ele>
      </trkpt>
      <trkpt lat="34.36299" lon="-119.44875">
        <ele>3.2</ele>
      </trkpt>
      <trkpt lat="34.36272" lon="-119.44851">
        <ele>3.2</ele>
      </trkpt>
      <trkpt lat="34.3627" lon="-119.44848">
        <ele>3.3</ele>
      </trkpt>
      <trkpt lat="34.36215" lon="-119.44798">
        <ele>3.0</ele>
      </trkpt>
      <trkpt lat="34.36213" lon="-119.44796">
        <ele>3.0</ele>
      </trkpt>
      <trkpt lat="34.36201" lon="-119.44785">
        <ele>2.9</ele>
      </trkpt>
      <trkpt lat="34.36184" lon="-119.44769">
        <ele>2.7</ele>
      </trkpt>
      <trkpt lat="34.36172" lon="-119.44758">
        <ele>2.7</ele>
      </trkpt>
      <trkpt lat="34.36029" lon="-119.44626">
        <ele>3.9</ele>
      </trkpt>
      <trkpt lat="34.36025" lon="-119.44623">
        <ele>3.9</ele>
      </trkpt>
      <trkpt lat="34.35986" lon="-119.44587">
        <ele>4.0</ele>
      </trkpt>
      <trkpt lat="34.35984" lon="-119.44584">
        <ele>4.1</ele>
      </trkpt>
      <trkpt lat="34.35972" lon="-119.44574">
        <ele>4.0</ele>
      </trkpt>
      <trkpt lat="34.35943" lon="-119.44547">
        <ele>4.1</ele>
      </trkpt>
      <trkpt lat="34.35942" lon="-119.44546">
        <ele>4.1</ele>
      </trkpt>
      <trkpt lat="34.35875" lon="-119.44485">
        <ele>4.3</ele>
      </trkpt>
      <trkpt lat="34.35875" lon="-119.44485">
        <ele>4.3</ele>
      </trkpt>
      <trkpt lat="34.35843" lon="-119.44455">
        <ele>4.4</ele>
      </trkpt>
      <trkpt lat="34.35814" lon="-119.44429">
        <ele>4.5</ele>
      </trkpt>
      <trkpt lat="34.35813" lon="-119.44428">
        <ele>4.5</ele>
      </trkpt>
      <trkpt lat="34.358" lon="-119.44415">
        <ele>4.7</ele>
      </trkpt>
      <trkpt lat="34.35787" lon="-119.44401">
        <ele>5.1</ele>
      </trkpt>
      <trkpt lat="34.35784" lon="-119.44398">
        <ele>5.3</ele>
      </trkpt>
      <trkpt lat="34.35775" lon="-119.44389">
        <ele>5.8</ele>
      </trkpt>
      <trkpt lat="34.35747" lon="-119.44356">
        <ele>6.8</ele>
      </trkpt>
      <trkpt lat="34.35734" lon="-119.44341">
        <ele>7.0</ele>
      </trkpt>
      <trkpt lat="34.35722" lon="-119.44324">
        <ele>7.3</ele>
      </trkpt>
      <trkpt lat="34.35693" lon="-119.44282">
        <ele>8.0</ele>
      </trkpt>
      <trkpt lat="34.35659" lon="-119.44223">
        <ele>9.2</ele>
      </trkpt>
      <trkpt lat="34.35649" lon="-119.44197">
        <ele>9.7</ele>
      </trkpt>
      <trkpt lat="34.35643" lon="-119.4418">
        <ele>9.9</ele>
      </trkpt>
      <trkpt lat="34.35642" lon="-119.44177">
        <ele>9.9</ele>
      </trkpt>
      <trkpt lat="34.35635" lon="-119.44157">
        <ele>9.9</ele>
      </trkpt>
      <trkpt lat="34.35628" lon="-119.44137">
        <ele>9.8</ele>
      </trkpt>
      <trkpt lat="34.35623" lon="-119.44121">
        <ele>9.7</ele>
      </trkpt>
      <trkpt lat="34.35616" lon="-119.44107">
        <ele>9.3</ele>
      </trkpt>
      <trkpt lat="34.35608" lon="-119.44096">
        <ele>8.9</ele>
      </trkpt>
      <trkpt lat="34.35602" lon="-119.44088">
        <ele>8.5</ele>
      </trkpt>
      <trkpt lat="34.356014" lon="-119.440826">
        <ele>8.5</ele>
      </trkpt>
      <trkpt lat="34.356013" lon="-119.440816">
        <ele>8.5</ele>
      </trkpt>
      <trkpt lat="34.35601" lon="-119.44079">
        <ele>8.4</ele>
      </trkpt>
      <trkpt lat="34.35599" lon="-119.44059">
        <ele>8.3</ele>
      </trkpt>
      <trkpt lat="34.356019" lon="-119.440447">
        <ele>8.5</ele>
      </trkpt>
      <trkpt lat="34.356019" lon="-119.440446">
        <ele>8.5</ele>
      </trkpt>
      <trkpt lat="34.35606" lon="-119.44024">
        <ele>8.5</ele>
      </trkpt>
      <trkpt lat="34.35605" lon="-119.43977">
        <ele>7.9</ele>
      </trkpt>
      <trkpt lat="34.35605" lon="-119.43971">
        <ele>7.8</ele>
      </trkpt>
      <trkpt lat="34.35606" lon="-119.43928">
        <ele>7.5</ele>
      </trkpt>
      <trkpt lat="34.35606" lon="-119.43906">
        <ele>7.3</ele>
      </trkpt>
      <trkpt lat="34.35607" lon="-119.439">
        <ele>7.3</ele>
      </trkpt>
      <trkpt lat="34.35607" lon="-119.439">
        <ele>7.3</ele>
      </trkpt>
      <trkpt lat="34.35607" lon="-119.43884">
        <ele>7.1</ele>
      </trkpt>
      <trkpt lat="34.35608" lon="-119.43863">
        <ele>7.0</ele>
      </trkpt>
      <trkpt lat="34.35608" lon="-119.43841">
        <ele>6.7</ele>
      </trkpt>
      <trkpt lat="34.35609" lon="-119.43808">
        <ele>6.9</ele>
      </trkpt>
      <trkpt lat="34.35609" lon="-119.43797">
        <ele>6.9</ele>
      </trkpt>
      <trkpt lat="34.3561" lon="-119.43714">
        <ele>6.2</ele>
      </trkpt>
      <trkpt lat="34.3561" lon="-119.4371">
        <ele>6.1</ele>
      </trkpt>
      <trkpt lat="34.35606" lon="-119.43625">
        <ele>2.9</ele>
      </trkpt>
      <trkpt lat="34.35602" lon="-119.4358">
        <ele>1.2</ele>
      </trkpt>
      <trkpt lat="34.35602" lon="-119.4358">
        <ele>1.2</ele>
      </trkpt>
      <trkpt lat="34.35601" lon="-119.4358">
        <ele>1.0</ele>
      </trkpt>
      <trkpt lat="34.35595" lon="-119.43521">
        <ele>1.0</ele>
      </trkpt>
      <trkpt lat="34.35595" lon="-119.43515">
        <ele>1.0</ele>
      </trkpt>
      <trkpt lat="34.35587" lon="-119.4345">
        <ele>0.0</ele>
      </trkpt>
      <trkpt lat="34.35587" lon="-119.43449">
        <ele>0.0</ele>
      </trkpt>
      <trkpt lat="34.35579" lon="-119.43408">
        <ele>0.0</ele>
      </trkpt>
      <trkpt lat="34.35575" lon="-119.43387">
        <ele>0.0</ele>
      </trkpt>
      <trkpt lat="34.35571" lon="-119.43363">
        <ele>0.0</ele>
      </trkpt>
      <trkpt lat="34.35566" lon="-119.43344">
        <ele>0.0</ele>
      </trkpt>
      <trkpt lat="34.35561" lon="-119.43323">
        <ele>0.0</ele>
      </trkpt>
      <trkpt lat="34.35556" lon="-119.43303">
        <ele>0.0</ele>
      </trkpt>
      <trkpt lat="34.35554" lon="-119.43295">
        <ele>0.0</ele>
      </trkpt>
      <trkpt lat="34.3555" lon="-119.43282">
        <ele>0.0</ele>
      </trkpt>
      <trkpt lat="34.35528" lon="-119.43207">
        <ele>0.0</ele>
      </trkpt>
      <trkpt lat="34.35526" lon="-119.432">
        <ele>0.0</ele>
      </trkpt>
      <trkpt lat="34.35511" lon="-119.4316">
        <ele>0.0</ele>
      </trkpt>
      <trkpt lat="34.355" lon="-119.43131">
        <ele>0.0</ele>
      </trkpt>
      <trkpt lat="34.35496" lon="-119.4312">
        <ele>0.0</ele>
      </trkpt>
      <trkpt lat="34.35478" lon="-119.43074">
        <ele>0.0</ele>
      </trkpt>
      <trkpt lat="34.35473" lon="-119.43062">
        <ele>0.0</ele>
      </trkpt>
      <trkpt lat="34.35464" lon="-119.43043">
        <ele>0.0</ele>
      </trkpt>
      <trkpt lat="34.35456" lon="-119.43023">
        <ele>0.0</ele>
      </trkpt>
      <trkpt lat="34.35455" lon="-119.43023">
        <ele>0.0</ele>
      </trkpt>
      <trkpt lat="34.35416" lon="-119.42955">
        <ele>0.0</ele>
      </trkpt>
      <trkpt lat="34.35415" lon="-119.42952">
        <ele>0.0</ele>
      </trkpt>
      <trkpt lat="34.35394" lon="-119.42916">
        <ele>0.0</ele>
      </trkpt>
      <trkpt lat="34.35384" lon="-119.42898">
        <ele>0.0</ele>
      </trkpt>
      <trkpt lat="34.35384" lon="-119.42897">
        <ele>0.0</ele>
      </trkpt>
      <trkpt lat="34.35384" lon="-119.42897">
        <ele>0.0</ele>
      </trkpt>
      <trkpt lat="34.35374" lon="-119.4288">
        <ele>0.0</ele>
      </trkpt>
      <trkpt lat="34.35372" lon="-119.42875">
        <ele>0.1</ele>
      </trkpt>
      <trkpt lat="34.35348" lon="-119.4285">
        <ele>0.0</ele>
      </trkpt>
      <trkpt lat="34.35336" lon="-119.42834">
        <ele>0.0</ele>
      </trkpt>
      <trkpt lat="34.35324" lon="-119.42818">
        <ele>0.0</ele>
      </trkpt>
      <trkpt lat="34.35318" lon="-119.4281">
        <ele>0.1</ele>
      </trkpt>
      <trkpt lat="34.35311" lon="-119.42803">
        <ele>0.2</ele>
      </trkpt>
      <trkpt lat="34.35298" lon="-119.42788">
        <ele>0.2</ele>
      </trkpt>
      <trkpt lat="34.3527" lon="-119.4276">
        <ele>0.1</ele>
      </trkpt>
      <trkpt lat="34.35241" lon="-119.42734">
        <ele>0.0</ele>
      </trkpt>
      <trkpt lat="34.35235" lon="-119.42728">
        <ele>0.0</ele>
      </trkpt>
      <trkpt lat="34.35217" lon="-119.42715">
        <ele>0.0</ele>
      </trkpt>
      <trkpt lat="34.35217" lon="-119.42715">
        <ele>0.0</ele>
      </trkpt>
      <trkpt lat="34.35203" lon="-119.427">
        <ele>0.0</ele>
      </trkpt>
      <trkpt lat="34.35194" lon="-119.4269">
        <ele>0.0</ele>
      </trkpt>
      <trkpt lat="34.35173" lon="-119.42673">
        <ele>0.0</ele>
      </trkpt>
      <trkpt lat="34.35159" lon="-119.4266">
        <ele>0.0</ele>
      </trkpt>
      <trkpt lat="34.35157" lon="-119.42658">
        <ele>0.0</ele>
      </trkpt>
      <trkpt lat="34.35116" lon="-119.42627">
        <ele>0.0</ele>
      </trkpt>
      <trkpt lat="34.35099" lon="-119.42611">
        <ele>0.0</ele>
      </trkpt>
      <trkpt lat="34.35099" lon="-119.42611">
        <ele>0.0</ele>
      </trkpt>
      <trkpt lat="34.35106" lon="-119.42598">
        <ele>0.0</ele>
      </trkpt>
      <trkpt lat="34.35109" lon="-119.42592">
        <ele>0.0</ele>
      </trkpt>
      <trkpt lat="34.3511" lon="-119.42591">
        <ele>0.0</ele>
      </trkpt>
      <trkpt lat="34.35111" lon="-119.42588">
        <ele>0.0</ele>
      </trkpt>
      <trkpt lat="34.35113" lon="-119.42585">
        <ele>0.1</ele>
      </trkpt>
      <trkpt lat="34.35114" lon="-119.42582">
        <ele>0.2</ele>
      </trkpt>
      <trkpt lat="34.35119" lon="-119.42574">
        <ele>1.3</ele>
      </trkpt>
      <trkpt lat="34.35119" lon="-119.42572">
        <ele>1.5</ele>
      </trkpt>
      <trkpt lat="34.35123" lon="-119.42566">
        <ele>2.4</ele>
      </trkpt>
      <trkpt lat="34.35127" lon="-119.42558">
        <ele>3.4</ele>
      </trkpt>
      <trkpt lat="34.35129" lon="-119.42554">
        <ele>3.9</ele>
      </trkpt>
      <trkpt lat="34.35135" lon="-119.42543">
        <ele>5.4</ele>
      </trkpt>
      <trkpt lat="34.35139" lon="-119.42536">
        <ele>6.4</ele>
      </trkpt>
      <trkpt lat="34.35148" lon="-119.42517">
        <ele>8.9</ele>
      </trkpt>
      <trkpt lat="34.35148" lon="-119.42517">
        <ele>8.9</ele>
      </trkpt>
      <trkpt lat="34.35141" lon="-119.4251">
        <ele>8.3</ele>
      </trkpt>
      <trkpt lat="34.35135" lon="-119.42503">
        <ele>7.5</ele>
      </trkpt>
      <trkpt lat="34.35121" lon="-119.42489">
        <ele>6.5</ele>
      </trkpt>
      <trkpt lat="34.35111" lon="-119.42479">
        <ele>6.4</ele>
      </trkpt>
      <trkpt lat="34.3508" lon="-119.42447">
        <ele>6.4</ele>
      </trkpt>
      <trkpt lat="34.3498" lon="-119.42346">
        <ele>5.9</ele>
      </trkpt>
      <trkpt lat="34.34956" lon="-119.42321">
        <ele>5.8</ele>
      </trkpt>
      <trkpt lat="34.34942" lon="-119.42307">
        <ele>5.8</ele>
      </trkpt>
      <trkpt lat="34.34917" lon="-119.42283">
        <ele>5.6</ele>
      </trkpt>
      <trkpt lat="34.34914" lon="-119.42279">
        <ele>5.7</ele>
      </trkpt>
      <trkpt lat="34.34864" lon="-119.42226">
        <ele>5.2</ele>
      </trkpt>
      <trkpt lat="34.34826" lon="-119.42187">
        <ele>4.9</ele>
      </trkpt>
      <trkpt lat="34.34812" lon="-119.42173">
        <ele>4.8</ele>
      </trkpt>
      <trkpt lat="34.34785" lon="-119.42144">
        <ele>4.6</ele>
      </trkpt>
      <trkpt lat="34.34757" lon="-119.42116">
        <ele>4.3</ele>
      </trkpt>
      <trkpt lat="34.34743" lon="-119.42102">
        <ele>4.1</ele>
      </trkpt>
      <trkpt lat="34.34717" lon="-119.42076">
        <ele>3.9</ele>
      </trkpt>
      <trkpt lat="34.34716" lon="-119.42074">
        <ele>3.9</ele>
      </trkpt>
      <trkpt lat="34.34702" lon="-119.4206">
        <ele>3.8</ele>
      </trkpt>
      <trkpt lat="34.34661" lon="-119.42018">
        <ele>3.9</ele>
      </trkpt>
      <trkpt lat="34.34615" lon="-119.41972">
        <ele>4.0</ele>
      </trkpt>
      <trkpt lat="34.345883" lon="-119.419453">
        <ele>4.1</ele>
      </trkpt>
      <trkpt lat="34.345875" lon="-119.419445">
        <ele>4.1</ele>
      </trkpt>
      <trkpt lat="34.34568" lon="-119.41925">
        <ele>4.3</ele>
      </trkpt>
      <trkpt lat="34.3455" lon="-119.41906">
        <ele>4.6</ele>
      </trkpt>
      <trkpt lat="34.3455" lon="-119.41906">
        <ele>4.6</ele>
      </trkpt>
      <trkpt lat="34.34543" lon="-119.41898">
        <ele>4.6</ele>
      </trkpt>
      <trkpt lat="34.34525" lon="-119.41879">
        <ele>4.4</ele>
      </trkpt>
      <trkpt lat="34.345236" lon="-119.418776">
        <ele>4.3</ele>
      </trkpt>
      <trkpt lat="34.345231" lon="-119.418771">
        <ele>4.3</ele>
      </trkpt>
      <trkpt lat="34.34498" lon="-119.41851">
        <ele>3.1</ele>
      </trkpt>
      <trkpt lat="34.34481" lon="-119.41833">
        <ele>3.6</ele>
      </trkpt>
      <trkpt lat="34.34479" lon="-119.41833">
        <ele>3.7</ele>
      </trkpt>
      <trkpt lat="34.34477" lon="-119.41833">
        <ele>3.7</ele>
      </trkpt>
      <trkpt lat="34.34476" lon="-119.41832">
        <ele>3.8</ele>
      </trkpt>
      <trkpt lat="34.34473" lon="-119.41829">
        <ele>3.9</ele>
      </trkpt>
      <trkpt lat="34.34447" lon="-119.41805">
        <ele>4.4</ele>
      </trkpt>
      <trkpt lat="34.34441" lon="-119.41799">
        <ele>4.4</ele>
      </trkpt>
      <trkpt lat="34.34424" lon="-119.41783">
        <ele>4.4</ele>
      </trkpt>
      <trkpt lat="34.34373" lon="-119.4173">
        <ele>4.5</ele>
      </trkpt>
      <trkpt lat="34.34364" lon="-119.41722">
        <ele>4.5</ele>
      </trkpt>
      <trkpt lat="34.34358" lon="-119.41717">
        <ele>4.5</ele>
      </trkpt>
      <trkpt lat="34.34345" lon="-119.41702">
        <ele>4.5</ele>
      </trkpt>
      <trkpt lat="34.34331" lon="-119.41688">
        <ele>4.6</ele>
      </trkpt>
      <trkpt lat="34.34317" lon="-119.41674">
        <ele>4.7</ele>
      </trkpt>
      <trkpt lat="34.342941" lon="-119.416494">
        <ele>4.9</ele>
      </trkpt>
      <trkpt lat="34.342934" lon="-119.416487">
        <ele>4.9</ele>
      </trkpt>
      <trkpt lat="34.34277" lon="-119.41631">
        <ele>5.0</ele>
      </trkpt>
      <trkpt lat="34.34268" lon="-119.41623">
        <ele>5.1</ele>
      </trkpt>
      <trkpt lat="34.34235" lon="-119.41589">
        <ele>5.2</ele>
      </trkpt>
      <trkpt lat="34.34225" lon="-119.41579">
        <ele>5.1</ele>
      </trkpt>
      <trkpt lat="34.34225" lon="-119.41579">
        <ele>5.1</ele>
      </trkpt>
      <trkpt lat="34.34215" lon="-119.41569">
        <ele>5.0</ele>
      </trkpt>
      <trkpt lat="34.34196" lon="-119.4155">
        <ele>4.8</ele>
      </trkpt>
      <trkpt lat="34.34179" lon="-119.41532">
        <ele>4.6</ele>
      </trkpt>
      <trkpt lat="34.34159" lon="-119.41508">
        <ele>4.4</ele>
      </trkpt>
      <trkpt lat="34.34151" lon="-119.41498">
        <ele>4.4</ele>
      </trkpt>
      <trkpt lat="34.34131" lon="-119.41478">
        <ele>4.4</ele>
      </trkpt>
      <trkpt lat="34.34126" lon="-119.41471">
        <ele>4.5</ele>
      </trkpt>
      <trkpt lat="34.34118" lon="-119.41459">
        <ele>4.6</ele>
      </trkpt>
      <trkpt lat="34.34104" lon="-119.41444">
        <ele>4.7</ele>
      </trkpt>
      <trkpt lat="34.34101" lon="-119.41441">
        <ele>4.7</ele>
      </trkpt>
      <trkpt lat="34.34069" lon="-119.41409">
        <ele>4.8</ele>
      </trkpt>
      <trkpt lat="34.34043" lon="-119.41384">
        <ele>4.8</ele>
      </trkpt>
      <trkpt lat="34.34001" lon="-119.41339">
        <ele>6.0</ele>
      </trkpt>
      <trkpt lat="34.33975" lon="-119.41312">
        <ele>7.2</ele>
      </trkpt>
      <trkpt lat="34.33958" lon="-119.41294">
        <ele>7.7</ele>
      </trkpt>
      <trkpt lat="34.33943" lon="-119.41278">
        <ele>7.8</ele>
      </trkpt>
      <trkpt lat="34.3394" lon="-119.41275">
        <ele>7.8</ele>
      </trkpt>
      <trkpt lat="34.33915" lon="-119.41246">
        <ele>7.9</ele>
      </trkpt>
      <trkpt lat="34.33886" lon="-119.4121">
        <ele>8.0</ele>
      </trkpt>
      <trkpt lat="34.33874" lon="-119.41195">
        <ele>7.9</ele>
      </trkpt>
      <trkpt lat="34.33864" lon="-119.41183">
        <ele>7.9</ele>
      </trkpt>
      <trkpt lat="34.3385" lon="-119.41165">
        <ele>7.9</ele>
      </trkpt>
      <trkpt lat="34.33836" lon="-119.41149">
        <ele>7.9</ele>
      </trkpt>
      <trkpt lat="34.33829" lon="-119.41143">
        <ele>7.8</ele>
      </trkpt>
      <trkpt lat="34.33809" lon="-119.41116">
        <ele>7.7</ele>
      </trkpt>
      <trkpt lat="34.33793" lon="-119.41094">
        <ele>7.7</ele>
      </trkpt>
      <trkpt lat="34.33788" lon="-119.41088">
        <ele>7.6</ele>
      </trkpt>
      <trkpt lat="34.33785" lon="-119.41083">
        <ele>7.7</ele>
      </trkpt>
      <trkpt lat="34.33758" lon="-119.41043">
        <ele>7.7</ele>
      </trkpt>
      <trkpt lat="34.33755" lon="-119.41037">
        <ele>7.8</ele>
      </trkpt>
      <trkpt lat="34.33754" lon="-119.41036">
        <ele>7.7</ele>
      </trkpt>
      <trkpt lat="34.33733" lon="-119.41004">
        <ele>7.8</ele>
      </trkpt>
      <trkpt lat="34.33698" lon="-119.40946">
        <ele>5.3</ele>
      </trkpt>
      <trkpt lat="34.33674" lon="-119.40906">
        <ele>6.0</ele>
      </trkpt>
      <trkpt lat="34.33672" lon="-119.40903">
        <ele>6.0</ele>
      </trkpt>
      <trkpt lat="34.33664" lon="-119.40889">
        <ele>6.2</ele>
      </trkpt>
      <trkpt lat="34.33658" lon="-119.40876">
        <ele>6.6</ele>
      </trkpt>
      <trkpt lat="34.33592" lon="-119.40771">
        <ele>5.5</ele>
      </trkpt>
      <trkpt lat="34.33569" lon="-119.40733">
        <ele>5.3</ele>
      </trkpt>
      <trkpt lat="34.33492" lon="-119.40612">
        <ele>5.3</ele>
      </trkpt>
      <trkpt lat="34.33487" lon="-119.40603">
        <ele>5.4</ele>
      </trkpt>
      <trkpt lat="34.33482" lon="-119.40595">
        <ele>5.3</ele>
      </trkpt>
      <trkpt lat="34.33452" lon="-119.40549">
        <ele>5.0</ele>
      </trkpt>
      <trkpt lat="34.33416" lon="-119.40491">
        <ele>4.7</ele>
      </trkpt>
      <trkpt lat="34.33412" lon="-119.40485">
        <ele>4.6</ele>
      </trkpt>
      <trkpt lat="34.33364" lon="-119.4041">
        <ele>4.6</ele>
      </trkpt>
      <trkpt lat="34.33357" lon="-119.40399">
        <ele>4.6</ele>
      </trkpt>
      <trkpt lat="34.3332" lon="-119.40341">
        <ele>4.8</ele>
      </trkpt>
      <trkpt lat="34.33309" lon="-119.40323">
        <ele>5.2</ele>
      </trkpt>
      <trkpt lat="34.33298" lon="-119.40306">
        <ele>5.7</ele>
      </trkpt>
      <trkpt lat="34.33276" lon="-119.4027">
        <ele>4.1</ele>
      </trkpt>
      <trkpt lat="34.33254" lon="-119.40236">
        <ele>4.4</ele>
      </trkpt>
      <trkpt lat="34.33241" lon="-119.40216">
        <ele>5.3</ele>
      </trkpt>
      <trkpt lat="34.33231" lon="-119.40199">
        <ele>5.7</ele>
      </trkpt>
      <trkpt lat="34.33218" lon="-119.40179">
        <ele>5.8</ele>
      </trkpt>
      <trkpt lat="34.33197" lon="-119.40147">
        <ele>6.0</ele>
      </trkpt>
      <trkpt lat="34.33195" lon="-119.40144">
        <ele>6.0</ele>
      </trkpt>
      <trkpt lat="34.33195" lon="-119.40144">
        <ele>6.0</ele>
      </trkpt>
      <trkpt lat="34.33187" lon="-119.40133">
        <ele>6.0</ele>
      </trkpt>
      <trkpt lat="34.33186" lon="-119.40131">
        <ele>6.0</ele>
      </trkpt>
      <trkpt lat="34.33176" lon="-119.40118">
        <ele>6.0</ele>
      </trkpt>
      <trkpt lat="34.33163" lon="-119.40102">
        <ele>6.4</ele>
      </trkpt>
      <trkpt lat="34.33152" lon="-119.40088">
        <ele>8.0</ele>
      </trkpt>
      <trkpt lat="34.33136" lon="-119.40069">
        <ele>8.7</ele>
      </trkpt>
      <trkpt lat="34.33122" lon="-119.40055">
        <ele>8.8</ele>
      </trkpt>
      <trkpt lat="34.33094" lon="-119.40028">
        <ele>7.9</ele>
      </trkpt>
      <trkpt lat="34.33093" lon="-119.40027">
        <ele>7.8</ele>
      </trkpt>
      <trkpt lat="34.33077" lon="-119.40012">
        <ele>5.9</ele>
      </trkpt>
      <trkpt lat="34.33039" lon="-119.39981">
        <ele>5.4</ele>
      </trkpt>
      <trkpt lat="34.33005" lon="-119.39952">
        <ele>5.3</ele>
      </trkpt>
      <trkpt lat="34.33001" lon="-119.39949">
        <ele>5.3</ele>
      </trkpt>
      <trkpt lat="34.32978" lon="-119.39931">
        <ele>5.1</ele>
      </trkpt>
      <trkpt lat="34.32946" lon="-119.39905">
        <ele>4.9</ele>
      </trkpt>
      <trkpt lat="34.32912" lon="-119.39877">
        <ele>4.8</ele>
      </trkpt>
      <trkpt lat="34.32888" lon="-119.39856">
        <ele>4.9</ele>
      </trkpt>
      <trkpt lat="34.32886" lon="-119.39854">
        <ele>4.9</ele>
      </trkpt>
      <trkpt lat="34.32871" lon="-119.39842">
        <ele>4.8</ele>
      </trkpt>
      <trkpt lat="34.32853" lon="-119.39827">
        <ele>4.9</ele>
      </trkpt>
      <trkpt lat="34.32805" lon="-119.39789">
        <ele>4.8</ele>
      </trkpt>
      <trkpt lat="34.32796" lon="-119.39782">
        <ele>4.8</ele>
      </trkpt>
      <trkpt lat="34.32781" lon="-119.3977">
        <ele>4.8</ele>
      </trkpt>
      <trkpt lat="34.32766" lon="-119.39757">
        <ele>4.9</ele>
      </trkpt>
      <trkpt lat="34.32761" lon="-119.39753">
        <ele>4.9</ele>
      </trkpt>
      <trkpt lat="34.32734" lon="-119.39731">
        <ele>4.9</ele>
      </trkpt>
      <trkpt lat="34.32663" lon="-119.39674">
        <ele>5.2</ele>
      </trkpt>
      <trkpt lat="34.32645" lon="-119.3966">
        <ele>5.4</ele>
      </trkpt>
      <trkpt lat="34.32572" lon="-119.39604">
        <ele>6.6</ele>
      </trkpt>
      <trkpt lat="34.32538" lon="-119.39577">
        <ele>6.6</ele>
      </trkpt>
      <trkpt lat="34.32493" lon="-119.39543">
        <ele>6.3</ele>
      </trkpt>
      <trkpt lat="34.32386" lon="-119.3946">
        <ele>6.3</ele>
      </trkpt>
      <trkpt lat="34.32358" lon="-119.39439">
        <ele>6.5</ele>
      </trkpt>
      <trkpt lat="34.32264" lon="-119.39366">
        <ele>6.0</ele>
      </trkpt>
      <trkpt lat="34.3224" lon="-119.39347">
        <ele>5.7</ele>
      </trkpt>
      <trkpt lat="34.32207" lon="-119.39321">
        <ele>7.5</ele>
      </trkpt>
      <trkpt lat="34.32187" lon="-119.39305">
        <ele>8.6</ele>
      </trkpt>
      <trkpt lat="34.32164" lon="-119.39288">
        <ele>8.6</ele>
      </trkpt>
      <trkpt lat="34.32162" lon="-119.39286">
        <ele>8.7</ele>
      </trkpt>
      <trkpt lat="34.32149" lon="-119.39276">
        <ele>8.7</ele>
      </trkpt>
      <trkpt lat="34.32147" lon="-119.39274">
        <ele>8.7</ele>
      </trkpt>
      <trkpt lat="34.32134" lon="-119.39264">
        <ele>8.8</ele>
      </trkpt>
      <trkpt lat="34.32114" lon="-119.39248">
        <ele>8.8</ele>
      </trkpt>
      <trkpt lat="34.32091" lon="-119.39231">
        <ele>8.6</ele>
      </trkpt>
      <trkpt lat="34.32066" lon="-119.39211">
        <ele>8.6</ele>
      </trkpt>
      <trkpt lat="34.32043" lon="-119.39194">
        <ele>8.5</ele>
      </trkpt>
      <trkpt lat="34.32033" lon="-119.39186">
        <ele>8.4</ele>
      </trkpt>
      <trkpt lat="34.32014" lon="-119.3917">
        <ele>8.3</ele>
      </trkpt>
      <trkpt lat="34.31992" lon="-119.39149">
        <ele>8.1</ele>
      </trkpt>
      <trkpt lat="34.31986" lon="-119.39148">
        <ele>7.8</ele>
      </trkpt>
      <trkpt lat="34.31985" lon="-119.39147">
        <ele>7.8</ele>
      </trkpt>
      <trkpt lat="34.31983" lon="-119.39145">
        <ele>7.8</ele>
      </trkpt>
      <trkpt lat="34.31964" lon="-119.39125">
        <ele>7.7</ele>
      </trkpt>
      <trkpt lat="34.31951" lon="-119.3911">
        <ele>7.3</ele>
      </trkpt>
      <trkpt lat="34.31941" lon="-119.39098">
        <ele>6.9</ele>
      </trkpt>
      <trkpt lat="34.31938" lon="-119.39094">
        <ele>7.0</ele>
      </trkpt>
      <trkpt lat="34.31936" lon="-119.39092">
        <ele>7.0</ele>
      </trkpt>
      <trkpt lat="34.31934" lon="-119.39089">
        <ele>7.2</ele>
      </trkpt>
      <trkpt lat="34.3193" lon="-119.39083">
        <ele>7.7</ele>
      </trkpt>
      <trkpt lat="34.3192" lon="-119.39068">
        <ele>8.6</ele>
      </trkpt>
      <trkpt lat="34.31916" lon="-119.39061">
        <ele>8.7</ele>
      </trkpt>
      <trkpt lat="34.31912" lon="-119.39055">
        <ele>8.7</ele>
      </trkpt>
      <trkpt lat="34.31909" lon="-119.3905">
        <ele>8.7</ele>
      </trkpt>
      <trkpt lat="34.31901" lon="-119.39033">
        <ele>8.8</ele>
      </trkpt>
      <trkpt lat="34.31894" lon="-119.39021">
        <ele>8.8</ele>
      </trkpt>
      <trkpt lat="34.31884" lon="-119.38998">
        <ele>9.0</ele>
      </trkpt>
      <trkpt lat="34.31878" lon="-119.38979">
        <ele>9.2</ele>
      </trkpt>
      <trkpt lat="34.31876" lon="-119.38973">
        <ele>9.2</ele>
      </trkpt>
      <trkpt lat="34.31876" lon="-119.38973">
        <ele>9.2</ele>
      </trkpt>
      <trkpt lat="34.31874" lon="-119.38967">
        <ele>9.2</ele>
      </trkpt>
      <trkpt lat="34.3187" lon="-119.38955">
        <ele>9.1</ele>
      </trkpt>
      <trkpt lat="34.31867" lon="-119.38941">
        <ele>9.2</ele>
      </trkpt>
      <trkpt lat="34.31864" lon="-119.3893">
        <ele>9.1</ele>
      </trkpt>
      <trkpt lat="34.3186" lon="-119.38909">
        <ele>8.8</ele>
      </trkpt>
      <trkpt lat="34.3186" lon="-119.38908">
        <ele>8.8</ele>
      </trkpt>
      <trkpt lat="34.31857" lon="-119.38893">
        <ele>8.7</ele>
      </trkpt>
      <trkpt lat="34.31856" lon="-119.38875">
        <ele>8.6</ele>
      </trkpt>
      <trkpt lat="34.31854" lon="-119.38861">
        <ele>8.5</ele>
      </trkpt>
      <trkpt lat="34.31854" lon="-119.38851">
        <ele>8.4</ele>
      </trkpt>
      <trkpt lat="34.31854" lon="-119.38844">
        <ele>8.4</ele>
      </trkpt>
      <trkpt lat="34.31854" lon="-119.38835">
        <ele>8.4</ele>
      </trkpt>
      <trkpt lat="34.31853" lon="-119.38817">
        <ele>8.2</ele>
      </trkpt>
      <trkpt lat="34.31853" lon="-119.38802">
        <ele>8.1</ele>
      </trkpt>
      <trkpt lat="34.31854" lon="-119.3879">
        <ele>8.0</ele>
      </trkpt>
      <trkpt lat="34.31855" lon="-119.38775">
        <ele>8.0</ele>
      </trkpt>
      <trkpt lat="34.31858" lon="-119.3875">
        <ele>7.8</ele>
      </trkpt>
      <trkpt lat="34.31861" lon="-119.38733">
        <ele>7.5</ele>
      </trkpt>
      <trkpt lat="34.31862" lon="-119.38724">
        <ele>7.3</ele>
      </trkpt>
      <trkpt lat="34.31864" lon="-119.38718">
        <ele>7.2</ele>
      </trkpt>
      <trkpt lat="34.31867" lon="-119.38705">
        <ele>6.8</ele>
      </trkpt>
      <trkpt lat="34.31871" lon="-119.38687">
        <ele>6.2</ele>
      </trkpt>
      <trkpt lat="34.31874" lon="-119.38676">
        <ele>5.9</ele>
      </trkpt>
      <trkpt lat="34.31879" lon="-119.38654">
        <ele>5.7</ele>
      </trkpt>
      <trkpt lat="34.31884" lon="-119.38633">
        <ele>5.7</ele>
      </trkpt>
      <trkpt lat="34.31888" lon="-119.38615">
        <ele>5.6</ele>
      </trkpt>
      <trkpt lat="34.319" lon="-119.38571">
        <ele>5.6</ele>
      </trkpt>
      <trkpt lat="34.31907" lon="-119.3854">
        <ele>5.3</ele>
      </trkpt>
      <trkpt lat="34.31916" lon="-119.38515">
        <ele>5.4</ele>
      </trkpt>
      <trkpt lat="34.31926" lon="-119.38477">
        <ele>5.3</ele>
      </trkpt>
      <trkpt lat="34.31937" lon="-119.38441">
        <ele>5.4</ele>
      </trkpt>
      <trkpt lat="34.31938" lon="-119.38434">
        <ele>5.3</ele>
      </trkpt>
      <trkpt lat="34.31939" lon="-119.38431">
        <ele>5.3</ele>
      </trkpt>
      <trkpt lat="34.31944" lon="-119.38422">
        <ele>5.6</ele>
      </trkpt>
      <trkpt lat="34.31958" lon="-119.38372">
        <ele>4.5</ele>
      </trkpt>
      <trkpt lat="34.31973" lon="-119.38319">
        <ele>3.7</ele>
      </trkpt>
      <trkpt lat="34.31974" lon="-119.38313">
        <ele>3.6</ele>
      </trkpt>
      <trkpt lat="34.31995" lon="-119.38239">
        <ele>3.6</ele>
      </trkpt>
      <trkpt lat="34.32004" lon="-119.38208">
        <ele>3.7</ele>
      </trkpt>
      <trkpt lat="34.32011" lon="-119.3818">
        <ele>3.9</ele>
      </trkpt>
      <trkpt lat="34.32016" lon="-119.38163">
        <ele>4.1</ele>
      </trkpt>
      <trkpt lat="34.32038" lon="-119.38081">
        <ele>4.5</ele>
      </trkpt>
      <trkpt lat="34.32064" lon="-119.37985">
        <ele>5.3</ele>
      </trkpt>
      <trkpt lat="34.32081" lon="-119.3792">
        <ele>5.4</ele>
      </trkpt>
      <trkpt lat="34.32098" lon="-119.37857">
        <ele>5.4</ele>
      </trkpt>
      <trkpt lat="34.32105" lon="-119.37828">
        <ele>5.3</ele>
      </trkpt>
      <trkpt lat="34.32109" lon="-119.37814">
        <ele>5.3</ele>
      </trkpt>
      <trkpt lat="34.32115" lon="-119.37787">
        <ele>5.2</ele>
      </trkpt>
      <trkpt lat="34.32119" lon="-119.37765">
        <ele>5.1</ele>
      </trkpt>
      <trkpt lat="34.32123" lon="-119.37741">
        <ele>4.9</ele>
      </trkpt>
      <trkpt lat="34.32127" lon="-119.37715">
        <ele>4.8</ele>
      </trkpt>
      <trkpt lat="34.32131" lon="-119.37682">
        <ele>4.4</ele>
      </trkpt>
      <trkpt lat="34.32134" lon="-119.37654">
        <ele>4.0</ele>
      </trkpt>
      <trkpt lat="34.32136" lon="-119.37625">
        <ele>3.5</ele>
      </trkpt>
      <trkpt lat="34.32138" lon="-119.37594">
        <ele>3.3</ele>
      </trkpt>
      <trkpt lat="34.32138" lon="-119.3757">
        <ele>3.3</ele>
      </trkpt>
      <trkpt lat="34.32138" lon="-119.37539">
        <ele>3.6</ele>
      </trkpt>
      <trkpt lat="34.32137" lon="-119.37512">
        <ele>3.8</ele>
      </trkpt>
      <trkpt lat="34.32135" lon="-119.37475">
        <ele>4.5</ele>
      </trkpt>
      <trkpt lat="34.32132" lon="-119.37441">
        <ele>4.5</ele>
      </trkpt>
      <trkpt lat="34.3213" lon="-119.37423">
        <ele>4.6</ele>
      </trkpt>
      <trkpt lat="34.32127" lon="-119.37401">
        <ele>4.6</ele>
      </trkpt>
      <trkpt lat="34.32123" lon="-119.37377">
        <ele>4.7</ele>
      </trkpt>
      <trkpt lat="34.32119" lon="-119.37355">
        <ele>4.3</ele>
      </trkpt>
      <trkpt lat="34.32114" lon="-119.3733">
        <ele>4.1</ele>
      </trkpt>
      <trkpt lat="34.32109" lon="-119.37306">
        <ele>3.9</ele>
      </trkpt>
      <trkpt lat="34.32106" lon="-119.37292">
        <ele>3.9</ele>
      </trkpt>
      <trkpt lat="34.32102" lon="-119.37279">
        <ele>3.8</ele>
      </trkpt>
      <trkpt lat="34.32098" lon="-119.37264">
        <ele>3.8</ele>
      </trkpt>
      <trkpt lat="34.32095" lon="-119.37252">
        <ele>3.9</ele>
      </trkpt>
      <trkpt lat="34.32091" lon="-119.3724">
        <ele>3.9</ele>
      </trkpt>
      <trkpt lat="34.32086" lon="-119.37222">
        <ele>4.0</ele>
      </trkpt>
      <trkpt lat="34.32081" lon="-119.37208">
        <ele>4.0</ele>
      </trkpt>
      <trkpt lat="34.32074" lon="-119.37188">
        <ele>4.1</ele>
      </trkpt>
      <trkpt lat="34.32067" lon="-119.3717">
        <ele>4.2</ele>
      </trkpt>
      <trkpt lat="34.3205" lon="-119.37128">
        <ele>4.3</ele>
      </trkpt>
      <trkpt lat="34.32031" lon="-119.37087">
        <ele>3.9</ele>
      </trkpt>
      <trkpt lat="34.32031" lon="-119.37085">
        <ele>3.9</ele>
      </trkpt>
      <trkpt lat="34.32021" lon="-119.37065">
        <ele>3.8</ele>
      </trkpt>
      <trkpt lat="34.32011" lon="-119.37045">
        <ele>3.7</ele>
      </trkpt>
      <trkpt lat="34.31992" lon="-119.37011">
        <ele>3.6</ele>
      </trkpt>
      <trkpt lat="34.31983" lon="-119.37005">
        <ele>3.2</ele>
      </trkpt>
      <trkpt lat="34.31981" lon="-119.37002">
        <ele>3.2</ele>
      </trkpt>
      <trkpt lat="34.31978" lon="-119.36998">
        <ele>3.2</ele>
      </trkpt>
      <trkpt lat="34.31972" lon="-119.36986">
        <ele>3.3</ele>
      </trkpt>
      <trkpt lat="34.31956" lon="-119.36957">
        <ele>3.2</ele>
      </trkpt>
      <trkpt lat="34.31942" lon="-119.36932">
        <ele>3.0</ele>
      </trkpt>
      <trkpt lat="34.31934" lon="-119.36917">
        <ele>2.9</ele>
      </trkpt>
      <trkpt lat="34.31915" lon="-119.36885">
        <ele>2.9</ele>
      </trkpt>
      <trkpt lat="34.31912" lon="-119.36879">
        <ele>2.8</ele>
      </trkpt>
      <trkpt lat="34.31899" lon="-119.36858">
        <ele>2.9</ele>
      </trkpt>
      <trkpt lat="34.31872" lon="-119.36811">
        <ele>3.2</ele>
      </trkpt>
      <trkpt lat="34.31817" lon="-119.36724">
        <ele>3.3</ele>
      </trkpt>
      <trkpt lat="34.31807" lon="-119.36707">
        <ele>3.4</ele>
      </trkpt>
      <trkpt lat="34.31774" lon="-119.36654">
        <ele>3.6</ele>
      </trkpt>
      <trkpt lat="34.31746" lon="-119.36606">
        <ele>3.8</ele>
      </trkpt>
      <trkpt lat="34.31709" lon="-119.36545">
        <ele>4.3</ele>
      </trkpt>
      <trkpt lat="34.31698" lon="-119.36528">
        <ele>4.5</ele>
      </trkpt>
      <trkpt lat="34.31686" lon="-119.3651">
        <ele>4.6</ele>
      </trkpt>
      <trkpt lat="34.3168" lon="-119.36501">
        <ele>4.7</ele>
      </trkpt>
      <trkpt lat="34.31667" lon="-119.36481">
        <ele>4.8</ele>
      </trkpt>
      <trkpt lat="34.31656" lon="-119.36466">
        <ele>4.9</ele>
      </trkpt>
      <trkpt lat="34.31646" lon="-119.36451">
        <ele>4.9</ele>
      </trkpt>
      <trkpt lat="34.31632" lon="-119.36433">
        <ele>4.8</ele>
      </trkpt>
      <trkpt lat="34.31625" lon="-119.36423">
        <ele>4.8</ele>
      </trkpt>
      <trkpt lat="34.31619" lon="-119.36405">
        <ele>5.3</ele>
      </trkpt>
      <trkpt lat="34.31591" lon="-119.3637">
        <ele>5.0</ele>
      </trkpt>
      <trkpt lat="34.31558" lon="-119.36327">
        <ele>4.8</ele>
      </trkpt>
      <trkpt lat="34.31552" lon="-119.36324">
        <ele>4.6</ele>
      </trkpt>
      <trkpt lat="34.31549" lon="-119.36322">
        <ele>4.5</ele>
      </trkpt>
      <trkpt lat="34.31547" lon="-119.36319">
        <ele>4.5</ele>
      </trkpt>
      <trkpt lat="34.3154" lon="-119.36311">
        <ele>4.5</ele>
      </trkpt>
      <trkpt lat="34.31429" lon="-119.36157">
        <ele>5.5</ele>
      </trkpt>
      <trkpt lat="34.31417" lon="-119.36138">
        <ele>5.7</ele>
      </trkpt>
      <trkpt lat="34.31356" lon="-119.36057">
        <ele>5.0</ele>
      </trkpt>
      <trkpt lat="34.31354" lon="-119.36054">
        <ele>5.0</ele>
      </trkpt>
      <trkpt lat="34.313" lon="-119.35983">
        <ele>5.4</ele>
      </trkpt>
      <trkpt lat="34.31283" lon="-119.35961">
        <ele>5.5</ele>
      </trkpt>
      <trkpt lat="34.31271" lon="-119.35945">
        <ele>5.7</ele>
      </trkpt>
      <trkpt lat="34.31246" lon="-119.35913">
        <ele>5.5</ele>
      </trkpt>
      <trkpt lat="34.31246" lon="-119.35913">
        <ele>5.5</ele>
      </trkpt>
      <trkpt lat="34.31236" lon="-119.35898">
        <ele>5.5</ele>
      </trkpt>
      <trkpt lat="34.31234" lon="-119.35896">
        <ele>5.5</ele>
      </trkpt>
      <trkpt lat="34.31231" lon="-119.35895">
        <ele>5.4</ele>
      </trkpt>
      <trkpt lat="34.3123" lon="-119.35894">
        <ele>5.4</ele>
      </trkpt>
      <trkpt lat="34.31228" lon="-119.35893">
        <ele>5.4</ele>
      </trkpt>
      <trkpt lat="34.31226" lon="-119.35891">
        <ele>5.4</ele>
      </trkpt>
      <trkpt lat="34.31197" lon="-119.35855">
        <ele>5.5</ele>
      </trkpt>
      <trkpt lat="34.31174" lon="-119.35826">
        <ele>7.5</ele>
      </trkpt>
      <trkpt lat="34.31152" lon="-119.35798">
        <ele>8.8</ele>
      </trkpt>
      <trkpt lat="34.31139" lon="-119.3578">
        <ele>9.1</ele>
      </trkpt>
      <trkpt lat="34.31115" lon="-119.35748">
        <ele>8.4</ele>
      </trkpt>
      <trkpt lat="34.31108" lon="-119.35739">
        <ele>7.8</ele>
      </trkpt>
      <trkpt lat="34.3109" lon="-119.35716">
        <ele>6.3</ele>
      </trkpt>
      <trkpt lat="34.31063" lon="-119.35679">
        <ele>5.5</ele>
      </trkpt>
      <trkpt lat="34.31036" lon="-119.35643">
        <ele>5.3</ele>
      </trkpt>
      <trkpt lat="34.31029" lon="-119.35633">
        <ele>5.1</ele>
      </trkpt>
      <trkpt lat="34.31027" lon="-119.35629">
        <ele>5.1</ele>
      </trkpt>
      <trkpt lat="34.31025" lon="-119.35625">
        <ele>5.1</ele>
      </trkpt>
      <trkpt lat="34.31022" lon="-119.35615">
        <ele>5.3</ele>
      </trkpt>
      <trkpt lat="34.30915" lon="-119.35472">
        <ele>4.4</ele>
      </trkpt>
      <trkpt lat="34.30882" lon="-119.35429">
        <ele>5.4</ele>
      </trkpt>
      <trkpt lat="34.30878" lon="-119.35424">
        <ele>5.4</ele>
      </trkpt>
      <trkpt lat="34.30852" lon="-119.35389">
        <ele>4.9</ele>
      </trkpt>
      <trkpt lat="34.30828" lon="-119.35357">
        <ele>5.2</ele>
      </trkpt>
      <trkpt lat="34.3081" lon="-119.35333">
        <ele>5.4</ele>
      </trkpt>
      <trkpt lat="34.30781" lon="-119.35297">
        <ele>4.3</ele>
      </trkpt>
      <trkpt lat="34.30748" lon="-119.35256">
        <ele>4.8</ele>
      </trkpt>
      <trkpt lat="34.30728" lon="-119.35232">
        <ele>7.6</ele>
      </trkpt>
      <trkpt lat="34.30715" lon="-119.35217">
        <ele>8.1</ele>
      </trkpt>
      <trkpt lat="34.30703" lon="-119.35202">
        <ele>8.2</ele>
      </trkpt>
      <trkpt lat="34.30677" lon="-119.3517">
        <ele>8.2</ele>
      </trkpt>
      <trkpt lat="34.30665" lon="-119.35155">
        <ele>8.2</ele>
      </trkpt>
      <trkpt lat="34.30619" lon="-119.35099">
        <ele>8.0</ele>
      </trkpt>
      <trkpt lat="34.30569" lon="-119.35038">
        <ele>7.6</ele>
      </trkpt>
      <trkpt lat="34.30563" lon="-119.35031">
        <ele>7.5</ele>
      </trkpt>
      <trkpt lat="34.30551" lon="-119.35016">
        <ele>7.5</ele>
      </trkpt>
      <trkpt lat="34.30524" lon="-119.34982">
        <ele>7.5</ele>
      </trkpt>
      <trkpt lat="34.30508" lon="-119.34963">
        <ele>5.8</ele>
      </trkpt>
      <trkpt lat="34.30476" lon="-119.34925">
        <ele>6.0</ele>
      </trkpt>
      <trkpt lat="34.30435" lon="-119.34878">
        <ele>6.2</ele>
      </trkpt>
      <trkpt lat="34.30393" lon="-119.34832">
        <ele>6.3</ele>
      </trkpt>
      <trkpt lat="34.30352" lon="-119.34787">
        <ele>6.3</ele>
      </trkpt>
      <trkpt lat="34.30306" lon="-119.34741">
        <ele>4.2</ele>
      </trkpt>
      <trkpt lat="34.30295" lon="-119.34729">
        <ele>4.3</ele>
      </trkpt>
      <trkpt lat="34.30265" lon="-119.34699">
        <ele>4.1</ele>
      </trkpt>
      <trkpt lat="34.30239" lon="-119.34674">
        <ele>4.1</ele>
      </trkpt>
      <trkpt lat="34.30224" lon="-119.34661">
        <ele>3.7</ele>
      </trkpt>
      <trkpt lat="34.3021" lon="-119.34648">
        <ele>3.7</ele>
      </trkpt>
      <trkpt lat="34.30183" lon="-119.34622">
        <ele>3.8</ele>
      </trkpt>
      <trkpt lat="34.30138" lon="-119.34582">
        <ele>3.8</ele>
      </trkpt>
      <trkpt lat="34.30124" lon="-119.3457">
        <ele>3.7</ele>
      </trkpt>
      <trkpt lat="34.30113" lon="-119.34561">
        <ele>3.6</ele>
      </trkpt>
      <trkpt lat="34.30092" lon="-119.34543">
        <ele>3.5</ele>
      </trkpt>
      <trkpt lat="34.3008" lon="-119.34532">
        <ele>3.5</ele>
      </trkpt>
      <trkpt lat="34.30045" lon="-119.34504">
        <ele>3.7</ele>
      </trkpt>
      <trkpt lat="34.30005" lon="-119.34472">
        <ele>3.8</ele>
      </trkpt>
      <trkpt lat="34.30003" lon="-119.3447">
        <ele>3.8</ele>
      </trkpt>
      <trkpt lat="34.29945" lon="-119.34423">
        <ele>3.2</ele>
      </trkpt>
      <trkpt lat="34.29944" lon="-119.34422">
        <ele>3.2</ele>
      </trkpt>
      <trkpt lat="34.29939" lon="-119.34418">
        <ele>3.2</ele>
      </trkpt>
      <trkpt lat="34.2993" lon="-119.34411">
        <ele>3.4</ele>
      </trkpt>
      <trkpt lat="34.2984" lon="-119.3434">
        <ele>3.7</ele>
      </trkpt>
      <trkpt lat="34.29825" lon="-119.34328">
        <ele>3.7</ele>
      </trkpt>
      <trkpt lat="34.29805" lon="-119.34313">
        <ele>3.6</ele>
      </trkpt>
      <trkpt lat="34.2978" lon="-119.34292">
        <ele>3.7</ele>
      </trkpt>
      <trkpt lat="34.29779" lon="-119.34292">
        <ele>3.6</ele>
      </trkpt>
      <trkpt lat="34.29764" lon="-119.3428">
        <ele>3.6</ele>
      </trkpt>
      <trkpt lat="34.29757" lon="-119.34274">
        <ele>3.7</ele>
      </trkpt>
      <trkpt lat="34.29711" lon="-119.34237">
        <ele>4.0</ele>
      </trkpt>
      <trkpt lat="34.29638" lon="-119.34179">
        <ele>4.0</ele>
      </trkpt>
      <trkpt lat="34.29608" lon="-119.34156">
        <ele>4.2</ele>
      </trkpt>
      <trkpt lat="34.29601" lon="-119.3415">
        <ele>4.5</ele>
      </trkpt>
      <trkpt lat="34.29596" lon="-119.34146">
        <ele>4.6</ele>
      </trkpt>
      <trkpt lat="34.2958" lon="-119.34133">
        <ele>5.4</ele>
      </trkpt>
      <trkpt lat="34.29562" lon="-119.3412">
        <ele>6.0</ele>
      </trkpt>
      <trkpt lat="34.29561" lon="-119.34119">
        <ele>6.0</ele>
      </trkpt>
      <trkpt lat="34.29547" lon="-119.34109">
        <ele>5.9</ele>
      </trkpt>
      <trkpt lat="34.29536" lon="-119.341">
        <ele>6.1</ele>
      </trkpt>
      <trkpt lat="34.29525" lon="-119.34093">
        <ele>6.0</ele>
      </trkpt>
      <trkpt lat="34.2951" lon="-119.34083">
        <ele>6.0</ele>
      </trkpt>
      <trkpt lat="34.29478" lon="-119.34066">
        <ele>5.3</ele>
      </trkpt>
      <trkpt lat="34.29471" lon="-119.34063">
        <ele>5.2</ele>
      </trkpt>
      <trkpt lat="34.29467" lon="-119.34061">
        <ele>5.2</ele>
      </trkpt>
      <trkpt lat="34.29453" lon="-119.34053">
        <ele>4.9</ele>
      </trkpt>
      <trkpt lat="34.29431" lon="-119.3404">
        <ele>4.7</ele>
      </trkpt>
      <trkpt lat="34.29429" lon="-119.34039">
        <ele>4.6</ele>
      </trkpt>
      <trkpt lat="34.29407" lon="-119.34025">
        <ele>4.6</ele>
      </trkpt>
      <trkpt lat="34.29401" lon="-119.3402">
        <ele>4.5</ele>
      </trkpt>
      <trkpt lat="34.29378" lon="-119.34002">
        <ele>4.6</ele>
      </trkpt>
      <trkpt lat="34.29362" lon="-119.33987">
        <ele>4.8</ele>
      </trkpt>
      <trkpt lat="34.29354" lon="-119.33979">
        <ele>4.8</ele>
      </trkpt>
      <trkpt lat="34.2935" lon="-119.33975">
        <ele>4.8</ele>
      </trkpt>
      <trkpt lat="34.29341" lon="-119.33965">
        <ele>5.1</ele>
      </trkpt>
      <trkpt lat="34.29335" lon="-119.33959">
        <ele>5.1</ele>
      </trkpt>
      <trkpt lat="34.29328" lon="-119.3395">
        <ele>5.3</ele>
      </trkpt>
      <trkpt lat="34.29317" lon="-119.33937">
        <ele>5.6</ele>
      </trkpt>
      <trkpt lat="34.29316" lon="-119.33934">
        <ele>5.8</ele>
      </trkpt>
      <trkpt lat="34.29315" lon="-119.33933">
        <ele>5.8</ele>
      </trkpt>
      <trkpt lat="34.29309" lon="-119.33924">
        <ele>6.6</ele>
      </trkpt>
      <trkpt lat="34.29304" lon="-119.33917">
        <ele>7.1</ele>
      </trkpt>
      <trkpt lat="34.293" lon="-119.33911">
        <ele>7.4</ele>
      </trkpt>
      <trkpt lat="34.29285" lon="-119.33886">
        <ele>7.9</ele>
      </trkpt>
      <trkpt lat="34.29274" lon="-119.33867">
        <ele>8.3</ele>
      </trkpt>
      <trkpt lat="34.29271" lon="-119.33863">
        <ele>8.4</ele>
      </trkpt>
      <trkpt lat="34.29259" lon="-119.33843">
        <ele>8.8</ele>
      </trkpt>
      <trkpt lat="34.29241" lon="-119.33813">
        <ele>9.4</ele>
      </trkpt>
      <trkpt lat="34.29239" lon="-119.3381">
        <ele>9.5</ele>
      </trkpt>
      <trkpt lat="34.29232" lon="-119.338">
        <ele>9.7</ele>
      </trkpt>
      <trkpt lat="34.29227" lon="-119.33795">
        <ele>9.9</ele>
      </trkpt>
      <trkpt lat="34.29223" lon="-119.33789">
        <ele>10.1</ele>
      </trkpt>
      <trkpt lat="34.29218" lon="-119.33783">
        <ele>10.3</ele>
      </trkpt>
      <trkpt lat="34.29214" lon="-119.3378">
        <ele>10.3</ele>
      </trkpt>
      <trkpt lat="34.29206" lon="-119.3377">
        <ele>10.7</ele>
      </trkpt>
      <trkpt lat="34.29185" lon="-119.33748">
        <ele>11.4</ele>
      </trkpt>
      <trkpt lat="34.29168" lon="-119.33731">
        <ele>11.3</ele>
      </trkpt>
      <trkpt lat="34.29129" lon="-119.33691">
        <ele>11.6</ele>
      </trkpt>
      <trkpt lat="34.29097" lon="-119.33654">
        <ele>11.4</ele>
      </trkpt>
      <trkpt lat="34.29074" lon="-119.33624">
        <ele>11.0</ele>
      </trkpt>
      <trkpt lat="34.29069" lon="-119.33617">
        <ele>10.9</ele>
      </trkpt>
      <trkpt lat="34.29053" lon="-119.33594">
        <ele>10.9</ele>
      </trkpt>
      <trkpt lat="34.29036" lon="-119.33568">
        <ele>10.6</ele>
      </trkpt>
      <trkpt lat="34.29029" lon="-119.33555">
        <ele>10.5</ele>
      </trkpt>
      <trkpt lat="34.29026" lon="-119.33554">
        <ele>10.3</ele>
      </trkpt>
      <trkpt lat="34.29025" lon="-119.33553">
        <ele>10.2</ele>
      </trkpt>
      <trkpt lat="34.29023" lon="-119.33551">
        <ele>10.1</ele>
      </trkpt>
      <trkpt lat="34.29021" lon="-119.33548">
        <ele>10.1</ele>
      </trkpt>
      <trkpt lat="34.29019" lon="-119.33546">
        <ele>10.0</ele>
      </trkpt>
      <trkpt lat="34.290188" lon="-119.335456">
        <ele>10.0</ele>
      </trkpt>
      <trkpt lat="34.290182" lon="-119.335445">
        <ele>10.0</ele>
      </trkpt>
      <trkpt lat="34.29009" lon="-119.33527">
        <ele>10.0</ele>
      </trkpt>
      <trkpt lat="34.29009" lon="-119.33527">
        <ele>10.0</ele>
      </trkpt>
      <trkpt lat="34.29004" lon="-119.33527">
        <ele>9.7</ele>
      </trkpt>
      <trkpt lat="34.29" lon="-119.33525">
        <ele>9.6</ele>
      </trkpt>
      <trkpt lat="34.28996" lon="-119.33522">
        <ele>9.4</ele>
      </trkpt>
      <trkpt lat="34.28993" lon="-119.33519">
        <ele>9.3</ele>
      </trkpt>
      <trkpt lat="34.28993" lon="-119.33519">
        <ele>9.3</ele>
      </trkpt>
      <trkpt lat="34.28992" lon="-119.33517">
        <ele>9.3</ele>
      </trkpt>
      <trkpt lat="34.2899" lon="-119.33514">
        <ele>9.4</ele>
      </trkpt>
      <trkpt lat="34.28987" lon="-119.3351">
        <ele>9.4</ele>
      </trkpt>
      <trkpt lat="34.28985" lon="-119.33505">
        <ele>9.4</ele>
      </trkpt>
      <trkpt lat="34.28981" lon="-119.33497">
        <ele>9.4</ele>
      </trkpt>
      <trkpt lat="34.28976" lon="-119.33488">
        <ele>9.5</ele>
      </trkpt>
      <trkpt lat="34.28976" lon="-119.33487">
        <ele>9.6</ele>
      </trkpt>
      <trkpt lat="34.28974" lon="-119.33482">
        <ele>9.7</ele>
      </trkpt>
      <trkpt lat="34.28967" lon="-119.33469">
        <ele>9.6</ele>
      </trkpt>
      <trkpt lat="34.2895" lon="-119.33434">
        <ele>9.8</ele>
      </trkpt>
      <trkpt lat="34.28949" lon="-119.33431">
        <ele>9.9</ele>
      </trkpt>
      <trkpt lat="34.2894" lon="-119.33413">
        <ele>10.1</ele>
      </trkpt>
      <trkpt lat="34.28936" lon="-119.33406">
        <ele>10.1</ele>
      </trkpt>
      <trkpt lat="34.28931" lon="-119.33394">
        <ele>10.2</ele>
      </trkpt>
      <trkpt lat="34.28931" lon="-119.33393">
        <ele>10.2</ele>
      </trkpt>
      <trkpt lat="34.28923" lon="-119.33375">
        <ele>10.2</ele>
      </trkpt>
      <trkpt lat="34.28923" lon="-119.33374">
        <ele>10.3</ele>
      </trkpt>
      <trkpt lat="34.28915" lon="-119.33355">
        <ele>9.9</ele>
      </trkpt>
      <trkpt lat="34.28915" lon="-119.33354">
        <ele>10.0</ele>
      </trkpt>
      <trkpt lat="34.28909" lon="-119.33339">
        <ele>9.7</ele>
      </trkpt>
      <trkpt lat="34.28907" lon="-119.33335">
        <ele>9.6</ele>
      </trkpt>
      <trkpt lat="34.289" lon="-119.33315">
        <ele>9.5</ele>
      </trkpt>
      <trkpt lat="34.28894" lon="-119.33301">
        <ele>9.5</ele>
      </trkpt>
      <trkpt lat="34.28877" lon="-119.33261">
        <ele>9.3</ele>
      </trkpt>
      <trkpt lat="34.28876" lon="-119.33257">
        <ele>9.3</ele>
      </trkpt>
      <trkpt lat="34.28876" lon="-119.33256">
        <ele>9.3</ele>
      </trkpt>
      <trkpt lat="34.28868" lon="-119.33238">
        <ele>9.2</ele>
      </trkpt>
      <trkpt lat="34.28868" lon="-119.33237">
        <ele>9.3</ele>
      </trkpt>
      <trkpt lat="34.2886" lon="-119.33218">
        <ele>9.2</ele>
      </trkpt>
      <trkpt lat="34.28859" lon="-119.33218">
        <ele>9.1</ele>
      </trkpt>
      <trkpt lat="34.28851" lon="-119.33198">
        <ele>9.1</ele>
      </trkpt>
      <trkpt lat="34.28851" lon="-119.33197">
        <ele>9.2</ele>
      </trkpt>
      <trkpt lat="34.28844" lon="-119.33179">
        <ele>9.2</ele>
      </trkpt>
      <trkpt lat="34.28835" lon="-119.33158">
        <ele>9.4</ele>
      </trkpt>
      <trkpt lat="34.28828" lon="-119.33131">
        <ele>9.8</ele>
      </trkpt>
      <trkpt lat="34.28821" lon="-119.33109">
        <ele>10.2</ele>
      </trkpt>
      <trkpt lat="34.28818" lon="-119.33098">
        <ele>10.3</ele>
      </trkpt>
      <trkpt lat="34.28817" lon="-119.33098">
        <ele>10.2</ele>
      </trkpt>
      <trkpt lat="34.2881" lon="-119.33077">
        <ele>10.4</ele>
      </trkpt>
      <trkpt lat="34.28803" lon="-119.33057">
        <ele>10.3</ele>
      </trkpt>
      <trkpt lat="34.28792" lon="-119.33025">
        <ele>10.3</ele>
      </trkpt>
      <trkpt lat="34.28789" lon="-119.33018">
        <ele>10.3</ele>
      </trkpt>
      <trkpt lat="34.28781" lon="-119.32998">
        <ele>10.3</ele>
      </trkpt>
      <trkpt lat="34.28779" lon="-119.32991">
        <ele>10.4</ele>
      </trkpt>
      <trkpt lat="34.28774" lon="-119.32978">
        <ele>10.6</ele>
      </trkpt>
      <trkpt lat="34.28771" lon="-119.32973">
        <ele>10.6</ele>
      </trkpt>
      <trkpt lat="34.28771" lon="-119.32973">
        <ele>10.6</ele>
      </trkpt>
      <trkpt lat="34.28766" lon="-119.32959">
        <ele>10.7</ele>
      </trkpt>
      <trkpt lat="34.28766" lon="-119.32958">
        <ele>10.8</ele>
      </trkpt>
      <trkpt lat="34.28752" lon="-119.32927">
        <ele>10.4</ele>
      </trkpt>
      <trkpt lat="34.28749" lon="-119.3292">
        <ele>10.5</ele>
      </trkpt>
      <trkpt lat="34.28743" lon="-119.32906">
        <ele>10.6</ele>
      </trkpt>
      <trkpt lat="34.28741" lon="-119.32901">
        <ele>10.7</ele>
      </trkpt>
      <trkpt lat="34.28733" lon="-119.32881">
        <ele>10.6</ele>
      </trkpt>
      <trkpt lat="34.28731" lon="-119.32875">
        <ele>10.5</ele>
      </trkpt>
      <trkpt lat="34.28726" lon="-119.32861">
        <ele>10.5</ele>
      </trkpt>
      <trkpt lat="34.28722" lon="-119.3285">
        <ele>10.6</ele>
      </trkpt>
      <trkpt lat="34.28718" lon="-119.32842">
        <ele>10.6</ele>
      </trkpt>
      <trkpt lat="34.2871" lon="-119.32823">
        <ele>10.6</ele>
      </trkpt>
      <trkpt lat="34.28709" lon="-119.32822">
        <ele>10.5</ele>
      </trkpt>
      <trkpt lat="34.28703" lon="-119.32808">
        <ele>10.4</ele>
      </trkpt>
      <trkpt lat="34.28695" lon="-119.32792">
        <ele>10.4</ele>
      </trkpt>
      <trkpt lat="34.28689" lon="-119.32781">
        <ele>10.3</ele>
      </trkpt>
      <trkpt lat="34.28684" lon="-119.32772">
        <ele>10.1</ele>
      </trkpt>
      <trkpt lat="34.28681" lon="-119.32767">
        <ele>9.9</ele>
      </trkpt>
      <trkpt lat="34.28677" lon="-119.32758">
        <ele>9.8</ele>
      </trkpt>
      <trkpt lat="34.28673" lon="-119.32748">
        <ele>9.9</ele>
      </trkpt>
      <trkpt lat="34.28669" lon="-119.3274">
        <ele>9.7</ele>
      </trkpt>
      <trkpt lat="34.28665" lon="-119.32728">
        <ele>9.7</ele>
      </trkpt>
      <trkpt lat="34.28657" lon="-119.32709">
        <ele>9.7</ele>
      </trkpt>
      <trkpt lat="34.28657" lon="-119.32708">
        <ele>9.8</ele>
      </trkpt>
      <trkpt lat="34.28656" lon="-119.32706">
        <ele>9.8</ele>
      </trkpt>
      <trkpt lat="34.28649" lon="-119.32689">
        <ele>9.7</ele>
      </trkpt>
      <trkpt lat="34.28641" lon="-119.32669">
        <ele>9.8</ele>
      </trkpt>
      <trkpt lat="34.28634" lon="-119.3265">
        <ele>10.0</ele>
      </trkpt>
      <trkpt lat="34.28629" lon="-119.32637">
        <ele>10.0</ele>
      </trkpt>
      <trkpt lat="34.28618" lon="-119.3261">
        <ele>9.9</ele>
      </trkpt>
      <trkpt lat="34.28611" lon="-119.32591">
        <ele>10.0</ele>
      </trkpt>
      <trkpt lat="34.2861" lon="-119.32591">
        <ele>9.9</ele>
      </trkpt>
      <trkpt lat="34.28603" lon="-119.32571">
        <ele>10.2</ele>
      </trkpt>
      <trkpt lat="34.28598" lon="-119.3256">
        <ele>10.2</ele>
      </trkpt>
      <trkpt lat="34.2858" lon="-119.32512">
        <ele>11.4</ele>
      </trkpt>
      <trkpt lat="34.28572" lon="-119.32493">
        <ele>10.8</ele>
      </trkpt>
      <trkpt lat="34.28572" lon="-119.32492">
        <ele>10.8</ele>
      </trkpt>
      <trkpt lat="34.28564" lon="-119.32473">
        <ele>10.6</ele>
      </trkpt>
      <trkpt lat="34.28564" lon="-119.32472">
        <ele>10.7</ele>
      </trkpt>
      <trkpt lat="34.28556" lon="-119.32453">
        <ele>10.5</ele>
      </trkpt>
      <trkpt lat="34.28546" lon="-119.32427">
        <ele>10.2</ele>
      </trkpt>
      <trkpt lat="34.28541" lon="-119.32414">
        <ele>9.8</ele>
      </trkpt>
      <trkpt lat="34.28525" lon="-119.32375">
        <ele>9.9</ele>
      </trkpt>
      <trkpt lat="34.28517" lon="-119.32355">
        <ele>9.6</ele>
      </trkpt>
      <trkpt lat="34.28509" lon="-119.32336">
        <ele>9.8</ele>
      </trkpt>
      <trkpt lat="34.28501" lon="-119.32316">
        <ele>10.0</ele>
      </trkpt>
      <trkpt lat="34.28494" lon="-119.32296">
        <ele>10.3</ele>
      </trkpt>
      <trkpt lat="34.28486" lon="-119.32277">
        <ele>10.9</ele>
      </trkpt>
      <trkpt lat="34.28484" lon="-119.32272">
        <ele>10.9</ele>
      </trkpt>
      <trkpt lat="34.28478" lon="-119.32257">
        <ele>11.0</ele>
      </trkpt>
      <trkpt lat="34.28474" lon="-119.32248">
        <ele>10.7</ele>
      </trkpt>
      <trkpt lat="34.28462" lon="-119.32218">
        <ele>10.4</ele>
      </trkpt>
      <trkpt lat="34.28454" lon="-119.32198">
        <ele>11.0</ele>
      </trkpt>
      <trkpt lat="34.28446" lon="-119.32179">
        <ele>11.1</ele>
      </trkpt>
      <trkpt lat="34.28444" lon="-119.32173">
        <ele>11.2</ele>
      </trkpt>
      <trkpt lat="34.28436" lon="-119.32152">
        <ele>11.2</ele>
      </trkpt>
      <trkpt lat="34.28431" lon="-119.3214">
        <ele>11.2</ele>
      </trkpt>
      <trkpt lat="34.2843" lon="-119.32139">
        <ele>11.1</ele>
      </trkpt>
      <trkpt lat="34.28424" lon="-119.32124">
        <ele>11.0</ele>
      </trkpt>
      <trkpt lat="34.2841" lon="-119.32098">
        <ele>10.7</ele>
      </trkpt>
      <trkpt lat="34.28393" lon="-119.32066">
        <ele>10.4</ele>
      </trkpt>
      <trkpt lat="34.28381" lon="-119.32045">
        <ele>9.9</ele>
      </trkpt>
      <trkpt lat="34.28373" lon="-119.3203">
        <ele>9.8</ele>
      </trkpt>
      <trkpt lat="34.28365" lon="-119.32017">
        <ele>9.6</ele>
      </trkpt>
      <trkpt lat="34.28365" lon="-119.32017">
        <ele>9.6</ele>
      </trkpt>
      <trkpt lat="34.28364" lon="-119.32015">
        <ele>9.6</ele>
      </trkpt>
      <trkpt lat="34.28362" lon="-119.32012">
        <ele>9.6</ele>
      </trkpt>
      <trkpt lat="34.28351" lon="-119.31995">
        <ele>9.5</ele>
      </trkpt>
      <trkpt lat="34.28347" lon="-119.31987">
        <ele>9.4</ele>
      </trkpt>
      <trkpt lat="34.28345" lon="-119.31983">
        <ele>9.4</ele>
      </trkpt>
      <trkpt lat="34.28343" lon="-119.31976">
        <ele>9.5</ele>
      </trkpt>
      <trkpt lat="34.28341" lon="-119.31967">
        <ele>9.6</ele>
      </trkpt>
      <trkpt lat="34.28337" lon="-119.31956">
        <ele>9.6</ele>
      </trkpt>
      <trkpt lat="34.28337" lon="-119.31955">
        <ele>9.7</ele>
      </trkpt>
      <trkpt lat="34.28334" lon="-119.31949">
        <ele>9.6</ele>
      </trkpt>
      <trkpt lat="34.28331" lon="-119.31943">
        <ele>9.6</ele>
      </trkpt>
      <trkpt lat="34.28327" lon="-119.31937">
        <ele>9.6</ele>
      </trkpt>
      <trkpt lat="34.28323" lon="-119.31933">
        <ele>9.5</ele>
      </trkpt>
      <trkpt lat="34.283" lon="-119.31908">
        <ele>9.1</ele>
      </trkpt>
      <trkpt lat="34.28292" lon="-119.319">
        <ele>8.9</ele>
      </trkpt>
      <trkpt lat="34.28252" lon="-119.31841">
        <ele>8.5</ele>
      </trkpt>
      <trkpt lat="34.2823" lon="-119.31809">
        <ele>8.0</ele>
      </trkpt>
      <trkpt lat="34.28226" lon="-119.31802">
        <ele>7.8</ele>
      </trkpt>
      <trkpt lat="34.28216" lon="-119.31787">
        <ele>7.6</ele>
      </trkpt>
      <trkpt lat="34.28209" lon="-119.31775">
        <ele>7.5</ele>
      </trkpt>
      <trkpt lat="34.28206" lon="-119.31767">
        <ele>7.5</ele>
      </trkpt>
      <trkpt lat="34.28204" lon="-119.31753">
        <ele>7.4</ele>
      </trkpt>
      <trkpt lat="34.28202" lon="-119.31746">
        <ele>7.3</ele>
      </trkpt>
      <trkpt lat="34.28198" lon="-119.31709">
        <ele>6.9</ele>
      </trkpt>
      <trkpt lat="34.28196" lon="-119.317">
        <ele>6.8</ele>
      </trkpt>
      <trkpt lat="34.28193" lon="-119.31683">
        <ele>6.7</ele>
      </trkpt>
      <trkpt lat="34.28193" lon="-119.31673">
        <ele>6.6</ele>
      </trkpt>
      <trkpt lat="34.28194" lon="-119.31664">
        <ele>6.7</ele>
      </trkpt>
      <trkpt lat="34.28196" lon="-119.31659">
        <ele>6.8</ele>
      </trkpt>
      <trkpt lat="34.28198" lon="-119.31655">
        <ele>6.9</ele>
      </trkpt>
      <trkpt lat="34.2821" lon="-119.31644">
        <ele>7.4</ele>
      </trkpt>
      <trkpt lat="34.28217" lon="-119.31629">
        <ele>7.4</ele>
      </trkpt>
      <trkpt lat="34.28219" lon="-119.31621">
        <ele>7.5</ele>
      </trkpt>
      <trkpt lat="34.28222" lon="-119.31599">
        <ele>7.6</ele>
      </trkpt>
      <trkpt lat="34.28222" lon="-119.31598">
        <ele>7.6</ele>
      </trkpt>
      <trkpt lat="34.28224" lon="-119.31578">
        <ele>7.3</ele>
      </trkpt>
      <trkpt lat="34.28227" lon="-119.31556">
        <ele>7.1</ele>
      </trkpt>
      <trkpt lat="34.28229" lon="-119.31535">
        <ele>7.0</ele>
      </trkpt>
      <trkpt lat="34.28229" lon="-119.31533">
        <ele>7.0</ele>
      </trkpt>
      <trkpt lat="34.28233" lon="-119.31508">
        <ele>7.0</ele>
      </trkpt>
      <trkpt lat="34.28234" lon="-119.31504">
        <ele>6.9</ele>
      </trkpt>
      <trkpt lat="34.28236" lon="-119.31501">
        <ele>6.9</ele>
      </trkpt>
      <trkpt lat="34.28239" lon="-119.31499">
        <ele>6.9</ele>
      </trkpt>
      <trkpt lat="34.28239" lon="-119.31499">
        <ele>6.9</ele>
      </trkpt>
      <trkpt lat="34.28239" lon="-119.3149">
        <ele>6.9</ele>
      </trkpt>
      <trkpt lat="34.28238" lon="-119.31481">
        <ele>6.9</ele>
      </trkpt>
      <trkpt lat="34.28235" lon="-119.31471">
        <ele>6.8</ele>
      </trkpt>
      <trkpt lat="34.28231" lon="-119.3146">
        <ele>6.6</ele>
      </trkpt>
      <trkpt lat="34.28228" lon="-119.31452">
        <ele>6.6</ele>
      </trkpt>
      <trkpt lat="34.28223" lon="-119.31439">
        <ele>6.6</ele>
      </trkpt>
      <trkpt lat="34.28223" lon="-119.31438">
        <ele>6.6</ele>
      </trkpt>
      <trkpt lat="34.28222" lon="-119.31436">
        <ele>6.6</ele>
      </trkpt>
      <trkpt lat="34.28221" lon="-119.31431">
        <ele>6.6</ele>
      </trkpt>
      <trkpt lat="34.28221" lon="-119.31426">
        <ele>6.6</ele>
      </trkpt>
      <trkpt lat="34.28223" lon="-119.3142">
        <ele>6.6</ele>
      </trkpt>
      <trkpt lat="34.28226" lon="-119.31417">
        <ele>6.7</ele>
      </trkpt>
      <trkpt lat="34.28231" lon="-119.31413">
        <ele>6.8</ele>
      </trkpt>
      <trkpt lat="34.28241" lon="-119.3141">
        <ele>6.9</ele>
      </trkpt>
      <trkpt lat="34.2825" lon="-119.31408">
        <ele>7.2</ele>
      </trkpt>
      <trkpt lat="34.28265" lon="-119.31404">
        <ele>7.4</ele>
      </trkpt>
      <trkpt lat="34.28265" lon="-119.31404">
        <ele>7.4</ele>
      </trkpt>
      <trkpt lat="34.28263" lon="-119.31387">
        <ele>7.3</ele>
      </trkpt>
      <trkpt lat="34.28261" lon="-119.31373">
        <ele>7.2</ele>
      </trkpt>
      <trkpt lat="34.28261" lon="-119.31367">
        <ele>7.2</ele>
      </trkpt>
      <trkpt lat="34.2826" lon="-119.31364">
        <ele>7.2</ele>
      </trkpt>
      <trkpt lat="34.28252" lon="-119.31299">
        <ele>7.2</ele>
      </trkpt>
      <trkpt lat="34.28251" lon="-119.31291">
        <ele>7.2</ele>
      </trkpt>
      <trkpt lat="34.28251" lon="-119.31291">
        <ele>7.2</ele>
      </trkpt>
      <trkpt lat="34.28244" lon="-119.31235">
        <ele>6.9</ele>
      </trkpt>
      <trkpt lat="34.28237" lon="-119.31171">
        <ele>6.9</ele>
      </trkpt>
      <trkpt lat="34.28236" lon="-119.31163">
        <ele>6.9</ele>
      </trkpt>
      <trkpt lat="34.28236" lon="-119.31163">
        <ele>6.9</ele>
      </trkpt>
      <trkpt lat="34.28233" lon="-119.31163">
        <ele>6.9</ele>
      </trkpt>
      <trkpt lat="34.28231" lon="-119.31163">
        <ele>6.9</ele>
      </trkpt>
      <trkpt lat="34.2823" lon="-119.31162">
        <ele>6.9</ele>
      </trkpt>
      <trkpt lat="34.2823" lon="-119.31161">
        <ele>6.9</ele>
      </trkpt>
      <trkpt lat="34.28229" lon="-119.31159">
        <ele>6.9</ele>
      </trkpt>
      <trkpt lat="34.28227" lon="-119.31137">
        <ele>6.9</ele>
      </trkpt>
      <trkpt lat="34.28223" lon="-119.31106">
        <ele>6.9</ele>
      </trkpt>
      <trkpt lat="34.28221" lon="-119.31084">
        <ele>6.9</ele>
      </trkpt>
      <trkpt lat="34.28219" lon="-119.31071">
        <ele>6.9</ele>
      </trkpt>
      <trkpt lat="34.28218" lon="-119.31063">
        <ele>6.9</ele>
      </trkpt>
      <trkpt lat="34.28215" lon="-119.31041">
        <ele>6.9</ele>
      </trkpt>
      <trkpt lat="34.28213" lon="-119.31029">
        <ele>6.9</ele>
      </trkpt>
      <trkpt lat="34.28212" lon="-119.3102">
        <ele>6.9</ele>
      </trkpt>
      <trkpt lat="34.2821" lon="-119.30998">
        <ele>6.9</ele>
      </trkpt>
      <trkpt lat="34.28209" lon="-119.3099">
        <ele>6.9</ele>
      </trkpt>
      <trkpt lat="34.28204" lon="-119.30955">
        <ele>6.9</ele>
      </trkpt>
      <trkpt lat="34.28202" lon="-119.30933">
        <ele>6.9</ele>
      </trkpt>
      <trkpt lat="34.28199" lon="-119.30913">
        <ele>6.9</ele>
      </trkpt>
      <trkpt lat="34.28199" lon="-119.30912">
        <ele>6.9</ele>
      </trkpt>
      <trkpt lat="34.28196" lon="-119.3089">
        <ele>6.9</ele>
      </trkpt>
      <trkpt lat="34.28194" lon="-119.30869">
        <ele>6.9</ele>
      </trkpt>
      <trkpt lat="34.28191" lon="-119.30847">
        <ele>6.9</ele>
      </trkpt>
      <trkpt lat="34.2819" lon="-119.30837">
        <ele>6.9</ele>
      </trkpt>
      <trkpt lat="34.28188" lon="-119.30826">
        <ele>6.9</ele>
      </trkpt>
      <trkpt lat="34.28186" lon="-119.30804">
        <ele>6.9</ele>
      </trkpt>
      <trkpt lat="34.28183" lon="-119.30783">
        <ele>6.9</ele>
      </trkpt>
      <trkpt lat="34.28182" lon="-119.30767">
        <ele>6.9</ele>
      </trkpt>
      <trkpt lat="34.28181" lon="-119.30761">
        <ele>6.9</ele>
      </trkpt>
      <trkpt lat="34.28178" lon="-119.3074">
        <ele>6.9</ele>
      </trkpt>
      <trkpt lat="34.28176" lon="-119.30718">
        <ele>6.9</ele>
      </trkpt>
      <trkpt lat="34.28173" lon="-119.30697">
        <ele>6.9</ele>
      </trkpt>
      <trkpt lat="34.2817" lon="-119.30675">
        <ele>6.9</ele>
      </trkpt>
      <trkpt lat="34.28168" lon="-119.30656">
        <ele>6.9</ele>
      </trkpt>
      <trkpt lat="34.28167" lon="-119.30648">
        <ele>6.9</ele>
      </trkpt>
      <trkpt lat="34.28165" lon="-119.30646">
        <ele>6.9</ele>
      </trkpt>
      <trkpt lat="34.28164" lon="-119.30645">
        <ele>6.9</ele>
      </trkpt>
      <trkpt lat="34.28164" lon="-119.30645">
        <ele>6.9</ele>
      </trkpt>
      <trkpt lat="34.28163" lon="-119.30644">
        <ele>6.9</ele>
      </trkpt>
      <trkpt lat="34.2816" lon="-119.30641">
        <ele>6.9</ele>
      </trkpt>
      <trkpt lat="34.2816" lon="-119.30641">
        <ele>6.9</ele>
      </trkpt>
      <trkpt lat="34.28157" lon="-119.30644">
        <ele>6.9</ele>
      </trkpt>
      <trkpt lat="34.28153" lon="-119.30647">
        <ele>6.9</ele>
      </trkpt>
      <trkpt lat="34.28146" lon="-119.30651">
        <ele>6.9</ele>
      </trkpt>
      <trkpt lat="34.28141" lon="-119.30653">
        <ele>6.9</ele>
      </trkpt>
      <trkpt lat="34.28135" lon="-119.30654">
        <ele>6.9</ele>
      </trkpt>
      <trkpt lat="34.28114" lon="-119.30656">
        <ele>6.9</ele>
      </trkpt>
      <trkpt lat="34.28109" lon="-119.30657">
        <ele>6.8</ele>
      </trkpt>
      <trkpt lat="34.28072" lon="-119.3066">
        <ele>5.4</ele>
      </trkpt>
      <trkpt lat="34.28055" lon="-119.30661">
        <ele>4.8</ele>
      </trkpt>
      <trkpt lat="34.28041" lon="-119.30662">
        <ele>4.6</ele>
      </trkpt>
      <trkpt lat="34.28041" lon="-119.30662">
        <ele>4.6</ele>
      </trkpt>
      <trkpt lat="34.28035" lon="-119.30662">
        <ele>4.5</ele>
      </trkpt>
      <trkpt lat="34.28019" lon="-119.30664">
        <ele>4.1</ele>
      </trkpt>
      <trkpt lat="34.27983" lon="-119.30667">
        <ele>4.0</ele>
      </trkpt>
      <trkpt lat="34.2798" lon="-119.30667">
        <ele>4.0</ele>
      </trkpt>
      <trkpt lat="34.27965" lon="-119.30668">
        <ele>3.8</ele>
      </trkpt>
      <trkpt lat="34.27951" lon="-119.30669">
        <ele>3.8</ele>
      </trkpt>
      <trkpt lat="34.27947" lon="-119.30669">
        <ele>3.8</ele>
      </trkpt>
      <trkpt lat="34.2793" lon="-119.3067">
        <ele>3.8</ele>
      </trkpt>
      <trkpt lat="34.27929" lon="-119.3067">
        <ele>3.8</ele>
      </trkpt>
      <trkpt lat="34.27912" lon="-119.30672">
        <ele>3.8</ele>
      </trkpt>
      <trkpt lat="34.27894" lon="-119.30674">
        <ele>3.8</ele>
      </trkpt>
      <trkpt lat="34.27858" lon="-119.30677">
        <ele>3.7</ele>
      </trkpt>
      <trkpt lat="34.2784" lon="-119.30678">
        <ele>3.7</ele>
      </trkpt>
      <trkpt lat="34.27822" lon="-119.30679">
        <ele>3.7</ele>
      </trkpt>
      <trkpt lat="34.27804" lon="-119.30681">
        <ele>3.6</ele>
      </trkpt>
      <trkpt lat="34.27786" lon="-119.30682">
        <ele>3.6</ele>
      </trkpt>
      <trkpt lat="34.27768" lon="-119.30684">
        <ele>3.5</ele>
      </trkpt>
      <trkpt lat="34.27767" lon="-119.30684">
        <ele>3.5</ele>
      </trkpt>
      <trkpt lat="34.2775" lon="-119.30685">
        <ele>3.5</ele>
      </trkpt>
      <trkpt lat="34.27734" lon="-119.30686">
        <ele>3.7</ele>
      </trkpt>
      <trkpt lat="34.27732" lon="-119.30686">
        <ele>3.7</ele>
      </trkpt>
      <trkpt lat="34.27701" lon="-119.30689">
        <ele>3.5</ele>
      </trkpt>
      <trkpt lat="34.27696" lon="-119.30688">
        <ele>3.5</ele>
      </trkpt>
      <trkpt lat="34.27692" lon="-119.30689">
        <ele>3.5</ele>
      </trkpt>
      <trkpt lat="34.27685" lon="-119.30689">
        <ele>3.5</ele>
      </trkpt>
      <trkpt lat="34.27644" lon="-119.30688">
        <ele>3.4</ele>
      </trkpt>
      <trkpt lat="34.27634" lon="-119.30688">
        <ele>3.2</ele>
      </trkpt>
      <trkpt lat="34.2759" lon="-119.30687">
        <ele>2.7</ele>
      </trkpt>
      <trkpt lat="34.27582" lon="-119.30686">
        <ele>2.6</ele>
      </trkpt>
      <trkpt lat="34.27572" lon="-119.30686">
        <ele>2.6</ele>
      </trkpt>
      <trkpt lat="34.27554" lon="-119.30686">
        <ele>2.3</ele>
      </trkpt>
      <trkpt lat="34.27536" lon="-119.30686">
        <ele>2.2</ele>
      </trkpt>
      <trkpt lat="34.27509" lon="-119.30686">
        <ele>2.0</ele>
      </trkpt>
      <trkpt lat="34.27498" lon="-119.30685">
        <ele>1.9</ele>
      </trkpt>
      <trkpt lat="34.27489" lon="-119.30683">
        <ele>1.8</ele>
      </trkpt>
      <trkpt lat="34.2748" lon="-119.30678">
        <ele>1.7</ele>
      </trkpt>
      <trkpt lat="34.2747" lon="-119.30672">
        <ele>1.7</ele>
      </trkpt>
      <trkpt lat="34.27467" lon="-119.30669">
        <ele>1.7</ele>
      </trkpt>
      <trkpt lat="34.27463" lon="-119.30664">
        <ele>1.7</ele>
      </trkpt>
      <trkpt lat="34.27456" lon="-119.30655">
        <ele>1.7</ele>
      </trkpt>
      <trkpt lat="34.27454" lon="-119.30653">
        <ele>1.7</ele>
      </trkpt>
      <trkpt lat="34.2745" lon="-119.30644">
        <ele>1.7</ele>
      </trkpt>
      <trkpt lat="34.27447" lon="-119.30635">
        <ele>1.7</ele>
      </trkpt>
      <trkpt lat="34.27446" lon="-119.30634">
        <ele>1.7</ele>
      </trkpt>
      <trkpt lat="34.27445" lon="-119.3063">
        <ele>1.7</ele>
      </trkpt>
      <trkpt lat="34.27443" lon="-119.30622">
        <ele>1.7</ele>
      </trkpt>
      <trkpt lat="34.27442" lon="-119.30614">
        <ele>1.7</ele>
      </trkpt>
      <trkpt lat="34.27441" lon="-119.30613">
        <ele>1.7</ele>
      </trkpt>
      <trkpt lat="34.27441" lon="-119.30612">
        <ele>1.7</ele>
      </trkpt>
      <trkpt lat="34.27436" lon="-119.30592">
        <ele>1.7</ele>
      </trkpt>
      <trkpt lat="34.27435" lon="-119.30589">
        <ele>1.7</ele>
      </trkpt>
      <trkpt lat="34.2743" lon="-119.30575">
        <ele>1.7</ele>
      </trkpt>
      <trkpt lat="34.27421" lon="-119.30553">
        <ele>1.7</ele>
      </trkpt>
      <trkpt lat="34.27421" lon="-119.30552">
        <ele>1.7</ele>
      </trkpt>
      <trkpt lat="34.27417" lon="-119.30544">
        <ele>1.7</ele>
      </trkpt>
      <trkpt lat="34.27407" lon="-119.30524">
        <ele>1.7</ele>
      </trkpt>
      <trkpt lat="34.274" lon="-119.305">
        <ele>1.6</ele>
      </trkpt>
      <trkpt lat="34.27399" lon="-119.30494">
        <ele>1.6</ele>
      </trkpt>
      <trkpt lat="34.27396" lon="-119.30483">
        <ele>1.7</ele>
      </trkpt>
      <trkpt lat="34.27395" lon="-119.30473">
        <ele>1.6</ele>
      </trkpt>
      <trkpt lat="34.27395" lon="-119.30472">
        <ele>1.6</ele>
      </trkpt>
      <trkpt lat="34.27395" lon="-119.30471">
        <ele>1.6</ele>
      </trkpt>
      <trkpt lat="34.27394" lon="-119.30463">
        <ele>1.6</ele>
      </trkpt>
      <trkpt lat="34.27394" lon="-119.30454">
        <ele>1.6</ele>
      </trkpt>
      <trkpt lat="34.27393" lon="-119.30446">
        <ele>1.6</ele>
      </trkpt>
      <trkpt lat="34.27393" lon="-119.30439">
        <ele>1.6</ele>
      </trkpt>
      <trkpt lat="34.27394" lon="-119.30431">
        <ele>1.6</ele>
      </trkpt>
      <trkpt lat="34.27395" lon="-119.30416">
        <ele>1.6</ele>
      </trkpt>
      <trkpt lat="34.27396" lon="-119.30408">
        <ele>1.6</ele>
      </trkpt>
      <trkpt lat="34.27397" lon="-119.30403">
        <ele>1.7</ele>
      </trkpt>
      <trkpt lat="34.27399" lon="-119.30389">
        <ele>1.7</ele>
      </trkpt>
      <trkpt lat="34.27401" lon="-119.30377">
        <ele>1.7</ele>
      </trkpt>
      <trkpt lat="34.27402" lon="-119.30367">
        <ele>1.7</ele>
      </trkpt>
      <trkpt lat="34.27402" lon="-119.30365">
        <ele>1.7</ele>
      </trkpt>
      <trkpt lat="34.27402" lon="-119.30364">
        <ele>1.7</ele>
      </trkpt>
      <trkpt lat="34.27401" lon="-119.30363">
        <ele>1.7</ele>
      </trkpt>
      <trkpt lat="34.27401" lon="-119.30362">
        <ele>1.7</ele>
      </trkpt>
      <trkpt lat="34.27401" lon="-119.30361">
        <ele>1.7</ele>
      </trkpt>
      <trkpt lat="34.274" lon="-119.30361">
        <ele>1.7</ele>
      </trkpt>
      <trkpt lat="34.27398" lon="-119.3036">
        <ele>1.7</ele>
      </trkpt>
      <trkpt lat="34.27397" lon="-119.30359">
        <ele>1.7</ele>
      </trkpt>
      <trkpt lat="34.27394" lon="-119.30359">
        <ele>1.6</ele>
      </trkpt>
      <trkpt lat="34.27392" lon="-119.30358">
        <ele>1.6</ele>
      </trkpt>
      <trkpt lat="34.27389" lon="-119.30358">
        <ele>1.5</ele>
      </trkpt>
      <trkpt lat="34.27387" lon="-119.30358">
        <ele>1.5</ele>
      </trkpt>
      <trkpt lat="34.27386" lon="-119.30358">
        <ele>1.5</ele>
      </trkpt>
      <trkpt lat="34.27385" lon="-119.30357">
        <ele>1.4</ele>
      </trkpt>
      <trkpt lat="34.27383" lon="-119.30356">
        <ele>1.4</ele>
      </trkpt>
      <trkpt lat="34.27383" lon="-119.30355">
        <ele>1.4</ele>
      </trkpt>
      <trkpt lat="34.27382" lon="-119.30355">
        <ele>1.4</ele>
      </trkpt>
      <trkpt lat="34.27382" lon="-119.30353">
        <ele>1.4</ele>
      </trkpt>
      <trkpt lat="34.27382" lon="-119.30352">
        <ele>1.4</ele>
      </trkpt>
      <trkpt lat="34.27382" lon="-119.3035">
        <ele>1.4</ele>
      </trkpt>
      <trkpt lat="34.27383" lon="-119.30348">
        <ele>1.4</ele>
      </trkpt>
      <trkpt lat="34.27384" lon="-119.30345">
        <ele>1.4</ele>
      </trkpt>
      <trkpt lat="34.27385" lon="-119.30342">
        <ele>1.4</ele>
      </trkpt>
      <trkpt lat="34.27385" lon="-119.3034">
        <ele>1.4</ele>
      </trkpt>
      <trkpt lat="34.27386" lon="-119.30339">
        <ele>1.4</ele>
      </trkpt>
      <trkpt lat="34.27386" lon="-119.30333">
        <ele>1.4</ele>
      </trkpt>
      <trkpt lat="34.27388" lon="-119.30318">
        <ele>1.5</ele>
      </trkpt>
      <trkpt lat="34.2739" lon="-119.30298">
        <ele>1.5</ele>
      </trkpt>
      <trkpt lat="34.27392" lon="-119.30282">
        <ele>1.5</ele>
      </trkpt>
      <trkpt lat="34.27392" lon="-119.30281">
        <ele>1.5</ele>
      </trkpt>
      <trkpt lat="34.27392" lon="-119.30279">
        <ele>1.5</ele>
      </trkpt>
      <trkpt lat="34.27391" lon="-119.30278">
        <ele>1.5</ele>
      </trkpt>
      <trkpt lat="34.2739" lon="-119.30276">
        <ele>1.5</ele>
      </trkpt>
      <trkpt lat="34.27389" lon="-119.30275">
        <ele>1.4</ele>
      </trkpt>
      <trkpt lat="34.27389" lon="-119.30274">
        <ele>1.4</ele>
      </trkpt>
      <trkpt lat="34.27389" lon="-119.30273">
        <ele>1.4</ele>
      </trkpt>
      <trkpt lat="34.27389" lon="-119.30272">
        <ele>1.4</ele>
      </trkpt>
      <trkpt lat="34.27389" lon="-119.30266">
        <ele>1.4</ele>
      </trkpt>
      <trkpt lat="34.2739" lon="-119.30254">
        <ele>1.6</ele>
      </trkpt>
      <trkpt lat="34.27392" lon="-119.30233">
        <ele>1.7</ele>
      </trkpt>
      <trkpt lat="34.27395" lon="-119.30212">
        <ele>1.7</ele>
      </trkpt>
      <trkpt lat="34.27395" lon="-119.30211">
        <ele>1.7</ele>
      </trkpt>
      <trkpt lat="34.27395" lon="-119.30205">
        <ele>1.7</ele>
      </trkpt>
      <trkpt lat="34.27397" lon="-119.3019">
        <ele>1.9</ele>
      </trkpt>
      <trkpt lat="34.27397" lon="-119.30189">
        <ele>1.9</ele>
      </trkpt>
      <trkpt lat="34.27399" lon="-119.30169">
        <ele>2.2</ele>
      </trkpt>
      <trkpt lat="34.274" lon="-119.30168">
        <ele>2.2</ele>
      </trkpt>
      <trkpt lat="34.274" lon="-119.30164">
        <ele>2.3</ele>
      </trkpt>
      <trkpt lat="34.27402" lon="-119.30147">
        <ele>2.9</ele>
      </trkpt>
      <trkpt lat="34.27402" lon="-119.30146">
        <ele>3.0</ele>
      </trkpt>
      <trkpt lat="34.27403" lon="-119.30141">
        <ele>3.2</ele>
      </trkpt>
      <trkpt lat="34.27405" lon="-119.30123">
        <ele>3.6</ele>
      </trkpt>
      <trkpt lat="34.27406" lon="-119.30104">
        <ele>3.8</ele>
      </trkpt>
      <trkpt lat="34.27407" lon="-119.30095">
        <ele>3.8</ele>
      </trkpt>
      <trkpt lat="34.27409" lon="-119.30073">
        <ele>3.9</ele>
      </trkpt>
      <trkpt lat="34.27409" lon="-119.30068">
        <ele>4.0</ele>
      </trkpt>
      <trkpt lat="34.2741" lon="-119.30064">
        <ele>4.1</ele>
      </trkpt>
      <trkpt lat="34.27411" lon="-119.3006">
        <ele>4.1</ele>
      </trkpt>
      <trkpt lat="34.27412" lon="-119.30057">
        <ele>4.1</ele>
      </trkpt>
      <trkpt lat="34.27414" lon="-119.30053">
        <ele>4.1</ele>
      </trkpt>
      <trkpt lat="34.27417" lon="-119.30049">
        <ele>4.1</ele>
      </trkpt>
      <trkpt lat="34.2742" lon="-119.30046">
        <ele>4.1</ele>
      </trkpt>
      <trkpt lat="34.27422" lon="-119.30044">
        <ele>4.1</ele>
      </trkpt>
      <trkpt lat="34.27423" lon="-119.30043">
        <ele>4.1</ele>
      </trkpt>
      <trkpt lat="34.27424" lon="-119.30042">
        <ele>4.1</ele>
      </trkpt>
      <trkpt lat="34.27425" lon="-119.30042">
        <ele>4.1</ele>
      </trkpt>
      <trkpt lat="34.27426" lon="-119.30041">
        <ele>4.1</ele>
      </trkpt>
      <trkpt lat="34.27427" lon="-119.30041">
        <ele>4.1</ele>
      </trkpt>
      <trkpt lat="34.27429" lon="-119.30042">
        <ele>4.1</ele>
      </trkpt>
      <trkpt lat="34.2743" lon="-119.30042">
        <ele>4.1</ele>
      </trkpt>
      <trkpt lat="34.27431" lon="-119.30042">
        <ele>4.1</ele>
      </trkpt>
      <trkpt lat="34.27432" lon="-119.30042">
        <ele>4.1</ele>
      </trkpt>
      <trkpt lat="34.27433" lon="-119.30041">
        <ele>4.1</ele>
      </trkpt>
      <trkpt lat="34.27434" lon="-119.3004">
        <ele>4.1</ele>
      </trkpt>
      <trkpt lat="34.27435" lon="-119.3004">
        <ele>4.1</ele>
      </trkpt>
      <trkpt lat="34.27435" lon="-119.30039">
        <ele>4.1</ele>
      </trkpt>
      <trkpt lat="34.27435" lon="-119.30038">
        <ele>4.1</ele>
      </trkpt>
      <trkpt lat="34.27436" lon="-119.30038">
        <ele>4.1</ele>
      </trkpt>
      <trkpt lat="34.27436" lon="-119.30037">
        <ele>4.1</ele>
      </trkpt>
      <trkpt lat="34.27436" lon="-119.30036">
        <ele>4.1</ele>
      </trkpt>
      <trkpt lat="34.27436" lon="-119.30036">
        <ele>4.1</ele>
      </trkpt>
      <trkpt lat="34.27436" lon="-119.30033">
        <ele>4.1</ele>
      </trkpt>
      <trkpt lat="34.27435" lon="-119.30032">
        <ele>4.1</ele>
      </trkpt>
      <trkpt lat="34.27434" lon="-119.3003">
        <ele>4.1</ele>
      </trkpt>
      <trkpt lat="34.27433" lon="-119.30029">
        <ele>4.1</ele>
      </trkpt>
      <trkpt lat="34.27432" lon="-119.30028">
        <ele>4.1</ele>
      </trkpt>
      <trkpt lat="34.2743" lon="-119.30027">
        <ele>4.1</ele>
      </trkpt>
      <trkpt lat="34.27429" lon="-119.30026">
        <ele>4.1</ele>
      </trkpt>
      <trkpt lat="34.27428" lon="-119.30024">
        <ele>4.1</ele>
      </trkpt>
      <trkpt lat="34.27427" lon="-119.30022">
        <ele>4.1</ele>
      </trkpt>
      <trkpt lat="34.27426" lon="-119.30021">
        <ele>4.1</ele>
      </trkpt>
      <trkpt lat="34.27426" lon="-119.30018">
        <ele>4.1</ele>
      </trkpt>
      <trkpt lat="34.27425" lon="-119.3001">
        <ele>4.1</ele>
      </trkpt>
      <trkpt lat="34.27426" lon="-119.29999">
        <ele>4.1</ele>
      </trkpt>
      <trkpt lat="34.27427" lon="-119.29986">
        <ele>4.1</ele>
      </trkpt>
      <trkpt lat="34.2743" lon="-119.29956">
        <ele>4.1</ele>
      </trkpt>
      <trkpt lat="34.27434" lon="-119.29915">
        <ele>4.1</ele>
      </trkpt>
      <trkpt lat="34.27435" lon="-119.2991">
        <ele>4.1</ele>
      </trkpt>
      <trkpt lat="34.27443" lon="-119.29874">
        <ele>4.1</ele>
      </trkpt>
      <trkpt lat="34.27446" lon="-119.29863">
        <ele>4.1</ele>
      </trkpt>
      <trkpt lat="34.27448" lon="-119.29853">
        <ele>4.1</ele>
      </trkpt>
      <trkpt lat="34.27452" lon="-119.29835">
        <ele>4.1</ele>
      </trkpt>
      <trkpt lat="34.27452" lon="-119.29835">
        <ele>4.1</ele>
      </trkpt>
      <trkpt lat="34.27455" lon="-119.29823">
        <ele>4.0</ele>
      </trkpt>
      <trkpt lat="34.27456" lon="-119.2982">
        <ele>3.9</ele>
      </trkpt>
      <trkpt lat="34.27463" lon="-119.29798">
        <ele>3.7</ele>
      </trkpt>
      <trkpt lat="34.27471" lon="-119.2978">
        <ele>3.5</ele>
      </trkpt>
      <trkpt lat="34.27484" lon="-119.29754">
        <ele>3.7</ele>
      </trkpt>
      <trkpt lat="34.27488" lon="-119.29745">
        <ele>3.8</ele>
      </trkpt>
      <trkpt lat="34.27493" lon="-119.29733">
        <ele>4.0</ele>
      </trkpt>
      <trkpt lat="34.27498" lon="-119.29724">
        <ele>4.1</ele>
      </trkpt>
      <trkpt lat="34.27508" lon="-119.29697">
        <ele>4.1</ele>
      </trkpt>
      <trkpt lat="34.27512" lon="-119.29684">
        <ele>4.1</ele>
      </trkpt>
      <trkpt lat="34.27516" lon="-119.29673">
        <ele>4.1</ele>
      </trkpt>
      <trkpt lat="34.27525" lon="-119.29643">
        <ele>4.1</ele>
      </trkpt>
      <trkpt lat="34.2753" lon="-119.2963">
        <ele>4.2</ele>
      </trkpt>
      <trkpt lat="34.27534" lon="-119.29619">
        <ele>4.1</ele>
      </trkpt>
      <trkpt lat="34.27539" lon="-119.29603">
        <ele>4.1</ele>
      </trkpt>
      <trkpt lat="34.27551" lon="-119.29562">
        <ele>3.2</ele>
      </trkpt>
      <trkpt lat="34.27558" lon="-119.29536">
        <ele>2.5</ele>
      </trkpt>
      <trkpt lat="34.27566" lon="-119.29503">
        <ele>2.6</ele>
      </trkpt>
      <trkpt lat="34.27567" lon="-119.29501">
        <ele>2.7</ele>
      </trkpt>
      <trkpt lat="34.27567" lon="-119.29493">
        <ele>2.5</ele>
      </trkpt>
      <trkpt lat="34.27568" lon="-119.29485">
        <ele>2.6</ele>
      </trkpt>
      <trkpt lat="34.27573" lon="-119.29471">
        <ele>2.6</ele>
      </trkpt>
      <trkpt lat="34.27575" lon="-119.29461">
        <ele>2.7</ele>
      </trkpt>
      <trkpt lat="34.2758" lon="-119.29441">
        <ele>3.0</ele>
      </trkpt>
      <trkpt lat="34.27592" lon="-119.29397">
        <ele>4.1</ele>
      </trkpt>
      <trkpt lat="34.27598" lon="-119.29376">
        <ele>4.8</ele>
      </trkpt>
      <trkpt lat="34.27601" lon="-119.29367">
        <ele>5.2</ele>
      </trkpt>
      <trkpt lat="34.27603" lon="-119.29355">
        <ele>5.7</ele>
      </trkpt>
      <trkpt lat="34.27607" lon="-119.29335">
        <ele>6.7</ele>
      </trkpt>
      <trkpt lat="34.27608" lon="-119.29321">
        <ele>7.1</ele>
      </trkpt>
      <trkpt lat="34.27609" lon="-119.29312">
        <ele>7.1</ele>
      </trkpt>
      <trkpt lat="34.27609" lon="-119.29292">
        <ele>6.7</ele>
      </trkpt>
      <trkpt lat="34.27608" lon="-119.29275">
        <ele>5.9</ele>
      </trkpt>
      <trkpt lat="34.27608" lon="-119.29265">
        <ele>5.3</ele>
      </trkpt>
      <trkpt lat="34.27606" lon="-119.29242">
        <ele>4.3</ele>
      </trkpt>
      <trkpt lat="34.27606" lon="-119.29242">
        <ele>4.3</ele>
      </trkpt>
      <trkpt lat="34.27605" lon="-119.2924">
        <ele>4.2</ele>
      </trkpt>
      <trkpt lat="34.27603" lon="-119.29208">
        <ele>4.3</ele>
      </trkpt>
      <trkpt lat="34.27601" lon="-119.29194">
        <ele>4.4</ele>
      </trkpt>
      <trkpt lat="34.27601" lon="-119.2918">
        <ele>4.5</ele>
      </trkpt>
      <trkpt lat="34.27599" lon="-119.29164">
        <ele>4.6</ele>
      </trkpt>
      <trkpt lat="34.27599" lon="-119.29163">
        <ele>4.6</ele>
      </trkpt>
      <trkpt lat="34.27594" lon="-119.29121">
        <ele>4.5</ele>
      </trkpt>
      <trkpt lat="34.27593" lon="-119.2911">
        <ele>4.6</ele>
      </trkpt>
      <trkpt lat="34.27591" lon="-119.29101">
        <ele>4.6</ele>
      </trkpt>
      <trkpt lat="34.27591" lon="-119.291">
        <ele>4.6</ele>
      </trkpt>
      <trkpt lat="34.2759" lon="-119.29092">
        <ele>4.6</ele>
      </trkpt>
      <trkpt lat="34.27586" lon="-119.29079">
        <ele>4.5</ele>
      </trkpt>
      <trkpt lat="34.27585" lon="-119.29074">
        <ele>4.5</ele>
      </trkpt>
      <trkpt lat="34.27581" lon="-119.29061">
        <ele>4.4</ele>
      </trkpt>
      <trkpt lat="34.27581" lon="-119.2906">
        <ele>4.4</ele>
      </trkpt>
      <trkpt lat="34.2758" lon="-119.29058">
        <ele>4.4</ele>
      </trkpt>
      <trkpt lat="34.27576" lon="-119.29043">
        <ele>4.3</ele>
      </trkpt>
      <trkpt lat="34.27575" lon="-119.29039">
        <ele>4.3</ele>
      </trkpt>
      <trkpt lat="34.27575" lon="-119.29037">
        <ele>4.3</ele>
      </trkpt>
      <trkpt lat="34.2756" lon="-119.28983">
        <ele>4.3</ele>
      </trkpt>
      <trkpt lat="34.27558" lon="-119.28975">
        <ele>4.2</ele>
      </trkpt>
      <trkpt lat="34.27552" lon="-119.28956">
        <ele>4.2</ele>
      </trkpt>
      <trkpt lat="34.27552" lon="-119.28954">
        <ele>4.2</ele>
      </trkpt>
      <trkpt lat="34.27534" lon="-119.28893">
        <ele>4.4</ele>
      </trkpt>
      <trkpt lat="34.27531" lon="-119.28881">
        <ele>4.6</ele>
      </trkpt>
      <trkpt lat="34.27528" lon="-119.28875">
        <ele>4.5</ele>
      </trkpt>
      <trkpt lat="34.2752" lon="-119.28869">
        <ele>4.2</ele>
      </trkpt>
      <trkpt lat="34.27515" lon="-119.2886">
        <ele>4.2</ele>
      </trkpt>
      <trkpt lat="34.27514" lon="-119.28858">
        <ele>4.2</ele>
      </trkpt>
      <trkpt lat="34.27508" lon="-119.28844">
        <ele>4.2</ele>
      </trkpt>
      <trkpt lat="34.27507" lon="-119.28841">
        <ele>4.2</ele>
      </trkpt>
      <trkpt lat="34.27505" lon="-119.28835">
        <ele>4.3</ele>
      </trkpt>
      <trkpt lat="34.27497" lon="-119.28823">
        <ele>4.4</ele>
      </trkpt>
      <trkpt lat="34.27496" lon="-119.28822">
        <ele>4.4</ele>
      </trkpt>
      <trkpt lat="34.27489" lon="-119.28812">
        <ele>4.4</ele>
      </trkpt>
      <trkpt lat="34.27484" lon="-119.28807">
        <ele>4.4</ele>
      </trkpt>
      <trkpt lat="34.27479" lon="-119.288">
        <ele>4.4</ele>
      </trkpt>
      <trkpt lat="34.27472" lon="-119.28791">
        <ele>4.2</ele>
      </trkpt>
      <trkpt lat="34.27466" lon="-119.28783">
        <ele>4.1</ele>
      </trkpt>
      <trkpt lat="34.27458" lon="-119.2877">
        <ele>4.2</ele>
      </trkpt>
      <trkpt lat="34.27457" lon="-119.28768">
        <ele>4.2</ele>
      </trkpt>
      <trkpt lat="34.27457" lon="-119.28768">
        <ele>4.2</ele>
      </trkpt>
      <trkpt lat="34.27447" lon="-119.28752">
        <ele>4.1</ele>
      </trkpt>
      <trkpt lat="34.27441" lon="-119.28738">
        <ele>4.2</ele>
      </trkpt>
      <trkpt lat="34.27438" lon="-119.28732">
        <ele>4.1</ele>
      </trkpt>
      <trkpt lat="34.27432" lon="-119.2872">
        <ele>4.1</ele>
      </trkpt>
      <trkpt lat="34.27427" lon="-119.28712">
        <ele>4.1</ele>
      </trkpt>
      <trkpt lat="34.27423" lon="-119.28706">
        <ele>4.0</ele>
      </trkpt>
      <trkpt lat="34.27418" lon="-119.287">
        <ele>3.9</ele>
      </trkpt>
      <trkpt lat="34.27412" lon="-119.28694">
        <ele>3.8</ele>
      </trkpt>
      <trkpt lat="34.27405" lon="-119.28688">
        <ele>3.7</ele>
      </trkpt>
      <trkpt lat="34.27398" lon="-119.2868">
        <ele>3.6</ele>
      </trkpt>
      <trkpt lat="34.27394" lon="-119.28674">
        <ele>3.5</ele>
      </trkpt>
      <trkpt lat="34.27394" lon="-119.28673">
        <ele>3.5</ele>
      </trkpt>
      <trkpt lat="34.27392" lon="-119.28669">
        <ele>3.5</ele>
      </trkpt>
      <trkpt lat="34.2739" lon="-119.28663">
        <ele>3.5</ele>
      </trkpt>
      <trkpt lat="34.27389" lon="-119.28653">
        <ele>3.8</ele>
      </trkpt>
      <trkpt lat="34.27389" lon="-119.28642">
        <ele>4.1</ele>
      </trkpt>
      <trkpt lat="34.27388" lon="-119.28637">
        <ele>4.3</ele>
      </trkpt>
      <trkpt lat="34.27387" lon="-119.28632">
        <ele>4.5</ele>
      </trkpt>
      <trkpt lat="34.27386" lon="-119.28631">
        <ele>4.4</ele>
      </trkpt>
      <trkpt lat="34.27381" lon="-119.2862">
        <ele>4.6</ele>
      </trkpt>
      <trkpt lat="34.27377" lon="-119.28614">
        <ele>4.6</ele>
      </trkpt>
      <trkpt lat="34.27374" lon="-119.28611">
        <ele>4.4</ele>
      </trkpt>
      <trkpt lat="34.27365" lon="-119.28597">
        <ele>4.4</ele>
      </trkpt>
      <trkpt lat="34.2736" lon="-119.2859">
        <ele>4.4</ele>
      </trkpt>
      <trkpt lat="34.27354" lon="-119.2858">
        <ele>4.2</ele>
      </trkpt>
      <trkpt lat="34.27351" lon="-119.28574">
        <ele>4.2</ele>
      </trkpt>
      <trkpt lat="34.27337" lon="-119.28547">
        <ele>4.0</ele>
      </trkpt>
      <trkpt lat="34.27317" lon="-119.28514">
        <ele>3.8</ele>
      </trkpt>
      <trkpt lat="34.273" lon="-119.28487">
        <ele>3.4</ele>
      </trkpt>
      <trkpt lat="34.2728" lon="-119.28463">
        <ele>3.7</ele>
      </trkpt>
      <trkpt lat="34.2727" lon="-119.28451">
        <ele>3.9</ele>
      </trkpt>
      <trkpt lat="34.27261" lon="-119.28437">
        <ele>4.1</ele>
      </trkpt>
      <trkpt lat="34.27261" lon="-119.28437">
        <ele>4.1</ele>
      </trkpt>
      <trkpt lat="34.27261" lon="-119.28436">
        <ele>4.1</ele>
      </trkpt>
      <trkpt lat="34.27246" lon="-119.2841">
        <ele>3.1</ele>
      </trkpt>
      <trkpt lat="34.27237" lon="-119.28393">
        <ele>3.1</ele>
      </trkpt>
      <trkpt lat="34.27231" lon="-119.28384">
        <ele>3.0</ele>
      </trkpt>
      <trkpt lat="34.27227" lon="-119.28375">
        <ele>2.9</ele>
      </trkpt>
      <trkpt lat="34.27226" lon="-119.28374">
        <ele>2.9</ele>
      </trkpt>
      <trkpt lat="34.27222" lon="-119.28367">
        <ele>2.6</ele>
      </trkpt>
      <trkpt lat="34.27216" lon="-119.28352">
        <ele>2.6</ele>
      </trkpt>
      <trkpt lat="34.27211" lon="-119.28344">
        <ele>2.7</ele>
      </trkpt>
      <trkpt lat="34.27199" lon="-119.28327">
        <ele>3.5</ele>
      </trkpt>
      <trkpt lat="34.27195" lon="-119.28323">
        <ele>3.7</ele>
      </trkpt>
      <trkpt lat="34.27193" lon="-119.2832">
        <ele>3.8</ele>
      </trkpt>
      <trkpt lat="34.27189" lon="-119.28313">
        <ele>3.8</ele>
      </trkpt>
      <trkpt lat="34.27182" lon="-119.28285">
        <ele>3.8</ele>
      </trkpt>
      <trkpt lat="34.2717" lon="-119.28242">
        <ele>3.8</ele>
      </trkpt>
      <trkpt lat="34.27167" lon="-119.28228">
        <ele>3.8</ele>
      </trkpt>
      <trkpt lat="34.27159" lon="-119.28202">
        <ele>3.8</ele>
      </trkpt>
      <trkpt lat="34.27157" lon="-119.28194">
        <ele>3.8</ele>
      </trkpt>
      <trkpt lat="34.27155" lon="-119.28185">
        <ele>3.8</ele>
      </trkpt>
      <trkpt lat="34.27146" lon="-119.28156">
        <ele>3.8</ele>
      </trkpt>
      <trkpt lat="34.27143" lon="-119.28145">
        <ele>3.8</ele>
      </trkpt>
      <trkpt lat="34.27138" lon="-119.28131">
        <ele>3.8</ele>
      </trkpt>
      <trkpt lat="34.27128" lon="-119.28107">
        <ele>3.8</ele>
      </trkpt>
      <trkpt lat="34.27128" lon="-119.28105">
        <ele>3.8</ele>
      </trkpt>
      <trkpt lat="34.27117" lon="-119.28083">
        <ele>3.8</ele>
      </trkpt>
      <trkpt lat="34.27099" lon="-119.28049">
        <ele>3.8</ele>
      </trkpt>
      <trkpt lat="34.27079" lon="-119.28018">
        <ele>3.8</ele>
      </trkpt>
      <trkpt lat="34.27059" lon="-119.27993">
        <ele>3.8</ele>
      </trkpt>
      <trkpt lat="34.27038" lon="-119.27969">
        <ele>3.8</ele>
      </trkpt>
      <trkpt lat="34.27032" lon="-119.27964">
        <ele>3.8</ele>
      </trkpt>
      <trkpt lat="34.2703" lon="-119.27963">
        <ele>3.8</ele>
      </trkpt>
      <trkpt lat="34.27028" lon="-119.27961">
        <ele>3.8</ele>
      </trkpt>
      <trkpt lat="34.27025" lon="-119.27959">
        <ele>3.8</ele>
      </trkpt>
      <trkpt lat="34.27023" lon="-119.27957">
        <ele>3.8</ele>
      </trkpt>
      <trkpt lat="34.27021" lon="-119.27951">
        <ele>3.8</ele>
      </trkpt>
      <trkpt lat="34.27019" lon="-119.27949">
        <ele>3.8</ele>
      </trkpt>
      <trkpt lat="34.27016" lon="-119.27946">
        <ele>3.8</ele>
      </trkpt>
      <trkpt lat="34.27014" lon="-119.27945">
        <ele>3.8</ele>
      </trkpt>
      <trkpt lat="34.27" lon="-119.27935">
        <ele>3.8</ele>
      </trkpt>
      <trkpt lat="34.2699" lon="-119.27926">
        <ele>3.8</ele>
      </trkpt>
      <trkpt lat="34.26983" lon="-119.27918">
        <ele>3.8</ele>
      </trkpt>
      <trkpt lat="34.2698" lon="-119.27914">
        <ele>3.8</ele>
      </trkpt>
      <trkpt lat="34.26969" lon="-119.27898">
        <ele>3.8</ele>
      </trkpt>
      <trkpt lat="34.26937" lon="-119.27856">
        <ele>3.8</ele>
      </trkpt>
      <trkpt lat="34.26912" lon="-119.27827">
        <ele>3.8</ele>
      </trkpt>
      <trkpt lat="34.26903" lon="-119.27819">
        <ele>3.6</ele>
      </trkpt>
      <trkpt lat="34.26891" lon="-119.27809">
        <ele>3.5</ele>
      </trkpt>
      <trkpt lat="34.26875" lon="-119.27797">
        <ele>3.3</ele>
      </trkpt>
      <trkpt lat="34.2687" lon="-119.27793">
        <ele>3.3</ele>
      </trkpt>
      <trkpt lat="34.2687" lon="-119.27793">
        <ele>3.3</ele>
      </trkpt>
      <trkpt lat="34.26868" lon="-119.27783">
        <ele>3.2</ele>
      </trkpt>
      <trkpt lat="34.26867" lon="-119.27778">
        <ele>3.2</ele>
      </trkpt>
      <trkpt lat="34.26867" lon="-119.27774">
        <ele>3.2</ele>
      </trkpt>
      <trkpt lat="34.26867" lon="-119.27771">
        <ele>3.2</ele>
      </trkpt>
      <trkpt lat="34.26868" lon="-119.27767">
        <ele>3.2</ele>
      </trkpt>
      <trkpt lat="34.2687" lon="-119.27762">
        <ele>3.2</ele>
      </trkpt>
      <trkpt lat="34.26872" lon="-119.27758">
        <ele>3.2</ele>
      </trkpt>
      <trkpt lat="34.26874" lon="-119.27755">
        <ele>3.2</ele>
      </trkpt>
      <trkpt lat="34.26878" lon="-119.2775">
        <ele>3.2</ele>
      </trkpt>
      <trkpt lat="34.26879" lon="-119.27746">
        <ele>3.2</ele>
      </trkpt>
      <trkpt lat="34.2688" lon="-119.27743">
        <ele>3.2</ele>
      </trkpt>
      <trkpt lat="34.26881" lon="-119.27739">
        <ele>3.2</ele>
      </trkpt>
      <trkpt lat="34.2688" lon="-119.27731">
        <ele>3.3</ele>
      </trkpt>
      <trkpt lat="34.2688" lon="-119.27726">
        <ele>3.3</ele>
      </trkpt>
      <trkpt lat="34.26879" lon="-119.27719">
        <ele>3.3</ele>
      </trkpt>
      <trkpt lat="34.26879" lon="-119.27719">
        <ele>3.3</ele>
      </trkpt>
      <trkpt lat="34.26876" lon="-119.2772">
        <ele>3.3</ele>
      </trkpt>
      <trkpt lat="34.26869" lon="-119.27721">
        <ele>3.2</ele>
      </trkpt>
      <trkpt lat="34.26863" lon="-119.27721">
        <ele>3.2</ele>
      </trkpt>
      <trkpt lat="34.26859" lon="-119.27722">
        <ele>3.2</ele>
      </trkpt>
      <trkpt lat="34.26854" lon="-119.27721">
        <ele>3.2</ele>
      </trkpt>
      <trkpt lat="34.26851" lon="-119.27721">
        <ele>3.2</ele>
      </trkpt>
      <trkpt lat="34.26849" lon="-119.27721">
        <ele>3.2</ele>
      </trkpt>
      <trkpt lat="34.26842" lon="-119.27719">
        <ele>3.1</ele>
      </trkpt>
      <trkpt lat="34.26838" lon="-119.27717">
        <ele>3.1</ele>
      </trkpt>
      <trkpt lat="34.26836" lon="-119.27716">
        <ele>3.0</ele>
      </trkpt>
      <trkpt lat="34.26833" lon="-119.27715">
        <ele>3.0</ele>
      </trkpt>
      <trkpt lat="34.26829" lon="-119.27712">
        <ele>3.0</ele>
      </trkpt>
      <trkpt lat="34.26825" lon="-119.27712">
        <ele>3.0</ele>
      </trkpt>
      <trkpt lat="34.26819" lon="-119.27709">
        <ele>3.0</ele>
      </trkpt>
      <trkpt lat="34.26814" lon="-119.27704">
        <ele>3.0</ele>
      </trkpt>
      <trkpt lat="34.26809" lon="-119.27699">
        <ele>3.0</ele>
      </trkpt>
      <trkpt lat="34.26805" lon="-119.27693">
        <ele>3.0</ele>
      </trkpt>
      <trkpt lat="34.26802" lon="-119.27689">
        <ele>3.0</ele>
      </trkpt>
      <trkpt lat="34.26796" lon="-119.27681">
        <ele>3.0</ele>
      </trkpt>
      <trkpt lat="34.26792" lon="-119.27677">
        <ele>3.0</ele>
      </trkpt>
      <trkpt lat="34.26788" lon="-119.27671">
        <ele>3.0</ele>
      </trkpt>
      <trkpt lat="34.26785" lon="-119.27668">
        <ele>3.0</ele>
      </trkpt>
      <trkpt lat="34.26783" lon="-119.27663">
        <ele>3.1</ele>
      </trkpt>
      <trkpt lat="34.26781" lon="-119.27657">
        <ele>3.2</ele>
      </trkpt>
      <trkpt lat="34.2678" lon="-119.27654">
        <ele>3.2</ele>
      </trkpt>
      <trkpt lat="34.26772" lon="-119.27632">
        <ele>3.2</ele>
      </trkpt>
      <trkpt lat="34.2677" lon="-119.27627">
        <ele>3.2</ele>
      </trkpt>
      <trkpt lat="34.26766" lon="-119.27614">
        <ele>3.2</ele>
      </trkpt>
      <trkpt lat="34.26745" lon="-119.27553">
        <ele>3.5</ele>
      </trkpt>
      <trkpt lat="34.26723" lon="-119.27492">
        <ele>3.5</ele>
      </trkpt>
      <trkpt lat="34.26719" lon="-119.27479">
        <ele>3.5</ele>
      </trkpt>
      <trkpt lat="34.26716" lon="-119.27473">
        <ele>3.5</ele>
      </trkpt>
      <trkpt lat="34.26712" lon="-119.27466">
        <ele>3.5</ele>
      </trkpt>
      <trkpt lat="34.26709" lon="-119.27461">
        <ele>3.5</ele>
      </trkpt>
      <trkpt lat="34.26702" lon="-119.27454">
        <ele>3.5</ele>
      </trkpt>
      <trkpt lat="34.26688" lon="-119.2744">
        <ele>3.5</ele>
      </trkpt>
      <trkpt lat="34.26675" lon="-119.27429">
        <ele>3.5</ele>
      </trkpt>
      <trkpt lat="34.26651" lon="-119.27408">
        <ele>3.5</ele>
      </trkpt>
      <trkpt lat="34.26586" lon="-119.27355">
        <ele>3.5</ele>
      </trkpt>
      <trkpt lat="34.26559" lon="-119.27332">
        <ele>3.5</ele>
      </trkpt>
      <trkpt lat="34.26522" lon="-119.27301">
        <ele>3.3</ele>
      </trkpt>
      <trkpt lat="34.26501" lon="-119.27283">
        <ele>3.2</ele>
      </trkpt>
      <trkpt lat="34.26448" lon="-119.2724">
        <ele>3.2</ele>
      </trkpt>
      <trkpt lat="34.26414" lon="-119.27211">
        <ele>3.2</ele>
      </trkpt>
      <trkpt lat="34.26414" lon="-119.27211">
        <ele>3.2</ele>
      </trkpt>
      <trkpt lat="34.26419" lon="-119.27201">
        <ele>3.2</ele>
      </trkpt>
      <trkpt lat="34.26425" lon="-119.2719">
        <ele>3.2</ele>
      </trkpt>
      <trkpt lat="34.26434" lon="-119.27177">
        <ele>3.4</ele>
      </trkpt>
      <trkpt lat="34.26442" lon="-119.27162">
        <ele>3.5</ele>
      </trkpt>
      <trkpt lat="34.26464" lon="-119.27123">
        <ele>3.7</ele>
      </trkpt>
      <trkpt lat="34.26467" lon="-119.27118">
        <ele>3.8</ele>
      </trkpt>
      <trkpt lat="34.26472" lon="-119.27105">
        <ele>3.8</ele>
      </trkpt>
      <trkpt lat="34.26472" lon="-119.27104">
        <ele>3.8</ele>
      </trkpt>
      <trkpt lat="34.26476" lon="-119.27091">
        <ele>3.8</ele>
      </trkpt>
      <trkpt lat="34.2648" lon="-119.27067">
        <ele>3.8</ele>
      </trkpt>
      <trkpt lat="34.2648" lon="-119.27065">
        <ele>3.8</ele>
      </trkpt>
      <trkpt lat="34.26482" lon="-119.27058">
        <ele>3.8</ele>
      </trkpt>
      <trkpt lat="34.26484" lon="-119.2704">
        <ele>3.8</ele>
      </trkpt>
      <trkpt lat="34.26481" lon="-119.27018">
        <ele>3.8</ele>
      </trkpt>
      <trkpt lat="34.2648" lon="-119.26972">
        <ele>3.8</ele>
      </trkpt>
      <trkpt lat="34.26483" lon="-119.26961">
        <ele>3.8</ele>
      </trkpt>
      <trkpt lat="34.26486" lon="-119.26948">
        <ele>3.8</ele>
      </trkpt>
      <trkpt lat="34.26487" lon="-119.26943">
        <ele>3.8</ele>
      </trkpt>
      <trkpt lat="34.26487" lon="-119.26941">
        <ele>3.8</ele>
      </trkpt>
      <trkpt lat="34.26488" lon="-119.26936">
        <ele>3.8</ele>
      </trkpt>
      <trkpt lat="34.26489" lon="-119.26933">
        <ele>3.8</ele>
      </trkpt>
      <trkpt lat="34.26489" lon="-119.26932">
        <ele>3.8</ele>
      </trkpt>
      <trkpt lat="34.26492" lon="-119.26922">
        <ele>3.8</ele>
      </trkpt>
      <trkpt lat="34.26495" lon="-119.26911">
        <ele>3.8</ele>
      </trkpt>
      <trkpt lat="34.26496" lon="-119.26909">
        <ele>3.8</ele>
      </trkpt>
      <trkpt lat="34.26499" lon="-119.26902">
        <ele>3.8</ele>
      </trkpt>
      <trkpt lat="34.26502" lon="-119.26896">
        <ele>3.8</ele>
      </trkpt>
      <trkpt lat="34.26506" lon="-119.26889">
        <ele>3.8</ele>
      </trkpt>
      <trkpt lat="34.26509" lon="-119.26884">
        <ele>3.8</ele>
      </trkpt>
      <trkpt lat="34.26511" lon="-119.26879">
        <ele>3.8</ele>
      </trkpt>
      <trkpt lat="34.26519" lon="-119.2687">
        <ele>3.8</ele>
      </trkpt>
      <trkpt lat="34.26532" lon="-119.26859">
        <ele>3.8</ele>
      </trkpt>
      <trkpt lat="34.26532" lon="-119.26859">
        <ele>3.8</ele>
      </trkpt>
      <trkpt lat="34.26556" lon="-119.2684">
        <ele>3.8</ele>
      </trkpt>
      <trkpt lat="34.26562" lon="-119.26837">
        <ele>4.0</ele>
      </trkpt>
      <trkpt lat="34.26568" lon="-119.26835">
        <ele>4.3</ele>
      </trkpt>
      <trkpt lat="34.26574" lon="-119.26831">
        <ele>4.6</ele>
      </trkpt>
      <trkpt lat="34.2658" lon="-119.26827">
        <ele>4.8</ele>
      </trkpt>
      <trkpt lat="34.26585" lon="-119.26826">
        <ele>4.9</ele>
      </trkpt>
      <trkpt lat="34.26595" lon="-119.26824">
        <ele>5.3</ele>
      </trkpt>
      <trkpt lat="34.26623" lon="-119.26824">
        <ele>7.1</ele>
      </trkpt>
      <trkpt lat="34.26635" lon="-119.26826">
        <ele>9.0</ele>
      </trkpt>
      <trkpt lat="34.26643" lon="-119.26828">
        <ele>10.4</ele>
      </trkpt>
      <trkpt lat="34.26655" lon="-119.26831">
        <ele>12.1</ele>
      </trkpt>
      <trkpt lat="34.26676" lon="-119.26838">
        <ele>14.7</ele>
      </trkpt>
      <trkpt lat="34.2668" lon="-119.2684">
        <ele>15.5</ele>
      </trkpt>
      <trkpt lat="34.26698" lon="-119.26846">
        <ele>19.0</ele>
      </trkpt>
      <trkpt lat="34.26706" lon="-119.26847">
        <ele>19.4</ele>
      </trkpt>
      <trkpt lat="34.26716" lon="-119.26848">
        <ele>19.7</ele>
      </trkpt>
      <trkpt lat="34.26728" lon="-119.26848">
        <ele>20.1</ele>
      </trkpt>
      <trkpt lat="34.26745" lon="-119.26846">
        <ele>20.8</ele>
      </trkpt>
      <trkpt lat="34.2675" lon="-119.26844">
        <ele>21.0</ele>
      </trkpt>
      <trkpt lat="34.26753" lon="-119.26843">
        <ele>21.1</ele>
      </trkpt>
      <trkpt lat="34.26754" lon="-119.26843">
        <ele>21.2</ele>
      </trkpt>
      <trkpt lat="34.26762" lon="-119.26841">
        <ele>21.5</ele>
      </trkpt>
      <trkpt lat="34.26769" lon="-119.26837">
        <ele>21.8</ele>
      </trkpt>
      <trkpt lat="34.26776" lon="-119.26834">
        <ele>22.1</ele>
      </trkpt>
      <trkpt lat="34.2679" lon="-119.26828">
        <ele>22.8</ele>
      </trkpt>
      <trkpt lat="34.26794" lon="-119.26827">
        <ele>23.0</ele>
      </trkpt>
      <trkpt lat="34.26806" lon="-119.26822">
        <ele>23.5</ele>
      </trkpt>
      <trkpt lat="34.26815" lon="-119.26818">
        <ele>23.9</ele>
      </trkpt>
      <trkpt lat="34.26826" lon="-119.26819">
        <ele>24.3</ele>
      </trkpt>
      <trkpt lat="34.26841" lon="-119.26812">
        <ele>24.8</ele>
      </trkpt>
      <trkpt lat="34.26873" lon="-119.26798">
        <ele>25.5</ele>
      </trkpt>
      <trkpt lat="34.26876" lon="-119.26797">
        <ele>25.5</ele>
      </trkpt>
      <trkpt lat="34.26879" lon="-119.26796">
        <ele>25.6</ele>
      </trkpt>
      <trkpt lat="34.26884" lon="-119.26793">
        <ele>25.7</ele>
      </trkpt>
      <trkpt lat="34.26894" lon="-119.26789">
        <ele>25.7</ele>
      </trkpt>
      <trkpt lat="34.26897" lon="-119.26787">
        <ele>25.8</ele>
      </trkpt>
      <trkpt lat="34.26905" lon="-119.26784">
        <ele>25.9</ele>
      </trkpt>
      <trkpt lat="34.26923" lon="-119.26776">
        <ele>26.2</ele>
      </trkpt>
    </trkseg>
  </trk>
</gpx>
