<?xml version="1.0" encoding="UTF-8"?>
<gpx xmlns:gpxdata="http://www.cluetrust.com/XML/GPXDATA/1/0" xmlns:xsi="http://www.w3.org/2001/XMLSchema-instance" xmlns="http://www.topografix.com/GPX/1/1" version="1.1" creator="http://ridewithgps.com/" xsi:schemaLocation="http://www.topografix.com/GPX/1/1 http://www.topografix.com/GPX/1/1/gpx.xsd http://www.cluetrust.com/XML/GPXDATA/1/0 http://www.cluetrust.com/Schemas/gpxdata10.xsd">
  <metadata>
    <name>Day 4 - Big Sur to Cambria</name>
    <link href="https://ridewithgps.com/routes/56870932">
      <text>Day 4 - Big Sur to Cambria</text>
    </link>
    <time>2026-08-26T20:18:50Z</time>
  </metadata>
  <wpt lat="36.250561" lon="-121.78611">
    <name>Big Sur Lodge</name>
    <cmt>generic</cmt>
    <sym>Dot</sym>
    <type>generic</type>
  </wpt>
  <wpt lat="35.780617" lon="-121.329979">
    <name>Ragged Point Inn and Resort</name>
    <cmt>lodging</cmt>
    <sym>Dot</sym>
    <type>shelter</type>
  </wpt>
  <wpt lat="35.6630169" lon="-121.25768396">
    <name>Elephant Seal Vista Point</name>
    <cmt>generic</cmt>
    <sym>Dot</sym>
    <type>generic</type>
  </wpt>
  <wpt lat="35.64101715" lon="-121.18810235">
    <name>William Randolph Hearst Memorial Beach Pier</name>
    <cmt>generic</cmt>
    <sym>Dot</sym>
    <type>generic</type>
  </wpt>
  <wpt lat="35.57589" lon="-121.113">
    <name>6400 Moonstone Beach Drive</name>
    <cmt>generic</cmt>
    <sym>Dot</sym>
    <type>generic</type>
  </wpt>
  <wpt lat="35.568709" lon="-121.105235">
    <name>El Colibri Hotel and Spa</name>
    <cmt>lodging</cmt>
    <sym>Dot</sym>
    <type>shelter</type>
  </wpt>
  <wpt lat="36.25095" lon="-121.78616">
    <name>Slight Left</name>
    <cmt>Keep left onto Pfeiffer Big Sur</cmt>
    <desc>Keep left onto Pfeiffer Big Sur</desc>
    <sym>Dot</sym>
    <type>Dot</type>
  </wpt>
  <wpt lat="36.25282" lon="-121.78734">
    <name>Sharp Left</name>
    <cmt>Turn sharp left onto Cabrillo Highway</cmt>
    <desc>Turn sharp left onto Cabrillo Highway</desc>
    <sym>Dot</sym>
    <type>Dot</type>
  </wpt>
  <wpt lat="36.25157" lon="-121.7872">
    <name>Slight Left</name>
    <cmt>Turn slight left onto Cabrillo Highway</cmt>
    <desc>Turn slight left onto Cabrillo Highway</desc>
    <sym>Dot</sym>
    <type>Dot</type>
  </wpt>
  <wpt lat="36.061389" lon="-121.59124">
    <name>Generic</name>
    <cmt>Stop at Big Creek Cove Vista Point</cmt>
    <desc>Stop at Big Creek Cove Vista Point</desc>
    <sym>Dot</sym>
    <type>Dot</type>
  </wpt>
  <wpt lat="35.781151" lon="-121.329517">
    <name>Generic</name>
    <cmt>Stop for Lunch</cmt>
    <desc>Stop for Lunch</desc>
    <sym>Dot</sym>
    <type>Dot</type>
  </wpt>
  <wpt lat="35.78085" lon="-121.32957">
    <name>Right</name>
    <cmt>Turn right</cmt>
    <desc>Turn right</desc>
    <sym>Dot</sym>
    <type>Dot</type>
  </wpt>
  <wpt lat="35.78085" lon="-121.32976">
    <name>Left</name>
    <cmt>Turn left</cmt>
    <desc>Turn left</desc>
    <sym>Dot</sym>
    <type>Dot</type>
  </wpt>
  <wpt lat="35.78034" lon="-121.32986">
    <name>Left</name>
    <cmt>Turn left</cmt>
    <desc>Turn left</desc>
    <sym>Dot</sym>
    <type>Dot</type>
  </wpt>
  <wpt lat="35.78028" lon="-121.32956">
    <name>Right</name>
    <cmt>Turn right onto Cabrillo Highway</cmt>
    <desc>Turn right onto Cabrillo Highway</desc>
    <sym>Dot</sym>
    <type>Dot</type>
  </wpt>
  <wpt lat="35.663248" lon="-121.256976">
    <name>Generic</name>
    <cmt>Stop at Elephant Seal Vista Point</cmt>
    <desc>Stop at Elephant Seal Vista Point</desc>
    <sym>Dot</sym>
    <type>Dot</type>
  </wpt>
  <wpt lat="35.66312" lon="-121.25666">
    <name>Right</name>
    <cmt>Turn right</cmt>
    <desc>Turn right</desc>
    <sym>Dot</sym>
    <type>Dot</type>
  </wpt>
  <wpt lat="35.66284" lon="-121.25691">
    <name>Left</name>
    <cmt>Turn left</cmt>
    <desc>Turn left</desc>
    <sym>Dot</sym>
    <type>Dot</type>
  </wpt>
  <wpt lat="35.66275" lon="-121.25681">
    <name>Right</name>
    <cmt>Turn right</cmt>
    <desc>Turn right</desc>
    <sym>Dot</sym>
    <type>Dot</type>
  </wpt>
  <wpt lat="35.66275" lon="-121.25681">
    <name>Left</name>
    <cmt>Turn left</cmt>
    <desc>Turn left</desc>
    <sym>Dot</sym>
    <type>Dot</type>
  </wpt>
  <wpt lat="35.66284" lon="-121.25691">
    <name>Right</name>
    <cmt>Turn right</cmt>
    <desc>Turn right</desc>
    <sym>Dot</sym>
    <type>Dot</type>
  </wpt>
  <wpt lat="35.66312" lon="-121.25666">
    <name>Right</name>
    <cmt>Turn right onto Cabrillo Highway</cmt>
    <desc>Turn right onto Cabrillo Highway</desc>
    <sym>Dot</sym>
    <type>Dot</type>
  </wpt>
  <wpt lat="35.64655" lon="-121.19224">
    <name>Slight Right</name>
    <cmt>Keep right onto San Simeon Road</cmt>
    <desc>Keep right onto San Simeon Road</desc>
    <sym>Dot</sym>
    <type>Dot</type>
  </wpt>
  <wpt lat="35.644053" lon="-121.189059">
    <name>Generic</name>
    <cmt>Stop for views</cmt>
    <desc>Stop for views</desc>
    <sym>Dot</sym>
    <type>Dot</type>
  </wpt>
  <wpt lat="35.64415" lon="-121.18849">
    <name>Right</name>
    <cmt>Turn right</cmt>
    <desc>Turn right</desc>
    <sym>Dot</sym>
    <type>Dot</type>
  </wpt>
  <wpt lat="35.64405" lon="-121.1884">
    <name>Left</name>
    <cmt>Turn left</cmt>
    <desc>Turn left</desc>
    <sym>Dot</sym>
    <type>Dot</type>
  </wpt>
  <wpt lat="35.64328" lon="-121.18747">
    <name>Slight Right</name>
    <cmt>Turn slight right</cmt>
    <desc>Turn slight right</desc>
    <sym>Dot</sym>
    <type>Dot</type>
  </wpt>
  <wpt lat="35.64319" lon="-121.18744">
    <name>Sharp Right</name>
    <cmt>Turn sharp right</cmt>
    <desc>Turn sharp right</desc>
    <sym>Dot</sym>
    <type>Dot</type>
  </wpt>
  <wpt lat="35.64303" lon="-121.18755">
    <name>Straight</name>
    <cmt>Continue onto San Simeon Pier</cmt>
    <desc>Continue onto San Simeon Pier</desc>
    <sym>Dot</sym>
    <type>Dot</type>
  </wpt>
  <wpt lat="35.64303" lon="-121.18755">
    <name>Straight</name>
    <cmt>Continue</cmt>
    <desc>Continue</desc>
    <sym>Dot</sym>
    <type>Dot</type>
  </wpt>
  <wpt lat="35.64319" lon="-121.18744">
    <name>Right</name>
    <cmt>Turn right</cmt>
    <desc>Turn right</desc>
    <sym>Dot</sym>
    <type>Dot</type>
  </wpt>
  <wpt lat="35.644" lon="-121.18638">
    <name>Right</name>
    <cmt>Turn right onto Slo San Simeon Road</cmt>
    <desc>Turn right onto Slo San Simeon Road</desc>
    <sym>Dot</sym>
    <type>Dot</type>
  </wpt>
  <wpt lat="35.64388" lon="-121.18545">
    <name>Right</name>
    <cmt>Turn right onto Cabrillo Highway</cmt>
    <desc>Turn right onto Cabrillo Highway</desc>
    <sym>Dot</sym>
    <type>Dot</type>
  </wpt>
  <wpt lat="35.58551" lon="-121.12113">
    <name>Right</name>
    <cmt>Turn right onto Moonstone Beach Drive</cmt>
    <desc>Turn right onto Moonstone Beach Drive</desc>
    <sym>Dot</sym>
    <type>Dot</type>
  </wpt>
  <wpt lat="35.57587" lon="-121.1135">
    <name>Left</name>
    <cmt>Turn left</cmt>
    <desc>Turn left</desc>
    <sym>Dot</sym>
    <type>Dot</type>
  </wpt>
  <wpt lat="35.57587" lon="-121.1135">
    <name>Left</name>
    <cmt>Turn left onto Moonstone Beach Drive</cmt>
    <desc>Turn left onto Moonstone Beach Drive</desc>
    <sym>Dot</sym>
    <type>Dot</type>
  </wpt>
  <trk>
    <name>Day 4 - Big Sur to Cambria</name>
    <trkseg>
      <trkpt lat="36.25071" lon="-121.78601">
        <ele>68.6</ele>
      </trkpt>
      <trkpt lat="36.25071" lon="-121.78601">
        <ele>68.6</ele>
      </trkpt>
      <trkpt lat="36.25071" lon="-121.78601">
        <ele>68.6</ele>
      </trkpt>
      <trkpt lat="36.25077" lon="-121.78614">
        <ele>68.4</ele>
      </trkpt>
      <trkpt lat="36.25095" lon="-121.78616">
        <ele>70.8</ele>
      </trkpt>
      <trkpt lat="36.25106" lon="-121.78628">
        <ele>70.5</ele>
      </trkpt>
      <trkpt lat="36.25133" lon="-121.78645">
        <ele>72.7</ele>
      </trkpt>
      <trkpt lat="36.25152" lon="-121.78655">
        <ele>74.9</ele>
      </trkpt>
      <trkpt lat="36.25168" lon="-121.78658">
        <ele>75.3</ele>
      </trkpt>
      <trkpt lat="36.25183" lon="-121.78659">
        <ele>76.0</ele>
      </trkpt>
      <trkpt lat="36.25203" lon="-121.78666">
        <ele>76.4</ele>
      </trkpt>
      <trkpt lat="36.2522" lon="-121.78673">
        <ele>76.4</ele>
      </trkpt>
      <trkpt lat="36.25236" lon="-121.78679">
        <ele>76.4</ele>
      </trkpt>
      <trkpt lat="36.2525" lon="-121.78687">
        <ele>75.8</ele>
      </trkpt>
      <trkpt lat="36.25262" lon="-121.7869">
        <ele>75.7</ele>
      </trkpt>
      <trkpt lat="36.25273" lon="-121.78702">
        <ele>74.3</ele>
      </trkpt>
      <trkpt lat="36.25282" lon="-121.78734">
        <ele>70.4</ele>
      </trkpt>
      <trkpt lat="36.25256" lon="-121.78735">
        <ele>70.3</ele>
      </trkpt>
      <trkpt lat="36.25219" lon="-121.78733">
        <ele>70.2</ele>
      </trkpt>
      <trkpt lat="36.25157" lon="-121.7872">
        <ele>69.0</ele>
      </trkpt>
      <trkpt lat="36.25157" lon="-121.7872">
        <ele>69.0</ele>
      </trkpt>
      <trkpt lat="36.25077" lon="-121.78681">
        <ele>67.2</ele>
      </trkpt>
      <trkpt lat="36.25032" lon="-121.78643">
        <ele>66.2</ele>
      </trkpt>
      <trkpt lat="36.24994" lon="-121.78606">
        <ele>65.2</ele>
      </trkpt>
      <trkpt lat="36.2498" lon="-121.78591">
        <ele>64.9</ele>
      </trkpt>
      <trkpt lat="36.24971" lon="-121.78581">
        <ele>66.0</ele>
      </trkpt>
      <trkpt lat="36.24962" lon="-121.78567">
        <ele>66.6</ele>
      </trkpt>
      <trkpt lat="36.24949" lon="-121.78543">
        <ele>68.1</ele>
      </trkpt>
      <trkpt lat="36.24922" lon="-121.78485">
        <ele>71.4</ele>
      </trkpt>
      <trkpt lat="36.24886" lon="-121.7839">
        <ele>76.6</ele>
      </trkpt>
      <trkpt lat="36.24869" lon="-121.78352">
        <ele>80.0</ele>
      </trkpt>
      <trkpt lat="36.24863" lon="-121.7834">
        <ele>80.9</ele>
      </trkpt>
      <trkpt lat="36.24863" lon="-121.7834">
        <ele>80.9</ele>
      </trkpt>
      <trkpt lat="36.24843" lon="-121.783">
        <ele>83.4</ele>
      </trkpt>
      <trkpt lat="36.24823" lon="-121.78264">
        <ele>86.3</ele>
      </trkpt>
      <trkpt lat="36.24805" lon="-121.78237">
        <ele>90.4</ele>
      </trkpt>
      <trkpt lat="36.24791" lon="-121.7822">
        <ele>92.4</ele>
      </trkpt>
      <trkpt lat="36.24776" lon="-121.78206">
        <ele>94.0</ele>
      </trkpt>
      <trkpt lat="36.24749" lon="-121.78184">
        <ele>95.2</ele>
      </trkpt>
      <trkpt lat="36.24736" lon="-121.7817">
        <ele>95.2</ele>
      </trkpt>
      <trkpt lat="36.24725" lon="-121.78164">
        <ele>95.6</ele>
      </trkpt>
      <trkpt lat="36.24675" lon="-121.78145">
        <ele>101.3</ele>
      </trkpt>
      <trkpt lat="36.24608" lon="-121.78122">
        <ele>108.1</ele>
      </trkpt>
      <trkpt lat="36.2454" lon="-121.78099">
        <ele>115.3</ele>
      </trkpt>
      <trkpt lat="36.24473" lon="-121.78077">
        <ele>120.0</ele>
      </trkpt>
      <trkpt lat="36.24416" lon="-121.7804">
        <ele>128.0</ele>
      </trkpt>
      <trkpt lat="36.24376" lon="-121.77999">
        <ele>130.2</ele>
      </trkpt>
      <trkpt lat="36.24336" lon="-121.77957">
        <ele>131.6</ele>
      </trkpt>
      <trkpt lat="36.24307" lon="-121.77934">
        <ele>138.7</ele>
      </trkpt>
      <trkpt lat="36.24235" lon="-121.77898">
        <ele>142.9</ele>
      </trkpt>
      <trkpt lat="36.24164" lon="-121.77862">
        <ele>153.1</ele>
      </trkpt>
      <trkpt lat="36.24121" lon="-121.77825">
        <ele>151.6</ele>
      </trkpt>
      <trkpt lat="36.24079" lon="-121.77788">
        <ele>148.6</ele>
      </trkpt>
      <trkpt lat="36.24059" lon="-121.77763">
        <ele>149.7</ele>
      </trkpt>
      <trkpt lat="36.2404" lon="-121.77737">
        <ele>158.4</ele>
      </trkpt>
      <trkpt lat="36.24019" lon="-121.77706">
        <ele>163.5</ele>
      </trkpt>
      <trkpt lat="36.23978" lon="-121.77618">
        <ele>174.8</ele>
      </trkpt>
      <trkpt lat="36.23936" lon="-121.77531">
        <ele>179.4</ele>
      </trkpt>
      <trkpt lat="36.23915" lon="-121.77476">
        <ele>182.2</ele>
      </trkpt>
      <trkpt lat="36.23894" lon="-121.77421">
        <ele>185.0</ele>
      </trkpt>
      <trkpt lat="36.23886" lon="-121.77397">
        <ele>186.2</ele>
      </trkpt>
      <trkpt lat="36.23875" lon="-121.77351">
        <ele>189.6</ele>
      </trkpt>
      <trkpt lat="36.23865" lon="-121.77284">
        <ele>193.4</ele>
      </trkpt>
      <trkpt lat="36.23857" lon="-121.77248">
        <ele>197.1</ele>
      </trkpt>
      <trkpt lat="36.23848" lon="-121.7722">
        <ele>199.2</ele>
      </trkpt>
      <trkpt lat="36.23836" lon="-121.77192">
        <ele>199.8</ele>
      </trkpt>
      <trkpt lat="36.23825" lon="-121.77173">
        <ele>199.8</ele>
      </trkpt>
      <trkpt lat="36.23776" lon="-121.77113">
        <ele>204.2</ele>
      </trkpt>
      <trkpt lat="36.23728" lon="-121.77053">
        <ele>207.2</ele>
      </trkpt>
      <trkpt lat="36.23687" lon="-121.76989">
        <ele>215.6</ele>
      </trkpt>
      <trkpt lat="36.23647" lon="-121.76925">
        <ele>220.6</ele>
      </trkpt>
      <trkpt lat="36.23617" lon="-121.7689">
        <ele>224.7</ele>
      </trkpt>
      <trkpt lat="36.23547" lon="-121.76831">
        <ele>229.8</ele>
      </trkpt>
      <trkpt lat="36.23471" lon="-121.76778">
        <ele>239.0</ele>
      </trkpt>
      <trkpt lat="36.23405" lon="-121.76741">
        <ele>240.5</ele>
      </trkpt>
      <trkpt lat="36.23375" lon="-121.76723">
        <ele>241.3</ele>
      </trkpt>
      <trkpt lat="36.23351" lon="-121.76713">
        <ele>244.9</ele>
      </trkpt>
      <trkpt lat="36.2328" lon="-121.76689">
        <ele>254.6</ele>
      </trkpt>
      <trkpt lat="36.23243" lon="-121.7667">
        <ele>254.0</ele>
      </trkpt>
      <trkpt lat="36.23204" lon="-121.76629">
        <ele>262.2</ele>
      </trkpt>
      <trkpt lat="36.23164" lon="-121.76588">
        <ele>265.4</ele>
      </trkpt>
      <trkpt lat="36.23164" lon="-121.76588">
        <ele>265.4</ele>
      </trkpt>
      <trkpt lat="36.23139" lon="-121.7656">
        <ele>266.6</ele>
      </trkpt>
      <trkpt lat="36.23082" lon="-121.76522">
        <ele>279.8</ele>
      </trkpt>
      <trkpt lat="36.23025" lon="-121.76485">
        <ele>276.8</ele>
      </trkpt>
      <trkpt lat="36.22975" lon="-121.76471">
        <ele>283.7</ele>
      </trkpt>
      <trkpt lat="36.22942" lon="-121.76471">
        <ele>286.7</ele>
      </trkpt>
      <trkpt lat="36.22901" lon="-121.76473">
        <ele>289.3</ele>
      </trkpt>
      <trkpt lat="36.22874" lon="-121.76476">
        <ele>290.5</ele>
      </trkpt>
      <trkpt lat="36.22836" lon="-121.76474">
        <ele>292.0</ele>
      </trkpt>
      <trkpt lat="36.22822" lon="-121.76469">
        <ele>294.2</ele>
      </trkpt>
      <trkpt lat="36.22809" lon="-121.76463">
        <ele>295.1</ele>
      </trkpt>
      <trkpt lat="36.22765" lon="-121.76427">
        <ele>296.9</ele>
      </trkpt>
      <trkpt lat="36.22722" lon="-121.7639">
        <ele>295.3</ele>
      </trkpt>
      <trkpt lat="36.22677" lon="-121.76301">
        <ele>275.3</ele>
      </trkpt>
      <trkpt lat="36.22661" lon="-121.76281">
        <ele>274.8</ele>
      </trkpt>
      <trkpt lat="36.22634" lon="-121.76259">
        <ele>273.8</ele>
      </trkpt>
      <trkpt lat="36.22603" lon="-121.76249">
        <ele>274.2</ele>
      </trkpt>
      <trkpt lat="36.22579" lon="-121.76236">
        <ele>275.4</ele>
      </trkpt>
      <trkpt lat="36.22553" lon="-121.76204">
        <ele>271.7</ele>
      </trkpt>
      <trkpt lat="36.22543" lon="-121.76178">
        <ele>266.3</ele>
      </trkpt>
      <trkpt lat="36.22541" lon="-121.76151">
        <ele>261.5</ele>
      </trkpt>
      <trkpt lat="36.22541" lon="-121.76127">
        <ele>260.2</ele>
      </trkpt>
      <trkpt lat="36.22543" lon="-121.76116">
        <ele>260.4</ele>
      </trkpt>
      <trkpt lat="36.22546" lon="-121.76106">
        <ele>260.8</ele>
      </trkpt>
      <trkpt lat="36.22559" lon="-121.76076">
        <ele>260.2</ele>
      </trkpt>
      <trkpt lat="36.22565" lon="-121.76056">
        <ele>259.8</ele>
      </trkpt>
      <trkpt lat="36.22567" lon="-121.76047">
        <ele>258.3</ele>
      </trkpt>
      <trkpt lat="36.22568" lon="-121.76036">
        <ele>255.6</ele>
      </trkpt>
      <trkpt lat="36.22567" lon="-121.76025">
        <ele>253.3</ele>
      </trkpt>
      <trkpt lat="36.22565" lon="-121.76015">
        <ele>252.0</ele>
      </trkpt>
      <trkpt lat="36.22561" lon="-121.76006">
        <ele>251.1</ele>
      </trkpt>
      <trkpt lat="36.22555" lon="-121.75997">
        <ele>250.9</ele>
      </trkpt>
      <trkpt lat="36.22549" lon="-121.75989">
        <ele>250.8</ele>
      </trkpt>
      <trkpt lat="36.22523" lon="-121.75965">
        <ele>249.8</ele>
      </trkpt>
      <trkpt lat="36.22512" lon="-121.75954">
        <ele>249.6</ele>
      </trkpt>
      <trkpt lat="36.22512" lon="-121.75954">
        <ele>249.6</ele>
      </trkpt>
      <trkpt lat="36.22502" lon="-121.75939">
        <ele>249.3</ele>
      </trkpt>
      <trkpt lat="36.22497" lon="-121.75928">
        <ele>248.7</ele>
      </trkpt>
      <trkpt lat="36.2249" lon="-121.75906">
        <ele>245.5</ele>
      </trkpt>
      <trkpt lat="36.22485" lon="-121.75868">
        <ele>236.1</ele>
      </trkpt>
      <trkpt lat="36.22482" lon="-121.75856">
        <ele>236.1</ele>
      </trkpt>
      <trkpt lat="36.22478" lon="-121.75845">
        <ele>236.3</ele>
      </trkpt>
      <trkpt lat="36.22472" lon="-121.75835">
        <ele>235.6</ele>
      </trkpt>
      <trkpt lat="36.22465" lon="-121.75826">
        <ele>235.3</ele>
      </trkpt>
      <trkpt lat="36.22457" lon="-121.75819">
        <ele>234.7</ele>
      </trkpt>
      <trkpt lat="36.2245" lon="-121.75814">
        <ele>235.0</ele>
      </trkpt>
      <trkpt lat="36.22442" lon="-121.75811">
        <ele>235.9</ele>
      </trkpt>
      <trkpt lat="36.22435" lon="-121.75809">
        <ele>236.5</ele>
      </trkpt>
      <trkpt lat="36.22426" lon="-121.75808">
        <ele>237.2</ele>
      </trkpt>
      <trkpt lat="36.22418" lon="-121.75809">
        <ele>237.6</ele>
      </trkpt>
      <trkpt lat="36.2241" lon="-121.75812">
        <ele>237.5</ele>
      </trkpt>
      <trkpt lat="36.22394" lon="-121.7582">
        <ele>236.5</ele>
      </trkpt>
      <trkpt lat="36.22387" lon="-121.75826">
        <ele>234.8</ele>
      </trkpt>
      <trkpt lat="36.22373" lon="-121.75839">
        <ele>230.2</ele>
      </trkpt>
      <trkpt lat="36.22326" lon="-121.75896">
        <ele>225.5</ele>
      </trkpt>
      <trkpt lat="36.2232" lon="-121.75902">
        <ele>225.4</ele>
      </trkpt>
      <trkpt lat="36.22307" lon="-121.75911">
        <ele>225.5</ele>
      </trkpt>
      <trkpt lat="36.22294" lon="-121.75915">
        <ele>226.1</ele>
      </trkpt>
      <trkpt lat="36.22287" lon="-121.75916">
        <ele>226.4</ele>
      </trkpt>
      <trkpt lat="36.22274" lon="-121.75913">
        <ele>227.4</ele>
      </trkpt>
      <trkpt lat="36.22267" lon="-121.75909">
        <ele>228.5</ele>
      </trkpt>
      <trkpt lat="36.22261" lon="-121.75905">
        <ele>227.8</ele>
      </trkpt>
      <trkpt lat="36.22254" lon="-121.75899">
        <ele>228.1</ele>
      </trkpt>
      <trkpt lat="36.22249" lon="-121.75891">
        <ele>227.5</ele>
      </trkpt>
      <trkpt lat="36.22244" lon="-121.75883">
        <ele>225.0</ele>
      </trkpt>
      <trkpt lat="36.2224" lon="-121.75874">
        <ele>222.9</ele>
      </trkpt>
      <trkpt lat="36.22238" lon="-121.75863">
        <ele>220.8</ele>
      </trkpt>
      <trkpt lat="36.22237" lon="-121.75852">
        <ele>217.9</ele>
      </trkpt>
      <trkpt lat="36.22238" lon="-121.75805">
        <ele>211.9</ele>
      </trkpt>
      <trkpt lat="36.22235" lon="-121.7578">
        <ele>211.0</ele>
      </trkpt>
      <trkpt lat="36.2223" lon="-121.75756">
        <ele>209.7</ele>
      </trkpt>
      <trkpt lat="36.22225" lon="-121.75744">
        <ele>209.2</ele>
      </trkpt>
      <trkpt lat="36.22221" lon="-121.75734">
        <ele>209.5</ele>
      </trkpt>
      <trkpt lat="36.22216" lon="-121.75724">
        <ele>209.8</ele>
      </trkpt>
      <trkpt lat="36.2216" lon="-121.75646">
        <ele>199.9</ele>
      </trkpt>
      <trkpt lat="36.22152" lon="-121.75634">
        <ele>199.7</ele>
      </trkpt>
      <trkpt lat="36.22137" lon="-121.75608">
        <ele>199.2</ele>
      </trkpt>
      <trkpt lat="36.22125" lon="-121.75583">
        <ele>198.4</ele>
      </trkpt>
      <trkpt lat="36.22114" lon="-121.75555">
        <ele>197.5</ele>
      </trkpt>
      <trkpt lat="36.22105" lon="-121.75527">
        <ele>190.1</ele>
      </trkpt>
      <trkpt lat="36.22081" lon="-121.75448">
        <ele>189.0</ele>
      </trkpt>
      <trkpt lat="36.22077" lon="-121.75438">
        <ele>189.2</ele>
      </trkpt>
      <trkpt lat="36.22072" lon="-121.7543">
        <ele>188.9</ele>
      </trkpt>
      <trkpt lat="36.22066" lon="-121.75421">
        <ele>188.3</ele>
      </trkpt>
      <trkpt lat="36.2206" lon="-121.75415">
        <ele>188.4</ele>
      </trkpt>
      <trkpt lat="36.22053" lon="-121.7541">
        <ele>189.0</ele>
      </trkpt>
      <trkpt lat="36.22045" lon="-121.75407">
        <ele>189.0</ele>
      </trkpt>
      <trkpt lat="36.22036" lon="-121.75406">
        <ele>188.2</ele>
      </trkpt>
      <trkpt lat="36.22017" lon="-121.75407">
        <ele>188.1</ele>
      </trkpt>
      <trkpt lat="36.22" lon="-121.75412">
        <ele>190.3</ele>
      </trkpt>
      <trkpt lat="36.21993" lon="-121.75416">
        <ele>190.9</ele>
      </trkpt>
      <trkpt lat="36.21986" lon="-121.75422">
        <ele>191.1</ele>
      </trkpt>
      <trkpt lat="36.21979" lon="-121.75431">
        <ele>190.8</ele>
      </trkpt>
      <trkpt lat="36.21972" lon="-121.75439">
        <ele>190.5</ele>
      </trkpt>
      <trkpt lat="36.21933" lon="-121.75471">
        <ele>190.1</ele>
      </trkpt>
      <trkpt lat="36.21925" lon="-121.75476">
        <ele>190.1</ele>
      </trkpt>
      <trkpt lat="36.21915" lon="-121.75479">
        <ele>191.0</ele>
      </trkpt>
      <trkpt lat="36.21905" lon="-121.75481">
        <ele>192.0</ele>
      </trkpt>
      <trkpt lat="36.21896" lon="-121.7548">
        <ele>192.6</ele>
      </trkpt>
      <trkpt lat="36.21886" lon="-121.75478">
        <ele>192.3</ele>
      </trkpt>
      <trkpt lat="36.21877" lon="-121.75475">
        <ele>191.5</ele>
      </trkpt>
      <trkpt lat="36.21868" lon="-121.75471">
        <ele>190.4</ele>
      </trkpt>
      <trkpt lat="36.2186" lon="-121.75465">
        <ele>189.5</ele>
      </trkpt>
      <trkpt lat="36.21852" lon="-121.75458">
        <ele>188.5</ele>
      </trkpt>
      <trkpt lat="36.21846" lon="-121.75451">
        <ele>187.9</ele>
      </trkpt>
      <trkpt lat="36.2184" lon="-121.75442">
        <ele>187.3</ele>
      </trkpt>
      <trkpt lat="36.21834" lon="-121.75431">
        <ele>186.9</ele>
      </trkpt>
      <trkpt lat="36.21825" lon="-121.75407">
        <ele>185.0</ele>
      </trkpt>
      <trkpt lat="36.21813" lon="-121.75363">
        <ele>176.8</ele>
      </trkpt>
      <trkpt lat="36.21804" lon="-121.75335">
        <ele>175.9</ele>
      </trkpt>
      <trkpt lat="36.21793" lon="-121.75309">
        <ele>175.3</ele>
      </trkpt>
      <trkpt lat="36.21786" lon="-121.75297">
        <ele>175.0</ele>
      </trkpt>
      <trkpt lat="36.21734" lon="-121.75209">
        <ele>174.9</ele>
      </trkpt>
      <trkpt lat="36.21727" lon="-121.75193">
        <ele>174.5</ele>
      </trkpt>
      <trkpt lat="36.21722" lon="-121.75176">
        <ele>173.5</ele>
      </trkpt>
      <trkpt lat="36.21721" lon="-121.75167">
        <ele>173.4</ele>
      </trkpt>
      <trkpt lat="36.2172" lon="-121.75147">
        <ele>173.7</ele>
      </trkpt>
      <trkpt lat="36.21722" lon="-121.75126">
        <ele>175.1</ele>
      </trkpt>
      <trkpt lat="36.21724" lon="-121.7506">
        <ele>171.8</ele>
      </trkpt>
      <trkpt lat="36.21717" lon="-121.75043">
        <ele>170.9</ele>
      </trkpt>
      <trkpt lat="36.21701" lon="-121.75026">
        <ele>169.6</ele>
      </trkpt>
      <trkpt lat="36.21691" lon="-121.75019">
        <ele>168.9</ele>
      </trkpt>
      <trkpt lat="36.21679" lon="-121.75014">
        <ele>168.1</ele>
      </trkpt>
      <trkpt lat="36.21665" lon="-121.75014">
        <ele>167.2</ele>
      </trkpt>
      <trkpt lat="36.21612" lon="-121.75035">
        <ele>163.9</ele>
      </trkpt>
      <trkpt lat="36.21568" lon="-121.75058">
        <ele>160.4</ele>
      </trkpt>
      <trkpt lat="36.2154" lon="-121.75065">
        <ele>160.4</ele>
      </trkpt>
      <trkpt lat="36.21512" lon="-121.75056">
        <ele>163.0</ele>
      </trkpt>
      <trkpt lat="36.21494" lon="-121.75036">
        <ele>164.8</ele>
      </trkpt>
      <trkpt lat="36.21483" lon="-121.75001">
        <ele>166.3</ele>
      </trkpt>
      <trkpt lat="36.21478" lon="-121.74964">
        <ele>164.8</ele>
      </trkpt>
      <trkpt lat="36.2147" lon="-121.74935">
        <ele>164.0</ele>
      </trkpt>
      <trkpt lat="36.21453" lon="-121.7489">
        <ele>162.6</ele>
      </trkpt>
      <trkpt lat="36.21448" lon="-121.74862">
        <ele>163.4</ele>
      </trkpt>
      <trkpt lat="36.21449" lon="-121.74838">
        <ele>165.0</ele>
      </trkpt>
      <trkpt lat="36.21451" lon="-121.74821">
        <ele>165.6</ele>
      </trkpt>
      <trkpt lat="36.21449" lon="-121.74802">
        <ele>164.0</ele>
      </trkpt>
      <trkpt lat="36.21443" lon="-121.74773">
        <ele>162.9</ele>
      </trkpt>
      <trkpt lat="36.21432" lon="-121.74752">
        <ele>161.2</ele>
      </trkpt>
      <trkpt lat="36.21417" lon="-121.74735">
        <ele>164.4</ele>
      </trkpt>
      <trkpt lat="36.21361" lon="-121.74701">
        <ele>169.6</ele>
      </trkpt>
      <trkpt lat="36.21345" lon="-121.74682">
        <ele>175.1</ele>
      </trkpt>
      <trkpt lat="36.21301" lon="-121.74589">
        <ele>177.1</ele>
      </trkpt>
      <trkpt lat="36.21257" lon="-121.74497">
        <ele>178.4</ele>
      </trkpt>
      <trkpt lat="36.21236" lon="-121.74449">
        <ele>189.1</ele>
      </trkpt>
      <trkpt lat="36.21227" lon="-121.7442">
        <ele>190.8</ele>
      </trkpt>
      <trkpt lat="36.21221" lon="-121.74392">
        <ele>190.0</ele>
      </trkpt>
      <trkpt lat="36.21226" lon="-121.74365">
        <ele>190.4</ele>
      </trkpt>
      <trkpt lat="36.21226" lon="-121.74365">
        <ele>190.4</ele>
      </trkpt>
      <trkpt lat="36.21243" lon="-121.74334">
        <ele>192.1</ele>
      </trkpt>
      <trkpt lat="36.21252" lon="-121.74311">
        <ele>191.6</ele>
      </trkpt>
      <trkpt lat="36.21253" lon="-121.74291">
        <ele>190.5</ele>
      </trkpt>
      <trkpt lat="36.21246" lon="-121.74265">
        <ele>192.3</ele>
      </trkpt>
      <trkpt lat="36.21233" lon="-121.74248">
        <ele>193.6</ele>
      </trkpt>
      <trkpt lat="36.21216" lon="-121.7424">
        <ele>192.3</ele>
      </trkpt>
      <trkpt lat="36.21172" lon="-121.74232">
        <ele>184.1</ele>
      </trkpt>
      <trkpt lat="36.21124" lon="-121.74219">
        <ele>179.8</ele>
      </trkpt>
      <trkpt lat="36.21093" lon="-121.74206">
        <ele>187.5</ele>
      </trkpt>
      <trkpt lat="36.21069" lon="-121.74185">
        <ele>190.5</ele>
      </trkpt>
      <trkpt lat="36.21054" lon="-121.74159">
        <ele>182.3</ele>
      </trkpt>
      <trkpt lat="36.21033" lon="-121.7407">
        <ele>179.2</ele>
      </trkpt>
      <trkpt lat="36.21012" lon="-121.73981">
        <ele>174.2</ele>
      </trkpt>
      <trkpt lat="36.21001" lon="-121.73955">
        <ele>174.6</ele>
      </trkpt>
      <trkpt lat="36.20982" lon="-121.73927">
        <ele>178.3</ele>
      </trkpt>
      <trkpt lat="36.20915" lon="-121.73865">
        <ele>178.5</ele>
      </trkpt>
      <trkpt lat="36.20849" lon="-121.73803">
        <ele>178.7</ele>
      </trkpt>
      <trkpt lat="36.20828" lon="-121.73775">
        <ele>178.6</ele>
      </trkpt>
      <trkpt lat="36.20822" lon="-121.7376">
        <ele>178.9</ele>
      </trkpt>
      <trkpt lat="36.20819" lon="-121.73744">
        <ele>178.8</ele>
      </trkpt>
      <trkpt lat="36.2082" lon="-121.73729">
        <ele>178.7</ele>
      </trkpt>
      <trkpt lat="36.20828" lon="-121.73709">
        <ele>178.9</ele>
      </trkpt>
      <trkpt lat="36.20852" lon="-121.73662">
        <ele>180.0</ele>
      </trkpt>
      <trkpt lat="36.20859" lon="-121.7364">
        <ele>180.2</ele>
      </trkpt>
      <trkpt lat="36.20859" lon="-121.73618">
        <ele>180.1</ele>
      </trkpt>
      <trkpt lat="36.20847" lon="-121.73548">
        <ele>177.1</ele>
      </trkpt>
      <trkpt lat="36.2085" lon="-121.73521">
        <ele>176.7</ele>
      </trkpt>
      <trkpt lat="36.20864" lon="-121.73486">
        <ele>177.5</ele>
      </trkpt>
      <trkpt lat="36.20872" lon="-121.73453">
        <ele>176.0</ele>
      </trkpt>
      <trkpt lat="36.20867" lon="-121.73423">
        <ele>173.5</ele>
      </trkpt>
      <trkpt lat="36.20855" lon="-121.73402">
        <ele>173.5</ele>
      </trkpt>
      <trkpt lat="36.2084" lon="-121.73391">
        <ele>173.6</ele>
      </trkpt>
      <trkpt lat="36.20826" lon="-121.7339">
        <ele>174.0</ele>
      </trkpt>
      <trkpt lat="36.20808" lon="-121.73392">
        <ele>175.4</ele>
      </trkpt>
      <trkpt lat="36.2074" lon="-121.73425">
        <ele>177.9</ele>
      </trkpt>
      <trkpt lat="36.20711" lon="-121.73436">
        <ele>186.7</ele>
      </trkpt>
      <trkpt lat="36.20683" lon="-121.7346">
        <ele>188.6</ele>
      </trkpt>
      <trkpt lat="36.20662" lon="-121.73484">
        <ele>189.5</ele>
      </trkpt>
      <trkpt lat="36.20662" lon="-121.73484">
        <ele>189.5</ele>
      </trkpt>
      <trkpt lat="36.20648" lon="-121.73502">
        <ele>190.2</ele>
      </trkpt>
      <trkpt lat="36.20636" lon="-121.73511">
        <ele>192.6</ele>
      </trkpt>
      <trkpt lat="36.20589" lon="-121.73539">
        <ele>199.5</ele>
      </trkpt>
      <trkpt lat="36.20573" lon="-121.73541">
        <ele>202.6</ele>
      </trkpt>
      <trkpt lat="36.20553" lon="-121.73537">
        <ele>209.5</ele>
      </trkpt>
      <trkpt lat="36.20533" lon="-121.73522">
        <ele>205.4</ele>
      </trkpt>
      <trkpt lat="36.20494" lon="-121.7345">
        <ele>204.2</ele>
      </trkpt>
      <trkpt lat="36.20484" lon="-121.73427">
        <ele>203.9</ele>
      </trkpt>
      <trkpt lat="36.20475" lon="-121.73398">
        <ele>203.7</ele>
      </trkpt>
      <trkpt lat="36.20468" lon="-121.73354">
        <ele>203.0</ele>
      </trkpt>
      <trkpt lat="36.20461" lon="-121.73295">
        <ele>199.4</ele>
      </trkpt>
      <trkpt lat="36.20463" lon="-121.73273">
        <ele>198.5</ele>
      </trkpt>
      <trkpt lat="36.20468" lon="-121.73257">
        <ele>198.5</ele>
      </trkpt>
      <trkpt lat="36.20477" lon="-121.73241">
        <ele>198.9</ele>
      </trkpt>
      <trkpt lat="36.20499" lon="-121.73214">
        <ele>194.5</ele>
      </trkpt>
      <trkpt lat="36.2051" lon="-121.73185">
        <ele>193.8</ele>
      </trkpt>
      <trkpt lat="36.20512" lon="-121.73167">
        <ele>193.5</ele>
      </trkpt>
      <trkpt lat="36.20512" lon="-121.73152">
        <ele>193.5</ele>
      </trkpt>
      <trkpt lat="36.20507" lon="-121.73134">
        <ele>193.1</ele>
      </trkpt>
      <trkpt lat="36.20501" lon="-121.73121">
        <ele>193.3</ele>
      </trkpt>
      <trkpt lat="36.20492" lon="-121.73107">
        <ele>193.6</ele>
      </trkpt>
      <trkpt lat="36.20441" lon="-121.73063">
        <ele>188.2</ele>
      </trkpt>
      <trkpt lat="36.20425" lon="-121.7304">
        <ele>179.7</ele>
      </trkpt>
      <trkpt lat="36.20414" lon="-121.73011">
        <ele>179.4</ele>
      </trkpt>
      <trkpt lat="36.20399" lon="-121.72987">
        <ele>179.5</ele>
      </trkpt>
      <trkpt lat="36.20382" lon="-121.72968">
        <ele>179.4</ele>
      </trkpt>
      <trkpt lat="36.20362" lon="-121.7295">
        <ele>178.8</ele>
      </trkpt>
      <trkpt lat="36.20339" lon="-121.72936">
        <ele>177.9</ele>
      </trkpt>
      <trkpt lat="36.20316" lon="-121.72929">
        <ele>179.0</ele>
      </trkpt>
      <trkpt lat="36.20264" lon="-121.72915">
        <ele>183.6</ele>
      </trkpt>
      <trkpt lat="36.20212" lon="-121.72901">
        <ele>181.3</ele>
      </trkpt>
      <trkpt lat="36.20189" lon="-121.72884">
        <ele>179.7</ele>
      </trkpt>
      <trkpt lat="36.20172" lon="-121.72858">
        <ele>178.3</ele>
      </trkpt>
      <trkpt lat="36.20165" lon="-121.72834">
        <ele>175.4</ele>
      </trkpt>
      <trkpt lat="36.20162" lon="-121.72808">
        <ele>170.0</ele>
      </trkpt>
      <trkpt lat="36.20168" lon="-121.72773">
        <ele>167.8</ele>
      </trkpt>
      <trkpt lat="36.20176" lon="-121.72756">
        <ele>166.6</ele>
      </trkpt>
      <trkpt lat="36.20197" lon="-121.72719">
        <ele>156.7</ele>
      </trkpt>
      <trkpt lat="36.20202" lon="-121.72702">
        <ele>156.4</ele>
      </trkpt>
      <trkpt lat="36.20205" lon="-121.7267">
        <ele>157.5</ele>
      </trkpt>
      <trkpt lat="36.20203" lon="-121.72641">
        <ele>157.7</ele>
      </trkpt>
      <trkpt lat="36.20199" lon="-121.72617">
        <ele>157.0</ele>
      </trkpt>
      <trkpt lat="36.20194" lon="-121.72598">
        <ele>155.0</ele>
      </trkpt>
      <trkpt lat="36.20186" lon="-121.72581">
        <ele>152.0</ele>
      </trkpt>
      <trkpt lat="36.20177" lon="-121.72567">
        <ele>150.2</ele>
      </trkpt>
      <trkpt lat="36.20168" lon="-121.72557">
        <ele>151.6</ele>
      </trkpt>
      <trkpt lat="36.20158" lon="-121.72551">
        <ele>152.2</ele>
      </trkpt>
      <trkpt lat="36.20145" lon="-121.72545">
        <ele>153.0</ele>
      </trkpt>
      <trkpt lat="36.20122" lon="-121.72537">
        <ele>154.6</ele>
      </trkpt>
      <trkpt lat="36.201" lon="-121.72523">
        <ele>159.8</ele>
      </trkpt>
      <trkpt lat="36.20082" lon="-121.725">
        <ele>163.9</ele>
      </trkpt>
      <trkpt lat="36.20069" lon="-121.7247">
        <ele>164.7</ele>
      </trkpt>
      <trkpt lat="36.20064" lon="-121.72441">
        <ele>165.5</ele>
      </trkpt>
      <trkpt lat="36.20064" lon="-121.72395">
        <ele>167.2</ele>
      </trkpt>
      <trkpt lat="36.2006" lon="-121.72322">
        <ele>166.6</ele>
      </trkpt>
      <trkpt lat="36.20049" lon="-121.72253">
        <ele>167.8</ele>
      </trkpt>
      <trkpt lat="36.20032" lon="-121.72194">
        <ele>168.8</ele>
      </trkpt>
      <trkpt lat="36.20006" lon="-121.72125">
        <ele>169.1</ele>
      </trkpt>
      <trkpt lat="36.19981" lon="-121.72057">
        <ele>168.6</ele>
      </trkpt>
      <trkpt lat="36.19964" lon="-121.72025">
        <ele>166.3</ele>
      </trkpt>
      <trkpt lat="36.19906" lon="-121.71962">
        <ele>177.3</ele>
      </trkpt>
      <trkpt lat="36.19886" lon="-121.7193">
        <ele>177.3</ele>
      </trkpt>
      <trkpt lat="36.19874" lon="-121.71897">
        <ele>177.8</ele>
      </trkpt>
      <trkpt lat="36.19851" lon="-121.71814">
        <ele>172.5</ele>
      </trkpt>
      <trkpt lat="36.19838" lon="-121.71786">
        <ele>172.6</ele>
      </trkpt>
      <trkpt lat="36.19823" lon="-121.71769">
        <ele>173.0</ele>
      </trkpt>
      <trkpt lat="36.19794" lon="-121.71756">
        <ele>178.5</ele>
      </trkpt>
      <trkpt lat="36.1974" lon="-121.71745">
        <ele>177.5</ele>
      </trkpt>
      <trkpt lat="36.19728" lon="-121.71739">
        <ele>177.2</ele>
      </trkpt>
      <trkpt lat="36.19716" lon="-121.71729">
        <ele>177.5</ele>
      </trkpt>
      <trkpt lat="36.19708" lon="-121.71718">
        <ele>178.1</ele>
      </trkpt>
      <trkpt lat="36.19697" lon="-121.71699">
        <ele>178.6</ele>
      </trkpt>
      <trkpt lat="36.1969" lon="-121.71675">
        <ele>179.5</ele>
      </trkpt>
      <trkpt lat="36.19676" lon="-121.71602">
        <ele>180.8</ele>
      </trkpt>
      <trkpt lat="36.19667" lon="-121.71567">
        <ele>180.4</ele>
      </trkpt>
      <trkpt lat="36.19659" lon="-121.71548">
        <ele>180.5</ele>
      </trkpt>
      <trkpt lat="36.19653" lon="-121.71538">
        <ele>180.4</ele>
      </trkpt>
      <trkpt lat="36.19601" lon="-121.71467">
        <ele>180.2</ele>
      </trkpt>
      <trkpt lat="36.19582" lon="-121.71448">
        <ele>180.6</ele>
      </trkpt>
      <trkpt lat="36.19541" lon="-121.71417">
        <ele>178.4</ele>
      </trkpt>
      <trkpt lat="36.19527" lon="-121.71399">
        <ele>178.0</ele>
      </trkpt>
      <trkpt lat="36.19517" lon="-121.7137">
        <ele>177.7</ele>
      </trkpt>
      <trkpt lat="36.19516" lon="-121.71335">
        <ele>170.1</ele>
      </trkpt>
      <trkpt lat="36.19535" lon="-121.71292">
        <ele>163.6</ele>
      </trkpt>
      <trkpt lat="36.19553" lon="-121.71274">
        <ele>162.0</ele>
      </trkpt>
      <trkpt lat="36.19593" lon="-121.71249">
        <ele>162.3</ele>
      </trkpt>
      <trkpt lat="36.19634" lon="-121.71225">
        <ele>165.9</ele>
      </trkpt>
      <trkpt lat="36.1965" lon="-121.71212">
        <ele>167.8</ele>
      </trkpt>
      <trkpt lat="36.19659" lon="-121.712">
        <ele>168.9</ele>
      </trkpt>
      <trkpt lat="36.19664" lon="-121.71192">
        <ele>169.4</ele>
      </trkpt>
      <trkpt lat="36.19669" lon="-121.71183">
        <ele>170.9</ele>
      </trkpt>
      <trkpt lat="36.19674" lon="-121.71171">
        <ele>172.0</ele>
      </trkpt>
      <trkpt lat="36.19676" lon="-121.71162">
        <ele>172.4</ele>
      </trkpt>
      <trkpt lat="36.19676" lon="-121.71152">
        <ele>172.5</ele>
      </trkpt>
      <trkpt lat="36.19675" lon="-121.71142">
        <ele>171.7</ele>
      </trkpt>
      <trkpt lat="36.19673" lon="-121.71134">
        <ele>171.1</ele>
      </trkpt>
      <trkpt lat="36.1967" lon="-121.71125">
        <ele>170.6</ele>
      </trkpt>
      <trkpt lat="36.19667" lon="-121.71118">
        <ele>170.1</ele>
      </trkpt>
      <trkpt lat="36.19657" lon="-121.71105">
        <ele>169.0</ele>
      </trkpt>
      <trkpt lat="36.19645" lon="-121.71096">
        <ele>168.0</ele>
      </trkpt>
      <trkpt lat="36.19635" lon="-121.71091">
        <ele>167.2</ele>
      </trkpt>
      <trkpt lat="36.19577" lon="-121.71069">
        <ele>162.7</ele>
      </trkpt>
      <trkpt lat="36.19569" lon="-121.71067">
        <ele>162.1</ele>
      </trkpt>
      <trkpt lat="36.19553" lon="-121.71064">
        <ele>160.9</ele>
      </trkpt>
      <trkpt lat="36.19532" lon="-121.71064">
        <ele>162.8</ele>
      </trkpt>
      <trkpt lat="36.19477" lon="-121.71068">
        <ele>164.3</ele>
      </trkpt>
      <trkpt lat="36.19417" lon="-121.71082">
        <ele>162.8</ele>
      </trkpt>
      <trkpt lat="36.19388" lon="-121.71085">
        <ele>163.8</ele>
      </trkpt>
      <trkpt lat="36.19341" lon="-121.71086">
        <ele>175.1</ele>
      </trkpt>
      <trkpt lat="36.19295" lon="-121.71087">
        <ele>175.8</ele>
      </trkpt>
      <trkpt lat="36.19267" lon="-121.71078">
        <ele>176.9</ele>
      </trkpt>
      <trkpt lat="36.19249" lon="-121.71062">
        <ele>178.1</ele>
      </trkpt>
      <trkpt lat="36.19235" lon="-121.71043">
        <ele>178.0</ele>
      </trkpt>
      <trkpt lat="36.19225" lon="-121.71014">
        <ele>179.8</ele>
      </trkpt>
      <trkpt lat="36.19219" lon="-121.70991">
        <ele>181.8</ele>
      </trkpt>
      <trkpt lat="36.1921" lon="-121.70964">
        <ele>182.5</ele>
      </trkpt>
      <trkpt lat="36.19199" lon="-121.70946">
        <ele>181.3</ele>
      </trkpt>
      <trkpt lat="36.19182" lon="-121.70928">
        <ele>180.0</ele>
      </trkpt>
      <trkpt lat="36.19154" lon="-121.70906">
        <ele>180.9</ele>
      </trkpt>
      <trkpt lat="36.19138" lon="-121.70891">
        <ele>181.4</ele>
      </trkpt>
      <trkpt lat="36.19128" lon="-121.70877">
        <ele>182.0</ele>
      </trkpt>
      <trkpt lat="36.19115" lon="-121.70855">
        <ele>182.4</ele>
      </trkpt>
      <trkpt lat="36.19086" lon="-121.70791">
        <ele>179.4</ele>
      </trkpt>
      <trkpt lat="36.19069" lon="-121.70767">
        <ele>179.8</ele>
      </trkpt>
      <trkpt lat="36.19029" lon="-121.70733">
        <ele>180.6</ele>
      </trkpt>
      <trkpt lat="36.18989" lon="-121.707">
        <ele>179.4</ele>
      </trkpt>
      <trkpt lat="36.18968" lon="-121.7068">
        <ele>178.6</ele>
      </trkpt>
      <trkpt lat="36.18942" lon="-121.70664">
        <ele>177.5</ele>
      </trkpt>
      <trkpt lat="36.18922" lon="-121.70656">
        <ele>176.9</ele>
      </trkpt>
      <trkpt lat="36.18907" lon="-121.70647">
        <ele>176.5</ele>
      </trkpt>
      <trkpt lat="36.1889" lon="-121.70636">
        <ele>176.1</ele>
      </trkpt>
      <trkpt lat="36.18861" lon="-121.7061">
        <ele>178.4</ele>
      </trkpt>
      <trkpt lat="36.18843" lon="-121.70599">
        <ele>179.0</ele>
      </trkpt>
      <trkpt lat="36.18829" lon="-121.70592">
        <ele>179.1</ele>
      </trkpt>
      <trkpt lat="36.18818" lon="-121.70589">
        <ele>178.6</ele>
      </trkpt>
      <trkpt lat="36.18764" lon="-121.70587">
        <ele>175.0</ele>
      </trkpt>
      <trkpt lat="36.18754" lon="-121.70586">
        <ele>174.8</ele>
      </trkpt>
      <trkpt lat="36.18746" lon="-121.70582">
        <ele>175.6</ele>
      </trkpt>
      <trkpt lat="36.18728" lon="-121.70571">
        <ele>177.0</ele>
      </trkpt>
      <trkpt lat="36.18711" lon="-121.70553">
        <ele>179.3</ele>
      </trkpt>
      <trkpt lat="36.18682" lon="-121.70517">
        <ele>180.2</ele>
      </trkpt>
      <trkpt lat="36.18652" lon="-121.70474">
        <ele>178.1</ele>
      </trkpt>
      <trkpt lat="36.18634" lon="-121.70436">
        <ele>177.8</ele>
      </trkpt>
      <trkpt lat="36.1861" lon="-121.70377">
        <ele>172.4</ele>
      </trkpt>
      <trkpt lat="36.1858" lon="-121.70328">
        <ele>169.9</ele>
      </trkpt>
      <trkpt lat="36.1854" lon="-121.70269">
        <ele>167.8</ele>
      </trkpt>
      <trkpt lat="36.18499" lon="-121.70209">
        <ele>167.9</ele>
      </trkpt>
      <trkpt lat="36.18479" lon="-121.70183">
        <ele>166.7</ele>
      </trkpt>
      <trkpt lat="36.18465" lon="-121.70168">
        <ele>166.8</ele>
      </trkpt>
      <trkpt lat="36.18426" lon="-121.7014">
        <ele>167.2</ele>
      </trkpt>
      <trkpt lat="36.18384" lon="-121.70114">
        <ele>158.2</ele>
      </trkpt>
      <trkpt lat="36.18339" lon="-121.70082">
        <ele>154.3</ele>
      </trkpt>
      <trkpt lat="36.18312" lon="-121.70059">
        <ele>155.2</ele>
      </trkpt>
      <trkpt lat="36.18281" lon="-121.70023">
        <ele>146.1</ele>
      </trkpt>
      <trkpt lat="36.18255" lon="-121.70006">
        <ele>144.4</ele>
      </trkpt>
      <trkpt lat="36.18231" lon="-121.69996">
        <ele>143.2</ele>
      </trkpt>
      <trkpt lat="36.18208" lon="-121.69991">
        <ele>142.2</ele>
      </trkpt>
      <trkpt lat="36.1813" lon="-121.69981">
        <ele>131.0</ele>
      </trkpt>
      <trkpt lat="36.18099" lon="-121.69983">
        <ele>130.0</ele>
      </trkpt>
      <trkpt lat="36.18056" lon="-121.69988">
        <ele>128.5</ele>
      </trkpt>
      <trkpt lat="36.18038" lon="-121.69987">
        <ele>128.5</ele>
      </trkpt>
      <trkpt lat="36.18025" lon="-121.69984">
        <ele>128.6</ele>
      </trkpt>
      <trkpt lat="36.18009" lon="-121.69978">
        <ele>129.0</ele>
      </trkpt>
      <trkpt lat="36.18002" lon="-121.69973">
        <ele>129.7</ele>
      </trkpt>
      <trkpt lat="36.17953" lon="-121.69941">
        <ele>129.9</ele>
      </trkpt>
      <trkpt lat="36.17905" lon="-121.6991">
        <ele>115.4</ele>
      </trkpt>
      <trkpt lat="36.17864" lon="-121.69888">
        <ele>114.1</ele>
      </trkpt>
      <trkpt lat="36.17823" lon="-121.69868">
        <ele>117.5</ele>
      </trkpt>
      <trkpt lat="36.17809" lon="-121.69863">
        <ele>118.4</ele>
      </trkpt>
      <trkpt lat="36.17792" lon="-121.69863">
        <ele>118.1</ele>
      </trkpt>
      <trkpt lat="36.17741" lon="-121.69866">
        <ele>115.8</ele>
      </trkpt>
      <trkpt lat="36.17728" lon="-121.69864">
        <ele>115.6</ele>
      </trkpt>
      <trkpt lat="36.17719" lon="-121.69862">
        <ele>115.3</ele>
      </trkpt>
      <trkpt lat="36.17709" lon="-121.69858">
        <ele>115.5</ele>
      </trkpt>
      <trkpt lat="36.177" lon="-121.69853">
        <ele>116.0</ele>
      </trkpt>
      <trkpt lat="36.17691" lon="-121.69845">
        <ele>116.4</ele>
      </trkpt>
      <trkpt lat="36.17684" lon="-121.69835">
        <ele>115.6</ele>
      </trkpt>
      <trkpt lat="36.17679" lon="-121.69823">
        <ele>112.7</ele>
      </trkpt>
      <trkpt lat="36.17677" lon="-121.69811">
        <ele>109.3</ele>
      </trkpt>
      <trkpt lat="36.17677" lon="-121.69797">
        <ele>106.5</ele>
      </trkpt>
      <trkpt lat="36.17678" lon="-121.69791">
        <ele>105.8</ele>
      </trkpt>
      <trkpt lat="36.17681" lon="-121.69779">
        <ele>104.9</ele>
      </trkpt>
      <trkpt lat="36.17684" lon="-121.69772">
        <ele>104.9</ele>
      </trkpt>
      <trkpt lat="36.17701" lon="-121.6974">
        <ele>106.4</ele>
      </trkpt>
      <trkpt lat="36.17708" lon="-121.69723">
        <ele>106.5</ele>
      </trkpt>
      <trkpt lat="36.1771" lon="-121.69714">
        <ele>106.0</ele>
      </trkpt>
      <trkpt lat="36.17712" lon="-121.697">
        <ele>104.7</ele>
      </trkpt>
      <trkpt lat="36.17717" lon="-121.69641">
        <ele>95.7</ele>
      </trkpt>
      <trkpt lat="36.17717" lon="-121.69624">
        <ele>96.8</ele>
      </trkpt>
      <trkpt lat="36.17715" lon="-121.69611">
        <ele>96.8</ele>
      </trkpt>
      <trkpt lat="36.17711" lon="-121.69597">
        <ele>96.6</ele>
      </trkpt>
      <trkpt lat="36.177" lon="-121.69571">
        <ele>95.0</ele>
      </trkpt>
      <trkpt lat="36.17696" lon="-121.69561">
        <ele>94.4</ele>
      </trkpt>
      <trkpt lat="36.17693" lon="-121.6955">
        <ele>93.9</ele>
      </trkpt>
      <trkpt lat="36.17692" lon="-121.6954">
        <ele>93.8</ele>
      </trkpt>
      <trkpt lat="36.17692" lon="-121.69526">
        <ele>93.8</ele>
      </trkpt>
      <trkpt lat="36.17694" lon="-121.69514">
        <ele>94.0</ele>
      </trkpt>
      <trkpt lat="36.1771" lon="-121.69454">
        <ele>90.7</ele>
      </trkpt>
      <trkpt lat="36.17713" lon="-121.69439">
        <ele>88.7</ele>
      </trkpt>
      <trkpt lat="36.17715" lon="-121.69423">
        <ele>86.4</ele>
      </trkpt>
      <trkpt lat="36.17715" lon="-121.69407">
        <ele>82.0</ele>
      </trkpt>
      <trkpt lat="36.17714" lon="-121.69394">
        <ele>77.1</ele>
      </trkpt>
      <trkpt lat="36.17712" lon="-121.69384">
        <ele>76.9</ele>
      </trkpt>
      <trkpt lat="36.17709" lon="-121.69376">
        <ele>76.9</ele>
      </trkpt>
      <trkpt lat="36.17704" lon="-121.69366">
        <ele>76.9</ele>
      </trkpt>
      <trkpt lat="36.17699" lon="-121.69359">
        <ele>77.0</ele>
      </trkpt>
      <trkpt lat="36.17687" lon="-121.69346">
        <ele>77.2</ele>
      </trkpt>
      <trkpt lat="36.17677" lon="-121.69338">
        <ele>77.2</ele>
      </trkpt>
      <trkpt lat="36.1767" lon="-121.69335">
        <ele>77.6</ele>
      </trkpt>
      <trkpt lat="36.17662" lon="-121.69333">
        <ele>78.2</ele>
      </trkpt>
      <trkpt lat="36.1765" lon="-121.69331">
        <ele>79.0</ele>
      </trkpt>
      <trkpt lat="36.17637" lon="-121.69332">
        <ele>79.7</ele>
      </trkpt>
      <trkpt lat="36.17625" lon="-121.69336">
        <ele>79.6</ele>
      </trkpt>
      <trkpt lat="36.17618" lon="-121.69341">
        <ele>78.9</ele>
      </trkpt>
      <trkpt lat="36.1761" lon="-121.69347">
        <ele>78.6</ele>
      </trkpt>
      <trkpt lat="36.17598" lon="-121.69359">
        <ele>78.6</ele>
      </trkpt>
      <trkpt lat="36.17576" lon="-121.69389">
        <ele>81.9</ele>
      </trkpt>
      <trkpt lat="36.17569" lon="-121.69397">
        <ele>86.9</ele>
      </trkpt>
      <trkpt lat="36.17558" lon="-121.69407">
        <ele>90.7</ele>
      </trkpt>
      <trkpt lat="36.17553" lon="-121.69411">
        <ele>91.3</ele>
      </trkpt>
      <trkpt lat="36.17542" lon="-121.69416">
        <ele>92.6</ele>
      </trkpt>
      <trkpt lat="36.17529" lon="-121.69419">
        <ele>94.2</ele>
      </trkpt>
      <trkpt lat="36.17509" lon="-121.69421">
        <ele>95.4</ele>
      </trkpt>
      <trkpt lat="36.175" lon="-121.69419">
        <ele>95.5</ele>
      </trkpt>
      <trkpt lat="36.17495" lon="-121.69417">
        <ele>95.3</ele>
      </trkpt>
      <trkpt lat="36.17487" lon="-121.69412">
        <ele>95.1</ele>
      </trkpt>
      <trkpt lat="36.1748" lon="-121.69404">
        <ele>95.1</ele>
      </trkpt>
      <trkpt lat="36.17474" lon="-121.69395">
        <ele>95.0</ele>
      </trkpt>
      <trkpt lat="36.17467" lon="-121.69379">
        <ele>95.1</ele>
      </trkpt>
      <trkpt lat="36.17456" lon="-121.69346">
        <ele>95.6</ele>
      </trkpt>
      <trkpt lat="36.17447" lon="-121.6932">
        <ele>96.4</ele>
      </trkpt>
      <trkpt lat="36.17441" lon="-121.69309">
        <ele>96.0</ele>
      </trkpt>
      <trkpt lat="36.17431" lon="-121.69294">
        <ele>96.3</ele>
      </trkpt>
      <trkpt lat="36.17422" lon="-121.69285">
        <ele>96.0</ele>
      </trkpt>
      <trkpt lat="36.17412" lon="-121.69279">
        <ele>95.5</ele>
      </trkpt>
      <trkpt lat="36.17383" lon="-121.69266">
        <ele>94.6</ele>
      </trkpt>
      <trkpt lat="36.17361" lon="-121.69251">
        <ele>100.7</ele>
      </trkpt>
      <trkpt lat="36.17347" lon="-121.69233">
        <ele>105.5</ele>
      </trkpt>
      <trkpt lat="36.1734" lon="-121.69221">
        <ele>105.9</ele>
      </trkpt>
      <trkpt lat="36.1733" lon="-121.69187">
        <ele>106.2</ele>
      </trkpt>
      <trkpt lat="36.17312" lon="-121.69084">
        <ele>108.0</ele>
      </trkpt>
      <trkpt lat="36.173" lon="-121.69039">
        <ele>106.6</ele>
      </trkpt>
      <trkpt lat="36.17293" lon="-121.69023">
        <ele>107.6</ele>
      </trkpt>
      <trkpt lat="36.17276" lon="-121.68998">
        <ele>115.4</ele>
      </trkpt>
      <trkpt lat="36.17255" lon="-121.68977">
        <ele>118.9</ele>
      </trkpt>
      <trkpt lat="36.17231" lon="-121.68955">
        <ele>118.7</ele>
      </trkpt>
      <trkpt lat="36.17216" lon="-121.68938">
        <ele>117.9</ele>
      </trkpt>
      <trkpt lat="36.17204" lon="-121.68916">
        <ele>117.1</ele>
      </trkpt>
      <trkpt lat="36.17198" lon="-121.68889">
        <ele>116.7</ele>
      </trkpt>
      <trkpt lat="36.17197" lon="-121.68803">
        <ele>119.1</ele>
      </trkpt>
      <trkpt lat="36.17193" lon="-121.68779">
        <ele>124.3</ele>
      </trkpt>
      <trkpt lat="36.17185" lon="-121.68752">
        <ele>131.3</ele>
      </trkpt>
      <trkpt lat="36.17173" lon="-121.68723">
        <ele>132.9</ele>
      </trkpt>
      <trkpt lat="36.17161" lon="-121.68704">
        <ele>131.9</ele>
      </trkpt>
      <trkpt lat="36.17151" lon="-121.68689">
        <ele>131.9</ele>
      </trkpt>
      <trkpt lat="36.17126" lon="-121.68658">
        <ele>133.6</ele>
      </trkpt>
      <trkpt lat="36.17098" lon="-121.68626">
        <ele>132.6</ele>
      </trkpt>
      <trkpt lat="36.1706" lon="-121.6856">
        <ele>133.6</ele>
      </trkpt>
      <trkpt lat="36.17035" lon="-121.6853">
        <ele>143.2</ele>
      </trkpt>
      <trkpt lat="36.16996" lon="-121.68498">
        <ele>142.9</ele>
      </trkpt>
      <trkpt lat="36.16984" lon="-121.68478">
        <ele>143.3</ele>
      </trkpt>
      <trkpt lat="36.16974" lon="-121.68441">
        <ele>142.0</ele>
      </trkpt>
      <trkpt lat="36.16977" lon="-121.68367">
        <ele>131.6</ele>
      </trkpt>
      <trkpt lat="36.1697" lon="-121.68332">
        <ele>131.8</ele>
      </trkpt>
      <trkpt lat="36.16958" lon="-121.68305">
        <ele>132.2</ele>
      </trkpt>
      <trkpt lat="36.1691" lon="-121.6825">
        <ele>132.5</ele>
      </trkpt>
      <trkpt lat="36.16899" lon="-121.68231">
        <ele>132.2</ele>
      </trkpt>
      <trkpt lat="36.16889" lon="-121.68205">
        <ele>131.2</ele>
      </trkpt>
      <trkpt lat="36.16862" lon="-121.68116">
        <ele>126.9</ele>
      </trkpt>
      <trkpt lat="36.16835" lon="-121.68027">
        <ele>130.2</ele>
      </trkpt>
      <trkpt lat="36.16815" lon="-121.67922">
        <ele>128.8</ele>
      </trkpt>
      <trkpt lat="36.16805" lon="-121.67893">
        <ele>131.0</ele>
      </trkpt>
      <trkpt lat="36.1679" lon="-121.67865">
        <ele>132.5</ele>
      </trkpt>
      <trkpt lat="36.16774" lon="-121.6784">
        <ele>126.7</ele>
      </trkpt>
      <trkpt lat="36.16752" lon="-121.67817">
        <ele>119.1</ele>
      </trkpt>
      <trkpt lat="36.16689" lon="-121.6776">
        <ele>119.0</ele>
      </trkpt>
      <trkpt lat="36.16626" lon="-121.67702">
        <ele>118.0</ele>
      </trkpt>
      <trkpt lat="36.16562" lon="-121.67644">
        <ele>115.7</ele>
      </trkpt>
      <trkpt lat="36.16511" lon="-121.67592">
        <ele>118.7</ele>
      </trkpt>
      <trkpt lat="36.16462" lon="-121.67526">
        <ele>107.3</ele>
      </trkpt>
      <trkpt lat="36.16431" lon="-121.67482">
        <ele>107.0</ele>
      </trkpt>
      <trkpt lat="36.16401" lon="-121.67437">
        <ele>106.2</ele>
      </trkpt>
      <trkpt lat="36.16375" lon="-121.67411">
        <ele>104.9</ele>
      </trkpt>
      <trkpt lat="36.16349" lon="-121.6739">
        <ele>105.7</ele>
      </trkpt>
      <trkpt lat="36.16317" lon="-121.67377">
        <ele>106.3</ele>
      </trkpt>
      <trkpt lat="36.16251" lon="-121.67357">
        <ele>107.0</ele>
      </trkpt>
      <trkpt lat="36.16231" lon="-121.6735">
        <ele>106.7</ele>
      </trkpt>
      <trkpt lat="36.16212" lon="-121.67339">
        <ele>106.2</ele>
      </trkpt>
      <trkpt lat="36.16165" lon="-121.67294">
        <ele>95.1</ele>
      </trkpt>
      <trkpt lat="36.16143" lon="-121.67282">
        <ele>94.8</ele>
      </trkpt>
      <trkpt lat="36.16109" lon="-121.67273">
        <ele>95.0</ele>
      </trkpt>
      <trkpt lat="36.16042" lon="-121.67268">
        <ele>93.1</ele>
      </trkpt>
      <trkpt lat="36.16018" lon="-121.67261">
        <ele>92.3</ele>
      </trkpt>
      <trkpt lat="36.15998" lon="-121.67248">
        <ele>87.7</ele>
      </trkpt>
      <trkpt lat="36.15982" lon="-121.67231">
        <ele>82.4</ele>
      </trkpt>
      <trkpt lat="36.15968" lon="-121.67212">
        <ele>81.2</ele>
      </trkpt>
      <trkpt lat="36.15958" lon="-121.67188">
        <ele>81.3</ele>
      </trkpt>
      <trkpt lat="36.15937" lon="-121.67135">
        <ele>81.4</ele>
      </trkpt>
      <trkpt lat="36.1592" lon="-121.67103">
        <ele>77.9</ele>
      </trkpt>
      <trkpt lat="36.15904" lon="-121.67078">
        <ele>73.1</ele>
      </trkpt>
      <trkpt lat="36.15893" lon="-121.67067">
        <ele>71.6</ele>
      </trkpt>
      <trkpt lat="36.15879" lon="-121.67056">
        <ele>67.6</ele>
      </trkpt>
      <trkpt lat="36.1587" lon="-121.67051">
        <ele>65.5</ele>
      </trkpt>
      <trkpt lat="36.15856" lon="-121.67046">
        <ele>64.5</ele>
      </trkpt>
      <trkpt lat="36.15816" lon="-121.67034">
        <ele>63.6</ele>
      </trkpt>
      <trkpt lat="36.15798" lon="-121.67031">
        <ele>65.3</ele>
      </trkpt>
      <trkpt lat="36.15778" lon="-121.67034">
        <ele>68.7</ele>
      </trkpt>
      <trkpt lat="36.15748" lon="-121.67042">
        <ele>71.6</ele>
      </trkpt>
      <trkpt lat="36.15718" lon="-121.67048">
        <ele>71.8</ele>
      </trkpt>
      <trkpt lat="36.15698" lon="-121.67049">
        <ele>71.1</ele>
      </trkpt>
      <trkpt lat="36.15674" lon="-121.67043">
        <ele>69.8</ele>
      </trkpt>
      <trkpt lat="36.15656" lon="-121.67034">
        <ele>67.2</ele>
      </trkpt>
      <trkpt lat="36.1563" lon="-121.67014">
        <ele>60.0</ele>
      </trkpt>
      <trkpt lat="36.15614" lon="-121.66996">
        <ele>57.0</ele>
      </trkpt>
      <trkpt lat="36.15567" lon="-121.66923">
        <ele>56.0</ele>
      </trkpt>
      <trkpt lat="36.1552" lon="-121.6685">
        <ele>58.2</ele>
      </trkpt>
      <trkpt lat="36.15477" lon="-121.66778">
        <ele>56.5</ele>
      </trkpt>
      <trkpt lat="36.1545" lon="-121.66731">
        <ele>58.3</ele>
      </trkpt>
      <trkpt lat="36.15424" lon="-121.66683">
        <ele>60.6</ele>
      </trkpt>
      <trkpt lat="36.15407" lon="-121.66654">
        <ele>62.0</ele>
      </trkpt>
      <trkpt lat="36.15392" lon="-121.6663">
        <ele>63.3</ele>
      </trkpt>
      <trkpt lat="36.1537" lon="-121.66602">
        <ele>64.8</ele>
      </trkpt>
      <trkpt lat="36.15347" lon="-121.66574">
        <ele>66.5</ele>
      </trkpt>
      <trkpt lat="36.15307" lon="-121.66533">
        <ele>69.1</ele>
      </trkpt>
      <trkpt lat="36.15241" lon="-121.6648">
        <ele>69.8</ele>
      </trkpt>
      <trkpt lat="36.15174" lon="-121.66427">
        <ele>70.7</ele>
      </trkpt>
      <trkpt lat="36.15108" lon="-121.66374">
        <ele>72.7</ele>
      </trkpt>
      <trkpt lat="36.15041" lon="-121.66321">
        <ele>72.3</ele>
      </trkpt>
      <trkpt lat="36.15001" lon="-121.66281">
        <ele>83.1</ele>
      </trkpt>
      <trkpt lat="36.14964" lon="-121.66235">
        <ele>83.8</ele>
      </trkpt>
      <trkpt lat="36.14915" lon="-121.66169">
        <ele>82.4</ele>
      </trkpt>
      <trkpt lat="36.14866" lon="-121.66103">
        <ele>86.3</ele>
      </trkpt>
      <trkpt lat="36.14846" lon="-121.66069">
        <ele>86.8</ele>
      </trkpt>
      <trkpt lat="36.14831" lon="-121.66034">
        <ele>86.1</ele>
      </trkpt>
      <trkpt lat="36.14805" lon="-121.65959">
        <ele>83.9</ele>
      </trkpt>
      <trkpt lat="36.14793" lon="-121.65927">
        <ele>87.3</ele>
      </trkpt>
      <trkpt lat="36.14763" lon="-121.65877">
        <ele>84.9</ele>
      </trkpt>
      <trkpt lat="36.14728" lon="-121.65827">
        <ele>90.6</ele>
      </trkpt>
      <trkpt lat="36.14704" lon="-121.65798">
        <ele>85.4</ele>
      </trkpt>
      <trkpt lat="36.14674" lon="-121.65775">
        <ele>84.8</ele>
      </trkpt>
      <trkpt lat="36.14602" lon="-121.65748">
        <ele>85.3</ele>
      </trkpt>
      <trkpt lat="36.14576" lon="-121.65733">
        <ele>88.3</ele>
      </trkpt>
      <trkpt lat="36.14543" lon="-121.65711">
        <ele>95.7</ele>
      </trkpt>
      <trkpt lat="36.14504" lon="-121.65675">
        <ele>96.2</ele>
      </trkpt>
      <trkpt lat="36.14452" lon="-121.65621">
        <ele>96.4</ele>
      </trkpt>
      <trkpt lat="36.14401" lon="-121.65568">
        <ele>97.2</ele>
      </trkpt>
      <trkpt lat="36.1435" lon="-121.65515">
        <ele>86.4</ele>
      </trkpt>
      <trkpt lat="36.14336" lon="-121.65502">
        <ele>85.3</ele>
      </trkpt>
      <trkpt lat="36.14312" lon="-121.65475">
        <ele>84.4</ele>
      </trkpt>
      <trkpt lat="36.14255" lon="-121.6541">
        <ele>84.3</ele>
      </trkpt>
      <trkpt lat="36.14197" lon="-121.65354">
        <ele>84.2</ele>
      </trkpt>
      <trkpt lat="36.14146" lon="-121.65301">
        <ele>84.2</ele>
      </trkpt>
      <trkpt lat="36.14082" lon="-121.65235">
        <ele>84.2</ele>
      </trkpt>
      <trkpt lat="36.14018" lon="-121.65169">
        <ele>71.7</ele>
      </trkpt>
      <trkpt lat="36.13953" lon="-121.65103">
        <ele>84.9</ele>
      </trkpt>
      <trkpt lat="36.13889" lon="-121.65038">
        <ele>96.4</ele>
      </trkpt>
      <trkpt lat="36.13825" lon="-121.64972">
        <ele>85.4</ele>
      </trkpt>
      <trkpt lat="36.1376" lon="-121.64906">
        <ele>86.0</ele>
      </trkpt>
      <trkpt lat="36.13696" lon="-121.6484">
        <ele>89.5</ele>
      </trkpt>
      <trkpt lat="36.13632" lon="-121.64775">
        <ele>95.1</ele>
      </trkpt>
      <trkpt lat="36.13597" lon="-121.64747">
        <ele>93.1</ele>
      </trkpt>
      <trkpt lat="36.13582" lon="-121.64731">
        <ele>93.8</ele>
      </trkpt>
      <trkpt lat="36.13565" lon="-121.64721">
        <ele>94.2</ele>
      </trkpt>
      <trkpt lat="36.1351" lon="-121.64686">
        <ele>95.9</ele>
      </trkpt>
      <trkpt lat="36.13484" lon="-121.64669">
        <ele>96.7</ele>
      </trkpt>
      <trkpt lat="36.13416" lon="-121.64633">
        <ele>102.3</ele>
      </trkpt>
      <trkpt lat="36.13349" lon="-121.64594">
        <ele>96.1</ele>
      </trkpt>
      <trkpt lat="36.13281" lon="-121.64555">
        <ele>98.4</ele>
      </trkpt>
      <trkpt lat="36.13214" lon="-121.64516">
        <ele>83.4</ele>
      </trkpt>
      <trkpt lat="36.13195" lon="-121.64503">
        <ele>84.5</ele>
      </trkpt>
      <trkpt lat="36.13117" lon="-121.64454">
        <ele>84.4</ele>
      </trkpt>
      <trkpt lat="36.13038" lon="-121.64404">
        <ele>83.6</ele>
      </trkpt>
      <trkpt lat="36.1296" lon="-121.64355">
        <ele>72.3</ele>
      </trkpt>
      <trkpt lat="36.12905" lon="-121.64308">
        <ele>71.1</ele>
      </trkpt>
      <trkpt lat="36.1289" lon="-121.64292">
        <ele>71.2</ele>
      </trkpt>
      <trkpt lat="36.12843" lon="-121.64247">
        <ele>69.9</ele>
      </trkpt>
      <trkpt lat="36.12825" lon="-121.64229">
        <ele>69.2</ele>
      </trkpt>
      <trkpt lat="36.12804" lon="-121.64206">
        <ele>66.2</ele>
      </trkpt>
      <trkpt lat="36.12763" lon="-121.64158">
        <ele>61.8</ele>
      </trkpt>
      <trkpt lat="36.12707" lon="-121.64073">
        <ele>64.5</ele>
      </trkpt>
      <trkpt lat="36.12664" lon="-121.63998">
        <ele>65.3</ele>
      </trkpt>
      <trkpt lat="36.12639" lon="-121.6395">
        <ele>70.5</ele>
      </trkpt>
      <trkpt lat="36.12614" lon="-121.63902">
        <ele>65.7</ele>
      </trkpt>
      <trkpt lat="36.12596" lon="-121.63871">
        <ele>66.7</ele>
      </trkpt>
      <trkpt lat="36.12583" lon="-121.63844">
        <ele>67.5</ele>
      </trkpt>
      <trkpt lat="36.1257" lon="-121.63821">
        <ele>68.3</ele>
      </trkpt>
      <trkpt lat="36.12537" lon="-121.63769">
        <ele>70.1</ele>
      </trkpt>
      <trkpt lat="36.12505" lon="-121.63722">
        <ele>71.8</ele>
      </trkpt>
      <trkpt lat="36.12449" lon="-121.63646">
        <ele>74.9</ele>
      </trkpt>
      <trkpt lat="36.12393" lon="-121.63569">
        <ele>85.7</ele>
      </trkpt>
      <trkpt lat="36.12337" lon="-121.63493">
        <ele>84.5</ele>
      </trkpt>
      <trkpt lat="36.12282" lon="-121.63417">
        <ele>90.3</ele>
      </trkpt>
      <trkpt lat="36.12241" lon="-121.63347">
        <ele>95.6</ele>
      </trkpt>
      <trkpt lat="36.122" lon="-121.63278">
        <ele>105.3</ele>
      </trkpt>
      <trkpt lat="36.12159" lon="-121.63208">
        <ele>107.5</ele>
      </trkpt>
      <trkpt lat="36.12118" lon="-121.63138">
        <ele>111.1</ele>
      </trkpt>
      <trkpt lat="36.12095" lon="-121.63105">
        <ele>117.7</ele>
      </trkpt>
      <trkpt lat="36.1207" lon="-121.63077">
        <ele>118.8</ele>
      </trkpt>
      <trkpt lat="36.12043" lon="-121.6306">
        <ele>122.0</ele>
      </trkpt>
      <trkpt lat="36.11995" lon="-121.63041">
        <ele>127.4</ele>
      </trkpt>
      <trkpt lat="36.11965" lon="-121.63033">
        <ele>130.8</ele>
      </trkpt>
      <trkpt lat="36.11906" lon="-121.63026">
        <ele>131.2</ele>
      </trkpt>
      <trkpt lat="36.11847" lon="-121.63019">
        <ele>132.2</ele>
      </trkpt>
      <trkpt lat="36.118" lon="-121.63011">
        <ele>131.9</ele>
      </trkpt>
      <trkpt lat="36.11752" lon="-121.63004">
        <ele>132.9</ele>
      </trkpt>
      <trkpt lat="36.11679" lon="-121.62978">
        <ele>131.5</ele>
      </trkpt>
      <trkpt lat="36.11606" lon="-121.62953">
        <ele>128.0</ele>
      </trkpt>
      <trkpt lat="36.1154" lon="-121.6294">
        <ele>105.1</ele>
      </trkpt>
      <trkpt lat="36.11473" lon="-121.62926">
        <ele>117.1</ele>
      </trkpt>
      <trkpt lat="36.11407" lon="-121.62912">
        <ele>119.8</ele>
      </trkpt>
      <trkpt lat="36.11356" lon="-121.62895">
        <ele>111.3</ele>
      </trkpt>
      <trkpt lat="36.11304" lon="-121.62877">
        <ele>109.2</ele>
      </trkpt>
      <trkpt lat="36.11246" lon="-121.62851">
        <ele>109.5</ele>
      </trkpt>
      <trkpt lat="36.11177" lon="-121.62807">
        <ele>98.3</ele>
      </trkpt>
      <trkpt lat="36.11109" lon="-121.62762">
        <ele>99.8</ele>
      </trkpt>
      <trkpt lat="36.1104" lon="-121.62718">
        <ele>96.2</ele>
      </trkpt>
      <trkpt lat="36.11002" lon="-121.62672">
        <ele>92.9</ele>
      </trkpt>
      <trkpt lat="36.10956" lon="-121.62579">
        <ele>95.4</ele>
      </trkpt>
      <trkpt lat="36.10925" lon="-121.62537">
        <ele>91.9</ele>
      </trkpt>
      <trkpt lat="36.10885" lon="-121.62511">
        <ele>91.8</ele>
      </trkpt>
      <trkpt lat="36.10832" lon="-121.62496">
        <ele>93.2</ele>
      </trkpt>
      <trkpt lat="36.10797" lon="-121.62476">
        <ele>94.3</ele>
      </trkpt>
      <trkpt lat="36.10783" lon="-121.62466">
        <ele>95.3</ele>
      </trkpt>
      <trkpt lat="36.10762" lon="-121.62448">
        <ele>96.3</ele>
      </trkpt>
      <trkpt lat="36.10744" lon="-121.62425">
        <ele>95.6</ele>
      </trkpt>
      <trkpt lat="36.10728" lon="-121.62398">
        <ele>95.5</ele>
      </trkpt>
      <trkpt lat="36.10715" lon="-121.62377">
        <ele>95.1</ele>
      </trkpt>
      <trkpt lat="36.10701" lon="-121.62359">
        <ele>95.1</ele>
      </trkpt>
      <trkpt lat="36.10679" lon="-121.62336">
        <ele>95.2</ele>
      </trkpt>
      <trkpt lat="36.10657" lon="-121.6232">
        <ele>95.3</ele>
      </trkpt>
      <trkpt lat="36.10633" lon="-121.62307">
        <ele>95.4</ele>
      </trkpt>
      <trkpt lat="36.10604" lon="-121.62294">
        <ele>95.5</ele>
      </trkpt>
      <trkpt lat="36.10566" lon="-121.62281">
        <ele>95.7</ele>
      </trkpt>
      <trkpt lat="36.10507" lon="-121.62265">
        <ele>96.1</ele>
      </trkpt>
      <trkpt lat="36.10459" lon="-121.62245">
        <ele>96.3</ele>
      </trkpt>
      <trkpt lat="36.1045" lon="-121.6224">
        <ele>95.8</ele>
      </trkpt>
      <trkpt lat="36.10385" lon="-121.62187">
        <ele>93.7</ele>
      </trkpt>
      <trkpt lat="36.1032" lon="-121.62134">
        <ele>94.0</ele>
      </trkpt>
      <trkpt lat="36.10297" lon="-121.62118">
        <ele>94.4</ele>
      </trkpt>
      <trkpt lat="36.10234" lon="-121.62094">
        <ele>95.1</ele>
      </trkpt>
      <trkpt lat="36.10171" lon="-121.6207">
        <ele>94.3</ele>
      </trkpt>
      <trkpt lat="36.10108" lon="-121.62046">
        <ele>92.3</ele>
      </trkpt>
      <trkpt lat="36.10071" lon="-121.62038">
        <ele>84.8</ele>
      </trkpt>
      <trkpt lat="36.10031" lon="-121.62033">
        <ele>83.5</ele>
      </trkpt>
      <trkpt lat="36.09952" lon="-121.62038">
        <ele>82.9</ele>
      </trkpt>
      <trkpt lat="36.09925" lon="-121.62037">
        <ele>83.2</ele>
      </trkpt>
      <trkpt lat="36.09899" lon="-121.62033">
        <ele>83.2</ele>
      </trkpt>
      <trkpt lat="36.09871" lon="-121.62023">
        <ele>82.9</ele>
      </trkpt>
      <trkpt lat="36.09823" lon="-121.62001">
        <ele>80.5</ele>
      </trkpt>
      <trkpt lat="36.09777" lon="-121.61983">
        <ele>82.5</ele>
      </trkpt>
      <trkpt lat="36.09749" lon="-121.61972">
        <ele>81.4</ele>
      </trkpt>
      <trkpt lat="36.09733" lon="-121.61968">
        <ele>81.9</ele>
      </trkpt>
      <trkpt lat="36.09703" lon="-121.61963">
        <ele>83.6</ele>
      </trkpt>
      <trkpt lat="36.09628" lon="-121.61957">
        <ele>82.4</ele>
      </trkpt>
      <trkpt lat="36.09552" lon="-121.61951">
        <ele>81.9</ele>
      </trkpt>
      <trkpt lat="36.09517" lon="-121.61946">
        <ele>81.0</ele>
      </trkpt>
      <trkpt lat="36.09486" lon="-121.61939">
        <ele>79.4</ele>
      </trkpt>
      <trkpt lat="36.09443" lon="-121.61925">
        <ele>71.1</ele>
      </trkpt>
      <trkpt lat="36.09394" lon="-121.61902">
        <ele>71.0</ele>
      </trkpt>
      <trkpt lat="36.09346" lon="-121.6188">
        <ele>70.3</ele>
      </trkpt>
      <trkpt lat="36.09331" lon="-121.61876">
        <ele>70.9</ele>
      </trkpt>
      <trkpt lat="36.09316" lon="-121.61872">
        <ele>71.5</ele>
      </trkpt>
      <trkpt lat="36.09255" lon="-121.61863">
        <ele>66.8</ele>
      </trkpt>
      <trkpt lat="36.09194" lon="-121.61853">
        <ele>66.2</ele>
      </trkpt>
      <trkpt lat="36.09178" lon="-121.6185">
        <ele>70.9</ele>
      </trkpt>
      <trkpt lat="36.09165" lon="-121.61846">
        <ele>71.2</ele>
      </trkpt>
      <trkpt lat="36.09154" lon="-121.61841">
        <ele>71.4</ele>
      </trkpt>
      <trkpt lat="36.09133" lon="-121.61829">
        <ele>71.1</ele>
      </trkpt>
      <trkpt lat="36.09119" lon="-121.6182">
        <ele>70.6</ele>
      </trkpt>
      <trkpt lat="36.09059" lon="-121.6177">
        <ele>80.7</ele>
      </trkpt>
      <trkpt lat="36.09038" lon="-121.61758">
        <ele>82.8</ele>
      </trkpt>
      <trkpt lat="36.09015" lon="-121.61751">
        <ele>83.7</ele>
      </trkpt>
      <trkpt lat="36.08994" lon="-121.6175">
        <ele>84.4</ele>
      </trkpt>
      <trkpt lat="36.08974" lon="-121.61753">
        <ele>84.7</ele>
      </trkpt>
      <trkpt lat="36.0893" lon="-121.61768">
        <ele>82.0</ele>
      </trkpt>
      <trkpt lat="36.08907" lon="-121.61774">
        <ele>81.9</ele>
      </trkpt>
      <trkpt lat="36.08883" lon="-121.61776">
        <ele>83.4</ele>
      </trkpt>
      <trkpt lat="36.08842" lon="-121.61773">
        <ele>80.4</ele>
      </trkpt>
      <trkpt lat="36.08809" lon="-121.61766">
        <ele>81.7</ele>
      </trkpt>
      <trkpt lat="36.08774" lon="-121.61759">
        <ele>82.5</ele>
      </trkpt>
      <trkpt lat="36.08747" lon="-121.6176">
        <ele>83.9</ele>
      </trkpt>
      <trkpt lat="36.08722" lon="-121.6176">
        <ele>84.8</ele>
      </trkpt>
      <trkpt lat="36.08695" lon="-121.61752">
        <ele>89.8</ele>
      </trkpt>
      <trkpt lat="36.08668" lon="-121.61738">
        <ele>89.0</ele>
      </trkpt>
      <trkpt lat="36.0864" lon="-121.61714">
        <ele>85.9</ele>
      </trkpt>
      <trkpt lat="36.0862" lon="-121.61684">
        <ele>85.4</ele>
      </trkpt>
      <trkpt lat="36.08607" lon="-121.6165">
        <ele>84.1</ele>
      </trkpt>
      <trkpt lat="36.08591" lon="-121.61576">
        <ele>82.7</ele>
      </trkpt>
      <trkpt lat="36.08581" lon="-121.61551">
        <ele>83.2</ele>
      </trkpt>
      <trkpt lat="36.08565" lon="-121.61524">
        <ele>83.7</ele>
      </trkpt>
      <trkpt lat="36.08531" lon="-121.6149">
        <ele>81.2</ele>
      </trkpt>
      <trkpt lat="36.08495" lon="-121.61461">
        <ele>82.8</ele>
      </trkpt>
      <trkpt lat="36.08458" lon="-121.61429">
        <ele>83.3</ele>
      </trkpt>
      <trkpt lat="36.0841" lon="-121.61384">
        <ele>86.6</ele>
      </trkpt>
      <trkpt lat="36.08377" lon="-121.6136">
        <ele>87.4</ele>
      </trkpt>
      <trkpt lat="36.08348" lon="-121.61346">
        <ele>96.0</ele>
      </trkpt>
      <trkpt lat="36.08315" lon="-121.61344">
        <ele>89.3</ele>
      </trkpt>
      <trkpt lat="36.08281" lon="-121.61334">
        <ele>83.0</ele>
      </trkpt>
      <trkpt lat="36.08208" lon="-121.61292">
        <ele>74.3</ele>
      </trkpt>
      <trkpt lat="36.08134" lon="-121.61251">
        <ele>71.3</ele>
      </trkpt>
      <trkpt lat="36.08102" lon="-121.61229">
        <ele>68.4</ele>
      </trkpt>
      <trkpt lat="36.08062" lon="-121.61199">
        <ele>68.9</ele>
      </trkpt>
      <trkpt lat="36.08016" lon="-121.61153">
        <ele>73.1</ele>
      </trkpt>
      <trkpt lat="36.07968" lon="-121.61117">
        <ele>70.5</ele>
      </trkpt>
      <trkpt lat="36.07949" lon="-121.61108">
        <ele>71.7</ele>
      </trkpt>
      <trkpt lat="36.07911" lon="-121.61093">
        <ele>70.6</ele>
      </trkpt>
      <trkpt lat="36.07888" lon="-121.61077">
        <ele>70.4</ele>
      </trkpt>
      <trkpt lat="36.07867" lon="-121.61058">
        <ele>69.5</ele>
      </trkpt>
      <trkpt lat="36.07837" lon="-121.61019">
        <ele>69.0</ele>
      </trkpt>
      <trkpt lat="36.07784" lon="-121.60933">
        <ele>72.4</ele>
      </trkpt>
      <trkpt lat="36.07743" lon="-121.60856">
        <ele>71.2</ele>
      </trkpt>
      <trkpt lat="36.07702" lon="-121.60781">
        <ele>72.0</ele>
      </trkpt>
      <trkpt lat="36.07662" lon="-121.60706">
        <ele>82.0</ele>
      </trkpt>
      <trkpt lat="36.07633" lon="-121.60662">
        <ele>84.9</ele>
      </trkpt>
      <trkpt lat="36.0761" lon="-121.60641">
        <ele>84.0</ele>
      </trkpt>
      <trkpt lat="36.07595" lon="-121.60634">
        <ele>82.9</ele>
      </trkpt>
      <trkpt lat="36.07577" lon="-121.60629">
        <ele>82.4</ele>
      </trkpt>
      <trkpt lat="36.07553" lon="-121.60626">
        <ele>79.4</ele>
      </trkpt>
      <trkpt lat="36.0753" lon="-121.60625">
        <ele>72.8</ele>
      </trkpt>
      <trkpt lat="36.07503" lon="-121.60634">
        <ele>70.6</ele>
      </trkpt>
      <trkpt lat="36.07467" lon="-121.60647">
        <ele>70.5</ele>
      </trkpt>
      <trkpt lat="36.07435" lon="-121.60661">
        <ele>69.9</ele>
      </trkpt>
      <trkpt lat="36.07414" lon="-121.60665">
        <ele>69.2</ele>
      </trkpt>
      <trkpt lat="36.07394" lon="-121.60663">
        <ele>66.5</ele>
      </trkpt>
      <trkpt lat="36.07352" lon="-121.60647">
        <ele>58.5</ele>
      </trkpt>
      <trkpt lat="36.07306" lon="-121.60617">
        <ele>60.1</ele>
      </trkpt>
      <trkpt lat="36.07261" lon="-121.60588">
        <ele>58.7</ele>
      </trkpt>
      <trkpt lat="36.07237" lon="-121.60566">
        <ele>57.6</ele>
      </trkpt>
      <trkpt lat="36.07213" lon="-121.60531">
        <ele>56.9</ele>
      </trkpt>
      <trkpt lat="36.07175" lon="-121.60435">
        <ele>54.4</ele>
      </trkpt>
      <trkpt lat="36.0714" lon="-121.6035">
        <ele>58.3</ele>
      </trkpt>
      <trkpt lat="36.07102" lon="-121.60273">
        <ele>53.6</ele>
      </trkpt>
      <trkpt lat="36.07075" lon="-121.60224">
        <ele>47.8</ele>
      </trkpt>
      <trkpt lat="36.0705" lon="-121.60173">
        <ele>37.7</ele>
      </trkpt>
      <trkpt lat="36.07032" lon="-121.60122">
        <ele>34.3</ele>
      </trkpt>
      <trkpt lat="36.07026" lon="-121.60098">
        <ele>34.0</ele>
      </trkpt>
      <trkpt lat="36.06999" lon="-121.59997">
        <ele>32.9</ele>
      </trkpt>
      <trkpt lat="36.06978" lon="-121.59912">
        <ele>32.1</ele>
      </trkpt>
      <trkpt lat="36.06976" lon="-121.59904">
        <ele>32.0</ele>
      </trkpt>
      <trkpt lat="36.06965" lon="-121.59875">
        <ele>31.7</ele>
      </trkpt>
      <trkpt lat="36.06946" lon="-121.59839">
        <ele>34.3</ele>
      </trkpt>
      <trkpt lat="36.06926" lon="-121.59809">
        <ele>33.9</ele>
      </trkpt>
      <trkpt lat="36.06874" lon="-121.59735">
        <ele>31.0</ele>
      </trkpt>
      <trkpt lat="36.06821" lon="-121.59662">
        <ele>32.0</ele>
      </trkpt>
      <trkpt lat="36.06772" lon="-121.59589">
        <ele>41.1</ele>
      </trkpt>
      <trkpt lat="36.06724" lon="-121.59512">
        <ele>43.5</ele>
      </trkpt>
      <trkpt lat="36.06699" lon="-121.59462">
        <ele>44.7</ele>
      </trkpt>
      <trkpt lat="36.06669" lon="-121.59391">
        <ele>48.4</ele>
      </trkpt>
      <trkpt lat="36.0664" lon="-121.59321">
        <ele>58.3</ele>
      </trkpt>
      <trkpt lat="36.06611" lon="-121.5925">
        <ele>58.7</ele>
      </trkpt>
      <trkpt lat="36.06596" lon="-121.59225">
        <ele>57.3</ele>
      </trkpt>
      <trkpt lat="36.06575" lon="-121.59207">
        <ele>56.9</ele>
      </trkpt>
      <trkpt lat="36.06528" lon="-121.59196">
        <ele>55.0</ele>
      </trkpt>
      <trkpt lat="36.06481" lon="-121.59178">
        <ele>54.4</ele>
      </trkpt>
      <trkpt lat="36.06421" lon="-121.5915">
        <ele>56.6</ele>
      </trkpt>
      <trkpt lat="36.06367" lon="-121.59121">
        <ele>61.7</ele>
      </trkpt>
      <trkpt lat="36.06333" lon="-121.59113">
        <ele>60.3</ele>
      </trkpt>
      <trkpt lat="36.06305" lon="-121.59112">
        <ele>56.5</ele>
      </trkpt>
      <trkpt lat="36.06237" lon="-121.59119">
        <ele>54.9</ele>
      </trkpt>
      <trkpt lat="36.06169" lon="-121.59125">
        <ele>53.9</ele>
      </trkpt>
      <trkpt lat="36.0615" lon="-121.59126">
        <ele>54.2</ele>
      </trkpt>
      <trkpt lat="36.061424" lon="-121.591247">
        <ele>54.6</ele>
      </trkpt>
      <trkpt lat="36.06139" lon="-121.591241">
        <ele>54.8</ele>
      </trkpt>
      <trkpt lat="36.06099" lon="-121.59117">
        <ele>56.2</ele>
      </trkpt>
      <trkpt lat="36.06025" lon="-121.59099">
        <ele>57.3</ele>
      </trkpt>
      <trkpt lat="36.05952" lon="-121.59081">
        <ele>57.3</ele>
      </trkpt>
      <trkpt lat="36.05879" lon="-121.59063">
        <ele>59.3</ele>
      </trkpt>
      <trkpt lat="36.05805" lon="-121.59045">
        <ele>67.4</ele>
      </trkpt>
      <trkpt lat="36.05731" lon="-121.59026">
        <ele>69.8</ele>
      </trkpt>
      <trkpt lat="36.05656" lon="-121.59003">
        <ele>77.3</ele>
      </trkpt>
      <trkpt lat="36.05618" lon="-121.58984">
        <ele>77.4</ele>
      </trkpt>
      <trkpt lat="36.05586" lon="-121.58957">
        <ele>77.0</ele>
      </trkpt>
      <trkpt lat="36.0557" lon="-121.58938">
        <ele>78.5</ele>
      </trkpt>
      <trkpt lat="36.05559" lon="-121.58923">
        <ele>79.4</ele>
      </trkpt>
      <trkpt lat="36.05533" lon="-121.58874">
        <ele>80.0</ele>
      </trkpt>
      <trkpt lat="36.05508" lon="-121.58826">
        <ele>78.4</ele>
      </trkpt>
      <trkpt lat="36.05488" lon="-121.58793">
        <ele>79.2</ele>
      </trkpt>
      <trkpt lat="36.05465" lon="-121.58772">
        <ele>81.2</ele>
      </trkpt>
      <trkpt lat="36.05426" lon="-121.58762">
        <ele>81.4</ele>
      </trkpt>
      <trkpt lat="36.05348" lon="-121.58754">
        <ele>79.2</ele>
      </trkpt>
      <trkpt lat="36.0527" lon="-121.58747">
        <ele>77.5</ele>
      </trkpt>
      <trkpt lat="36.05192" lon="-121.58739">
        <ele>80.3</ele>
      </trkpt>
      <trkpt lat="36.0517" lon="-121.5874">
        <ele>80.1</ele>
      </trkpt>
      <trkpt lat="36.05149" lon="-121.58746">
        <ele>79.8</ele>
      </trkpt>
      <trkpt lat="36.0513" lon="-121.58759">
        <ele>79.0</ele>
      </trkpt>
      <trkpt lat="36.05107" lon="-121.58783">
        <ele>77.7</ele>
      </trkpt>
      <trkpt lat="36.05068" lon="-121.58857">
        <ele>80.2</ele>
      </trkpt>
      <trkpt lat="36.05029" lon="-121.5893">
        <ele>79.8</ele>
      </trkpt>
      <trkpt lat="36.05009" lon="-121.58958">
        <ele>79.4</ele>
      </trkpt>
      <trkpt lat="36.04988" lon="-121.58973">
        <ele>79.5</ele>
      </trkpt>
      <trkpt lat="36.04967" lon="-121.58979">
        <ele>79.8</ele>
      </trkpt>
      <trkpt lat="36.04953" lon="-121.58981">
        <ele>79.3</ele>
      </trkpt>
      <trkpt lat="36.04937" lon="-121.58978">
        <ele>78.7</ele>
      </trkpt>
      <trkpt lat="36.04923" lon="-121.58972">
        <ele>77.9</ele>
      </trkpt>
      <trkpt lat="36.049" lon="-121.58949">
        <ele>77.0</ele>
      </trkpt>
      <trkpt lat="36.04857" lon="-121.58884">
        <ele>67.7</ele>
      </trkpt>
      <trkpt lat="36.04814" lon="-121.5882">
        <ele>68.2</ele>
      </trkpt>
      <trkpt lat="36.04759" lon="-121.5876">
        <ele>66.9</ele>
      </trkpt>
      <trkpt lat="36.04703" lon="-121.58699">
        <ele>53.9</ele>
      </trkpt>
      <trkpt lat="36.04648" lon="-121.58639">
        <ele>52.7</ele>
      </trkpt>
      <trkpt lat="36.04609" lon="-121.58603">
        <ele>52.2</ele>
      </trkpt>
      <trkpt lat="36.04569" lon="-121.58567">
        <ele>56.6</ele>
      </trkpt>
      <trkpt lat="36.04524" lon="-121.58529">
        <ele>59.7</ele>
      </trkpt>
      <trkpt lat="36.04479" lon="-121.58491">
        <ele>56.2</ele>
      </trkpt>
      <trkpt lat="36.04407" lon="-121.58431">
        <ele>50.7</ele>
      </trkpt>
      <trkpt lat="36.04338" lon="-121.58372">
        <ele>45.5</ele>
      </trkpt>
      <trkpt lat="36.04284" lon="-121.58316">
        <ele>43.6</ele>
      </trkpt>
      <trkpt lat="36.04229" lon="-121.58261">
        <ele>42.4</ele>
      </trkpt>
      <trkpt lat="36.04175" lon="-121.58205">
        <ele>50.7</ele>
      </trkpt>
      <trkpt lat="36.0412" lon="-121.58149">
        <ele>49.7</ele>
      </trkpt>
      <trkpt lat="36.04062" lon="-121.58099">
        <ele>52.4</ele>
      </trkpt>
      <trkpt lat="36.04" lon="-121.58066">
        <ele>53.3</ele>
      </trkpt>
      <trkpt lat="36.03957" lon="-121.58053">
        <ele>55.7</ele>
      </trkpt>
      <trkpt lat="36.03912" lon="-121.58041">
        <ele>64.8</ele>
      </trkpt>
      <trkpt lat="36.03826" lon="-121.58012">
        <ele>67.2</ele>
      </trkpt>
      <trkpt lat="36.03776" lon="-121.57986">
        <ele>67.5</ele>
      </trkpt>
      <trkpt lat="36.03725" lon="-121.5796">
        <ele>68.5</ele>
      </trkpt>
      <trkpt lat="36.03665" lon="-121.57917">
        <ele>70.5</ele>
      </trkpt>
      <trkpt lat="36.03604" lon="-121.57874">
        <ele>66.6</ele>
      </trkpt>
      <trkpt lat="36.03544" lon="-121.57831">
        <ele>67.0</ele>
      </trkpt>
      <trkpt lat="36.03493" lon="-121.57792">
        <ele>68.0</ele>
      </trkpt>
      <trkpt lat="36.03442" lon="-121.57753">
        <ele>74.9</ele>
      </trkpt>
      <trkpt lat="36.03391" lon="-121.57713">
        <ele>81.7</ele>
      </trkpt>
      <trkpt lat="36.03338" lon="-121.57675">
        <ele>80.3</ele>
      </trkpt>
      <trkpt lat="36.03262" lon="-121.5763">
        <ele>79.8</ele>
      </trkpt>
      <trkpt lat="36.0319" lon="-121.57582">
        <ele>79.4</ele>
      </trkpt>
      <trkpt lat="36.03133" lon="-121.57533">
        <ele>81.2</ele>
      </trkpt>
      <trkpt lat="36.03075" lon="-121.57485">
        <ele>85.4</ele>
      </trkpt>
      <trkpt lat="36.03043" lon="-121.5746">
        <ele>94.5</ele>
      </trkpt>
      <trkpt lat="36.02997" lon="-121.57438">
        <ele>91.1</ele>
      </trkpt>
      <trkpt lat="36.02917" lon="-121.57403">
        <ele>83.5</ele>
      </trkpt>
      <trkpt lat="36.02836" lon="-121.57368">
        <ele>81.5</ele>
      </trkpt>
      <trkpt lat="36.02756" lon="-121.57334">
        <ele>82.1</ele>
      </trkpt>
      <trkpt lat="36.02675" lon="-121.57299">
        <ele>77.7</ele>
      </trkpt>
      <trkpt lat="36.02616" lon="-121.57269">
        <ele>71.2</ele>
      </trkpt>
      <trkpt lat="36.0254" lon="-121.57213">
        <ele>68.2</ele>
      </trkpt>
      <trkpt lat="36.02494" lon="-121.57172">
        <ele>67.2</ele>
      </trkpt>
      <trkpt lat="36.02449" lon="-121.57131">
        <ele>66.8</ele>
      </trkpt>
      <trkpt lat="36.02416" lon="-121.57096">
        <ele>66.2</ele>
      </trkpt>
      <trkpt lat="36.02384" lon="-121.57055">
        <ele>66.1</ele>
      </trkpt>
      <trkpt lat="36.02349" lon="-121.56999">
        <ele>66.4</ele>
      </trkpt>
      <trkpt lat="36.02314" lon="-121.56943">
        <ele>65.2</ele>
      </trkpt>
      <trkpt lat="36.02272" lon="-121.56851">
        <ele>65.7</ele>
      </trkpt>
      <trkpt lat="36.02239" lon="-121.56778">
        <ele>51.1</ele>
      </trkpt>
      <trkpt lat="36.02207" lon="-121.56704">
        <ele>55.3</ele>
      </trkpt>
      <trkpt lat="36.02174" lon="-121.5663">
        <ele>60.5</ele>
      </trkpt>
      <trkpt lat="36.02141" lon="-121.56557">
        <ele>65.1</ele>
      </trkpt>
      <trkpt lat="36.02124" lon="-121.56511">
        <ele>65.3</ele>
      </trkpt>
      <trkpt lat="36.02117" lon="-121.56465">
        <ele>66.7</ele>
      </trkpt>
      <trkpt lat="36.02121" lon="-121.56396">
        <ele>71.7</ele>
      </trkpt>
      <trkpt lat="36.02138" lon="-121.5634">
        <ele>78.1</ele>
      </trkpt>
      <trkpt lat="36.02154" lon="-121.56284">
        <ele>79.6</ele>
      </trkpt>
      <trkpt lat="36.02171" lon="-121.56212">
        <ele>80.8</ele>
      </trkpt>
      <trkpt lat="36.02181" lon="-121.56157">
        <ele>81.8</ele>
      </trkpt>
      <trkpt lat="36.0219" lon="-121.56102">
        <ele>80.1</ele>
      </trkpt>
      <trkpt lat="36.02189" lon="-121.56051">
        <ele>81.7</ele>
      </trkpt>
      <trkpt lat="36.02185" lon="-121.56">
        <ele>91.0</ele>
      </trkpt>
      <trkpt lat="36.02178" lon="-121.55941">
        <ele>97.7</ele>
      </trkpt>
      <trkpt lat="36.02177" lon="-121.55917">
        <ele>106.3</ele>
      </trkpt>
      <trkpt lat="36.02178" lon="-121.55892">
        <ele>105.7</ele>
      </trkpt>
      <trkpt lat="36.02181" lon="-121.55853">
        <ele>103.5</ele>
      </trkpt>
      <trkpt lat="36.02186" lon="-121.55744">
        <ele>101.1</ele>
      </trkpt>
      <trkpt lat="36.02189" lon="-121.55686">
        <ele>100.7</ele>
      </trkpt>
      <trkpt lat="36.02193" lon="-121.55629">
        <ele>101.6</ele>
      </trkpt>
      <trkpt lat="36.02196" lon="-121.55544">
        <ele>99.9</ele>
      </trkpt>
      <trkpt lat="36.02199" lon="-121.5546">
        <ele>99.3</ele>
      </trkpt>
      <trkpt lat="36.02194" lon="-121.55414">
        <ele>92.7</ele>
      </trkpt>
      <trkpt lat="36.02175" lon="-121.55317">
        <ele>95.2</ele>
      </trkpt>
      <trkpt lat="36.0216" lon="-121.55286">
        <ele>95.7</ele>
      </trkpt>
      <trkpt lat="36.02143" lon="-121.5526">
        <ele>98.2</ele>
      </trkpt>
      <trkpt lat="36.02104" lon="-121.55226">
        <ele>98.4</ele>
      </trkpt>
      <trkpt lat="36.02077" lon="-121.55194">
        <ele>105.4</ele>
      </trkpt>
      <trkpt lat="36.02062" lon="-121.55171">
        <ele>109.7</ele>
      </trkpt>
      <trkpt lat="36.02055" lon="-121.55147">
        <ele>108.9</ele>
      </trkpt>
      <trkpt lat="36.02053" lon="-121.5512">
        <ele>104.7</ele>
      </trkpt>
      <trkpt lat="36.02053" lon="-121.55092">
        <ele>103.1</ele>
      </trkpt>
      <trkpt lat="36.02057" lon="-121.55064">
        <ele>103.1</ele>
      </trkpt>
      <trkpt lat="36.02074" lon="-121.54977">
        <ele>105.6</ele>
      </trkpt>
      <trkpt lat="36.02091" lon="-121.54891">
        <ele>107.4</ele>
      </trkpt>
      <trkpt lat="36.02095" lon="-121.54861">
        <ele>111.7</ele>
      </trkpt>
      <trkpt lat="36.02095" lon="-121.54837">
        <ele>113.5</ele>
      </trkpt>
      <trkpt lat="36.02093" lon="-121.54809">
        <ele>113.7</ele>
      </trkpt>
      <trkpt lat="36.0209" lon="-121.5478">
        <ele>113.6</ele>
      </trkpt>
      <trkpt lat="36.02084" lon="-121.54749">
        <ele>112.8</ele>
      </trkpt>
      <trkpt lat="36.02064" lon="-121.54677">
        <ele>114.4</ele>
      </trkpt>
      <trkpt lat="36.02047" lon="-121.54603">
        <ele>123.4</ele>
      </trkpt>
      <trkpt lat="36.02038" lon="-121.54529">
        <ele>125.9</ele>
      </trkpt>
      <trkpt lat="36.02036" lon="-121.54467">
        <ele>127.4</ele>
      </trkpt>
      <trkpt lat="36.02039" lon="-121.54428">
        <ele>129.1</ele>
      </trkpt>
      <trkpt lat="36.02048" lon="-121.54371">
        <ele>138.0</ele>
      </trkpt>
      <trkpt lat="36.02052" lon="-121.54332">
        <ele>136.3</ele>
      </trkpt>
      <trkpt lat="36.02052" lon="-121.54305">
        <ele>136.2</ele>
      </trkpt>
      <trkpt lat="36.02052" lon="-121.54277">
        <ele>138.0</ele>
      </trkpt>
      <trkpt lat="36.02047" lon="-121.54239">
        <ele>144.1</ele>
      </trkpt>
      <trkpt lat="36.0202" lon="-121.54153">
        <ele>154.9</ele>
      </trkpt>
      <trkpt lat="36.01996" lon="-121.54082">
        <ele>155.1</ele>
      </trkpt>
      <trkpt lat="36.01973" lon="-121.5401">
        <ele>154.4</ele>
      </trkpt>
      <trkpt lat="36.01947" lon="-121.53933">
        <ele>148.8</ele>
      </trkpt>
      <trkpt lat="36.01921" lon="-121.53856">
        <ele>144.1</ele>
      </trkpt>
      <trkpt lat="36.01894" lon="-121.53778">
        <ele>141.5</ele>
      </trkpt>
      <trkpt lat="36.0187" lon="-121.53716">
        <ele>139.2</ele>
      </trkpt>
      <trkpt lat="36.01847" lon="-121.53654">
        <ele>133.5</ele>
      </trkpt>
      <trkpt lat="36.01831" lon="-121.53622">
        <ele>129.3</ele>
      </trkpt>
      <trkpt lat="36.01809" lon="-121.53592">
        <ele>128.8</ele>
      </trkpt>
      <trkpt lat="36.01757" lon="-121.53542">
        <ele>129.5</ele>
      </trkpt>
      <trkpt lat="36.01705" lon="-121.53491">
        <ele>127.6</ele>
      </trkpt>
      <trkpt lat="36.01684" lon="-121.53462">
        <ele>123.5</ele>
      </trkpt>
      <trkpt lat="36.01656" lon="-121.53409">
        <ele>121.4</ele>
      </trkpt>
      <trkpt lat="36.01621" lon="-121.5333">
        <ele>110.6</ele>
      </trkpt>
      <trkpt lat="36.01611" lon="-121.53301">
        <ele>110.2</ele>
      </trkpt>
      <trkpt lat="36.01593" lon="-121.53226">
        <ele>111.6</ele>
      </trkpt>
      <trkpt lat="36.01575" lon="-121.5315">
        <ele>112.0</ele>
      </trkpt>
      <trkpt lat="36.01551" lon="-121.53053">
        <ele>115.1</ele>
      </trkpt>
      <trkpt lat="36.01528" lon="-121.52955">
        <ele>108.4</ele>
      </trkpt>
      <trkpt lat="36.01518" lon="-121.52919">
        <ele>102.6</ele>
      </trkpt>
      <trkpt lat="36.01511" lon="-121.52897">
        <ele>98.4</ele>
      </trkpt>
      <trkpt lat="36.01489" lon="-121.52852">
        <ele>93.3</ele>
      </trkpt>
      <trkpt lat="36.01459" lon="-121.52805">
        <ele>87.3</ele>
      </trkpt>
      <trkpt lat="36.01431" lon="-121.52777">
        <ele>83.5</ele>
      </trkpt>
      <trkpt lat="36.01383" lon="-121.52734">
        <ele>78.6</ele>
      </trkpt>
      <trkpt lat="36.01335" lon="-121.52692">
        <ele>72.7</ele>
      </trkpt>
      <trkpt lat="36.01299" lon="-121.52656">
        <ele>68.4</ele>
      </trkpt>
      <trkpt lat="36.01262" lon="-121.52621">
        <ele>66.6</ele>
      </trkpt>
      <trkpt lat="36.01235" lon="-121.52595">
        <ele>65.3</ele>
      </trkpt>
      <trkpt lat="36.01191" lon="-121.52553">
        <ele>63.2</ele>
      </trkpt>
      <trkpt lat="36.01148" lon="-121.52512">
        <ele>61.2</ele>
      </trkpt>
      <trkpt lat="36.01125" lon="-121.52491">
        <ele>60.1</ele>
      </trkpt>
      <trkpt lat="36.01111" lon="-121.52479">
        <ele>59.5</ele>
      </trkpt>
      <trkpt lat="36.01046" lon="-121.52429">
        <ele>56.7</ele>
      </trkpt>
      <trkpt lat="36.01017" lon="-121.52402">
        <ele>54.8</ele>
      </trkpt>
      <trkpt lat="36.01004" lon="-121.52385">
        <ele>53.0</ele>
      </trkpt>
      <trkpt lat="36.0099" lon="-121.52354">
        <ele>51.4</ele>
      </trkpt>
      <trkpt lat="36.00971" lon="-121.52267">
        <ele>51.6</ele>
      </trkpt>
      <trkpt lat="36.00969" lon="-121.52234">
        <ele>44.8</ele>
      </trkpt>
      <trkpt lat="36.0097" lon="-121.5213">
        <ele>43.7</ele>
      </trkpt>
      <trkpt lat="36.00967" lon="-121.52087">
        <ele>42.2</ele>
      </trkpt>
      <trkpt lat="36.00958" lon="-121.52039">
        <ele>34.8</ele>
      </trkpt>
      <trkpt lat="36.00948" lon="-121.52011">
        <ele>34.9</ele>
      </trkpt>
      <trkpt lat="36.00925" lon="-121.51948">
        <ele>35.2</ele>
      </trkpt>
      <trkpt lat="36.00901" lon="-121.51886">
        <ele>35.5</ele>
      </trkpt>
      <trkpt lat="36.00889" lon="-121.51863">
        <ele>35.7</ele>
      </trkpt>
      <trkpt lat="36.00875" lon="-121.51845">
        <ele>35.8</ele>
      </trkpt>
      <trkpt lat="36.00861" lon="-121.51829">
        <ele>35.9</ele>
      </trkpt>
      <trkpt lat="36.00855" lon="-121.5182">
        <ele>35.9</ele>
      </trkpt>
      <trkpt lat="36.00847" lon="-121.51801">
        <ele>36.1</ele>
      </trkpt>
      <trkpt lat="36.00842" lon="-121.51782">
        <ele>34.0</ele>
      </trkpt>
      <trkpt lat="36.00835" lon="-121.51735">
        <ele>33.1</ele>
      </trkpt>
      <trkpt lat="36.00832" lon="-121.51701">
        <ele>34.5</ele>
      </trkpt>
      <trkpt lat="36.00821" lon="-121.51645">
        <ele>35.7</ele>
      </trkpt>
      <trkpt lat="36.00806" lon="-121.51592">
        <ele>34.2</ele>
      </trkpt>
      <trkpt lat="36.00791" lon="-121.51539">
        <ele>32.1</ele>
      </trkpt>
      <trkpt lat="36.00788" lon="-121.51522">
        <ele>32.2</ele>
      </trkpt>
      <trkpt lat="36.00786" lon="-121.51498">
        <ele>32.6</ele>
      </trkpt>
      <trkpt lat="36.00788" lon="-121.51425">
        <ele>47.0</ele>
      </trkpt>
      <trkpt lat="36.00787" lon="-121.51392">
        <ele>48.5</ele>
      </trkpt>
      <trkpt lat="36.00777" lon="-121.51333">
        <ele>46.1</ele>
      </trkpt>
      <trkpt lat="36.00761" lon="-121.51277">
        <ele>43.1</ele>
      </trkpt>
      <trkpt lat="36.00737" lon="-121.51212">
        <ele>42.9</ele>
      </trkpt>
      <trkpt lat="36.00712" lon="-121.51148">
        <ele>44.5</ele>
      </trkpt>
      <trkpt lat="36.007" lon="-121.51126">
        <ele>45.2</ele>
      </trkpt>
      <trkpt lat="36.00667" lon="-121.51078">
        <ele>43.6</ele>
      </trkpt>
      <trkpt lat="36.00634" lon="-121.5103">
        <ele>42.0</ele>
      </trkpt>
      <trkpt lat="36.00607" lon="-121.50985">
        <ele>43.4</ele>
      </trkpt>
      <trkpt lat="36.0058" lon="-121.50939">
        <ele>42.9</ele>
      </trkpt>
      <trkpt lat="36.00567" lon="-121.50918">
        <ele>42.6</ele>
      </trkpt>
      <trkpt lat="36.00546" lon="-121.50895">
        <ele>43.6</ele>
      </trkpt>
      <trkpt lat="36.00525" lon="-121.50876">
        <ele>45.8</ele>
      </trkpt>
      <trkpt lat="36.00505" lon="-121.50848">
        <ele>53.0</ele>
      </trkpt>
      <trkpt lat="36.00468" lon="-121.50786">
        <ele>53.6</ele>
      </trkpt>
      <trkpt lat="36.0045" lon="-121.50763">
        <ele>52.6</ele>
      </trkpt>
      <trkpt lat="36.00415" lon="-121.50726">
        <ele>55.2</ele>
      </trkpt>
      <trkpt lat="36.00386" lon="-121.50691">
        <ele>54.6</ele>
      </trkpt>
      <trkpt lat="36.00337" lon="-121.50617">
        <ele>54.8</ele>
      </trkpt>
      <trkpt lat="36.00298" lon="-121.50544">
        <ele>56.1</ele>
      </trkpt>
      <trkpt lat="36.00276" lon="-121.50507">
        <ele>57.8</ele>
      </trkpt>
      <trkpt lat="36.00255" lon="-121.50484">
        <ele>67.3</ele>
      </trkpt>
      <trkpt lat="36.0024" lon="-121.5047">
        <ele>69.5</ele>
      </trkpt>
      <trkpt lat="36.00225" lon="-121.50456">
        <ele>69.6</ele>
      </trkpt>
      <trkpt lat="36.00211" lon="-121.50436">
        <ele>69.8</ele>
      </trkpt>
      <trkpt lat="36.00179" lon="-121.50386">
        <ele>68.8</ele>
      </trkpt>
      <trkpt lat="36.00146" lon="-121.50346">
        <ele>66.0</ele>
      </trkpt>
      <trkpt lat="36.00112" lon="-121.50299">
        <ele>66.4</ele>
      </trkpt>
      <trkpt lat="36.00088" lon="-121.50262">
        <ele>65.9</ele>
      </trkpt>
      <trkpt lat="36.00062" lon="-121.50199">
        <ele>68.5</ele>
      </trkpt>
      <trkpt lat="36.00041" lon="-121.50165">
        <ele>70.9</ele>
      </trkpt>
      <trkpt lat="36.00018" lon="-121.50138">
        <ele>76.1</ele>
      </trkpt>
      <trkpt lat="35.99964" lon="-121.50096">
        <ele>82.3</ele>
      </trkpt>
      <trkpt lat="35.99927" lon="-121.5006">
        <ele>75.4</ele>
      </trkpt>
      <trkpt lat="35.99889" lon="-121.50024">
        <ele>73.5</ele>
      </trkpt>
      <trkpt lat="35.99846" lon="-121.49991">
        <ele>76.2</ele>
      </trkpt>
      <trkpt lat="35.99804" lon="-121.49958">
        <ele>82.6</ele>
      </trkpt>
      <trkpt lat="35.9975" lon="-121.49913">
        <ele>82.8</ele>
      </trkpt>
      <trkpt lat="35.99696" lon="-121.49869">
        <ele>84.0</ele>
      </trkpt>
      <trkpt lat="35.99651" lon="-121.49825">
        <ele>82.5</ele>
      </trkpt>
      <trkpt lat="35.99605" lon="-121.49801">
        <ele>82.8</ele>
      </trkpt>
      <trkpt lat="35.99534" lon="-121.4977">
        <ele>85.1</ele>
      </trkpt>
      <trkpt lat="35.99463" lon="-121.49739">
        <ele>78.2</ele>
      </trkpt>
      <trkpt lat="35.99391" lon="-121.49708">
        <ele>78.5</ele>
      </trkpt>
      <trkpt lat="35.99335" lon="-121.49683">
        <ele>72.5</ele>
      </trkpt>
      <trkpt lat="35.99279" lon="-121.49658">
        <ele>70.8</ele>
      </trkpt>
      <trkpt lat="35.99222" lon="-121.49632">
        <ele>66.5</ele>
      </trkpt>
      <trkpt lat="35.99166" lon="-121.49597">
        <ele>65.4</ele>
      </trkpt>
      <trkpt lat="35.99132" lon="-121.49571">
        <ele>62.4</ele>
      </trkpt>
      <trkpt lat="35.9907" lon="-121.49532">
        <ele>59.7</ele>
      </trkpt>
      <trkpt lat="35.99009" lon="-121.49492">
        <ele>58.3</ele>
      </trkpt>
      <trkpt lat="35.98971" lon="-121.49468">
        <ele>56.7</ele>
      </trkpt>
      <trkpt lat="35.98944" lon="-121.49454">
        <ele>54.4</ele>
      </trkpt>
      <trkpt lat="35.98883" lon="-121.49423">
        <ele>49.3</ele>
      </trkpt>
      <trkpt lat="35.98866" lon="-121.49414">
        <ele>47.9</ele>
      </trkpt>
      <trkpt lat="35.98783" lon="-121.49376">
        <ele>55.1</ele>
      </trkpt>
      <trkpt lat="35.98699" lon="-121.49338">
        <ele>49.8</ele>
      </trkpt>
      <trkpt lat="35.98616" lon="-121.493">
        <ele>44.6</ele>
      </trkpt>
      <trkpt lat="35.98572" lon="-121.49285">
        <ele>40.4</ele>
      </trkpt>
      <trkpt lat="35.98528" lon="-121.4927">
        <ele>34.9</ele>
      </trkpt>
      <trkpt lat="35.98505" lon="-121.49254">
        <ele>34.6</ele>
      </trkpt>
      <trkpt lat="35.9849" lon="-121.49239">
        <ele>31.3</ele>
      </trkpt>
      <trkpt lat="35.98459" lon="-121.49195">
        <ele>30.9</ele>
      </trkpt>
      <trkpt lat="35.98431" lon="-121.49169">
        <ele>30.5</ele>
      </trkpt>
      <trkpt lat="35.98406" lon="-121.49148">
        <ele>29.9</ele>
      </trkpt>
      <trkpt lat="35.98386" lon="-121.49134">
        <ele>28.4</ele>
      </trkpt>
      <trkpt lat="35.98335" lon="-121.49107">
        <ele>26.6</ele>
      </trkpt>
      <trkpt lat="35.98286" lon="-121.49084">
        <ele>24.9</ele>
      </trkpt>
      <trkpt lat="35.98226" lon="-121.49053">
        <ele>22.8</ele>
      </trkpt>
      <trkpt lat="35.98167" lon="-121.49022">
        <ele>23.0</ele>
      </trkpt>
      <trkpt lat="35.9812" lon="-121.49005">
        <ele>22.7</ele>
      </trkpt>
      <trkpt lat="35.98098" lon="-121.49004">
        <ele>22.0</ele>
      </trkpt>
      <trkpt lat="35.98075" lon="-121.49006">
        <ele>21.3</ele>
      </trkpt>
      <trkpt lat="35.9804" lon="-121.49014">
        <ele>19.5</ele>
      </trkpt>
      <trkpt lat="35.98022" lon="-121.49014">
        <ele>20.2</ele>
      </trkpt>
      <trkpt lat="35.98006" lon="-121.4901">
        <ele>21.0</ele>
      </trkpt>
      <trkpt lat="35.97982" lon="-121.48998">
        <ele>21.9</ele>
      </trkpt>
      <trkpt lat="35.97955" lon="-121.4898">
        <ele>21.8</ele>
      </trkpt>
      <trkpt lat="35.97916" lon="-121.48949">
        <ele>23.4</ele>
      </trkpt>
      <trkpt lat="35.97875" lon="-121.48924">
        <ele>28.5</ele>
      </trkpt>
      <trkpt lat="35.97828" lon="-121.48906">
        <ele>27.9</ele>
      </trkpt>
      <trkpt lat="35.97759" lon="-121.48883">
        <ele>27.9</ele>
      </trkpt>
      <trkpt lat="35.97691" lon="-121.4886">
        <ele>33.7</ele>
      </trkpt>
      <trkpt lat="35.97622" lon="-121.48837">
        <ele>36.9</ele>
      </trkpt>
      <trkpt lat="35.97572" lon="-121.48816">
        <ele>36.9</ele>
      </trkpt>
      <trkpt lat="35.97522" lon="-121.48796">
        <ele>42.3</ele>
      </trkpt>
      <trkpt lat="35.97503" lon="-121.48789">
        <ele>44.6</ele>
      </trkpt>
      <trkpt lat="35.97482" lon="-121.48785">
        <ele>44.6</ele>
      </trkpt>
      <trkpt lat="35.97452" lon="-121.4878">
        <ele>43.9</ele>
      </trkpt>
      <trkpt lat="35.97433" lon="-121.48775">
        <ele>44.8</ele>
      </trkpt>
      <trkpt lat="35.97373" lon="-121.48751">
        <ele>45.9</ele>
      </trkpt>
      <trkpt lat="35.97345" lon="-121.48736">
        <ele>45.0</ele>
      </trkpt>
      <trkpt lat="35.97318" lon="-121.48713">
        <ele>48.9</ele>
      </trkpt>
      <trkpt lat="35.9727" lon="-121.48666">
        <ele>51.7</ele>
      </trkpt>
      <trkpt lat="35.97222" lon="-121.4862">
        <ele>50.4</ele>
      </trkpt>
      <trkpt lat="35.97175" lon="-121.48569">
        <ele>44.2</ele>
      </trkpt>
      <trkpt lat="35.97128" lon="-121.48519">
        <ele>46.0</ele>
      </trkpt>
      <trkpt lat="35.97077" lon="-121.48478">
        <ele>50.1</ele>
      </trkpt>
      <trkpt lat="35.97035" lon="-121.48451">
        <ele>50.0</ele>
      </trkpt>
      <trkpt lat="35.96958" lon="-121.4841">
        <ele>55.7</ele>
      </trkpt>
      <trkpt lat="35.9688" lon="-121.48368">
        <ele>58.0</ele>
      </trkpt>
      <trkpt lat="35.96861" lon="-121.48359">
        <ele>56.2</ele>
      </trkpt>
      <trkpt lat="35.96851" lon="-121.48355">
        <ele>55.2</ele>
      </trkpt>
      <trkpt lat="35.9682" lon="-121.48348">
        <ele>52.5</ele>
      </trkpt>
      <trkpt lat="35.96792" lon="-121.48344">
        <ele>50.0</ele>
      </trkpt>
      <trkpt lat="35.96774" lon="-121.48344">
        <ele>48.5</ele>
      </trkpt>
      <trkpt lat="35.96759" lon="-121.48345">
        <ele>51.6</ele>
      </trkpt>
      <trkpt lat="35.96744" lon="-121.48347">
        <ele>52.6</ele>
      </trkpt>
      <trkpt lat="35.96731" lon="-121.4835">
        <ele>52.4</ele>
      </trkpt>
      <trkpt lat="35.96656" lon="-121.48377">
        <ele>52.1</ele>
      </trkpt>
      <trkpt lat="35.96582" lon="-121.48405">
        <ele>46.2</ele>
      </trkpt>
      <trkpt lat="35.96547" lon="-121.48412">
        <ele>49.9</ele>
      </trkpt>
      <trkpt lat="35.96506" lon="-121.48413">
        <ele>44.2</ele>
      </trkpt>
      <trkpt lat="35.96438" lon="-121.48407">
        <ele>41.5</ele>
      </trkpt>
      <trkpt lat="35.96371" lon="-121.48401">
        <ele>43.3</ele>
      </trkpt>
      <trkpt lat="35.96303" lon="-121.48395">
        <ele>45.8</ele>
      </trkpt>
      <trkpt lat="35.96262" lon="-121.4839">
        <ele>43.5</ele>
      </trkpt>
      <trkpt lat="35.96219" lon="-121.48387">
        <ele>50.6</ele>
      </trkpt>
      <trkpt lat="35.96177" lon="-121.48381">
        <ele>53.7</ele>
      </trkpt>
      <trkpt lat="35.96142" lon="-121.48368">
        <ele>55.3</ele>
      </trkpt>
      <trkpt lat="35.96108" lon="-121.48349">
        <ele>55.8</ele>
      </trkpt>
      <trkpt lat="35.9607" lon="-121.48324">
        <ele>58.3</ele>
      </trkpt>
      <trkpt lat="35.96035" lon="-121.48297">
        <ele>57.4</ele>
      </trkpt>
      <trkpt lat="35.95998" lon="-121.4827">
        <ele>57.1</ele>
      </trkpt>
      <trkpt lat="35.95958" lon="-121.48246">
        <ele>61.3</ele>
      </trkpt>
      <trkpt lat="35.95907" lon="-121.48221">
        <ele>72.2</ele>
      </trkpt>
      <trkpt lat="35.95856" lon="-121.48196">
        <ele>74.1</ele>
      </trkpt>
      <trkpt lat="35.95775" lon="-121.48169">
        <ele>80.1</ele>
      </trkpt>
      <trkpt lat="35.95695" lon="-121.48152">
        <ele>73.6</ele>
      </trkpt>
      <trkpt lat="35.9563" lon="-121.48146">
        <ele>74.0</ele>
      </trkpt>
      <trkpt lat="35.95542" lon="-121.48146">
        <ele>71.0</ele>
      </trkpt>
      <trkpt lat="35.95454" lon="-121.48143">
        <ele>61.9</ele>
      </trkpt>
      <trkpt lat="35.95392" lon="-121.48134">
        <ele>59.3</ele>
      </trkpt>
      <trkpt lat="35.95335" lon="-121.48119">
        <ele>57.2</ele>
      </trkpt>
      <trkpt lat="35.95284" lon="-121.48102">
        <ele>56.0</ele>
      </trkpt>
      <trkpt lat="35.95231" lon="-121.48078">
        <ele>50.6</ele>
      </trkpt>
      <trkpt lat="35.95178" lon="-121.48055">
        <ele>51.4</ele>
      </trkpt>
      <trkpt lat="35.95109" lon="-121.48008">
        <ele>46.8</ele>
      </trkpt>
      <trkpt lat="35.95041" lon="-121.47961">
        <ele>40.2</ele>
      </trkpt>
      <trkpt lat="35.94973" lon="-121.47913">
        <ele>38.8</ele>
      </trkpt>
      <trkpt lat="35.94904" lon="-121.47866">
        <ele>32.9</ele>
      </trkpt>
      <trkpt lat="35.94836" lon="-121.47819">
        <ele>32.2</ele>
      </trkpt>
      <trkpt lat="35.94768" lon="-121.47772">
        <ele>36.3</ele>
      </trkpt>
      <trkpt lat="35.94699" lon="-121.47725">
        <ele>37.5</ele>
      </trkpt>
      <trkpt lat="35.94626" lon="-121.47673">
        <ele>38.4</ele>
      </trkpt>
      <trkpt lat="35.94552" lon="-121.47621">
        <ele>38.1</ele>
      </trkpt>
      <trkpt lat="35.9448" lon="-121.47571">
        <ele>39.9</ele>
      </trkpt>
      <trkpt lat="35.94408" lon="-121.47521">
        <ele>40.4</ele>
      </trkpt>
      <trkpt lat="35.94336" lon="-121.47471">
        <ele>39.0</ele>
      </trkpt>
      <trkpt lat="35.94265" lon="-121.47421">
        <ele>39.4</ele>
      </trkpt>
      <trkpt lat="35.94193" lon="-121.4737">
        <ele>39.0</ele>
      </trkpt>
      <trkpt lat="35.94121" lon="-121.4732">
        <ele>38.5</ele>
      </trkpt>
      <trkpt lat="35.94049" lon="-121.4727">
        <ele>38.3</ele>
      </trkpt>
      <trkpt lat="35.93992" lon="-121.47231">
        <ele>41.1</ele>
      </trkpt>
      <trkpt lat="35.93935" lon="-121.47193">
        <ele>41.0</ele>
      </trkpt>
      <trkpt lat="35.93878" lon="-121.47154">
        <ele>41.4</ele>
      </trkpt>
      <trkpt lat="35.93825" lon="-121.47116">
        <ele>40.8</ele>
      </trkpt>
      <trkpt lat="35.93773" lon="-121.47079">
        <ele>35.0</ele>
      </trkpt>
      <trkpt lat="35.9372" lon="-121.47041">
        <ele>34.7</ele>
      </trkpt>
      <trkpt lat="35.93657" lon="-121.47002">
        <ele>35.2</ele>
      </trkpt>
      <trkpt lat="35.93633" lon="-121.46988">
        <ele>35.4</ele>
      </trkpt>
      <trkpt lat="35.93609" lon="-121.46976">
        <ele>35.6</ele>
      </trkpt>
      <trkpt lat="35.93528" lon="-121.46942">
        <ele>36.3</ele>
      </trkpt>
      <trkpt lat="35.93481" lon="-121.4693">
        <ele>40.0</ele>
      </trkpt>
      <trkpt lat="35.93434" lon="-121.46919">
        <ele>43.5</ele>
      </trkpt>
      <trkpt lat="35.93349" lon="-121.46903">
        <ele>45.5</ele>
      </trkpt>
      <trkpt lat="35.93265" lon="-121.46888">
        <ele>45.0</ele>
      </trkpt>
      <trkpt lat="35.9321" lon="-121.46876">
        <ele>45.9</ele>
      </trkpt>
      <trkpt lat="35.93154" lon="-121.46864">
        <ele>46.4</ele>
      </trkpt>
      <trkpt lat="35.93099" lon="-121.46851">
        <ele>47.8</ele>
      </trkpt>
      <trkpt lat="35.93027" lon="-121.46824">
        <ele>47.6</ele>
      </trkpt>
      <trkpt lat="35.92956" lon="-121.46798">
        <ele>49.1</ele>
      </trkpt>
      <trkpt lat="35.92891" lon="-121.46771">
        <ele>49.3</ele>
      </trkpt>
      <trkpt lat="35.92826" lon="-121.46744">
        <ele>47.9</ele>
      </trkpt>
      <trkpt lat="35.92761" lon="-121.46718">
        <ele>49.3</ele>
      </trkpt>
      <trkpt lat="35.92687" lon="-121.4669">
        <ele>47.2</ele>
      </trkpt>
      <trkpt lat="35.92612" lon="-121.46662">
        <ele>52.9</ele>
      </trkpt>
      <trkpt lat="35.92538" lon="-121.46633">
        <ele>52.2</ele>
      </trkpt>
      <trkpt lat="35.92468" lon="-121.46616">
        <ele>52.4</ele>
      </trkpt>
      <trkpt lat="35.92411" lon="-121.46609">
        <ele>55.8</ele>
      </trkpt>
      <trkpt lat="35.92352" lon="-121.46604">
        <ele>55.6</ele>
      </trkpt>
      <trkpt lat="35.92276" lon="-121.46605">
        <ele>53.2</ele>
      </trkpt>
      <trkpt lat="35.92198" lon="-121.46616">
        <ele>50.0</ele>
      </trkpt>
      <trkpt lat="35.92142" lon="-121.46629">
        <ele>49.7</ele>
      </trkpt>
      <trkpt lat="35.9209" lon="-121.46647">
        <ele>50.4</ele>
      </trkpt>
      <trkpt lat="35.92035" lon="-121.46668">
        <ele>51.5</ele>
      </trkpt>
      <trkpt lat="35.91969" lon="-121.46705">
        <ele>47.3</ele>
      </trkpt>
      <trkpt lat="35.91895" lon="-121.46758">
        <ele>44.8</ele>
      </trkpt>
      <trkpt lat="35.9185" lon="-121.46793">
        <ele>47.3</ele>
      </trkpt>
      <trkpt lat="35.91805" lon="-121.46827">
        <ele>50.8</ele>
      </trkpt>
      <trkpt lat="35.91732" lon="-121.46878">
        <ele>50.5</ele>
      </trkpt>
      <trkpt lat="35.91704" lon="-121.46893">
        <ele>52.7</ele>
      </trkpt>
      <trkpt lat="35.91676" lon="-121.46906">
        <ele>57.5</ele>
      </trkpt>
      <trkpt lat="35.91663" lon="-121.46912">
        <ele>58.9</ele>
      </trkpt>
      <trkpt lat="35.91638" lon="-121.46919">
        <ele>60.5</ele>
      </trkpt>
      <trkpt lat="35.91616" lon="-121.46922">
        <ele>61.0</ele>
      </trkpt>
      <trkpt lat="35.91576" lon="-121.46922">
        <ele>60.4</ele>
      </trkpt>
      <trkpt lat="35.91545" lon="-121.4692">
        <ele>60.2</ele>
      </trkpt>
      <trkpt lat="35.91514" lon="-121.46914">
        <ele>61.0</ele>
      </trkpt>
      <trkpt lat="35.91481" lon="-121.46904">
        <ele>61.4</ele>
      </trkpt>
      <trkpt lat="35.91454" lon="-121.46889">
        <ele>62.0</ele>
      </trkpt>
      <trkpt lat="35.91413" lon="-121.4686">
        <ele>64.3</ele>
      </trkpt>
      <trkpt lat="35.91373" lon="-121.46831">
        <ele>62.1</ele>
      </trkpt>
      <trkpt lat="35.91299" lon="-121.46771">
        <ele>62.5</ele>
      </trkpt>
      <trkpt lat="35.91226" lon="-121.4671">
        <ele>66.4</ele>
      </trkpt>
      <trkpt lat="35.91153" lon="-121.46649">
        <ele>66.6</ele>
      </trkpt>
      <trkpt lat="35.91079" lon="-121.46588">
        <ele>67.9</ele>
      </trkpt>
      <trkpt lat="35.91006" lon="-121.46528">
        <ele>75.5</ele>
      </trkpt>
      <trkpt lat="35.90933" lon="-121.46467">
        <ele>77.6</ele>
      </trkpt>
      <trkpt lat="35.90859" lon="-121.46406">
        <ele>86.6</ele>
      </trkpt>
      <trkpt lat="35.90786" lon="-121.46346">
        <ele>91.3</ele>
      </trkpt>
      <trkpt lat="35.90712" lon="-121.46285">
        <ele>90.7</ele>
      </trkpt>
      <trkpt lat="35.90689" lon="-121.46267">
        <ele>90.3</ele>
      </trkpt>
      <trkpt lat="35.90619" lon="-121.46238">
        <ele>90.5</ele>
      </trkpt>
      <trkpt lat="35.90581" lon="-121.46228">
        <ele>94.4</ele>
      </trkpt>
      <trkpt lat="35.9057" lon="-121.46224">
        <ele>98.3</ele>
      </trkpt>
      <trkpt lat="35.90556" lon="-121.46217">
        <ele>100.7</ele>
      </trkpt>
      <trkpt lat="35.90541" lon="-121.46206">
        <ele>100.1</ele>
      </trkpt>
      <trkpt lat="35.90514" lon="-121.46165">
        <ele>97.3</ele>
      </trkpt>
      <trkpt lat="35.90492" lon="-121.4614">
        <ele>94.0</ele>
      </trkpt>
      <trkpt lat="35.90473" lon="-121.46123">
        <ele>92.3</ele>
      </trkpt>
      <trkpt lat="35.90453" lon="-121.46113">
        <ele>91.4</ele>
      </trkpt>
      <trkpt lat="35.90438" lon="-121.46109">
        <ele>92.0</ele>
      </trkpt>
      <trkpt lat="35.90405" lon="-121.4611">
        <ele>91.7</ele>
      </trkpt>
      <trkpt lat="35.90391" lon="-121.46114">
        <ele>91.1</ele>
      </trkpt>
      <trkpt lat="35.90361" lon="-121.46124">
        <ele>90.9</ele>
      </trkpt>
      <trkpt lat="35.90318" lon="-121.46142">
        <ele>91.0</ele>
      </trkpt>
      <trkpt lat="35.903" lon="-121.46151">
        <ele>90.8</ele>
      </trkpt>
      <trkpt lat="35.90228" lon="-121.46198">
        <ele>82.9</ele>
      </trkpt>
      <trkpt lat="35.90155" lon="-121.46245">
        <ele>80.0</ele>
      </trkpt>
      <trkpt lat="35.90118" lon="-121.46267">
        <ele>75.2</ele>
      </trkpt>
      <trkpt lat="35.90105" lon="-121.46272">
        <ele>75.0</ele>
      </trkpt>
      <trkpt lat="35.90088" lon="-121.46277">
        <ele>75.7</ele>
      </trkpt>
      <trkpt lat="35.90076" lon="-121.46279">
        <ele>76.3</ele>
      </trkpt>
      <trkpt lat="35.90058" lon="-121.46278">
        <ele>77.9</ele>
      </trkpt>
      <trkpt lat="35.90045" lon="-121.46276">
        <ele>79.2</ele>
      </trkpt>
      <trkpt lat="35.90024" lon="-121.46269">
        <ele>79.8</ele>
      </trkpt>
      <trkpt lat="35.90002" lon="-121.46255">
        <ele>79.0</ele>
      </trkpt>
      <trkpt lat="35.8998" lon="-121.46237">
        <ele>78.9</ele>
      </trkpt>
      <trkpt lat="35.89959" lon="-121.46205">
        <ele>80.7</ele>
      </trkpt>
      <trkpt lat="35.89942" lon="-121.46169">
        <ele>85.3</ele>
      </trkpt>
      <trkpt lat="35.89924" lon="-121.46124">
        <ele>88.8</ele>
      </trkpt>
      <trkpt lat="35.89905" lon="-121.4609">
        <ele>79.7</ele>
      </trkpt>
      <trkpt lat="35.89882" lon="-121.46062">
        <ele>68.5</ele>
      </trkpt>
      <trkpt lat="35.89861" lon="-121.4604">
        <ele>62.9</ele>
      </trkpt>
      <trkpt lat="35.89837" lon="-121.46022">
        <ele>61.8</ele>
      </trkpt>
      <trkpt lat="35.89811" lon="-121.46005">
        <ele>57.2</ele>
      </trkpt>
      <trkpt lat="35.89783" lon="-121.45993">
        <ele>52.4</ele>
      </trkpt>
      <trkpt lat="35.89748" lon="-121.45983">
        <ele>51.2</ele>
      </trkpt>
      <trkpt lat="35.89698" lon="-121.45972">
        <ele>57.2</ele>
      </trkpt>
      <trkpt lat="35.89669" lon="-121.45967">
        <ele>58.9</ele>
      </trkpt>
      <trkpt lat="35.89605" lon="-121.45975">
        <ele>55.2</ele>
      </trkpt>
      <trkpt lat="35.89571" lon="-121.45987">
        <ele>52.1</ele>
      </trkpt>
      <trkpt lat="35.89543" lon="-121.46012">
        <ele>41.6</ele>
      </trkpt>
      <trkpt lat="35.89522" lon="-121.46021">
        <ele>36.5</ele>
      </trkpt>
      <trkpt lat="35.89499" lon="-121.46029">
        <ele>35.1</ele>
      </trkpt>
      <trkpt lat="35.89458" lon="-121.46039">
        <ele>36.5</ele>
      </trkpt>
      <trkpt lat="35.8938" lon="-121.4605">
        <ele>39.3</ele>
      </trkpt>
      <trkpt lat="35.89299" lon="-121.46064">
        <ele>42.3</ele>
      </trkpt>
      <trkpt lat="35.89274" lon="-121.46068">
        <ele>43.2</ele>
      </trkpt>
      <trkpt lat="35.89221" lon="-121.46068">
        <ele>45.2</ele>
      </trkpt>
      <trkpt lat="35.89167" lon="-121.46069">
        <ele>45.3</ele>
      </trkpt>
      <trkpt lat="35.89138" lon="-121.46067">
        <ele>45.3</ele>
      </trkpt>
      <trkpt lat="35.89122" lon="-121.46068">
        <ele>45.4</ele>
      </trkpt>
      <trkpt lat="35.89087" lon="-121.46076">
        <ele>45.5</ele>
      </trkpt>
      <trkpt lat="35.89058" lon="-121.46086">
        <ele>45.5</ele>
      </trkpt>
      <trkpt lat="35.89029" lon="-121.46103">
        <ele>49.3</ele>
      </trkpt>
      <trkpt lat="35.89" lon="-121.46118">
        <ele>50.5</ele>
      </trkpt>
      <trkpt lat="35.88975" lon="-121.46121">
        <ele>56.9</ele>
      </trkpt>
      <trkpt lat="35.88949" lon="-121.4612">
        <ele>60.8</ele>
      </trkpt>
      <trkpt lat="35.88926" lon="-121.46115">
        <ele>61.7</ele>
      </trkpt>
      <trkpt lat="35.88908" lon="-121.46107">
        <ele>61.2</ele>
      </trkpt>
      <trkpt lat="35.8889" lon="-121.46095">
        <ele>60.1</ele>
      </trkpt>
      <trkpt lat="35.88859" lon="-121.46072">
        <ele>59.8</ele>
      </trkpt>
      <trkpt lat="35.88845" lon="-121.46064">
        <ele>60.7</ele>
      </trkpt>
      <trkpt lat="35.88832" lon="-121.46058">
        <ele>63.2</ele>
      </trkpt>
      <trkpt lat="35.88819" lon="-121.46055">
        <ele>64.3</ele>
      </trkpt>
      <trkpt lat="35.88752" lon="-121.46055">
        <ele>68.5</ele>
      </trkpt>
      <trkpt lat="35.8874" lon="-121.46052">
        <ele>70.1</ele>
      </trkpt>
      <trkpt lat="35.8873" lon="-121.46049">
        <ele>72.5</ele>
      </trkpt>
      <trkpt lat="35.8872" lon="-121.46044">
        <ele>74.6</ele>
      </trkpt>
      <trkpt lat="35.88697" lon="-121.46028">
        <ele>76.3</ele>
      </trkpt>
      <trkpt lat="35.88661" lon="-121.45992">
        <ele>74.0</ele>
      </trkpt>
      <trkpt lat="35.88609" lon="-121.45932">
        <ele>78.3</ele>
      </trkpt>
      <trkpt lat="35.88558" lon="-121.45872">
        <ele>77.1</ele>
      </trkpt>
      <trkpt lat="35.88502" lon="-121.45808">
        <ele>76.5</ele>
      </trkpt>
      <trkpt lat="35.88446" lon="-121.45744">
        <ele>85.5</ele>
      </trkpt>
      <trkpt lat="35.8839" lon="-121.45679">
        <ele>85.5</ele>
      </trkpt>
      <trkpt lat="35.88342" lon="-121.45623">
        <ele>84.7</ele>
      </trkpt>
      <trkpt lat="35.88313" lon="-121.45586">
        <ele>91.7</ele>
      </trkpt>
      <trkpt lat="35.88284" lon="-121.45546">
        <ele>96.1</ele>
      </trkpt>
      <trkpt lat="35.88271" lon="-121.45521">
        <ele>96.3</ele>
      </trkpt>
      <trkpt lat="35.88261" lon="-121.45495">
        <ele>96.7</ele>
      </trkpt>
      <trkpt lat="35.8825" lon="-121.45461">
        <ele>97.7</ele>
      </trkpt>
      <trkpt lat="35.8823" lon="-121.45361">
        <ele>90.2</ele>
      </trkpt>
      <trkpt lat="35.88226" lon="-121.45344">
        <ele>89.4</ele>
      </trkpt>
      <trkpt lat="35.88221" lon="-121.45328">
        <ele>89.6</ele>
      </trkpt>
      <trkpt lat="35.8821" lon="-121.45298">
        <ele>91.4</ele>
      </trkpt>
      <trkpt lat="35.8819" lon="-121.45251">
        <ele>97.6</ele>
      </trkpt>
      <trkpt lat="35.8818" lon="-121.45231">
        <ele>98.7</ele>
      </trkpt>
      <trkpt lat="35.88171" lon="-121.45218">
        <ele>98.9</ele>
      </trkpt>
      <trkpt lat="35.88113" lon="-121.45151">
        <ele>93.0</ele>
      </trkpt>
      <trkpt lat="35.88055" lon="-121.45084">
        <ele>102.0</ele>
      </trkpt>
      <trkpt lat="35.88002" lon="-121.45026">
        <ele>104.5</ele>
      </trkpt>
      <trkpt lat="35.87943" lon="-121.44964">
        <ele>102.8</ele>
      </trkpt>
      <trkpt lat="35.87885" lon="-121.44902">
        <ele>103.1</ele>
      </trkpt>
      <trkpt lat="35.87827" lon="-121.44834">
        <ele>103.6</ele>
      </trkpt>
      <trkpt lat="35.87769" lon="-121.44767">
        <ele>103.8</ele>
      </trkpt>
      <trkpt lat="35.87734" lon="-121.44728">
        <ele>98.6</ele>
      </trkpt>
      <trkpt lat="35.87699" lon="-121.44689">
        <ele>97.0</ele>
      </trkpt>
      <trkpt lat="35.87655" lon="-121.44644">
        <ele>97.4</ele>
      </trkpt>
      <trkpt lat="35.87602" lon="-121.44603">
        <ele>95.6</ele>
      </trkpt>
      <trkpt lat="35.87549" lon="-121.44561">
        <ele>101.2</ele>
      </trkpt>
      <trkpt lat="35.87479" lon="-121.44522">
        <ele>102.2</ele>
      </trkpt>
      <trkpt lat="35.87408" lon="-121.4449">
        <ele>101.2</ele>
      </trkpt>
      <trkpt lat="35.87337" lon="-121.44458">
        <ele>99.4</ele>
      </trkpt>
      <trkpt lat="35.87266" lon="-121.44427">
        <ele>101.3</ele>
      </trkpt>
      <trkpt lat="35.87234" lon="-121.44405">
        <ele>103.0</ele>
      </trkpt>
      <trkpt lat="35.87206" lon="-121.44376">
        <ele>104.7</ele>
      </trkpt>
      <trkpt lat="35.87184" lon="-121.4434">
        <ele>105.2</ele>
      </trkpt>
      <trkpt lat="35.87169" lon="-121.44299">
        <ele>104.6</ele>
      </trkpt>
      <trkpt lat="35.87155" lon="-121.44235">
        <ele>104.7</ele>
      </trkpt>
      <trkpt lat="35.87141" lon="-121.44172">
        <ele>109.1</ele>
      </trkpt>
      <trkpt lat="35.87128" lon="-121.44111">
        <ele>112.3</ele>
      </trkpt>
      <trkpt lat="35.87115" lon="-121.4405">
        <ele>112.0</ele>
      </trkpt>
      <trkpt lat="35.87103" lon="-121.43989">
        <ele>92.3</ele>
      </trkpt>
      <trkpt lat="35.87089" lon="-121.43946">
        <ele>80.9</ele>
      </trkpt>
      <trkpt lat="35.87066" lon="-121.43906">
        <ele>78.7</ele>
      </trkpt>
      <trkpt lat="35.87037" lon="-121.43875">
        <ele>83.8</ele>
      </trkpt>
      <trkpt lat="35.86995" lon="-121.43831">
        <ele>84.1</ele>
      </trkpt>
      <trkpt lat="35.86952" lon="-121.43788">
        <ele>82.4</ele>
      </trkpt>
      <trkpt lat="35.86909" lon="-121.43745">
        <ele>91.3</ele>
      </trkpt>
      <trkpt lat="35.86866" lon="-121.43703">
        <ele>91.8</ele>
      </trkpt>
      <trkpt lat="35.86823" lon="-121.43662">
        <ele>90.4</ele>
      </trkpt>
      <trkpt lat="35.86779" lon="-121.43621">
        <ele>88.7</ele>
      </trkpt>
      <trkpt lat="35.86749" lon="-121.43598">
        <ele>84.1</ele>
      </trkpt>
      <trkpt lat="35.86687" lon="-121.43571">
        <ele>75.9</ele>
      </trkpt>
      <trkpt lat="35.86663" lon="-121.43551">
        <ele>75.1</ele>
      </trkpt>
      <trkpt lat="35.86647" lon="-121.43522">
        <ele>76.3</ele>
      </trkpt>
      <trkpt lat="35.86633" lon="-121.43472">
        <ele>82.7</ele>
      </trkpt>
      <trkpt lat="35.86605" lon="-121.43404">
        <ele>81.5</ele>
      </trkpt>
      <trkpt lat="35.86567" lon="-121.43346">
        <ele>70.2</ele>
      </trkpt>
      <trkpt lat="35.86529" lon="-121.43288">
        <ele>62.2</ele>
      </trkpt>
      <trkpt lat="35.86499" lon="-121.43262">
        <ele>42.7</ele>
      </trkpt>
      <trkpt lat="35.86463" lon="-121.43228">
        <ele>33.6</ele>
      </trkpt>
      <trkpt lat="35.86428" lon="-121.43194">
        <ele>17.2</ele>
      </trkpt>
      <trkpt lat="35.86411" lon="-121.43175">
        <ele>19.8</ele>
      </trkpt>
      <trkpt lat="35.86394" lon="-121.43148">
        <ele>19.1</ele>
      </trkpt>
      <trkpt lat="35.86363" lon="-121.43056">
        <ele>36.8</ele>
      </trkpt>
      <trkpt lat="35.86333" lon="-121.42965">
        <ele>35.2</ele>
      </trkpt>
      <trkpt lat="35.8632" lon="-121.4294">
        <ele>41.4</ele>
      </trkpt>
      <trkpt lat="35.86309" lon="-121.42923">
        <ele>46.9</ele>
      </trkpt>
      <trkpt lat="35.86296" lon="-121.42906">
        <ele>50.7</ele>
      </trkpt>
      <trkpt lat="35.86273" lon="-121.42886">
        <ele>42.6</ele>
      </trkpt>
      <trkpt lat="35.86248" lon="-121.42866">
        <ele>41.5</ele>
      </trkpt>
      <trkpt lat="35.86227" lon="-121.42847">
        <ele>44.0</ele>
      </trkpt>
      <trkpt lat="35.86208" lon="-121.42827">
        <ele>42.9</ele>
      </trkpt>
      <trkpt lat="35.86195" lon="-121.42805">
        <ele>42.3</ele>
      </trkpt>
      <trkpt lat="35.86163" lon="-121.42743">
        <ele>44.3</ele>
      </trkpt>
      <trkpt lat="35.86131" lon="-121.42682">
        <ele>42.2</ele>
      </trkpt>
      <trkpt lat="35.86108" lon="-121.42633">
        <ele>45.3</ele>
      </trkpt>
      <trkpt lat="35.86084" lon="-121.42594">
        <ele>43.9</ele>
      </trkpt>
      <trkpt lat="35.86049" lon="-121.42547">
        <ele>40.1</ele>
      </trkpt>
      <trkpt lat="35.86032" lon="-121.4252">
        <ele>39.1</ele>
      </trkpt>
      <trkpt lat="35.8602" lon="-121.42491">
        <ele>37.2</ele>
      </trkpt>
      <trkpt lat="35.86007" lon="-121.42463">
        <ele>30.2</ele>
      </trkpt>
      <trkpt lat="35.85996" lon="-121.42431">
        <ele>33.2</ele>
      </trkpt>
      <trkpt lat="35.85983" lon="-121.42377">
        <ele>34.0</ele>
      </trkpt>
      <trkpt lat="35.85972" lon="-121.42321">
        <ele>33.7</ele>
      </trkpt>
      <trkpt lat="35.85954" lon="-121.42219">
        <ele>25.6</ele>
      </trkpt>
      <trkpt lat="35.85945" lon="-121.42174">
        <ele>24.2</ele>
      </trkpt>
      <trkpt lat="35.85927" lon="-121.42107">
        <ele>23.5</ele>
      </trkpt>
      <trkpt lat="35.85918" lon="-121.42064">
        <ele>24.2</ele>
      </trkpt>
      <trkpt lat="35.85908" lon="-121.41995">
        <ele>24.1</ele>
      </trkpt>
      <trkpt lat="35.85898" lon="-121.41926">
        <ele>26.2</ele>
      </trkpt>
      <trkpt lat="35.85887" lon="-121.41856">
        <ele>26.2</ele>
      </trkpt>
      <trkpt lat="35.85872" lon="-121.41787">
        <ele>29.9</ele>
      </trkpt>
      <trkpt lat="35.85859" lon="-121.41718">
        <ele>26.2</ele>
      </trkpt>
      <trkpt lat="35.85848" lon="-121.41671">
        <ele>12.1</ele>
      </trkpt>
      <trkpt lat="35.85837" lon="-121.41636">
        <ele>13.4</ele>
      </trkpt>
      <trkpt lat="35.85815" lon="-121.41586">
        <ele>27.6</ele>
      </trkpt>
      <trkpt lat="35.85774" lon="-121.41501">
        <ele>26.6</ele>
      </trkpt>
      <trkpt lat="35.85739" lon="-121.41444">
        <ele>23.3</ele>
      </trkpt>
      <trkpt lat="35.8568" lon="-121.41362">
        <ele>23.3</ele>
      </trkpt>
      <trkpt lat="35.85621" lon="-121.4128">
        <ele>23.7</ele>
      </trkpt>
      <trkpt lat="35.85594" lon="-121.41247">
        <ele>24.6</ele>
      </trkpt>
      <trkpt lat="35.85566" lon="-121.41219">
        <ele>23.1</ele>
      </trkpt>
      <trkpt lat="35.85542" lon="-121.41198">
        <ele>22.8</ele>
      </trkpt>
      <trkpt lat="35.855" lon="-121.4117">
        <ele>22.8</ele>
      </trkpt>
      <trkpt lat="35.85471" lon="-121.41159">
        <ele>27.7</ele>
      </trkpt>
      <trkpt lat="35.85401" lon="-121.41153">
        <ele>25.2</ele>
      </trkpt>
      <trkpt lat="35.85386" lon="-121.41143">
        <ele>27.3</ele>
      </trkpt>
      <trkpt lat="35.85371" lon="-121.41127">
        <ele>28.3</ele>
      </trkpt>
      <trkpt lat="35.85359" lon="-121.41108">
        <ele>28.0</ele>
      </trkpt>
      <trkpt lat="35.85344" lon="-121.41076">
        <ele>28.2</ele>
      </trkpt>
      <trkpt lat="35.85324" lon="-121.41042">
        <ele>28.4</ele>
      </trkpt>
      <trkpt lat="35.85296" lon="-121.41014">
        <ele>27.4</ele>
      </trkpt>
      <trkpt lat="35.85269" lon="-121.40998">
        <ele>25.8</ele>
      </trkpt>
      <trkpt lat="35.85239" lon="-121.40985">
        <ele>26.7</ele>
      </trkpt>
      <trkpt lat="35.85172" lon="-121.40969">
        <ele>28.6</ele>
      </trkpt>
      <trkpt lat="35.85106" lon="-121.40952">
        <ele>33.7</ele>
      </trkpt>
      <trkpt lat="35.85082" lon="-121.40941">
        <ele>34.1</ele>
      </trkpt>
      <trkpt lat="35.85067" lon="-121.40929">
        <ele>37.4</ele>
      </trkpt>
      <trkpt lat="35.85054" lon="-121.40909">
        <ele>41.8</ele>
      </trkpt>
      <trkpt lat="35.85027" lon="-121.40857">
        <ele>48.7</ele>
      </trkpt>
      <trkpt lat="35.85011" lon="-121.4083">
        <ele>47.8</ele>
      </trkpt>
      <trkpt lat="35.84999" lon="-121.40818">
        <ele>47.4</ele>
      </trkpt>
      <trkpt lat="35.84961" lon="-121.40783">
        <ele>46.0</ele>
      </trkpt>
      <trkpt lat="35.84932" lon="-121.40761">
        <ele>45.0</ele>
      </trkpt>
      <trkpt lat="35.84901" lon="-121.40743">
        <ele>43.9</ele>
      </trkpt>
      <trkpt lat="35.8488" lon="-121.40732">
        <ele>43.3</ele>
      </trkpt>
      <trkpt lat="35.84841" lon="-121.4072">
        <ele>42.3</ele>
      </trkpt>
      <trkpt lat="35.84766" lon="-121.40714">
        <ele>48.2</ele>
      </trkpt>
      <trkpt lat="35.84692" lon="-121.40708">
        <ele>46.3</ele>
      </trkpt>
      <trkpt lat="35.84666" lon="-121.40702">
        <ele>47.4</ele>
      </trkpt>
      <trkpt lat="35.84647" lon="-121.40686">
        <ele>51.4</ele>
      </trkpt>
      <trkpt lat="35.84633" lon="-121.40663">
        <ele>55.3</ele>
      </trkpt>
      <trkpt lat="35.84624" lon="-121.40629">
        <ele>68.1</ele>
      </trkpt>
      <trkpt lat="35.84624" lon="-121.40601">
        <ele>74.6</ele>
      </trkpt>
      <trkpt lat="35.84619" lon="-121.40574">
        <ele>75.0</ele>
      </trkpt>
      <trkpt lat="35.84605" lon="-121.40557">
        <ele>71.2</ele>
      </trkpt>
      <trkpt lat="35.84588" lon="-121.40551">
        <ele>66.2</ele>
      </trkpt>
      <trkpt lat="35.8457" lon="-121.40549">
        <ele>67.2</ele>
      </trkpt>
      <trkpt lat="35.84511" lon="-121.40558">
        <ele>71.3</ele>
      </trkpt>
      <trkpt lat="35.84485" lon="-121.40558">
        <ele>75.0</ele>
      </trkpt>
      <trkpt lat="35.84466" lon="-121.40551">
        <ele>75.6</ele>
      </trkpt>
      <trkpt lat="35.8445" lon="-121.40539">
        <ele>76.6</ele>
      </trkpt>
      <trkpt lat="35.84433" lon="-121.40521">
        <ele>77.6</ele>
      </trkpt>
      <trkpt lat="35.84419" lon="-121.405">
        <ele>80.3</ele>
      </trkpt>
      <trkpt lat="35.84402" lon="-121.40455">
        <ele>85.4</ele>
      </trkpt>
      <trkpt lat="35.84392" lon="-121.40432">
        <ele>85.8</ele>
      </trkpt>
      <trkpt lat="35.84378" lon="-121.40408">
        <ele>84.6</ele>
      </trkpt>
      <trkpt lat="35.84351" lon="-121.40378">
        <ele>89.0</ele>
      </trkpt>
      <trkpt lat="35.84327" lon="-121.40344">
        <ele>95.6</ele>
      </trkpt>
      <trkpt lat="35.84282" lon="-121.40254">
        <ele>97.4</ele>
      </trkpt>
      <trkpt lat="35.84236" lon="-121.40164">
        <ele>104.6</ele>
      </trkpt>
      <trkpt lat="35.84222" lon="-121.40142">
        <ele>104.7</ele>
      </trkpt>
      <trkpt lat="35.84207" lon="-121.40123">
        <ele>102.8</ele>
      </trkpt>
      <trkpt lat="35.84183" lon="-121.40104">
        <ele>104.2</ele>
      </trkpt>
      <trkpt lat="35.84142" lon="-121.40088">
        <ele>106.6</ele>
      </trkpt>
      <trkpt lat="35.84113" lon="-121.40086">
        <ele>105.7</ele>
      </trkpt>
      <trkpt lat="35.84043" lon="-121.40104">
        <ele>111.1</ele>
      </trkpt>
      <trkpt lat="35.84018" lon="-121.40103">
        <ele>113.1</ele>
      </trkpt>
      <trkpt lat="35.83998" lon="-121.40089">
        <ele>117.0</ele>
      </trkpt>
      <trkpt lat="35.83989" lon="-121.40072">
        <ele>119.4</ele>
      </trkpt>
      <trkpt lat="35.83983" lon="-121.40054">
        <ele>119.4</ele>
      </trkpt>
      <trkpt lat="35.83977" lon="-121.40017">
        <ele>124.1</ele>
      </trkpt>
      <trkpt lat="35.83968" lon="-121.39991">
        <ele>125.2</ele>
      </trkpt>
      <trkpt lat="35.83943" lon="-121.3996">
        <ele>122.7</ele>
      </trkpt>
      <trkpt lat="35.83886" lon="-121.39912">
        <ele>116.3</ele>
      </trkpt>
      <trkpt lat="35.83829" lon="-121.39864">
        <ele>129.7</ele>
      </trkpt>
      <trkpt lat="35.83771" lon="-121.39816">
        <ele>138.3</ele>
      </trkpt>
      <trkpt lat="35.83746" lon="-121.39788">
        <ele>145.1</ele>
      </trkpt>
      <trkpt lat="35.83724" lon="-121.3976">
        <ele>146.2</ele>
      </trkpt>
      <trkpt lat="35.83708" lon="-121.39728">
        <ele>147.9</ele>
      </trkpt>
      <trkpt lat="35.83686" lon="-121.39664">
        <ele>149.2</ele>
      </trkpt>
      <trkpt lat="35.83677" lon="-121.39642">
        <ele>151.2</ele>
      </trkpt>
      <trkpt lat="35.83665" lon="-121.39621">
        <ele>151.0</ele>
      </trkpt>
      <trkpt lat="35.83653" lon="-121.39603">
        <ele>152.0</ele>
      </trkpt>
      <trkpt lat="35.8359" lon="-121.39526">
        <ele>157.9</ele>
      </trkpt>
      <trkpt lat="35.83579" lon="-121.39502">
        <ele>159.2</ele>
      </trkpt>
      <trkpt lat="35.83572" lon="-121.39474">
        <ele>163.5</ele>
      </trkpt>
      <trkpt lat="35.83571" lon="-121.39444">
        <ele>165.6</ele>
      </trkpt>
      <trkpt lat="35.83577" lon="-121.39413">
        <ele>169.1</ele>
      </trkpt>
      <trkpt lat="35.83621" lon="-121.39326">
        <ele>171.7</ele>
      </trkpt>
      <trkpt lat="35.83629" lon="-121.39306">
        <ele>172.5</ele>
      </trkpt>
      <trkpt lat="35.83633" lon="-121.39285">
        <ele>171.3</ele>
      </trkpt>
      <trkpt lat="35.83635" lon="-121.39263">
        <ele>168.4</ele>
      </trkpt>
      <trkpt lat="35.83634" lon="-121.3925">
        <ele>165.9</ele>
      </trkpt>
      <trkpt lat="35.83631" lon="-121.39233">
        <ele>161.9</ele>
      </trkpt>
      <trkpt lat="35.83625" lon="-121.39217">
        <ele>154.9</ele>
      </trkpt>
      <trkpt lat="35.83619" lon="-121.39208">
        <ele>150.9</ele>
      </trkpt>
      <trkpt lat="35.83612" lon="-121.39201">
        <ele>147.9</ele>
      </trkpt>
      <trkpt lat="35.83609" lon="-121.39198">
        <ele>147.8</ele>
      </trkpt>
      <trkpt lat="35.83593" lon="-121.39195">
        <ele>154.4</ele>
      </trkpt>
      <trkpt lat="35.83576" lon="-121.39199">
        <ele>161.9</ele>
      </trkpt>
      <trkpt lat="35.83554" lon="-121.39217">
        <ele>164.7</ele>
      </trkpt>
      <trkpt lat="35.83531" lon="-121.39239">
        <ele>164.7</ele>
      </trkpt>
      <trkpt lat="35.83514" lon="-121.39262">
        <ele>164.2</ele>
      </trkpt>
      <trkpt lat="35.83498" lon="-121.39285">
        <ele>165.3</ele>
      </trkpt>
      <trkpt lat="35.83487" lon="-121.39297">
        <ele>167.5</ele>
      </trkpt>
      <trkpt lat="35.83469" lon="-121.39308">
        <ele>174.6</ele>
      </trkpt>
      <trkpt lat="35.83461" lon="-121.39312">
        <ele>177.5</ele>
      </trkpt>
      <trkpt lat="35.8345" lon="-121.39312">
        <ele>179.1</ele>
      </trkpt>
      <trkpt lat="35.83436" lon="-121.39312">
        <ele>179.4</ele>
      </trkpt>
      <trkpt lat="35.83424" lon="-121.39305">
        <ele>180.2</ele>
      </trkpt>
      <trkpt lat="35.83416" lon="-121.39299">
        <ele>180.7</ele>
      </trkpt>
      <trkpt lat="35.83408" lon="-121.39289">
        <ele>181.8</ele>
      </trkpt>
      <trkpt lat="35.83399" lon="-121.39277">
        <ele>183.7</ele>
      </trkpt>
      <trkpt lat="35.83392" lon="-121.39261">
        <ele>187.6</ele>
      </trkpt>
      <trkpt lat="35.83382" lon="-121.39233">
        <ele>189.3</ele>
      </trkpt>
      <trkpt lat="35.83374" lon="-121.39217">
        <ele>189.2</ele>
      </trkpt>
      <trkpt lat="35.83367" lon="-121.39206">
        <ele>188.9</ele>
      </trkpt>
      <trkpt lat="35.83357" lon="-121.39198">
        <ele>188.1</ele>
      </trkpt>
      <trkpt lat="35.83348" lon="-121.39191">
        <ele>187.9</ele>
      </trkpt>
      <trkpt lat="35.83326" lon="-121.39189">
        <ele>190.2</ele>
      </trkpt>
      <trkpt lat="35.83275" lon="-121.39199">
        <ele>191.1</ele>
      </trkpt>
      <trkpt lat="35.83263" lon="-121.39199">
        <ele>193.0</ele>
      </trkpt>
      <trkpt lat="35.83243" lon="-121.39192">
        <ele>197.5</ele>
      </trkpt>
      <trkpt lat="35.8323" lon="-121.39183">
        <ele>200.6</ele>
      </trkpt>
      <trkpt lat="35.83213" lon="-121.39163">
        <ele>203.2</ele>
      </trkpt>
      <trkpt lat="35.83182" lon="-121.39125">
        <ele>202.8</ele>
      </trkpt>
      <trkpt lat="35.8314" lon="-121.39069">
        <ele>208.5</ele>
      </trkpt>
      <trkpt lat="35.83127" lon="-121.39045">
        <ele>210.7</ele>
      </trkpt>
      <trkpt lat="35.83115" lon="-121.39005">
        <ele>217.7</ele>
      </trkpt>
      <trkpt lat="35.83102" lon="-121.3898">
        <ele>216.3</ele>
      </trkpt>
      <trkpt lat="35.83088" lon="-121.38965">
        <ele>212.4</ele>
      </trkpt>
      <trkpt lat="35.83059" lon="-121.38948">
        <ele>215.8</ele>
      </trkpt>
      <trkpt lat="35.82989" lon="-121.38917">
        <ele>222.5</ele>
      </trkpt>
      <trkpt lat="35.82971" lon="-121.38906">
        <ele>224.0</ele>
      </trkpt>
      <trkpt lat="35.82954" lon="-121.38893">
        <ele>225.5</ele>
      </trkpt>
      <trkpt lat="35.82932" lon="-121.38874">
        <ele>226.7</ele>
      </trkpt>
      <trkpt lat="35.82912" lon="-121.38849">
        <ele>229.1</ele>
      </trkpt>
      <trkpt lat="35.82884" lon="-121.388">
        <ele>231.2</ele>
      </trkpt>
      <trkpt lat="35.82855" lon="-121.38751">
        <ele>229.5</ele>
      </trkpt>
      <trkpt lat="35.82841" lon="-121.38728">
        <ele>225.2</ele>
      </trkpt>
      <trkpt lat="35.82808" lon="-121.38692">
        <ele>224.5</ele>
      </trkpt>
      <trkpt lat="35.82777" lon="-121.38665">
        <ele>224.0</ele>
      </trkpt>
      <trkpt lat="35.82744" lon="-121.38642">
        <ele>218.3</ele>
      </trkpt>
      <trkpt lat="35.82708" lon="-121.38621">
        <ele>216.9</ele>
      </trkpt>
      <trkpt lat="35.82666" lon="-121.38601">
        <ele>216.8</ele>
      </trkpt>
      <trkpt lat="35.82638" lon="-121.38585">
        <ele>217.3</ele>
      </trkpt>
      <trkpt lat="35.82619" lon="-121.38559">
        <ele>219.0</ele>
      </trkpt>
      <trkpt lat="35.82603" lon="-121.38535">
        <ele>219.1</ele>
      </trkpt>
      <trkpt lat="35.82593" lon="-121.3851">
        <ele>219.7</ele>
      </trkpt>
      <trkpt lat="35.82573" lon="-121.3842">
        <ele>226.6</ele>
      </trkpt>
      <trkpt lat="35.82566" lon="-121.38362">
        <ele>225.9</ele>
      </trkpt>
      <trkpt lat="35.82567" lon="-121.38299">
        <ele>226.8</ele>
      </trkpt>
      <trkpt lat="35.82565" lon="-121.38273">
        <ele>227.3</ele>
      </trkpt>
      <trkpt lat="35.82557" lon="-121.38252">
        <ele>224.9</ele>
      </trkpt>
      <trkpt lat="35.82507" lon="-121.38186">
        <ele>224.4</ele>
      </trkpt>
      <trkpt lat="35.82457" lon="-121.38121">
        <ele>226.8</ele>
      </trkpt>
      <trkpt lat="35.82437" lon="-121.38099">
        <ele>227.0</ele>
      </trkpt>
      <trkpt lat="35.82379" lon="-121.38066">
        <ele>234.6</ele>
      </trkpt>
      <trkpt lat="35.82361" lon="-121.38054">
        <ele>235.1</ele>
      </trkpt>
      <trkpt lat="35.82344" lon="-121.38039">
        <ele>235.4</ele>
      </trkpt>
      <trkpt lat="35.82323" lon="-121.38015">
        <ele>236.8</ele>
      </trkpt>
      <trkpt lat="35.82315" lon="-121.38">
        <ele>237.6</ele>
      </trkpt>
      <trkpt lat="35.82308" lon="-121.37985">
        <ele>238.7</ele>
      </trkpt>
      <trkpt lat="35.82299" lon="-121.37961">
        <ele>240.7</ele>
      </trkpt>
      <trkpt lat="35.82293" lon="-121.37936">
        <ele>240.4</ele>
      </trkpt>
      <trkpt lat="35.82293" lon="-121.37902">
        <ele>239.1</ele>
      </trkpt>
      <trkpt lat="35.82296" lon="-121.37866">
        <ele>237.4</ele>
      </trkpt>
      <trkpt lat="35.82294" lon="-121.37836">
        <ele>238.3</ele>
      </trkpt>
      <trkpt lat="35.82287" lon="-121.37807">
        <ele>238.3</ele>
      </trkpt>
      <trkpt lat="35.82273" lon="-121.37784">
        <ele>236.1</ele>
      </trkpt>
      <trkpt lat="35.82258" lon="-121.3777">
        <ele>236.1</ele>
      </trkpt>
      <trkpt lat="35.82239" lon="-121.37765">
        <ele>235.3</ele>
      </trkpt>
      <trkpt lat="35.82193" lon="-121.37759">
        <ele>235.0</ele>
      </trkpt>
      <trkpt lat="35.82146" lon="-121.37753">
        <ele>232.0</ele>
      </trkpt>
      <trkpt lat="35.82124" lon="-121.3774">
        <ele>229.6</ele>
      </trkpt>
      <trkpt lat="35.82108" lon="-121.37718">
        <ele>229.0</ele>
      </trkpt>
      <trkpt lat="35.82103" lon="-121.37697">
        <ele>228.2</ele>
      </trkpt>
      <trkpt lat="35.82103" lon="-121.37674">
        <ele>227.4</ele>
      </trkpt>
      <trkpt lat="35.82113" lon="-121.37645">
        <ele>225.8</ele>
      </trkpt>
      <trkpt lat="35.82126" lon="-121.37629">
        <ele>224.8</ele>
      </trkpt>
      <trkpt lat="35.82153" lon="-121.37612">
        <ele>225.5</ele>
      </trkpt>
      <trkpt lat="35.8217" lon="-121.37594">
        <ele>225.1</ele>
      </trkpt>
      <trkpt lat="35.82181" lon="-121.37571">
        <ele>224.1</ele>
      </trkpt>
      <trkpt lat="35.82184" lon="-121.37554">
        <ele>222.8</ele>
      </trkpt>
      <trkpt lat="35.82185" lon="-121.37535">
        <ele>222.8</ele>
      </trkpt>
      <trkpt lat="35.82185" lon="-121.37501">
        <ele>228.1</ele>
      </trkpt>
      <trkpt lat="35.82182" lon="-121.37479">
        <ele>227.7</ele>
      </trkpt>
      <trkpt lat="35.82178" lon="-121.37461">
        <ele>221.0</ele>
      </trkpt>
      <trkpt lat="35.82168" lon="-121.37437">
        <ele>214.0</ele>
      </trkpt>
      <trkpt lat="35.82155" lon="-121.37422">
        <ele>211.3</ele>
      </trkpt>
      <trkpt lat="35.82135" lon="-121.3741">
        <ele>209.9</ele>
      </trkpt>
      <trkpt lat="35.82115" lon="-121.37405">
        <ele>205.4</ele>
      </trkpt>
      <trkpt lat="35.8209" lon="-121.3741">
        <ele>199.7</ele>
      </trkpt>
      <trkpt lat="35.82056" lon="-121.37429">
        <ele>190.0</ele>
      </trkpt>
      <trkpt lat="35.82018" lon="-121.37448">
        <ele>183.9</ele>
      </trkpt>
      <trkpt lat="35.81991" lon="-121.37452">
        <ele>184.3</ele>
      </trkpt>
      <trkpt lat="35.8197" lon="-121.37443">
        <ele>186.1</ele>
      </trkpt>
      <trkpt lat="35.81953" lon="-121.37427">
        <ele>188.7</ele>
      </trkpt>
      <trkpt lat="35.81936" lon="-121.37404">
        <ele>189.3</ele>
      </trkpt>
      <trkpt lat="35.81918" lon="-121.37385">
        <ele>182.3</ele>
      </trkpt>
      <trkpt lat="35.81902" lon="-121.3738">
        <ele>175.2</ele>
      </trkpt>
      <trkpt lat="35.81885" lon="-121.37378">
        <ele>173.4</ele>
      </trkpt>
      <trkpt lat="35.81852" lon="-121.37387">
        <ele>169.8</ele>
      </trkpt>
      <trkpt lat="35.81832" lon="-121.37389">
        <ele>169.1</ele>
      </trkpt>
      <trkpt lat="35.81814" lon="-121.3739">
        <ele>166.8</ele>
      </trkpt>
      <trkpt lat="35.81796" lon="-121.37384">
        <ele>165.4</ele>
      </trkpt>
      <trkpt lat="35.81784" lon="-121.37375">
        <ele>165.4</ele>
      </trkpt>
      <trkpt lat="35.8177" lon="-121.3736">
        <ele>167.4</ele>
      </trkpt>
      <trkpt lat="35.81764" lon="-121.37343">
        <ele>172.9</ele>
      </trkpt>
      <trkpt lat="35.81759" lon="-121.37325">
        <ele>177.3</ele>
      </trkpt>
      <trkpt lat="35.81756" lon="-121.37262">
        <ele>176.6</ele>
      </trkpt>
      <trkpt lat="35.81754" lon="-121.372">
        <ele>175.5</ele>
      </trkpt>
      <trkpt lat="35.81751" lon="-121.37162">
        <ele>173.3</ele>
      </trkpt>
      <trkpt lat="35.81742" lon="-121.37122">
        <ele>168.0</ele>
      </trkpt>
      <trkpt lat="35.81729" lon="-121.37088">
        <ele>164.3</ele>
      </trkpt>
      <trkpt lat="35.8171" lon="-121.37057">
        <ele>158.5</ele>
      </trkpt>
      <trkpt lat="35.81672" lon="-121.3702">
        <ele>155.5</ele>
      </trkpt>
      <trkpt lat="35.81639" lon="-121.37005">
        <ele>151.4</ele>
      </trkpt>
      <trkpt lat="35.81556" lon="-121.36996">
        <ele>141.5</ele>
      </trkpt>
      <trkpt lat="35.81472" lon="-121.36987">
        <ele>133.0</ele>
      </trkpt>
      <trkpt lat="35.81444" lon="-121.36978">
        <ele>130.9</ele>
      </trkpt>
      <trkpt lat="35.81432" lon="-121.36968">
        <ele>134.5</ele>
      </trkpt>
      <trkpt lat="35.81424" lon="-121.36952">
        <ele>139.2</ele>
      </trkpt>
      <trkpt lat="35.81414" lon="-121.36927">
        <ele>140.4</ele>
      </trkpt>
      <trkpt lat="35.81407" lon="-121.36876">
        <ele>140.5</ele>
      </trkpt>
      <trkpt lat="35.814" lon="-121.36796">
        <ele>139.2</ele>
      </trkpt>
      <trkpt lat="35.81393" lon="-121.36742">
        <ele>136.1</ele>
      </trkpt>
      <trkpt lat="35.81382" lon="-121.36707">
        <ele>131.4</ele>
      </trkpt>
      <trkpt lat="35.81364" lon="-121.36674">
        <ele>123.0</ele>
      </trkpt>
      <trkpt lat="35.8134" lon="-121.3665">
        <ele>120.2</ele>
      </trkpt>
      <trkpt lat="35.8131" lon="-121.36636">
        <ele>117.8</ele>
      </trkpt>
      <trkpt lat="35.81267" lon="-121.3663">
        <ele>117.3</ele>
      </trkpt>
      <trkpt lat="35.81223" lon="-121.3663">
        <ele>107.7</ele>
      </trkpt>
      <trkpt lat="35.81202" lon="-121.36626">
        <ele>105.5</ele>
      </trkpt>
      <trkpt lat="35.81187" lon="-121.36616">
        <ele>111.6</ele>
      </trkpt>
      <trkpt lat="35.8117" lon="-121.36595">
        <ele>115.2</ele>
      </trkpt>
      <trkpt lat="35.81154" lon="-121.36567">
        <ele>114.3</ele>
      </trkpt>
      <trkpt lat="35.81148" lon="-121.36544">
        <ele>117.6</ele>
      </trkpt>
      <trkpt lat="35.81146" lon="-121.36518">
        <ele>117.9</ele>
      </trkpt>
      <trkpt lat="35.81149" lon="-121.36499">
        <ele>115.7</ele>
      </trkpt>
      <trkpt lat="35.81161" lon="-121.3645">
        <ele>116.6</ele>
      </trkpt>
      <trkpt lat="35.81167" lon="-121.36411">
        <ele>115.2</ele>
      </trkpt>
      <trkpt lat="35.81166" lon="-121.3638">
        <ele>112.9</ele>
      </trkpt>
      <trkpt lat="35.81155" lon="-121.36299">
        <ele>109.8</ele>
      </trkpt>
      <trkpt lat="35.81153" lon="-121.36266">
        <ele>111.0</ele>
      </trkpt>
      <trkpt lat="35.81154" lon="-121.3624">
        <ele>111.4</ele>
      </trkpt>
      <trkpt lat="35.8116" lon="-121.36216">
        <ele>112.1</ele>
      </trkpt>
      <trkpt lat="35.81172" lon="-121.36198">
        <ele>114.2</ele>
      </trkpt>
      <trkpt lat="35.8119" lon="-121.36183">
        <ele>116.5</ele>
      </trkpt>
      <trkpt lat="35.81215" lon="-121.36173">
        <ele>113.6</ele>
      </trkpt>
      <trkpt lat="35.81265" lon="-121.36162">
        <ele>108.9</ele>
      </trkpt>
      <trkpt lat="35.81294" lon="-121.3615">
        <ele>109.9</ele>
      </trkpt>
      <trkpt lat="35.81326" lon="-121.36129">
        <ele>114.1</ele>
      </trkpt>
      <trkpt lat="35.81356" lon="-121.36119">
        <ele>113.7</ele>
      </trkpt>
      <trkpt lat="35.81377" lon="-121.36106">
        <ele>114.4</ele>
      </trkpt>
      <trkpt lat="35.81397" lon="-121.36084">
        <ele>109.1</ele>
      </trkpt>
      <trkpt lat="35.81407" lon="-121.36072">
        <ele>104.5</ele>
      </trkpt>
      <trkpt lat="35.81423" lon="-121.36042">
        <ele>103.5</ele>
      </trkpt>
      <trkpt lat="35.81441" lon="-121.36019">
        <ele>105.8</ele>
      </trkpt>
      <trkpt lat="35.81463" lon="-121.35997">
        <ele>107.3</ele>
      </trkpt>
      <trkpt lat="35.81482" lon="-121.35981">
        <ele>109.1</ele>
      </trkpt>
      <trkpt lat="35.8155" lon="-121.35932">
        <ele>111.7</ele>
      </trkpt>
      <trkpt lat="35.81557" lon="-121.35926">
        <ele>109.5</ele>
      </trkpt>
      <trkpt lat="35.81563" lon="-121.35919">
        <ele>107.5</ele>
      </trkpt>
      <trkpt lat="35.81568" lon="-121.35911">
        <ele>106.1</ele>
      </trkpt>
      <trkpt lat="35.8157" lon="-121.35905">
        <ele>105.0</ele>
      </trkpt>
      <trkpt lat="35.81571" lon="-121.35899">
        <ele>103.6</ele>
      </trkpt>
      <trkpt lat="35.81571" lon="-121.35891">
        <ele>101.3</ele>
      </trkpt>
      <trkpt lat="35.81569" lon="-121.35879">
        <ele>98.0</ele>
      </trkpt>
      <trkpt lat="35.81567" lon="-121.35876">
        <ele>96.8</ele>
      </trkpt>
      <trkpt lat="35.81561" lon="-121.35867">
        <ele>93.5</ele>
      </trkpt>
      <trkpt lat="35.81555" lon="-121.35861">
        <ele>88.8</ele>
      </trkpt>
      <trkpt lat="35.8155" lon="-121.35858">
        <ele>84.6</ele>
      </trkpt>
      <trkpt lat="35.81539" lon="-121.35856">
        <ele>83.1</ele>
      </trkpt>
      <trkpt lat="35.81533" lon="-121.35857">
        <ele>84.3</ele>
      </trkpt>
      <trkpt lat="35.81526" lon="-121.35859">
        <ele>85.6</ele>
      </trkpt>
      <trkpt lat="35.8152" lon="-121.35863">
        <ele>85.8</ele>
      </trkpt>
      <trkpt lat="35.81496" lon="-121.3588">
        <ele>81.1</ele>
      </trkpt>
      <trkpt lat="35.81484" lon="-121.35884">
        <ele>81.5</ele>
      </trkpt>
      <trkpt lat="35.8146" lon="-121.35889">
        <ele>82.6</ele>
      </trkpt>
      <trkpt lat="35.81429" lon="-121.35891">
        <ele>85.7</ele>
      </trkpt>
      <trkpt lat="35.81344" lon="-121.35886">
        <ele>93.9</ele>
      </trkpt>
      <trkpt lat="35.81326" lon="-121.35884">
        <ele>96.5</ele>
      </trkpt>
      <trkpt lat="35.81261" lon="-121.35872">
        <ele>105.9</ele>
      </trkpt>
      <trkpt lat="35.81195" lon="-121.35861">
        <ele>104.9</ele>
      </trkpt>
      <trkpt lat="35.81182" lon="-121.3586">
        <ele>104.3</ele>
      </trkpt>
      <trkpt lat="35.81176" lon="-121.35861">
        <ele>102.3</ele>
      </trkpt>
      <trkpt lat="35.81161" lon="-121.35867">
        <ele>104.9</ele>
      </trkpt>
      <trkpt lat="35.81156" lon="-121.3587">
        <ele>106.3</ele>
      </trkpt>
      <trkpt lat="35.81144" lon="-121.35881">
        <ele>108.0</ele>
      </trkpt>
      <trkpt lat="35.81137" lon="-121.35887">
        <ele>108.6</ele>
      </trkpt>
      <trkpt lat="35.81131" lon="-121.3589">
        <ele>109.8</ele>
      </trkpt>
      <trkpt lat="35.81124" lon="-121.35892">
        <ele>110.9</ele>
      </trkpt>
      <trkpt lat="35.81104" lon="-121.35893">
        <ele>115.3</ele>
      </trkpt>
      <trkpt lat="35.81097" lon="-121.35894">
        <ele>116.4</ele>
      </trkpt>
      <trkpt lat="35.81087" lon="-121.35896">
        <ele>118.1</ele>
      </trkpt>
      <trkpt lat="35.81075" lon="-121.35901">
        <ele>119.5</ele>
      </trkpt>
      <trkpt lat="35.81068" lon="-121.35905">
        <ele>119.9</ele>
      </trkpt>
      <trkpt lat="35.81051" lon="-121.35918">
        <ele>120.1</ele>
      </trkpt>
      <trkpt lat="35.81001" lon="-121.35959">
        <ele>122.4</ele>
      </trkpt>
      <trkpt lat="35.80977" lon="-121.3598">
        <ele>129.6</ele>
      </trkpt>
      <trkpt lat="35.80967" lon="-121.35991">
        <ele>133.1</ele>
      </trkpt>
      <trkpt lat="35.80959" lon="-121.36003">
        <ele>135.8</ele>
      </trkpt>
      <trkpt lat="35.80948" lon="-121.36024">
        <ele>137.7</ele>
      </trkpt>
      <trkpt lat="35.80935" lon="-121.36064">
        <ele>137.4</ele>
      </trkpt>
      <trkpt lat="35.80931" lon="-121.3607">
        <ele>134.7</ele>
      </trkpt>
      <trkpt lat="35.80927" lon="-121.36075">
        <ele>131.7</ele>
      </trkpt>
      <trkpt lat="35.80922" lon="-121.36079">
        <ele>128.6</ele>
      </trkpt>
      <trkpt lat="35.80916" lon="-121.36081">
        <ele>126.6</ele>
      </trkpt>
      <trkpt lat="35.80912" lon="-121.36081">
        <ele>126.3</ele>
      </trkpt>
      <trkpt lat="35.80898" lon="-121.36078">
        <ele>126.9</ele>
      </trkpt>
      <trkpt lat="35.80878" lon="-121.3607">
        <ele>132.4</ele>
      </trkpt>
      <trkpt lat="35.8087" lon="-121.36065">
        <ele>134.6</ele>
      </trkpt>
      <trkpt lat="35.80862" lon="-121.36058">
        <ele>135.2</ele>
      </trkpt>
      <trkpt lat="35.80856" lon="-121.36051">
        <ele>135.5</ele>
      </trkpt>
      <trkpt lat="35.80851" lon="-121.36044">
        <ele>135.9</ele>
      </trkpt>
      <trkpt lat="35.80845" lon="-121.36031">
        <ele>138.0</ele>
      </trkpt>
      <trkpt lat="35.80836" lon="-121.35995">
        <ele>143.2</ele>
      </trkpt>
      <trkpt lat="35.80829" lon="-121.35978">
        <ele>143.0</ele>
      </trkpt>
      <trkpt lat="35.80825" lon="-121.3597">
        <ele>143.0</ele>
      </trkpt>
      <trkpt lat="35.80808" lon="-121.35947">
        <ele>144.8</ele>
      </trkpt>
      <trkpt lat="35.80796" lon="-121.35935">
        <ele>145.9</ele>
      </trkpt>
      <trkpt lat="35.80789" lon="-121.35924">
        <ele>148.1</ele>
      </trkpt>
      <trkpt lat="35.80783" lon="-121.35914">
        <ele>149.7</ele>
      </trkpt>
      <trkpt lat="35.80778" lon="-121.35903">
        <ele>151.8</ele>
      </trkpt>
      <trkpt lat="35.80764" lon="-121.3585">
        <ele>156.9</ele>
      </trkpt>
      <trkpt lat="35.80761" lon="-121.3584">
        <ele>156.9</ele>
      </trkpt>
      <trkpt lat="35.80747" lon="-121.35817">
        <ele>152.7</ele>
      </trkpt>
      <trkpt lat="35.8073" lon="-121.3579">
        <ele>157.7</ele>
      </trkpt>
      <trkpt lat="35.80696" lon="-121.35722">
        <ele>167.6</ele>
      </trkpt>
      <trkpt lat="35.80692" lon="-121.35708">
        <ele>168.3</ele>
      </trkpt>
      <trkpt lat="35.80687" lon="-121.35694">
        <ele>167.9</ele>
      </trkpt>
      <trkpt lat="35.80682" lon="-121.35685">
        <ele>165.8</ele>
      </trkpt>
      <trkpt lat="35.80676" lon="-121.35676">
        <ele>163.2</ele>
      </trkpt>
      <trkpt lat="35.80669" lon="-121.35669">
        <ele>162.4</ele>
      </trkpt>
      <trkpt lat="35.80632" lon="-121.35646">
        <ele>173.9</ele>
      </trkpt>
      <trkpt lat="35.80626" lon="-121.3564">
        <ele>176.3</ele>
      </trkpt>
      <trkpt lat="35.80621" lon="-121.35634">
        <ele>177.3</ele>
      </trkpt>
      <trkpt lat="35.80614" lon="-121.35621">
        <ele>178.4</ele>
      </trkpt>
      <trkpt lat="35.80612" lon="-121.35615">
        <ele>178.9</ele>
      </trkpt>
      <trkpt lat="35.80598" lon="-121.35546">
        <ele>177.8</ele>
      </trkpt>
      <trkpt lat="35.80593" lon="-121.35519">
        <ele>177.4</ele>
      </trkpt>
      <trkpt lat="35.80592" lon="-121.35496">
        <ele>178.3</ele>
      </trkpt>
      <trkpt lat="35.80599" lon="-121.35399">
        <ele>191.9</ele>
      </trkpt>
      <trkpt lat="35.80599" lon="-121.35366">
        <ele>192.5</ele>
      </trkpt>
      <trkpt lat="35.80598" lon="-121.35356">
        <ele>192.5</ele>
      </trkpt>
      <trkpt lat="35.80595" lon="-121.35336">
        <ele>194.3</ele>
      </trkpt>
      <trkpt lat="35.80591" lon="-121.35324">
        <ele>194.2</ele>
      </trkpt>
      <trkpt lat="35.80585" lon="-121.35312">
        <ele>194.4</ele>
      </trkpt>
      <trkpt lat="35.80573" lon="-121.35293">
        <ele>197.7</ele>
      </trkpt>
      <trkpt lat="35.80548" lon="-121.35267">
        <ele>197.9</ele>
      </trkpt>
      <trkpt lat="35.80522" lon="-121.35241">
        <ele>196.6</ele>
      </trkpt>
      <trkpt lat="35.80515" lon="-121.35237">
        <ele>196.2</ele>
      </trkpt>
      <trkpt lat="35.80506" lon="-121.35234">
        <ele>195.8</ele>
      </trkpt>
      <trkpt lat="35.80497" lon="-121.35233">
        <ele>195.3</ele>
      </trkpt>
      <trkpt lat="35.80474" lon="-121.35232">
        <ele>195.2</ele>
      </trkpt>
      <trkpt lat="35.80463" lon="-121.3523">
        <ele>195.4</ele>
      </trkpt>
      <trkpt lat="35.80453" lon="-121.35226">
        <ele>196.3</ele>
      </trkpt>
      <trkpt lat="35.80445" lon="-121.35222">
        <ele>197.2</ele>
      </trkpt>
      <trkpt lat="35.80406" lon="-121.35192">
        <ele>209.6</ele>
      </trkpt>
      <trkpt lat="35.80367" lon="-121.35162">
        <ele>214.9</ele>
      </trkpt>
      <trkpt lat="35.80357" lon="-121.3515">
        <ele>219.8</ele>
      </trkpt>
      <trkpt lat="35.80354" lon="-121.35143">
        <ele>221.9</ele>
      </trkpt>
      <trkpt lat="35.80351" lon="-121.35129">
        <ele>224.8</ele>
      </trkpt>
      <trkpt lat="35.80351" lon="-121.35121">
        <ele>224.7</ele>
      </trkpt>
      <trkpt lat="35.80354" lon="-121.35113">
        <ele>224.0</ele>
      </trkpt>
      <trkpt lat="35.80356" lon="-121.35107">
        <ele>223.6</ele>
      </trkpt>
      <trkpt lat="35.80374" lon="-121.35074">
        <ele>223.9</ele>
      </trkpt>
      <trkpt lat="35.80383" lon="-121.35055">
        <ele>224.4</ele>
      </trkpt>
      <trkpt lat="35.80393" lon="-121.35037">
        <ele>227.9</ele>
      </trkpt>
      <trkpt lat="35.80412" lon="-121.35008">
        <ele>230.4</ele>
      </trkpt>
      <trkpt lat="35.80416" lon="-121.34999">
        <ele>230.2</ele>
      </trkpt>
      <trkpt lat="35.80418" lon="-121.34988">
        <ele>228.5</ele>
      </trkpt>
      <trkpt lat="35.80418" lon="-121.34983">
        <ele>227.1</ele>
      </trkpt>
      <trkpt lat="35.80417" lon="-121.34976">
        <ele>224.6</ele>
      </trkpt>
      <trkpt lat="35.80415" lon="-121.34969">
        <ele>221.8</ele>
      </trkpt>
      <trkpt lat="35.8041" lon="-121.3496">
        <ele>218.3</ele>
      </trkpt>
      <trkpt lat="35.80405" lon="-121.34955">
        <ele>217.3</ele>
      </trkpt>
      <trkpt lat="35.80397" lon="-121.3495">
        <ele>218.7</ele>
      </trkpt>
      <trkpt lat="35.80392" lon="-121.34948">
        <ele>220.1</ele>
      </trkpt>
      <trkpt lat="35.80388" lon="-121.34948">
        <ele>219.9</ele>
      </trkpt>
      <trkpt lat="35.80368" lon="-121.34952">
        <ele>214.8</ele>
      </trkpt>
      <trkpt lat="35.80359" lon="-121.34951">
        <ele>213.4</ele>
      </trkpt>
      <trkpt lat="35.80354" lon="-121.34949">
        <ele>213.2</ele>
      </trkpt>
      <trkpt lat="35.80339" lon="-121.34942">
        <ele>212.8</ele>
      </trkpt>
      <trkpt lat="35.80333" lon="-121.34937">
        <ele>214.0</ele>
      </trkpt>
      <trkpt lat="35.80324" lon="-121.34928">
        <ele>215.5</ele>
      </trkpt>
      <trkpt lat="35.80312" lon="-121.34907">
        <ele>215.0</ele>
      </trkpt>
      <trkpt lat="35.80308" lon="-121.34903">
        <ele>214.3</ele>
      </trkpt>
      <trkpt lat="35.80302" lon="-121.34899">
        <ele>214.9</ele>
      </trkpt>
      <trkpt lat="35.80296" lon="-121.34896">
        <ele>216.0</ele>
      </trkpt>
      <trkpt lat="35.80292" lon="-121.34896">
        <ele>216.0</ele>
      </trkpt>
      <trkpt lat="35.80284" lon="-121.34898">
        <ele>215.4</ele>
      </trkpt>
      <trkpt lat="35.80259" lon="-121.34912">
        <ele>204.8</ele>
      </trkpt>
      <trkpt lat="35.8025" lon="-121.34915">
        <ele>202.1</ele>
      </trkpt>
      <trkpt lat="35.80246" lon="-121.34915">
        <ele>201.7</ele>
      </trkpt>
      <trkpt lat="35.80239" lon="-121.34915">
        <ele>201.1</ele>
      </trkpt>
      <trkpt lat="35.80229" lon="-121.3491">
        <ele>202.1</ele>
      </trkpt>
      <trkpt lat="35.80194" lon="-121.34888">
        <ele>199.7</ele>
      </trkpt>
      <trkpt lat="35.8013" lon="-121.3486">
        <ele>201.2</ele>
      </trkpt>
      <trkpt lat="35.80121" lon="-121.3485">
        <ele>201.4</ele>
      </trkpt>
      <trkpt lat="35.80101" lon="-121.34823">
        <ele>200.2</ele>
      </trkpt>
      <trkpt lat="35.80077" lon="-121.34799">
        <ele>198.0</ele>
      </trkpt>
      <trkpt lat="35.80057" lon="-121.34784">
        <ele>197.3</ele>
      </trkpt>
      <trkpt lat="35.80045" lon="-121.34779">
        <ele>196.0</ele>
      </trkpt>
      <trkpt lat="35.80031" lon="-121.34774">
        <ele>193.5</ele>
      </trkpt>
      <trkpt lat="35.80022" lon="-121.34772">
        <ele>192.2</ele>
      </trkpt>
      <trkpt lat="35.79999" lon="-121.3477">
        <ele>190.6</ele>
      </trkpt>
      <trkpt lat="35.79963" lon="-121.3477">
        <ele>190.7</ele>
      </trkpt>
      <trkpt lat="35.79928" lon="-121.34774">
        <ele>189.2</ele>
      </trkpt>
      <trkpt lat="35.79889" lon="-121.34781">
        <ele>185.8</ele>
      </trkpt>
      <trkpt lat="35.79877" lon="-121.34781">
        <ele>185.1</ele>
      </trkpt>
      <trkpt lat="35.79869" lon="-121.34777">
        <ele>185.4</ele>
      </trkpt>
      <trkpt lat="35.79863" lon="-121.34772">
        <ele>185.5</ele>
      </trkpt>
      <trkpt lat="35.79858" lon="-121.34763">
        <ele>185.9</ele>
      </trkpt>
      <trkpt lat="35.79857" lon="-121.34758">
        <ele>186.1</ele>
      </trkpt>
      <trkpt lat="35.79857" lon="-121.34743">
        <ele>185.8</ele>
      </trkpt>
      <trkpt lat="35.79859" lon="-121.34733">
        <ele>185.5</ele>
      </trkpt>
      <trkpt lat="35.79863" lon="-121.34721">
        <ele>185.5</ele>
      </trkpt>
      <trkpt lat="35.79876" lon="-121.34691">
        <ele>186.2</ele>
      </trkpt>
      <trkpt lat="35.79882" lon="-121.34682">
        <ele>186.8</ele>
      </trkpt>
      <trkpt lat="35.79892" lon="-121.34672">
        <ele>187.2</ele>
      </trkpt>
      <trkpt lat="35.79897" lon="-121.34668">
        <ele>187.3</ele>
      </trkpt>
      <trkpt lat="35.79916" lon="-121.34661">
        <ele>187.8</ele>
      </trkpt>
      <trkpt lat="35.79924" lon="-121.34654">
        <ele>184.6</ele>
      </trkpt>
      <trkpt lat="35.7993" lon="-121.34645">
        <ele>182.3</ele>
      </trkpt>
      <trkpt lat="35.7993" lon="-121.34639">
        <ele>181.6</ele>
      </trkpt>
      <trkpt lat="35.7993" lon="-121.34634">
        <ele>181.0</ele>
      </trkpt>
      <trkpt lat="35.79928" lon="-121.34628">
        <ele>179.9</ele>
      </trkpt>
      <trkpt lat="35.79924" lon="-121.34621">
        <ele>178.3</ele>
      </trkpt>
      <trkpt lat="35.79919" lon="-121.34616">
        <ele>177.8</ele>
      </trkpt>
      <trkpt lat="35.7991" lon="-121.34612">
        <ele>176.2</ele>
      </trkpt>
      <trkpt lat="35.799" lon="-121.3461">
        <ele>174.0</ele>
      </trkpt>
      <trkpt lat="35.79875" lon="-121.34606">
        <ele>172.7</ele>
      </trkpt>
      <trkpt lat="35.79866" lon="-121.34605">
        <ele>172.9</ele>
      </trkpt>
      <trkpt lat="35.79857" lon="-121.34606">
        <ele>172.7</ele>
      </trkpt>
      <trkpt lat="35.7984" lon="-121.3461">
        <ele>171.1</ele>
      </trkpt>
      <trkpt lat="35.79833" lon="-121.34612">
        <ele>169.5</ele>
      </trkpt>
      <trkpt lat="35.79813" lon="-121.34623">
        <ele>167.7</ele>
      </trkpt>
      <trkpt lat="35.79771" lon="-121.34656">
        <ele>159.9</ele>
      </trkpt>
      <trkpt lat="35.79753" lon="-121.34668">
        <ele>159.7</ele>
      </trkpt>
      <trkpt lat="35.79744" lon="-121.34673">
        <ele>160.0</ele>
      </trkpt>
      <trkpt lat="35.79734" lon="-121.34676">
        <ele>160.8</ele>
      </trkpt>
      <trkpt lat="35.79726" lon="-121.34677">
        <ele>160.8</ele>
      </trkpt>
      <trkpt lat="35.79718" lon="-121.34677">
        <ele>160.7</ele>
      </trkpt>
      <trkpt lat="35.79713" lon="-121.34677">
        <ele>160.4</ele>
      </trkpt>
      <trkpt lat="35.79698" lon="-121.3467">
        <ele>159.9</ele>
      </trkpt>
      <trkpt lat="35.79687" lon="-121.34663">
        <ele>158.8</ele>
      </trkpt>
      <trkpt lat="35.79671" lon="-121.3465">
        <ele>157.0</ele>
      </trkpt>
      <trkpt lat="35.79665" lon="-121.34643">
        <ele>156.8</ele>
      </trkpt>
      <trkpt lat="35.7964" lon="-121.34606">
        <ele>152.3</ele>
      </trkpt>
      <trkpt lat="35.79628" lon="-121.34592">
        <ele>146.9</ele>
      </trkpt>
      <trkpt lat="35.79618" lon="-121.34584">
        <ele>145.6</ele>
      </trkpt>
      <trkpt lat="35.79574" lon="-121.34553">
        <ele>147.1</ele>
      </trkpt>
      <trkpt lat="35.79554" lon="-121.3454">
        <ele>147.3</ele>
      </trkpt>
      <trkpt lat="35.79518" lon="-121.34524">
        <ele>146.2</ele>
      </trkpt>
      <trkpt lat="35.79503" lon="-121.34515">
        <ele>144.7</ele>
      </trkpt>
      <trkpt lat="35.79494" lon="-121.34502">
        <ele>145.1</ele>
      </trkpt>
      <trkpt lat="35.79489" lon="-121.34496">
        <ele>144.8</ele>
      </trkpt>
      <trkpt lat="35.79484" lon="-121.34487">
        <ele>144.7</ele>
      </trkpt>
      <trkpt lat="35.79481" lon="-121.34472">
        <ele>145.0</ele>
      </trkpt>
      <trkpt lat="35.79486" lon="-121.34418">
        <ele>146.9</ele>
      </trkpt>
      <trkpt lat="35.79485" lon="-121.34403">
        <ele>146.7</ele>
      </trkpt>
      <trkpt lat="35.79479" lon="-121.34379">
        <ele>146.9</ele>
      </trkpt>
      <trkpt lat="35.79474" lon="-121.34366">
        <ele>147.9</ele>
      </trkpt>
      <trkpt lat="35.79442" lon="-121.34296">
        <ele>152.9</ele>
      </trkpt>
      <trkpt lat="35.79433" lon="-121.34272">
        <ele>156.0</ele>
      </trkpt>
      <trkpt lat="35.79426" lon="-121.34252">
        <ele>157.4</ele>
      </trkpt>
      <trkpt lat="35.79424" lon="-121.34243">
        <ele>157.2</ele>
      </trkpt>
      <trkpt lat="35.79423" lon="-121.34233">
        <ele>157.1</ele>
      </trkpt>
      <trkpt lat="35.79424" lon="-121.34224">
        <ele>157.8</ele>
      </trkpt>
      <trkpt lat="35.79426" lon="-121.34216">
        <ele>158.3</ele>
      </trkpt>
      <trkpt lat="35.79434" lon="-121.342">
        <ele>158.8</ele>
      </trkpt>
      <trkpt lat="35.79436" lon="-121.34192">
        <ele>158.8</ele>
      </trkpt>
      <trkpt lat="35.79437" lon="-121.34184">
        <ele>158.9</ele>
      </trkpt>
      <trkpt lat="35.79435" lon="-121.34177">
        <ele>158.8</ele>
      </trkpt>
      <trkpt lat="35.79433" lon="-121.34173">
        <ele>159.2</ele>
      </trkpt>
      <trkpt lat="35.7943" lon="-121.34169">
        <ele>160.2</ele>
      </trkpt>
      <trkpt lat="35.79426" lon="-121.34167">
        <ele>161.0</ele>
      </trkpt>
      <trkpt lat="35.79421" lon="-121.34166">
        <ele>162.3</ele>
      </trkpt>
      <trkpt lat="35.79416" lon="-121.34168">
        <ele>162.0</ele>
      </trkpt>
      <trkpt lat="35.79391" lon="-121.34177">
        <ele>160.2</ele>
      </trkpt>
      <trkpt lat="35.7938" lon="-121.3418">
        <ele>158.6</ele>
      </trkpt>
      <trkpt lat="35.79368" lon="-121.34179">
        <ele>159.5</ele>
      </trkpt>
      <trkpt lat="35.79333" lon="-121.34173">
        <ele>160.9</ele>
      </trkpt>
      <trkpt lat="35.79316" lon="-121.34165">
        <ele>159.2</ele>
      </trkpt>
      <trkpt lat="35.79301" lon="-121.34153">
        <ele>154.6</ele>
      </trkpt>
      <trkpt lat="35.79296" lon="-121.34142">
        <ele>155.2</ele>
      </trkpt>
      <trkpt lat="35.79286" lon="-121.34113">
        <ele>155.0</ele>
      </trkpt>
      <trkpt lat="35.7928" lon="-121.34099">
        <ele>151.6</ele>
      </trkpt>
      <trkpt lat="35.79272" lon="-121.34086">
        <ele>147.9</ele>
      </trkpt>
      <trkpt lat="35.79247" lon="-121.34058">
        <ele>146.7</ele>
      </trkpt>
      <trkpt lat="35.79224" lon="-121.34036">
        <ele>144.9</ele>
      </trkpt>
      <trkpt lat="35.79201" lon="-121.34019">
        <ele>144.2</ele>
      </trkpt>
      <trkpt lat="35.79138" lon="-121.3398">
        <ele>142.1</ele>
      </trkpt>
      <trkpt lat="35.79098" lon="-121.33953">
        <ele>132.0</ele>
      </trkpt>
      <trkpt lat="35.79089" lon="-121.33948">
        <ele>133.1</ele>
      </trkpt>
      <trkpt lat="35.79074" lon="-121.33945">
        <ele>136.8</ele>
      </trkpt>
      <trkpt lat="35.79056" lon="-121.33946">
        <ele>136.6</ele>
      </trkpt>
      <trkpt lat="35.7904" lon="-121.33942">
        <ele>134.9</ele>
      </trkpt>
      <trkpt lat="35.78999" lon="-121.33919">
        <ele>130.7</ele>
      </trkpt>
      <trkpt lat="35.78958" lon="-121.33896">
        <ele>128.3</ele>
      </trkpt>
      <trkpt lat="35.78932" lon="-121.33876">
        <ele>124.6</ele>
      </trkpt>
      <trkpt lat="35.78896" lon="-121.33844">
        <ele>121.2</ele>
      </trkpt>
      <trkpt lat="35.78878" lon="-121.33824">
        <ele>115.1</ele>
      </trkpt>
      <trkpt lat="35.78866" lon="-121.33808">
        <ele>115.4</ele>
      </trkpt>
      <trkpt lat="35.78848" lon="-121.33789">
        <ele>115.4</ele>
      </trkpt>
      <trkpt lat="35.78836" lon="-121.33772">
        <ele>112.6</ele>
      </trkpt>
      <trkpt lat="35.7883" lon="-121.33762">
        <ele>111.8</ele>
      </trkpt>
      <trkpt lat="35.78829" lon="-121.33748">
        <ele>112.3</ele>
      </trkpt>
      <trkpt lat="35.7883" lon="-121.33728">
        <ele>112.2</ele>
      </trkpt>
      <trkpt lat="35.78835" lon="-121.33714">
        <ele>112.6</ele>
      </trkpt>
      <trkpt lat="35.78848" lon="-121.33686">
        <ele>113.6</ele>
      </trkpt>
      <trkpt lat="35.78852" lon="-121.33666">
        <ele>112.6</ele>
      </trkpt>
      <trkpt lat="35.78853" lon="-121.33607">
        <ele>106.6</ele>
      </trkpt>
      <trkpt lat="35.78852" lon="-121.33581">
        <ele>106.5</ele>
      </trkpt>
      <trkpt lat="35.78849" lon="-121.3356">
        <ele>104.6</ele>
      </trkpt>
      <trkpt lat="35.78842" lon="-121.33549">
        <ele>101.5</ele>
      </trkpt>
      <trkpt lat="35.78836" lon="-121.33541">
        <ele>101.3</ele>
      </trkpt>
      <trkpt lat="35.78818" lon="-121.33527">
        <ele>106.1</ele>
      </trkpt>
      <trkpt lat="35.78776" lon="-121.335">
        <ele>109.0</ele>
      </trkpt>
      <trkpt lat="35.78756" lon="-121.33486">
        <ele>108.4</ele>
      </trkpt>
      <trkpt lat="35.78745" lon="-121.33469">
        <ele>107.1</ele>
      </trkpt>
      <trkpt lat="35.78739" lon="-121.33456">
        <ele>104.7</ele>
      </trkpt>
      <trkpt lat="35.78731" lon="-121.33444">
        <ele>103.5</ele>
      </trkpt>
      <trkpt lat="35.78721" lon="-121.33433">
        <ele>107.0</ele>
      </trkpt>
      <trkpt lat="35.78704" lon="-121.3342">
        <ele>108.3</ele>
      </trkpt>
      <trkpt lat="35.78688" lon="-121.33413">
        <ele>108.5</ele>
      </trkpt>
      <trkpt lat="35.78675" lon="-121.33411">
        <ele>108.4</ele>
      </trkpt>
      <trkpt lat="35.78587" lon="-121.33403">
        <ele>113.7</ele>
      </trkpt>
      <trkpt lat="35.78578" lon="-121.33399">
        <ele>113.4</ele>
      </trkpt>
      <trkpt lat="35.78573" lon="-121.33395">
        <ele>113.4</ele>
      </trkpt>
      <trkpt lat="35.78569" lon="-121.3339">
        <ele>113.7</ele>
      </trkpt>
      <trkpt lat="35.78557" lon="-121.33359">
        <ele>114.1</ele>
      </trkpt>
      <trkpt lat="35.78551" lon="-121.33349">
        <ele>114.0</ele>
      </trkpt>
      <trkpt lat="35.78541" lon="-121.33338">
        <ele>113.9</ele>
      </trkpt>
      <trkpt lat="35.78528" lon="-121.33326">
        <ele>113.8</ele>
      </trkpt>
      <trkpt lat="35.78509" lon="-121.33315">
        <ele>113.5</ele>
      </trkpt>
      <trkpt lat="35.7849" lon="-121.3331">
        <ele>109.1</ele>
      </trkpt>
      <trkpt lat="35.78463" lon="-121.33306">
        <ele>107.5</ele>
      </trkpt>
      <trkpt lat="35.78451" lon="-121.333">
        <ele>107.2</ele>
      </trkpt>
      <trkpt lat="35.78442" lon="-121.33292">
        <ele>107.0</ele>
      </trkpt>
      <trkpt lat="35.78434" lon="-121.33284">
        <ele>106.8</ele>
      </trkpt>
      <trkpt lat="35.78421" lon="-121.33264">
        <ele>107.1</ele>
      </trkpt>
      <trkpt lat="35.78414" lon="-121.33247">
        <ele>105.9</ele>
      </trkpt>
      <trkpt lat="35.7841" lon="-121.33229">
        <ele>107.4</ele>
      </trkpt>
      <trkpt lat="35.78401" lon="-121.33211">
        <ele>104.8</ele>
      </trkpt>
      <trkpt lat="35.78385" lon="-121.33195">
        <ele>102.6</ele>
      </trkpt>
      <trkpt lat="35.78376" lon="-121.33183">
        <ele>102.6</ele>
      </trkpt>
      <trkpt lat="35.78342" lon="-121.3312">
        <ele>101.2</ele>
      </trkpt>
      <trkpt lat="35.78328" lon="-121.33099">
        <ele>101.1</ele>
      </trkpt>
      <trkpt lat="35.78309" lon="-121.3307">
        <ele>98.5</ele>
      </trkpt>
      <trkpt lat="35.7829" lon="-121.33046">
        <ele>99.0</ele>
      </trkpt>
      <trkpt lat="35.78263" lon="-121.33009">
        <ele>100.4</ele>
      </trkpt>
      <trkpt lat="35.78246" lon="-121.32978">
        <ele>99.3</ele>
      </trkpt>
      <trkpt lat="35.78236" lon="-121.32963">
        <ele>92.6</ele>
      </trkpt>
      <trkpt lat="35.78229" lon="-121.32956">
        <ele>89.0</ele>
      </trkpt>
      <trkpt lat="35.7822" lon="-121.32948">
        <ele>89.9</ele>
      </trkpt>
      <trkpt lat="35.78211" lon="-121.32944">
        <ele>93.1</ele>
      </trkpt>
      <trkpt lat="35.78202" lon="-121.32941">
        <ele>95.9</ele>
      </trkpt>
      <trkpt lat="35.78195" lon="-121.32941">
        <ele>96.7</ele>
      </trkpt>
      <trkpt lat="35.78179" lon="-121.32942">
        <ele>97.2</ele>
      </trkpt>
      <trkpt lat="35.78148" lon="-121.32946">
        <ele>99.4</ele>
      </trkpt>
      <trkpt lat="35.781164" lon="-121.329515">
        <ele>102.8</ele>
      </trkpt>
      <trkpt lat="35.781152" lon="-121.329517">
        <ele>102.8</ele>
      </trkpt>
      <trkpt lat="35.78085" lon="-121.32957">
        <ele>102.9</ele>
      </trkpt>
      <trkpt lat="35.78085" lon="-121.32976">
        <ele>101.8</ele>
      </trkpt>
      <trkpt lat="35.78073" lon="-121.32983">
        <ele>101.1</ele>
      </trkpt>
      <trkpt lat="35.7806" lon="-121.32984">
        <ele>100.7</ele>
      </trkpt>
      <trkpt lat="35.7806" lon="-121.32984">
        <ele>100.7</ele>
      </trkpt>
      <trkpt lat="35.78052" lon="-121.32986">
        <ele>100.2</ele>
      </trkpt>
      <trkpt lat="35.78034" lon="-121.32986">
        <ele>99.1</ele>
      </trkpt>
      <trkpt lat="35.78028" lon="-121.32956">
        <ele>101.1</ele>
      </trkpt>
      <trkpt lat="35.77999" lon="-121.32947">
        <ele>100.4</ele>
      </trkpt>
      <trkpt lat="35.77931" lon="-121.3292">
        <ele>100.2</ele>
      </trkpt>
      <trkpt lat="35.77884" lon="-121.32896">
        <ele>101.7</ele>
      </trkpt>
      <trkpt lat="35.77817" lon="-121.32854">
        <ele>101.3</ele>
      </trkpt>
      <trkpt lat="35.77804" lon="-121.32845">
        <ele>100.5</ele>
      </trkpt>
      <trkpt lat="35.77796" lon="-121.32842">
        <ele>100.0</ele>
      </trkpt>
      <trkpt lat="35.77761" lon="-121.32821">
        <ele>101.7</ele>
      </trkpt>
      <trkpt lat="35.77708" lon="-121.32794">
        <ele>100.2</ele>
      </trkpt>
      <trkpt lat="35.77676" lon="-121.32781">
        <ele>96.0</ele>
      </trkpt>
      <trkpt lat="35.77616" lon="-121.32757">
        <ele>95.4</ele>
      </trkpt>
      <trkpt lat="35.776" lon="-121.32748">
        <ele>95.0</ele>
      </trkpt>
      <trkpt lat="35.77579" lon="-121.32735">
        <ele>94.4</ele>
      </trkpt>
      <trkpt lat="35.77529" lon="-121.32686">
        <ele>93.9</ele>
      </trkpt>
      <trkpt lat="35.77501" lon="-121.32656">
        <ele>94.0</ele>
      </trkpt>
      <trkpt lat="35.7748" lon="-121.32638">
        <ele>93.9</ele>
      </trkpt>
      <trkpt lat="35.77453" lon="-121.32619">
        <ele>94.2</ele>
      </trkpt>
      <trkpt lat="35.77436" lon="-121.32608">
        <ele>94.8</ele>
      </trkpt>
      <trkpt lat="35.77413" lon="-121.326">
        <ele>95.3</ele>
      </trkpt>
      <trkpt lat="35.77378" lon="-121.32594">
        <ele>94.6</ele>
      </trkpt>
      <trkpt lat="35.77366" lon="-121.32589">
        <ele>94.4</ele>
      </trkpt>
      <trkpt lat="35.77355" lon="-121.32582">
        <ele>94.4</ele>
      </trkpt>
      <trkpt lat="35.77351" lon="-121.32578">
        <ele>94.5</ele>
      </trkpt>
      <trkpt lat="35.77347" lon="-121.3257">
        <ele>94.5</ele>
      </trkpt>
      <trkpt lat="35.77333" lon="-121.32537">
        <ele>88.7</ele>
      </trkpt>
      <trkpt lat="35.77326" lon="-121.32525">
        <ele>84.7</ele>
      </trkpt>
      <trkpt lat="35.77322" lon="-121.32519">
        <ele>83.1</ele>
      </trkpt>
      <trkpt lat="35.77317" lon="-121.32516">
        <ele>83.1</ele>
      </trkpt>
      <trkpt lat="35.7731" lon="-121.32512">
        <ele>84.9</ele>
      </trkpt>
      <trkpt lat="35.77299" lon="-121.3251">
        <ele>87.4</ele>
      </trkpt>
      <trkpt lat="35.7727" lon="-121.32509">
        <ele>84.6</ele>
      </trkpt>
      <trkpt lat="35.77258" lon="-121.32505">
        <ele>84.0</ele>
      </trkpt>
      <trkpt lat="35.77248" lon="-121.325">
        <ele>83.2</ele>
      </trkpt>
      <trkpt lat="35.77237" lon="-121.32491">
        <ele>82.9</ele>
      </trkpt>
      <trkpt lat="35.772" lon="-121.3245">
        <ele>82.9</ele>
      </trkpt>
      <trkpt lat="35.77188" lon="-121.32439">
        <ele>81.9</ele>
      </trkpt>
      <trkpt lat="35.77173" lon="-121.32429">
        <ele>79.2</ele>
      </trkpt>
      <trkpt lat="35.77169" lon="-121.32427">
        <ele>78.8</ele>
      </trkpt>
      <trkpt lat="35.77106" lon="-121.32416">
        <ele>75.2</ele>
      </trkpt>
      <trkpt lat="35.77086" lon="-121.32403">
        <ele>71.7</ele>
      </trkpt>
      <trkpt lat="35.77063" lon="-121.32385">
        <ele>70.2</ele>
      </trkpt>
      <trkpt lat="35.77049" lon="-121.32373">
        <ele>69.3</ele>
      </trkpt>
      <trkpt lat="35.76994" lon="-121.32351">
        <ele>65.3</ele>
      </trkpt>
      <trkpt lat="35.76978" lon="-121.32342">
        <ele>64.3</ele>
      </trkpt>
      <trkpt lat="35.76969" lon="-121.32336">
        <ele>62.7</ele>
      </trkpt>
      <trkpt lat="35.76955" lon="-121.32324">
        <ele>59.5</ele>
      </trkpt>
      <trkpt lat="35.76935" lon="-121.32302">
        <ele>58.3</ele>
      </trkpt>
      <trkpt lat="35.76926" lon="-121.32289">
        <ele>57.8</ele>
      </trkpt>
      <trkpt lat="35.76923" lon="-121.32284">
        <ele>56.9</ele>
      </trkpt>
      <trkpt lat="35.76923" lon="-121.32279">
        <ele>57.1</ele>
      </trkpt>
      <trkpt lat="35.76923" lon="-121.3227">
        <ele>56.9</ele>
      </trkpt>
      <trkpt lat="35.76925" lon="-121.32263">
        <ele>57.2</ele>
      </trkpt>
      <trkpt lat="35.76938" lon="-121.32243">
        <ele>58.3</ele>
      </trkpt>
      <trkpt lat="35.76943" lon="-121.32233">
        <ele>57.6</ele>
      </trkpt>
      <trkpt lat="35.76947" lon="-121.32221">
        <ele>55.0</ele>
      </trkpt>
      <trkpt lat="35.76953" lon="-121.32204">
        <ele>52.3</ele>
      </trkpt>
      <trkpt lat="35.76961" lon="-121.32193">
        <ele>52.9</ele>
      </trkpt>
      <trkpt lat="35.76968" lon="-121.32184">
        <ele>53.8</ele>
      </trkpt>
      <trkpt lat="35.76971" lon="-121.3218">
        <ele>53.9</ele>
      </trkpt>
      <trkpt lat="35.76971" lon="-121.32171">
        <ele>52.5</ele>
      </trkpt>
      <trkpt lat="35.76971" lon="-121.32161">
        <ele>50.4</ele>
      </trkpt>
      <trkpt lat="35.76967" lon="-121.32153">
        <ele>48.0</ele>
      </trkpt>
      <trkpt lat="35.76964" lon="-121.32148">
        <ele>46.8</ele>
      </trkpt>
      <trkpt lat="35.7696" lon="-121.32145">
        <ele>46.4</ele>
      </trkpt>
      <trkpt lat="35.76953" lon="-121.32142">
        <ele>46.7</ele>
      </trkpt>
      <trkpt lat="35.76948" lon="-121.32143">
        <ele>47.2</ele>
      </trkpt>
      <trkpt lat="35.76941" lon="-121.32147">
        <ele>47.8</ele>
      </trkpt>
      <trkpt lat="35.76931" lon="-121.32156">
        <ele>48.0</ele>
      </trkpt>
      <trkpt lat="35.76914" lon="-121.32172">
        <ele>47.7</ele>
      </trkpt>
      <trkpt lat="35.76892" lon="-121.3219">
        <ele>46.9</ele>
      </trkpt>
      <trkpt lat="35.76879" lon="-121.32198">
        <ele>46.7</ele>
      </trkpt>
      <trkpt lat="35.76866" lon="-121.32204">
        <ele>46.5</ele>
      </trkpt>
      <trkpt lat="35.76851" lon="-121.32208">
        <ele>46.6</ele>
      </trkpt>
      <trkpt lat="35.76823" lon="-121.32213">
        <ele>46.7</ele>
      </trkpt>
      <trkpt lat="35.76809" lon="-121.32218">
        <ele>45.4</ele>
      </trkpt>
      <trkpt lat="35.76796" lon="-121.32231">
        <ele>42.3</ele>
      </trkpt>
      <trkpt lat="35.76784" lon="-121.32246">
        <ele>41.5</ele>
      </trkpt>
      <trkpt lat="35.7677" lon="-121.32258">
        <ele>41.4</ele>
      </trkpt>
      <trkpt lat="35.76747" lon="-121.32266">
        <ele>38.9</ele>
      </trkpt>
      <trkpt lat="35.76724" lon="-121.32271">
        <ele>35.8</ele>
      </trkpt>
      <trkpt lat="35.76708" lon="-121.32272">
        <ele>34.6</ele>
      </trkpt>
      <trkpt lat="35.76692" lon="-121.32269">
        <ele>34.0</ele>
      </trkpt>
      <trkpt lat="35.76686" lon="-121.32266">
        <ele>34.0</ele>
      </trkpt>
      <trkpt lat="35.76676" lon="-121.32258">
        <ele>34.1</ele>
      </trkpt>
      <trkpt lat="35.76663" lon="-121.32241">
        <ele>34.2</ele>
      </trkpt>
      <trkpt lat="35.7665" lon="-121.32211">
        <ele>31.3</ele>
      </trkpt>
      <trkpt lat="35.76637" lon="-121.32178">
        <ele>28.5</ele>
      </trkpt>
      <trkpt lat="35.76632" lon="-121.32168">
        <ele>28.4</ele>
      </trkpt>
      <trkpt lat="35.76588" lon="-121.32108">
        <ele>22.1</ele>
      </trkpt>
      <trkpt lat="35.76545" lon="-121.32048">
        <ele>20.9</ele>
      </trkpt>
      <trkpt lat="35.76516" lon="-121.32009">
        <ele>16.4</ele>
      </trkpt>
      <trkpt lat="35.76503" lon="-121.31994">
        <ele>15.5</ele>
      </trkpt>
      <trkpt lat="35.76484" lon="-121.31975">
        <ele>13.5</ele>
      </trkpt>
      <trkpt lat="35.76462" lon="-121.31955">
        <ele>11.4</ele>
      </trkpt>
      <trkpt lat="35.76443" lon="-121.3194">
        <ele>9.7</ele>
      </trkpt>
      <trkpt lat="35.76415" lon="-121.31924">
        <ele>7.3</ele>
      </trkpt>
      <trkpt lat="35.76391" lon="-121.31912">
        <ele>7.4</ele>
      </trkpt>
      <trkpt lat="35.76348" lon="-121.31896">
        <ele>7.6</ele>
      </trkpt>
      <trkpt lat="35.76321" lon="-121.31888">
        <ele>7.9</ele>
      </trkpt>
      <trkpt lat="35.76295" lon="-121.31885">
        <ele>9.6</ele>
      </trkpt>
      <trkpt lat="35.76274" lon="-121.31888">
        <ele>12.6</ele>
      </trkpt>
      <trkpt lat="35.76254" lon="-121.31896">
        <ele>13.4</ele>
      </trkpt>
      <trkpt lat="35.76232" lon="-121.31912">
        <ele>13.5</ele>
      </trkpt>
      <trkpt lat="35.76218" lon="-121.31925">
        <ele>13.6</ele>
      </trkpt>
      <trkpt lat="35.76206" lon="-121.31941">
        <ele>14.5</ele>
      </trkpt>
      <trkpt lat="35.762" lon="-121.31954">
        <ele>15.2</ele>
      </trkpt>
      <trkpt lat="35.76196" lon="-121.31966">
        <ele>15.2</ele>
      </trkpt>
      <trkpt lat="35.7619" lon="-121.31987">
        <ele>15.9</ele>
      </trkpt>
      <trkpt lat="35.76184" lon="-121.32018">
        <ele>17.2</ele>
      </trkpt>
      <trkpt lat="35.76174" lon="-121.32055">
        <ele>20.8</ele>
      </trkpt>
      <trkpt lat="35.76165" lon="-121.32074">
        <ele>22.0</ele>
      </trkpt>
      <trkpt lat="35.76156" lon="-121.32089">
        <ele>23.0</ele>
      </trkpt>
      <trkpt lat="35.76145" lon="-121.32105">
        <ele>23.9</ele>
      </trkpt>
      <trkpt lat="35.76129" lon="-121.32124">
        <ele>27.8</ele>
      </trkpt>
      <trkpt lat="35.76115" lon="-121.32136">
        <ele>29.5</ele>
      </trkpt>
      <trkpt lat="35.76098" lon="-121.32145">
        <ele>29.2</ele>
      </trkpt>
      <trkpt lat="35.76073" lon="-121.32153">
        <ele>29.2</ele>
      </trkpt>
      <trkpt lat="35.76062" lon="-121.32154">
        <ele>29.3</ele>
      </trkpt>
      <trkpt lat="35.76044" lon="-121.32155">
        <ele>31.3</ele>
      </trkpt>
      <trkpt lat="35.76031" lon="-121.32154">
        <ele>32.6</ele>
      </trkpt>
      <trkpt lat="35.76008" lon="-121.32148">
        <ele>36.0</ele>
      </trkpt>
      <trkpt lat="35.75995" lon="-121.32143">
        <ele>36.5</ele>
      </trkpt>
      <trkpt lat="35.75974" lon="-121.3213">
        <ele>36.7</ele>
      </trkpt>
      <trkpt lat="35.75964" lon="-121.32122">
        <ele>36.7</ele>
      </trkpt>
      <trkpt lat="35.75947" lon="-121.32101">
        <ele>36.8</ele>
      </trkpt>
      <trkpt lat="35.75929" lon="-121.32075">
        <ele>39.1</ele>
      </trkpt>
      <trkpt lat="35.75889" lon="-121.32009">
        <ele>40.6</ele>
      </trkpt>
      <trkpt lat="35.75849" lon="-121.31944">
        <ele>41.5</ele>
      </trkpt>
      <trkpt lat="35.7581" lon="-121.31881">
        <ele>41.0</ele>
      </trkpt>
      <trkpt lat="35.75771" lon="-121.31819">
        <ele>41.1</ele>
      </trkpt>
      <trkpt lat="35.75734" lon="-121.31756">
        <ele>41.5</ele>
      </trkpt>
      <trkpt lat="35.75705" lon="-121.31701">
        <ele>42.9</ele>
      </trkpt>
      <trkpt lat="35.75676" lon="-121.31646">
        <ele>41.5</ele>
      </trkpt>
      <trkpt lat="35.75664" lon="-121.31627">
        <ele>41.4</ele>
      </trkpt>
      <trkpt lat="35.75651" lon="-121.31608">
        <ele>41.4</ele>
      </trkpt>
      <trkpt lat="35.75632" lon="-121.31583">
        <ele>41.2</ele>
      </trkpt>
      <trkpt lat="35.75599" lon="-121.31545">
        <ele>41.8</ele>
      </trkpt>
      <trkpt lat="35.75545" lon="-121.31478">
        <ele>37.2</ele>
      </trkpt>
      <trkpt lat="35.75491" lon="-121.31411">
        <ele>36.9</ele>
      </trkpt>
      <trkpt lat="35.75437" lon="-121.31344">
        <ele>37.3</ele>
      </trkpt>
      <trkpt lat="35.75383" lon="-121.31278">
        <ele>39.1</ele>
      </trkpt>
      <trkpt lat="35.75369" lon="-121.3126">
        <ele>39.3</ele>
      </trkpt>
      <trkpt lat="35.75347" lon="-121.31238">
        <ele>39.5</ele>
      </trkpt>
      <trkpt lat="35.75325" lon="-121.31221">
        <ele>39.9</ele>
      </trkpt>
      <trkpt lat="35.75302" lon="-121.31205">
        <ele>40.2</ele>
      </trkpt>
      <trkpt lat="35.7528" lon="-121.31194">
        <ele>40.2</ele>
      </trkpt>
      <trkpt lat="35.75263" lon="-121.31186">
        <ele>40.2</ele>
      </trkpt>
      <trkpt lat="35.75241" lon="-121.31179">
        <ele>40.2</ele>
      </trkpt>
      <trkpt lat="35.75211" lon="-121.31174">
        <ele>40.3</ele>
      </trkpt>
      <trkpt lat="35.75167" lon="-121.31172">
        <ele>41.0</ele>
      </trkpt>
      <trkpt lat="35.75122" lon="-121.31174">
        <ele>41.9</ele>
      </trkpt>
      <trkpt lat="35.75077" lon="-121.31176">
        <ele>43.7</ele>
      </trkpt>
      <trkpt lat="35.74994" lon="-121.31177">
        <ele>41.6</ele>
      </trkpt>
      <trkpt lat="35.74939" lon="-121.31175">
        <ele>29.9</ele>
      </trkpt>
      <trkpt lat="35.74914" lon="-121.31176">
        <ele>28.2</ele>
      </trkpt>
      <trkpt lat="35.74828" lon="-121.31184">
        <ele>41.8</ele>
      </trkpt>
      <trkpt lat="35.74784" lon="-121.3119">
        <ele>43.6</ele>
      </trkpt>
      <trkpt lat="35.74727" lon="-121.31201">
        <ele>42.8</ele>
      </trkpt>
      <trkpt lat="35.74649" lon="-121.31212">
        <ele>39.7</ele>
      </trkpt>
      <trkpt lat="35.74572" lon="-121.31224">
        <ele>36.9</ele>
      </trkpt>
      <trkpt lat="35.74494" lon="-121.31236">
        <ele>35.1</ele>
      </trkpt>
      <trkpt lat="35.74416" lon="-121.31247">
        <ele>33.2</ele>
      </trkpt>
      <trkpt lat="35.74337" lon="-121.31258">
        <ele>31.1</ele>
      </trkpt>
      <trkpt lat="35.74258" lon="-121.31269">
        <ele>31.3</ele>
      </trkpt>
      <trkpt lat="35.7418" lon="-121.3128">
        <ele>30.8</ele>
      </trkpt>
      <trkpt lat="35.74101" lon="-121.31291">
        <ele>30.2</ele>
      </trkpt>
      <trkpt lat="35.74022" lon="-121.31302">
        <ele>27.8</ele>
      </trkpt>
      <trkpt lat="35.73943" lon="-121.31313">
        <ele>27.0</ele>
      </trkpt>
      <trkpt lat="35.73882" lon="-121.31322">
        <ele>27.4</ele>
      </trkpt>
      <trkpt lat="35.7382" lon="-121.31331">
        <ele>23.7</ele>
      </trkpt>
      <trkpt lat="35.73733" lon="-121.31343">
        <ele>23.7</ele>
      </trkpt>
      <trkpt lat="35.73646" lon="-121.31355">
        <ele>22.4</ele>
      </trkpt>
      <trkpt lat="35.73559" lon="-121.31367">
        <ele>22.1</ele>
      </trkpt>
      <trkpt lat="35.73472" lon="-121.31379">
        <ele>21.9</ele>
      </trkpt>
      <trkpt lat="35.73384" lon="-121.3139">
        <ele>21.1</ele>
      </trkpt>
      <trkpt lat="35.73297" lon="-121.31402">
        <ele>19.7</ele>
      </trkpt>
      <trkpt lat="35.7321" lon="-121.31414">
        <ele>19.2</ele>
      </trkpt>
      <trkpt lat="35.73132" lon="-121.31425">
        <ele>21.0</ele>
      </trkpt>
      <trkpt lat="35.73054" lon="-121.31437">
        <ele>26.3</ele>
      </trkpt>
      <trkpt lat="35.72976" lon="-121.31448">
        <ele>31.3</ele>
      </trkpt>
      <trkpt lat="35.72898" lon="-121.3146">
        <ele>32.4</ele>
      </trkpt>
      <trkpt lat="35.72819" lon="-121.31471">
        <ele>33.1</ele>
      </trkpt>
      <trkpt lat="35.72771" lon="-121.31476">
        <ele>33.4</ele>
      </trkpt>
      <trkpt lat="35.72745" lon="-121.31475">
        <ele>33.5</ele>
      </trkpt>
      <trkpt lat="35.72733" lon="-121.31473">
        <ele>33.7</ele>
      </trkpt>
      <trkpt lat="35.72717" lon="-121.31469">
        <ele>33.8</ele>
      </trkpt>
      <trkpt lat="35.72701" lon="-121.31462">
        <ele>33.5</ele>
      </trkpt>
      <trkpt lat="35.72676" lon="-121.31445">
        <ele>32.6</ele>
      </trkpt>
      <trkpt lat="35.72626" lon="-121.31405">
        <ele>28.4</ele>
      </trkpt>
      <trkpt lat="35.72595" lon="-121.31378">
        <ele>24.4</ele>
      </trkpt>
      <trkpt lat="35.72578" lon="-121.31367">
        <ele>24.1</ele>
      </trkpt>
      <trkpt lat="35.72548" lon="-121.31355">
        <ele>26.0</ele>
      </trkpt>
      <trkpt lat="35.72529" lon="-121.31345">
        <ele>27.0</ele>
      </trkpt>
      <trkpt lat="35.72516" lon="-121.31338">
        <ele>27.6</ele>
      </trkpt>
      <trkpt lat="35.725" lon="-121.31327">
        <ele>28.5</ele>
      </trkpt>
      <trkpt lat="35.72483" lon="-121.31308">
        <ele>29.3</ele>
      </trkpt>
      <trkpt lat="35.72473" lon="-121.31295">
        <ele>29.0</ele>
      </trkpt>
      <trkpt lat="35.72418" lon="-121.31218">
        <ele>24.7</ele>
      </trkpt>
      <trkpt lat="35.72363" lon="-121.31141">
        <ele>24.7</ele>
      </trkpt>
      <trkpt lat="35.72345" lon="-121.31118">
        <ele>24.4</ele>
      </trkpt>
      <trkpt lat="35.72317" lon="-121.31085">
        <ele>24.3</ele>
      </trkpt>
      <trkpt lat="35.72285" lon="-121.31056">
        <ele>25.1</ele>
      </trkpt>
      <trkpt lat="35.72249" lon="-121.31025">
        <ele>27.8</ele>
      </trkpt>
      <trkpt lat="35.72227" lon="-121.31007">
        <ele>28.0</ele>
      </trkpt>
      <trkpt lat="35.7216" lon="-121.30967">
        <ele>29.3</ele>
      </trkpt>
      <trkpt lat="35.72093" lon="-121.30927">
        <ele>30.4</ele>
      </trkpt>
      <trkpt lat="35.72026" lon="-121.30887">
        <ele>30.2</ele>
      </trkpt>
      <trkpt lat="35.71976" lon="-121.30857">
        <ele>29.4</ele>
      </trkpt>
      <trkpt lat="35.71925" lon="-121.30828">
        <ele>28.4</ele>
      </trkpt>
      <trkpt lat="35.71855" lon="-121.30785">
        <ele>26.2</ele>
      </trkpt>
      <trkpt lat="35.71784" lon="-121.30742">
        <ele>23.1</ele>
      </trkpt>
      <trkpt lat="35.71714" lon="-121.30698">
        <ele>20.7</ele>
      </trkpt>
      <trkpt lat="35.71643" lon="-121.30655">
        <ele>14.5</ele>
      </trkpt>
      <trkpt lat="35.71627" lon="-121.30647">
        <ele>13.6</ele>
      </trkpt>
      <trkpt lat="35.71564" lon="-121.30609">
        <ele>11.3</ele>
      </trkpt>
      <trkpt lat="35.71501" lon="-121.30572">
        <ele>9.8</ele>
      </trkpt>
      <trkpt lat="35.71439" lon="-121.30534">
        <ele>8.9</ele>
      </trkpt>
      <trkpt lat="35.71369" lon="-121.30494">
        <ele>8.5</ele>
      </trkpt>
      <trkpt lat="35.713" lon="-121.30453">
        <ele>6.9</ele>
      </trkpt>
      <trkpt lat="35.7123" lon="-121.30413">
        <ele>6.2</ele>
      </trkpt>
      <trkpt lat="35.71191" lon="-121.30394">
        <ele>4.9</ele>
      </trkpt>
      <trkpt lat="35.71162" lon="-121.30381">
        <ele>4.8</ele>
      </trkpt>
      <trkpt lat="35.71134" lon="-121.30373">
        <ele>3.9</ele>
      </trkpt>
      <trkpt lat="35.71072" lon="-121.30364">
        <ele>2.8</ele>
      </trkpt>
      <trkpt lat="35.71018" lon="-121.30362">
        <ele>3.3</ele>
      </trkpt>
      <trkpt lat="35.71002" lon="-121.30362">
        <ele>3.7</ele>
      </trkpt>
      <trkpt lat="35.70965" lon="-121.30369">
        <ele>4.9</ele>
      </trkpt>
      <trkpt lat="35.70894" lon="-121.30386">
        <ele>9.1</ele>
      </trkpt>
      <trkpt lat="35.70807" lon="-121.30407">
        <ele>14.4</ele>
      </trkpt>
      <trkpt lat="35.70719" lon="-121.30423">
        <ele>19.7</ele>
      </trkpt>
      <trkpt lat="35.70632" lon="-121.3044">
        <ele>27.7</ele>
      </trkpt>
      <trkpt lat="35.70593" lon="-121.30442">
        <ele>28.9</ele>
      </trkpt>
      <trkpt lat="35.70553" lon="-121.30444">
        <ele>28.1</ele>
      </trkpt>
      <trkpt lat="35.70467" lon="-121.30427">
        <ele>26.6</ele>
      </trkpt>
      <trkpt lat="35.70423" lon="-121.30411">
        <ele>25.6</ele>
      </trkpt>
      <trkpt lat="35.70378" lon="-121.30395">
        <ele>23.8</ele>
      </trkpt>
      <trkpt lat="35.70304" lon="-121.30353">
        <ele>21.5</ele>
      </trkpt>
      <trkpt lat="35.7024" lon="-121.30295">
        <ele>18.6</ele>
      </trkpt>
      <trkpt lat="35.70187" lon="-121.30235">
        <ele>17.5</ele>
      </trkpt>
      <trkpt lat="35.70155" lon="-121.30184">
        <ele>17.6</ele>
      </trkpt>
      <trkpt lat="35.70123" lon="-121.30133">
        <ele>16.8</ele>
      </trkpt>
      <trkpt lat="35.70091" lon="-121.30053">
        <ele>18.9</ele>
      </trkpt>
      <trkpt lat="35.70058" lon="-121.29974">
        <ele>20.9</ele>
      </trkpt>
      <trkpt lat="35.70023" lon="-121.29882">
        <ele>23.2</ele>
      </trkpt>
      <trkpt lat="35.69988" lon="-121.29791">
        <ele>23.7</ele>
      </trkpt>
      <trkpt lat="35.69953" lon="-121.297">
        <ele>23.2</ele>
      </trkpt>
      <trkpt lat="35.69918" lon="-121.29609">
        <ele>23.1</ele>
      </trkpt>
      <trkpt lat="35.69884" lon="-121.29517">
        <ele>22.2</ele>
      </trkpt>
      <trkpt lat="35.6984" lon="-121.29432">
        <ele>18.8</ele>
      </trkpt>
      <trkpt lat="35.6981" lon="-121.2939">
        <ele>17.4</ele>
      </trkpt>
      <trkpt lat="35.69779" lon="-121.29349">
        <ele>18.7</ele>
      </trkpt>
      <trkpt lat="35.69735" lon="-121.29306">
        <ele>18.2</ele>
      </trkpt>
      <trkpt lat="35.6969" lon="-121.29263">
        <ele>16.4</ele>
      </trkpt>
      <trkpt lat="35.69639" lon="-121.29217">
        <ele>14.7</ele>
      </trkpt>
      <trkpt lat="35.69588" lon="-121.29172">
        <ele>15.2</ele>
      </trkpt>
      <trkpt lat="35.69528" lon="-121.29118">
        <ele>15.7</ele>
      </trkpt>
      <trkpt lat="35.69468" lon="-121.29064">
        <ele>12.9</ele>
      </trkpt>
      <trkpt lat="35.69408" lon="-121.2901">
        <ele>13.6</ele>
      </trkpt>
      <trkpt lat="35.69353" lon="-121.28961">
        <ele>14.2</ele>
      </trkpt>
      <trkpt lat="35.693" lon="-121.28913">
        <ele>14.9</ele>
      </trkpt>
      <trkpt lat="35.69247" lon="-121.28865">
        <ele>15.4</ele>
      </trkpt>
      <trkpt lat="35.6918" lon="-121.28808">
        <ele>15.6</ele>
      </trkpt>
      <trkpt lat="35.69132" lon="-121.28764">
        <ele>16.3</ele>
      </trkpt>
      <trkpt lat="35.69082" lon="-121.28724">
        <ele>15.7</ele>
      </trkpt>
      <trkpt lat="35.69008" lon="-121.28693">
        <ele>15.0</ele>
      </trkpt>
      <trkpt lat="35.68952" lon="-121.28677">
        <ele>12.4</ele>
      </trkpt>
      <trkpt lat="35.68888" lon="-121.28673">
        <ele>10.4</ele>
      </trkpt>
      <trkpt lat="35.68838" lon="-121.28683">
        <ele>10.9</ele>
      </trkpt>
      <trkpt lat="35.68765" lon="-121.28694">
        <ele>13.6</ele>
      </trkpt>
      <trkpt lat="35.68714" lon="-121.2869">
        <ele>14.5</ele>
      </trkpt>
      <trkpt lat="35.6866" lon="-121.28677">
        <ele>14.6</ele>
      </trkpt>
      <trkpt lat="35.68628" lon="-121.28662">
        <ele>14.1</ele>
      </trkpt>
      <trkpt lat="35.68595" lon="-121.28644">
        <ele>13.9</ele>
      </trkpt>
      <trkpt lat="35.68529" lon="-121.28589">
        <ele>13.1</ele>
      </trkpt>
      <trkpt lat="35.68477" lon="-121.28548">
        <ele>12.4</ele>
      </trkpt>
      <trkpt lat="35.68427" lon="-121.28518">
        <ele>11.9</ele>
      </trkpt>
      <trkpt lat="35.68385" lon="-121.28504">
        <ele>11.5</ele>
      </trkpt>
      <trkpt lat="35.68342" lon="-121.28494">
        <ele>13.4</ele>
      </trkpt>
      <trkpt lat="35.68304" lon="-121.2849">
        <ele>13.9</ele>
      </trkpt>
      <trkpt lat="35.68264" lon="-121.2849">
        <ele>13.2</ele>
      </trkpt>
      <trkpt lat="35.68206" lon="-121.28493">
        <ele>13.1</ele>
      </trkpt>
      <trkpt lat="35.68129" lon="-121.28497">
        <ele>13.0</ele>
      </trkpt>
      <trkpt lat="35.68061" lon="-121.28497">
        <ele>12.9</ele>
      </trkpt>
      <trkpt lat="35.67992" lon="-121.28498">
        <ele>14.4</ele>
      </trkpt>
      <trkpt lat="35.67926" lon="-121.28499">
        <ele>16.3</ele>
      </trkpt>
      <trkpt lat="35.6786" lon="-121.285">
        <ele>16.3</ele>
      </trkpt>
      <trkpt lat="35.67794" lon="-121.28487">
        <ele>15.7</ele>
      </trkpt>
      <trkpt lat="35.6771" lon="-121.28466">
        <ele>17.0</ele>
      </trkpt>
      <trkpt lat="35.67628" lon="-121.28432">
        <ele>17.2</ele>
      </trkpt>
      <trkpt lat="35.67583" lon="-121.28407">
        <ele>16.9</ele>
      </trkpt>
      <trkpt lat="35.6754" lon="-121.28377">
        <ele>16.7</ele>
      </trkpt>
      <trkpt lat="35.675" lon="-121.28345">
        <ele>16.5</ele>
      </trkpt>
      <trkpt lat="35.67457" lon="-121.28307">
        <ele>16.5</ele>
      </trkpt>
      <trkpt lat="35.67396" lon="-121.28241">
        <ele>19.4</ele>
      </trkpt>
      <trkpt lat="35.67334" lon="-121.28175">
        <ele>21.7</ele>
      </trkpt>
      <trkpt lat="35.67288" lon="-121.28127">
        <ele>22.9</ele>
      </trkpt>
      <trkpt lat="35.67243" lon="-121.2808">
        <ele>23.8</ele>
      </trkpt>
      <trkpt lat="35.67198" lon="-121.2803">
        <ele>25.3</ele>
      </trkpt>
      <trkpt lat="35.67154" lon="-121.2798">
        <ele>31.1</ele>
      </trkpt>
      <trkpt lat="35.67104" lon="-121.27926">
        <ele>30.4</ele>
      </trkpt>
      <trkpt lat="35.67055" lon="-121.27872">
        <ele>27.6</ele>
      </trkpt>
      <trkpt lat="35.67021" lon="-121.27832">
        <ele>27.1</ele>
      </trkpt>
      <trkpt lat="35.67002" lon="-121.27797">
        <ele>26.7</ele>
      </trkpt>
      <trkpt lat="35.66971" lon="-121.27721">
        <ele>28.9</ele>
      </trkpt>
      <trkpt lat="35.66941" lon="-121.2764">
        <ele>29.2</ele>
      </trkpt>
      <trkpt lat="35.6691" lon="-121.2756">
        <ele>28.7</ele>
      </trkpt>
      <trkpt lat="35.6688" lon="-121.2748">
        <ele>28.1</ele>
      </trkpt>
      <trkpt lat="35.6686" lon="-121.27422">
        <ele>26.8</ele>
      </trkpt>
      <trkpt lat="35.66841" lon="-121.27364">
        <ele>24.5</ele>
      </trkpt>
      <trkpt lat="35.66819" lon="-121.27306">
        <ele>23.9</ele>
      </trkpt>
      <trkpt lat="35.66797" lon="-121.27249">
        <ele>22.7</ele>
      </trkpt>
      <trkpt lat="35.66773" lon="-121.27181">
        <ele>20.6</ele>
      </trkpt>
      <trkpt lat="35.66749" lon="-121.27112">
        <ele>17.7</ele>
      </trkpt>
      <trkpt lat="35.66735" lon="-121.27058">
        <ele>16.2</ele>
      </trkpt>
      <trkpt lat="35.66721" lon="-121.27005">
        <ele>15.9</ele>
      </trkpt>
      <trkpt lat="35.66707" lon="-121.26939">
        <ele>16.4</ele>
      </trkpt>
      <trkpt lat="35.66693" lon="-121.26874">
        <ele>16.8</ele>
      </trkpt>
      <trkpt lat="35.66682" lon="-121.26819">
        <ele>16.4</ele>
      </trkpt>
      <trkpt lat="35.66671" lon="-121.26765">
        <ele>15.4</ele>
      </trkpt>
      <trkpt lat="35.66649" lon="-121.26672">
        <ele>18.7</ele>
      </trkpt>
      <trkpt lat="35.66631" lon="-121.26619">
        <ele>19.8</ele>
      </trkpt>
      <trkpt lat="35.66602" lon="-121.26545">
        <ele>21.0</ele>
      </trkpt>
      <trkpt lat="35.66572" lon="-121.26471">
        <ele>21.7</ele>
      </trkpt>
      <trkpt lat="35.6654" lon="-121.26388">
        <ele>21.4</ele>
      </trkpt>
      <trkpt lat="35.66518" lon="-121.26334">
        <ele>17.8</ele>
      </trkpt>
      <trkpt lat="35.66494" lon="-121.26269">
        <ele>13.0</ele>
      </trkpt>
      <trkpt lat="35.66484" lon="-121.2623">
        <ele>10.1</ele>
      </trkpt>
      <trkpt lat="35.66476" lon="-121.2616">
        <ele>7.6</ele>
      </trkpt>
      <trkpt lat="35.66471" lon="-121.26098">
        <ele>6.0</ele>
      </trkpt>
      <trkpt lat="35.66463" lon="-121.26055">
        <ele>4.3</ele>
      </trkpt>
      <trkpt lat="35.66448" lon="-121.26004">
        <ele>3.5</ele>
      </trkpt>
      <trkpt lat="35.66427" lon="-121.25951">
        <ele>3.4</ele>
      </trkpt>
      <trkpt lat="35.66406" lon="-121.25898">
        <ele>5.8</ele>
      </trkpt>
      <trkpt lat="35.66402" lon="-121.25889">
        <ele>6.2</ele>
      </trkpt>
      <trkpt lat="35.66372" lon="-121.25814">
        <ele>9.7</ele>
      </trkpt>
      <trkpt lat="35.66342" lon="-121.2574">
        <ele>12.3</ele>
      </trkpt>
      <trkpt lat="35.663252" lon="-121.256985">
        <ele>11.5</ele>
      </trkpt>
      <trkpt lat="35.663248" lon="-121.256976">
        <ele>11.5</ele>
      </trkpt>
      <trkpt lat="35.66312" lon="-121.25666">
        <ele>10.4</ele>
      </trkpt>
      <trkpt lat="35.66295" lon="-121.25682">
        <ele>7.7</ele>
      </trkpt>
      <trkpt lat="35.66284" lon="-121.25691">
        <ele>5.8</ele>
      </trkpt>
      <trkpt lat="35.66279" lon="-121.25687">
        <ele>5.3</ele>
      </trkpt>
      <trkpt lat="35.66275" lon="-121.25681">
        <ele>5.1</ele>
      </trkpt>
      <trkpt lat="35.6627" lon="-121.25685">
        <ele>4.2</ele>
      </trkpt>
      <trkpt lat="35.66297" lon="-121.25771">
        <ele>3.6</ele>
      </trkpt>
      <trkpt lat="35.66297" lon="-121.25771">
        <ele>3.6</ele>
      </trkpt>
      <trkpt lat="35.6627" lon="-121.25685">
        <ele>4.2</ele>
      </trkpt>
      <trkpt lat="35.66275" lon="-121.25681">
        <ele>5.1</ele>
      </trkpt>
      <trkpt lat="35.66279" lon="-121.25687">
        <ele>5.3</ele>
      </trkpt>
      <trkpt lat="35.66284" lon="-121.25691">
        <ele>5.8</ele>
      </trkpt>
      <trkpt lat="35.66295" lon="-121.25682">
        <ele>7.7</ele>
      </trkpt>
      <trkpt lat="35.66312" lon="-121.25666">
        <ele>10.4</ele>
      </trkpt>
      <trkpt lat="35.66282" lon="-121.25618">
        <ele>8.5</ele>
      </trkpt>
      <trkpt lat="35.66236" lon="-121.25555">
        <ele>6.0</ele>
      </trkpt>
      <trkpt lat="35.66189" lon="-121.25491">
        <ele>5.6</ele>
      </trkpt>
      <trkpt lat="35.66143" lon="-121.25428">
        <ele>6.1</ele>
      </trkpt>
      <trkpt lat="35.66096" lon="-121.25364">
        <ele>6.4</ele>
      </trkpt>
      <trkpt lat="35.66048" lon="-121.25301">
        <ele>6.6</ele>
      </trkpt>
      <trkpt lat="35.66032" lon="-121.25284">
        <ele>7.2</ele>
      </trkpt>
      <trkpt lat="35.65997" lon="-121.25257">
        <ele>5.7</ele>
      </trkpt>
      <trkpt lat="35.65962" lon="-121.25232">
        <ele>5.6</ele>
      </trkpt>
      <trkpt lat="35.65954" lon="-121.25225">
        <ele>5.5</ele>
      </trkpt>
      <trkpt lat="35.6595" lon="-121.25223">
        <ele>5.5</ele>
      </trkpt>
      <trkpt lat="35.65921" lon="-121.25199">
        <ele>5.5</ele>
      </trkpt>
      <trkpt lat="35.65899" lon="-121.25178">
        <ele>6.3</ele>
      </trkpt>
      <trkpt lat="35.65872" lon="-121.25148">
        <ele>6.1</ele>
      </trkpt>
      <trkpt lat="35.6584" lon="-121.25098">
        <ele>5.6</ele>
      </trkpt>
      <trkpt lat="35.65808" lon="-121.25034">
        <ele>8.5</ele>
      </trkpt>
      <trkpt lat="35.65766" lon="-121.24951">
        <ele>10.0</ele>
      </trkpt>
      <trkpt lat="35.65733" lon="-121.24884">
        <ele>11.0</ele>
      </trkpt>
      <trkpt lat="35.65701" lon="-121.24818">
        <ele>11.8</ele>
      </trkpt>
      <trkpt lat="35.65668" lon="-121.24754">
        <ele>12.6</ele>
      </trkpt>
      <trkpt lat="35.65636" lon="-121.2469">
        <ele>11.9</ele>
      </trkpt>
      <trkpt lat="35.65612" lon="-121.24642">
        <ele>10.7</ele>
      </trkpt>
      <trkpt lat="35.65588" lon="-121.24597">
        <ele>9.4</ele>
      </trkpt>
      <trkpt lat="35.6555" lon="-121.24538">
        <ele>8.5</ele>
      </trkpt>
      <trkpt lat="35.65525" lon="-121.2451">
        <ele>7.9</ele>
      </trkpt>
      <trkpt lat="35.65481" lon="-121.24455">
        <ele>6.5</ele>
      </trkpt>
      <trkpt lat="35.65444" lon="-121.24397">
        <ele>2.9</ele>
      </trkpt>
      <trkpt lat="35.65416" lon="-121.24343">
        <ele>2.7</ele>
      </trkpt>
      <trkpt lat="35.65396" lon="-121.24291">
        <ele>3.0</ele>
      </trkpt>
      <trkpt lat="35.65383" lon="-121.24246">
        <ele>3.8</ele>
      </trkpt>
      <trkpt lat="35.65377" lon="-121.24219">
        <ele>4.5</ele>
      </trkpt>
      <trkpt lat="35.6537" lon="-121.2418">
        <ele>5.0</ele>
      </trkpt>
      <trkpt lat="35.65367" lon="-121.24159">
        <ele>5.0</ele>
      </trkpt>
      <trkpt lat="35.65364" lon="-121.24101">
        <ele>5.9</ele>
      </trkpt>
      <trkpt lat="35.65365" lon="-121.24054">
        <ele>5.9</ele>
      </trkpt>
      <trkpt lat="35.65367" lon="-121.24017">
        <ele>6.0</ele>
      </trkpt>
      <trkpt lat="35.65376" lon="-121.2394">
        <ele>6.3</ele>
      </trkpt>
      <trkpt lat="35.65386" lon="-121.23863">
        <ele>6.7</ele>
      </trkpt>
      <trkpt lat="35.65395" lon="-121.23786">
        <ele>7.5</ele>
      </trkpt>
      <trkpt lat="35.65396" lon="-121.23773">
        <ele>7.6</ele>
      </trkpt>
      <trkpt lat="35.65396" lon="-121.23712">
        <ele>7.6</ele>
      </trkpt>
      <trkpt lat="35.65393" lon="-121.23666">
        <ele>7.4</ele>
      </trkpt>
      <trkpt lat="35.6539" lon="-121.23645">
        <ele>7.2</ele>
      </trkpt>
      <trkpt lat="35.65376" lon="-121.23578">
        <ele>6.2</ele>
      </trkpt>
      <trkpt lat="35.6536" lon="-121.23521">
        <ele>6.1</ele>
      </trkpt>
      <trkpt lat="35.65338" lon="-121.23459">
        <ele>5.2</ele>
      </trkpt>
      <trkpt lat="35.65317" lon="-121.23397">
        <ele>4.4</ele>
      </trkpt>
      <trkpt lat="35.65283" lon="-121.23297">
        <ele>4.3</ele>
      </trkpt>
      <trkpt lat="35.65261" lon="-121.23212">
        <ele>3.4</ele>
      </trkpt>
      <trkpt lat="35.65254" lon="-121.23172">
        <ele>4.2</ele>
      </trkpt>
      <trkpt lat="35.65245" lon="-121.23106">
        <ele>4.0</ele>
      </trkpt>
      <trkpt lat="35.65242" lon="-121.23056">
        <ele>3.9</ele>
      </trkpt>
      <trkpt lat="35.65241" lon="-121.23002">
        <ele>3.9</ele>
      </trkpt>
      <trkpt lat="35.65244" lon="-121.22954">
        <ele>4.2</ele>
      </trkpt>
      <trkpt lat="35.65248" lon="-121.2291">
        <ele>4.2</ele>
      </trkpt>
      <trkpt lat="35.65258" lon="-121.22829">
        <ele>5.3</ele>
      </trkpt>
      <trkpt lat="35.65269" lon="-121.22721">
        <ele>6.3</ele>
      </trkpt>
      <trkpt lat="35.65281" lon="-121.22613">
        <ele>6.7</ele>
      </trkpt>
      <trkpt lat="35.65293" lon="-121.22504">
        <ele>10.3</ele>
      </trkpt>
      <trkpt lat="35.65305" lon="-121.22396">
        <ele>13.4</ele>
      </trkpt>
      <trkpt lat="35.65317" lon="-121.22287">
        <ele>5.5</ele>
      </trkpt>
      <trkpt lat="35.65323" lon="-121.22219">
        <ele>5.2</ele>
      </trkpt>
      <trkpt lat="35.65327" lon="-121.22166">
        <ele>8.1</ele>
      </trkpt>
      <trkpt lat="35.65326" lon="-121.2208">
        <ele>4.8</ele>
      </trkpt>
      <trkpt lat="35.65323" lon="-121.22023">
        <ele>3.1</ele>
      </trkpt>
      <trkpt lat="35.65321" lon="-121.21967">
        <ele>6.5</ele>
      </trkpt>
      <trkpt lat="35.6532" lon="-121.21929">
        <ele>8.8</ele>
      </trkpt>
      <trkpt lat="35.65318" lon="-121.21867">
        <ele>12.7</ele>
      </trkpt>
      <trkpt lat="35.65317" lon="-121.21805">
        <ele>14.9</ele>
      </trkpt>
      <trkpt lat="35.65313" lon="-121.21727">
        <ele>17.3</ele>
      </trkpt>
      <trkpt lat="35.65307" lon="-121.21664">
        <ele>19.2</ele>
      </trkpt>
      <trkpt lat="35.65301" lon="-121.21601">
        <ele>21.1</ele>
      </trkpt>
      <trkpt lat="35.65294" lon="-121.21509">
        <ele>24.7</ele>
      </trkpt>
      <trkpt lat="35.65288" lon="-121.21466">
        <ele>26.3</ele>
      </trkpt>
      <trkpt lat="35.65274" lon="-121.2139">
        <ele>27.5</ele>
      </trkpt>
      <trkpt lat="35.65266" lon="-121.21361">
        <ele>27.8</ele>
      </trkpt>
      <trkpt lat="35.65241" lon="-121.21286">
        <ele>26.8</ele>
      </trkpt>
      <trkpt lat="35.65218" lon="-121.21235">
        <ele>25.7</ele>
      </trkpt>
      <trkpt lat="35.65196" lon="-121.21185">
        <ele>24.1</ele>
      </trkpt>
      <trkpt lat="35.65182" lon="-121.21158">
        <ele>23.8</ele>
      </trkpt>
      <trkpt lat="35.65146" lon="-121.21075">
        <ele>24.4</ele>
      </trkpt>
      <trkpt lat="35.65136" lon="-121.21046">
        <ele>24.7</ele>
      </trkpt>
      <trkpt lat="35.65131" lon="-121.21023">
        <ele>24.1</ele>
      </trkpt>
      <trkpt lat="35.65124" lon="-121.20981">
        <ele>23.8</ele>
      </trkpt>
      <trkpt lat="35.65123" lon="-121.20947">
        <ele>23.9</ele>
      </trkpt>
      <trkpt lat="35.65125" lon="-121.20918">
        <ele>22.9</ele>
      </trkpt>
      <trkpt lat="35.65128" lon="-121.2089">
        <ele>21.3</ele>
      </trkpt>
      <trkpt lat="35.65134" lon="-121.20861">
        <ele>20.6</ele>
      </trkpt>
      <trkpt lat="35.65154" lon="-121.20796">
        <ele>19.0</ele>
      </trkpt>
      <trkpt lat="35.65174" lon="-121.20731">
        <ele>16.0</ele>
      </trkpt>
      <trkpt lat="35.65182" lon="-121.20695">
        <ele>13.8</ele>
      </trkpt>
      <trkpt lat="35.65188" lon="-121.20661">
        <ele>12.5</ele>
      </trkpt>
      <trkpt lat="35.65192" lon="-121.20625">
        <ele>14.0</ele>
      </trkpt>
      <trkpt lat="35.65194" lon="-121.20583">
        <ele>16.3</ele>
      </trkpt>
      <trkpt lat="35.65192" lon="-121.20549">
        <ele>18.1</ele>
      </trkpt>
      <trkpt lat="35.65189" lon="-121.20522">
        <ele>19.5</ele>
      </trkpt>
      <trkpt lat="35.65181" lon="-121.2048">
        <ele>21.0</ele>
      </trkpt>
      <trkpt lat="35.65173" lon="-121.2045">
        <ele>21.1</ele>
      </trkpt>
      <trkpt lat="35.6516" lon="-121.20413">
        <ele>20.6</ele>
      </trkpt>
      <trkpt lat="35.6512" lon="-121.20318">
        <ele>19.8</ele>
      </trkpt>
      <trkpt lat="35.6508" lon="-121.20224">
        <ele>18.6</ele>
      </trkpt>
      <trkpt lat="35.6504" lon="-121.2013">
        <ele>19.1</ele>
      </trkpt>
      <trkpt lat="35.65" lon="-121.20035">
        <ele>20.7</ele>
      </trkpt>
      <trkpt lat="35.6496" lon="-121.19941">
        <ele>23.1</ele>
      </trkpt>
      <trkpt lat="35.6492" lon="-121.19846">
        <ele>25.8</ele>
      </trkpt>
      <trkpt lat="35.6488" lon="-121.19752">
        <ele>27.8</ele>
      </trkpt>
      <trkpt lat="35.6484" lon="-121.19657">
        <ele>25.9</ele>
      </trkpt>
      <trkpt lat="35.648" lon="-121.19563">
        <ele>24.4</ele>
      </trkpt>
      <trkpt lat="35.6476" lon="-121.19468">
        <ele>24.0</ele>
      </trkpt>
      <trkpt lat="35.6472" lon="-121.19374">
        <ele>22.3</ele>
      </trkpt>
      <trkpt lat="35.6468" lon="-121.1928">
        <ele>19.1</ele>
      </trkpt>
      <trkpt lat="35.64655" lon="-121.19224">
        <ele>17.9</ele>
      </trkpt>
      <trkpt lat="35.64642" lon="-121.1922">
        <ele>17.3</ele>
      </trkpt>
      <trkpt lat="35.64613" lon="-121.19219">
        <ele>16.3</ele>
      </trkpt>
      <trkpt lat="35.64537" lon="-121.19216">
        <ele>12.9</ele>
      </trkpt>
      <trkpt lat="35.64462" lon="-121.19213">
        <ele>9.2</ele>
      </trkpt>
      <trkpt lat="35.64434" lon="-121.1921">
        <ele>7.4</ele>
      </trkpt>
      <trkpt lat="35.64359" lon="-121.19189">
        <ele>4.5</ele>
      </trkpt>
      <trkpt lat="35.6435" lon="-121.19183">
        <ele>4.1</ele>
      </trkpt>
      <trkpt lat="35.64349" lon="-121.19181">
        <ele>4.0</ele>
      </trkpt>
      <trkpt lat="35.64348" lon="-121.19175">
        <ele>3.8</ele>
      </trkpt>
      <trkpt lat="35.64348" lon="-121.19167">
        <ele>3.5</ele>
      </trkpt>
      <trkpt lat="35.64356" lon="-121.19129">
        <ele>3.4</ele>
      </trkpt>
      <trkpt lat="35.64372" lon="-121.19057">
        <ele>3.9</ele>
      </trkpt>
      <trkpt lat="35.64388" lon="-121.18985">
        <ele>4.6</ele>
      </trkpt>
      <trkpt lat="35.64404" lon="-121.18913">
        <ele>3.6</ele>
      </trkpt>
      <trkpt lat="35.644048" lon="-121.18909">
        <ele>4.1</ele>
      </trkpt>
      <trkpt lat="35.644053" lon="-121.18906">
        <ele>4.0</ele>
      </trkpt>
      <trkpt lat="35.64408" lon="-121.18892">
        <ele>3.4</ele>
      </trkpt>
      <trkpt lat="35.64415" lon="-121.18849">
        <ele>2.9</ele>
      </trkpt>
      <trkpt lat="35.64411" lon="-121.18847">
        <ele>3.0</ele>
      </trkpt>
      <trkpt lat="35.64405" lon="-121.1884">
        <ele>3.2</ele>
      </trkpt>
      <trkpt lat="35.64405" lon="-121.1883">
        <ele>3.8</ele>
      </trkpt>
      <trkpt lat="35.64402" lon="-121.18819">
        <ele>4.7</ele>
      </trkpt>
      <trkpt lat="35.64389" lon="-121.18799">
        <ele>6.3</ele>
      </trkpt>
      <trkpt lat="35.64328" lon="-121.18747">
        <ele>5.6</ele>
      </trkpt>
      <trkpt lat="35.64319" lon="-121.18748">
        <ele>4.6</ele>
      </trkpt>
      <trkpt lat="35.64319" lon="-121.18744">
        <ele>4.8</ele>
      </trkpt>
      <trkpt lat="35.64303" lon="-121.18755">
        <ele>2.7</ele>
      </trkpt>
      <trkpt lat="35.64251" lon="-121.18792">
        <ele>0.0</ele>
      </trkpt>
      <trkpt lat="35.64186" lon="-121.18799">
        <ele>0.0</ele>
      </trkpt>
      <trkpt lat="35.64186" lon="-121.18801">
        <ele>0.0</ele>
      </trkpt>
      <trkpt lat="35.64173" lon="-121.18803">
        <ele>0.0</ele>
      </trkpt>
      <trkpt lat="35.64173" lon="-121.18801">
        <ele>0.0</ele>
      </trkpt>
      <trkpt lat="35.64105" lon="-121.18808">
        <ele>0.0</ele>
      </trkpt>
      <trkpt lat="35.64105" lon="-121.18811">
        <ele>0.0</ele>
      </trkpt>
      <trkpt lat="35.64102" lon="-121.18811">
        <ele>0.0</ele>
      </trkpt>
      <trkpt lat="35.64102" lon="-121.18811">
        <ele>0.0</ele>
      </trkpt>
      <trkpt lat="35.64105" lon="-121.18811">
        <ele>0.0</ele>
      </trkpt>
      <trkpt lat="35.64105" lon="-121.18808">
        <ele>0.0</ele>
      </trkpt>
      <trkpt lat="35.64173" lon="-121.18801">
        <ele>0.0</ele>
      </trkpt>
      <trkpt lat="35.64173" lon="-121.18803">
        <ele>0.0</ele>
      </trkpt>
      <trkpt lat="35.64186" lon="-121.18801">
        <ele>0.0</ele>
      </trkpt>
      <trkpt lat="35.64186" lon="-121.18799">
        <ele>0.0</ele>
      </trkpt>
      <trkpt lat="35.64251" lon="-121.18792">
        <ele>0.0</ele>
      </trkpt>
      <trkpt lat="35.64303" lon="-121.18755">
        <ele>2.7</ele>
      </trkpt>
      <trkpt lat="35.64319" lon="-121.18744">
        <ele>4.8</ele>
      </trkpt>
      <trkpt lat="35.64308" lon="-121.18688">
        <ele>6.0</ele>
      </trkpt>
      <trkpt lat="35.64381" lon="-121.18664">
        <ele>14.0</ele>
      </trkpt>
      <trkpt lat="35.644" lon="-121.18638">
        <ele>15.2</ele>
      </trkpt>
      <trkpt lat="35.6439" lon="-121.18622">
        <ele>14.8</ele>
      </trkpt>
      <trkpt lat="35.64365" lon="-121.1859">
        <ele>14.7</ele>
      </trkpt>
      <trkpt lat="35.64362" lon="-121.18581">
        <ele>14.7</ele>
      </trkpt>
      <trkpt lat="35.64362" lon="-121.18571">
        <ele>14.8</ele>
      </trkpt>
      <trkpt lat="35.64365" lon="-121.18562">
        <ele>15.0</ele>
      </trkpt>
      <trkpt lat="35.6437" lon="-121.18558">
        <ele>15.2</ele>
      </trkpt>
      <trkpt lat="35.64388" lon="-121.18545">
        <ele>15.7</ele>
      </trkpt>
      <trkpt lat="35.6435" lon="-121.18447">
        <ele>15.3</ele>
      </trkpt>
      <trkpt lat="35.64312" lon="-121.1835">
        <ele>12.5</ele>
      </trkpt>
      <trkpt lat="35.64284" lon="-121.18287">
        <ele>5.5</ele>
      </trkpt>
      <trkpt lat="35.64252" lon="-121.18206">
        <ele>3.7</ele>
      </trkpt>
      <trkpt lat="35.64221" lon="-121.18124">
        <ele>11.2</ele>
      </trkpt>
      <trkpt lat="35.6421" lon="-121.18094">
        <ele>12.8</ele>
      </trkpt>
      <trkpt lat="35.64185" lon="-121.1802">
        <ele>13.7</ele>
      </trkpt>
      <trkpt lat="35.6416" lon="-121.17932">
        <ele>14.8</ele>
      </trkpt>
      <trkpt lat="35.64137" lon="-121.17837">
        <ele>15.6</ele>
      </trkpt>
      <trkpt lat="35.64113" lon="-121.17741">
        <ele>15.0</ele>
      </trkpt>
      <trkpt lat="35.6409" lon="-121.17646">
        <ele>15.7</ele>
      </trkpt>
      <trkpt lat="35.64067" lon="-121.17551">
        <ele>16.7</ele>
      </trkpt>
      <trkpt lat="35.6405" lon="-121.17491">
        <ele>18.0</ele>
      </trkpt>
      <trkpt lat="35.6404" lon="-121.1746">
        <ele>18.4</ele>
      </trkpt>
      <trkpt lat="35.64014" lon="-121.17392">
        <ele>18.6</ele>
      </trkpt>
      <trkpt lat="35.63999" lon="-121.1736">
        <ele>18.9</ele>
      </trkpt>
      <trkpt lat="35.63969" lon="-121.17292">
        <ele>17.3</ele>
      </trkpt>
      <trkpt lat="35.63938" lon="-121.17225">
        <ele>12.0</ele>
      </trkpt>
      <trkpt lat="35.63902" lon="-121.17146">
        <ele>15.1</ele>
      </trkpt>
      <trkpt lat="35.63866" lon="-121.17068">
        <ele>16.4</ele>
      </trkpt>
      <trkpt lat="35.6383" lon="-121.1699">
        <ele>16.9</ele>
      </trkpt>
      <trkpt lat="35.63803" lon="-121.16931">
        <ele>17.1</ele>
      </trkpt>
      <trkpt lat="35.63765" lon="-121.16853">
        <ele>16.2</ele>
      </trkpt>
      <trkpt lat="35.63728" lon="-121.16774">
        <ele>17.5</ele>
      </trkpt>
      <trkpt lat="35.63692" lon="-121.16695">
        <ele>20.6</ele>
      </trkpt>
      <trkpt lat="35.63669" lon="-121.16651">
        <ele>21.3</ele>
      </trkpt>
      <trkpt lat="35.63644" lon="-121.16609">
        <ele>21.9</ele>
      </trkpt>
      <trkpt lat="35.63618" lon="-121.16571">
        <ele>21.9</ele>
      </trkpt>
      <trkpt lat="35.63584" lon="-121.1653">
        <ele>20.0</ele>
      </trkpt>
      <trkpt lat="35.63558" lon="-121.16502">
        <ele>17.9</ele>
      </trkpt>
      <trkpt lat="35.63518" lon="-121.16466">
        <ele>16.5</ele>
      </trkpt>
      <trkpt lat="35.63443" lon="-121.16407">
        <ele>15.2</ele>
      </trkpt>
      <trkpt lat="35.63385" lon="-121.16363">
        <ele>14.2</ele>
      </trkpt>
      <trkpt lat="35.63328" lon="-121.1632">
        <ele>13.2</ele>
      </trkpt>
      <trkpt lat="35.63271" lon="-121.16272">
        <ele>12.3</ele>
      </trkpt>
      <trkpt lat="35.6323" lon="-121.16241">
        <ele>10.5</ele>
      </trkpt>
      <trkpt lat="35.63169" lon="-121.16198">
        <ele>12.7</ele>
      </trkpt>
      <trkpt lat="35.63108" lon="-121.16155">
        <ele>12.8</ele>
      </trkpt>
      <trkpt lat="35.63047" lon="-121.16113">
        <ele>12.4</ele>
      </trkpt>
      <trkpt lat="35.62987" lon="-121.1607">
        <ele>12.3</ele>
      </trkpt>
      <trkpt lat="35.62935" lon="-121.1603">
        <ele>11.9</ele>
      </trkpt>
      <trkpt lat="35.62884" lon="-121.1599">
        <ele>11.2</ele>
      </trkpt>
      <trkpt lat="35.62838" lon="-121.15955">
        <ele>11.7</ele>
      </trkpt>
      <trkpt lat="35.62792" lon="-121.15919">
        <ele>11.4</ele>
      </trkpt>
      <trkpt lat="35.62759" lon="-121.15895">
        <ele>6.2</ele>
      </trkpt>
      <trkpt lat="35.62715" lon="-121.15857">
        <ele>10.6</ele>
      </trkpt>
      <trkpt lat="35.62671" lon="-121.15818">
        <ele>10.9</ele>
      </trkpt>
      <trkpt lat="35.6261" lon="-121.15762">
        <ele>10.8</ele>
      </trkpt>
      <trkpt lat="35.62571" lon="-121.15721">
        <ele>10.8</ele>
      </trkpt>
      <trkpt lat="35.62526" lon="-121.15676">
        <ele>9.6</ele>
      </trkpt>
      <trkpt lat="35.62489" lon="-121.15642">
        <ele>10.9</ele>
      </trkpt>
      <trkpt lat="35.62452" lon="-121.15609">
        <ele>11.1</ele>
      </trkpt>
      <trkpt lat="35.62392" lon="-121.15567">
        <ele>10.5</ele>
      </trkpt>
      <trkpt lat="35.62331" lon="-121.15525">
        <ele>11.8</ele>
      </trkpt>
      <trkpt lat="35.62288" lon="-121.15496">
        <ele>15.0</ele>
      </trkpt>
      <trkpt lat="35.62245" lon="-121.15467">
        <ele>16.1</ele>
      </trkpt>
      <trkpt lat="35.62184" lon="-121.1542">
        <ele>17.5</ele>
      </trkpt>
      <trkpt lat="35.62156" lon="-121.154">
        <ele>19.8</ele>
      </trkpt>
      <trkpt lat="35.62089" lon="-121.15342">
        <ele>21.1</ele>
      </trkpt>
      <trkpt lat="35.62059" lon="-121.15313">
        <ele>20.8</ele>
      </trkpt>
      <trkpt lat="35.62011" lon="-121.15262">
        <ele>21.5</ele>
      </trkpt>
      <trkpt lat="35.61964" lon="-121.15212">
        <ele>21.3</ele>
      </trkpt>
      <trkpt lat="35.61923" lon="-121.1516">
        <ele>21.7</ele>
      </trkpt>
      <trkpt lat="35.61882" lon="-121.15108">
        <ele>21.0</ele>
      </trkpt>
      <trkpt lat="35.61832" lon="-121.15038">
        <ele>20.1</ele>
      </trkpt>
      <trkpt lat="35.61789" lon="-121.14983">
        <ele>19.7</ele>
      </trkpt>
      <trkpt lat="35.61747" lon="-121.14934">
        <ele>17.8</ele>
      </trkpt>
      <trkpt lat="35.61705" lon="-121.14885">
        <ele>17.1</ele>
      </trkpt>
      <trkpt lat="35.61648" lon="-121.14818">
        <ele>16.2</ele>
      </trkpt>
      <trkpt lat="35.61591" lon="-121.1475">
        <ele>15.3</ele>
      </trkpt>
      <trkpt lat="35.61547" lon="-121.14697">
        <ele>14.6</ele>
      </trkpt>
      <trkpt lat="35.61515" lon="-121.14661">
        <ele>14.2</ele>
      </trkpt>
      <trkpt lat="35.61469" lon="-121.14608">
        <ele>15.1</ele>
      </trkpt>
      <trkpt lat="35.61434" lon="-121.14568">
        <ele>15.0</ele>
      </trkpt>
      <trkpt lat="35.61406" lon="-121.14541">
        <ele>14.9</ele>
      </trkpt>
      <trkpt lat="35.61366" lon="-121.14499">
        <ele>14.9</ele>
      </trkpt>
      <trkpt lat="35.61325" lon="-121.14457">
        <ele>14.8</ele>
      </trkpt>
      <trkpt lat="35.61272" lon="-121.14394">
        <ele>13.9</ele>
      </trkpt>
      <trkpt lat="35.61218" lon="-121.14332">
        <ele>13.3</ele>
      </trkpt>
      <trkpt lat="35.61164" lon="-121.14269">
        <ele>14.3</ele>
      </trkpt>
      <trkpt lat="35.6111" lon="-121.14204">
        <ele>16.3</ele>
      </trkpt>
      <trkpt lat="35.61056" lon="-121.14139">
        <ele>17.2</ele>
      </trkpt>
      <trkpt lat="35.61" lon="-121.14073">
        <ele>18.8</ele>
      </trkpt>
      <trkpt lat="35.60945" lon="-121.14007">
        <ele>18.9</ele>
      </trkpt>
      <trkpt lat="35.60903" lon="-121.13957">
        <ele>18.8</ele>
      </trkpt>
      <trkpt lat="35.60845" lon="-121.13887">
        <ele>18.5</ele>
      </trkpt>
      <trkpt lat="35.60786" lon="-121.13818">
        <ele>19.0</ele>
      </trkpt>
      <trkpt lat="35.60727" lon="-121.13749">
        <ele>19.0</ele>
      </trkpt>
      <trkpt lat="35.60669" lon="-121.1368">
        <ele>20.0</ele>
      </trkpt>
      <trkpt lat="35.6061" lon="-121.13611">
        <ele>24.5</ele>
      </trkpt>
      <trkpt lat="35.60574" lon="-121.13567">
        <ele>24.5</ele>
      </trkpt>
      <trkpt lat="35.60538" lon="-121.13523">
        <ele>24.6</ele>
      </trkpt>
      <trkpt lat="35.60494" lon="-121.13471">
        <ele>24.4</ele>
      </trkpt>
      <trkpt lat="35.60449" lon="-121.13419">
        <ele>19.4</ele>
      </trkpt>
      <trkpt lat="35.60405" lon="-121.13367">
        <ele>17.7</ele>
      </trkpt>
      <trkpt lat="35.60344" lon="-121.13297">
        <ele>16.9</ele>
      </trkpt>
      <trkpt lat="35.60283" lon="-121.13227">
        <ele>15.9</ele>
      </trkpt>
      <trkpt lat="35.6023" lon="-121.13164">
        <ele>14.1</ele>
      </trkpt>
      <trkpt lat="35.60176" lon="-121.131">
        <ele>12.4</ele>
      </trkpt>
      <trkpt lat="35.60123" lon="-121.13037">
        <ele>11.4</ele>
      </trkpt>
      <trkpt lat="35.60075" lon="-121.12984">
        <ele>12.2</ele>
      </trkpt>
      <trkpt lat="35.60041" lon="-121.12944">
        <ele>12.8</ele>
      </trkpt>
      <trkpt lat="35.59981" lon="-121.12871">
        <ele>11.8</ele>
      </trkpt>
      <trkpt lat="35.59948" lon="-121.12833">
        <ele>11.8</ele>
      </trkpt>
      <trkpt lat="35.59916" lon="-121.12795">
        <ele>12.7</ele>
      </trkpt>
      <trkpt lat="35.59886" lon="-121.12764">
        <ele>13.6</ele>
      </trkpt>
      <trkpt lat="35.59821" lon="-121.12705">
        <ele>14.9</ele>
      </trkpt>
      <trkpt lat="35.59795" lon="-121.12685">
        <ele>14.3</ele>
      </trkpt>
      <trkpt lat="35.59755" lon="-121.12659">
        <ele>12.9</ele>
      </trkpt>
      <trkpt lat="35.59714" lon="-121.12635">
        <ele>12.0</ele>
      </trkpt>
      <trkpt lat="35.59683" lon="-121.1262">
        <ele>11.0</ele>
      </trkpt>
      <trkpt lat="35.596" lon="-121.12584">
        <ele>10.8</ele>
      </trkpt>
      <trkpt lat="35.59543" lon="-121.1256">
        <ele>10.7</ele>
      </trkpt>
      <trkpt lat="35.59486" lon="-121.12535">
        <ele>10.6</ele>
      </trkpt>
      <trkpt lat="35.59425" lon="-121.1251">
        <ele>10.5</ele>
      </trkpt>
      <trkpt lat="35.59357" lon="-121.12486">
        <ele>9.9</ele>
      </trkpt>
      <trkpt lat="35.59315" lon="-121.12473">
        <ele>8.2</ele>
      </trkpt>
      <trkpt lat="35.59235" lon="-121.12446">
        <ele>7.2</ele>
      </trkpt>
      <trkpt lat="35.59189" lon="-121.1243">
        <ele>8.9</ele>
      </trkpt>
      <trkpt lat="35.59153" lon="-121.12416">
        <ele>10.6</ele>
      </trkpt>
      <trkpt lat="35.59095" lon="-121.12391">
        <ele>15.0</ele>
      </trkpt>
      <trkpt lat="35.59019" lon="-121.12361">
        <ele>16.5</ele>
      </trkpt>
      <trkpt lat="35.58943" lon="-121.1233">
        <ele>17.8</ele>
      </trkpt>
      <trkpt lat="35.58883" lon="-121.12303">
        <ele>18.3</ele>
      </trkpt>
      <trkpt lat="35.58823" lon="-121.12279">
        <ele>17.6</ele>
      </trkpt>
      <trkpt lat="35.58746" lon="-121.12246">
        <ele>16.4</ele>
      </trkpt>
      <trkpt lat="35.58704" lon="-121.12224">
        <ele>17.9</ele>
      </trkpt>
      <trkpt lat="35.58649" lon="-121.1219">
        <ele>19.1</ele>
      </trkpt>
      <trkpt lat="35.58595" lon="-121.12152">
        <ele>20.5</ele>
      </trkpt>
      <trkpt lat="35.58551" lon="-121.12113">
        <ele>20.7</ele>
      </trkpt>
      <trkpt lat="35.58536" lon="-121.12138">
        <ele>18.7</ele>
      </trkpt>
      <trkpt lat="35.5853" lon="-121.12144">
        <ele>18.3</ele>
      </trkpt>
      <trkpt lat="35.58523" lon="-121.12147">
        <ele>18.0</ele>
      </trkpt>
      <trkpt lat="35.58515" lon="-121.12147">
        <ele>17.8</ele>
      </trkpt>
      <trkpt lat="35.58499" lon="-121.12142">
        <ele>17.8</ele>
      </trkpt>
      <trkpt lat="35.58443" lon="-121.12111">
        <ele>17.3</ele>
      </trkpt>
      <trkpt lat="35.58403" lon="-121.12088">
        <ele>17.4</ele>
      </trkpt>
      <trkpt lat="35.58362" lon="-121.12061">
        <ele>16.8</ele>
      </trkpt>
      <trkpt lat="35.58298" lon="-121.12015">
        <ele>16.3</ele>
      </trkpt>
      <trkpt lat="35.58255" lon="-121.11976">
        <ele>14.0</ele>
      </trkpt>
      <trkpt lat="35.58212" lon="-121.11938">
        <ele>12.1</ele>
      </trkpt>
      <trkpt lat="35.58186" lon="-121.11913">
        <ele>11.1</ele>
      </trkpt>
      <trkpt lat="35.58163" lon="-121.11893">
        <ele>10.4</ele>
      </trkpt>
      <trkpt lat="35.58122" lon="-121.11852">
        <ele>8.9</ele>
      </trkpt>
      <trkpt lat="35.5806" lon="-121.11792">
        <ele>6.8</ele>
      </trkpt>
      <trkpt lat="35.57998" lon="-121.11732">
        <ele>6.8</ele>
      </trkpt>
      <trkpt lat="35.57987" lon="-121.11721">
        <ele>6.8</ele>
      </trkpt>
      <trkpt lat="35.57926" lon="-121.11663">
        <ele>6.9</ele>
      </trkpt>
      <trkpt lat="35.57865" lon="-121.11605">
        <ele>6.8</ele>
      </trkpt>
      <trkpt lat="35.57804" lon="-121.11546">
        <ele>6.8</ele>
      </trkpt>
      <trkpt lat="35.57744" lon="-121.11488">
        <ele>6.8</ele>
      </trkpt>
      <trkpt lat="35.57683" lon="-121.1143">
        <ele>6.8</ele>
      </trkpt>
      <trkpt lat="35.57624" lon="-121.11376">
        <ele>6.0</ele>
      </trkpt>
      <trkpt lat="35.57587" lon="-121.1135">
        <ele>7.4</ele>
      </trkpt>
      <trkpt lat="35.57611" lon="-121.11293">
        <ele>10.3</ele>
      </trkpt>
      <trkpt lat="35.57596" lon="-121.11284">
        <ele>11.0</ele>
      </trkpt>
      <trkpt lat="35.57596" lon="-121.11284">
        <ele>11.0</ele>
      </trkpt>
      <trkpt lat="35.57611" lon="-121.11293">
        <ele>10.3</ele>
      </trkpt>
      <trkpt lat="35.57587" lon="-121.1135">
        <ele>7.4</ele>
      </trkpt>
      <trkpt lat="35.57558" lon="-121.1133">
        <ele>7.5</ele>
      </trkpt>
      <trkpt lat="35.57543" lon="-121.11322">
        <ele>7.8</ele>
      </trkpt>
      <trkpt lat="35.57505" lon="-121.11304">
        <ele>7.3</ele>
      </trkpt>
      <trkpt lat="35.57476" lon="-121.11293">
        <ele>7.5</ele>
      </trkpt>
      <trkpt lat="35.57419" lon="-121.11277">
        <ele>7.4</ele>
      </trkpt>
      <trkpt lat="35.57362" lon="-121.11269">
        <ele>9.5</ele>
      </trkpt>
      <trkpt lat="35.57305" lon="-121.11261">
        <ele>10.4</ele>
      </trkpt>
      <trkpt lat="35.57285" lon="-121.11257">
        <ele>10.9</ele>
      </trkpt>
      <trkpt lat="35.57255" lon="-121.11249">
        <ele>11.6</ele>
      </trkpt>
      <trkpt lat="35.57224" lon="-121.11238">
        <ele>12.0</ele>
      </trkpt>
      <trkpt lat="35.57176" lon="-121.11217">
        <ele>12.0</ele>
      </trkpt>
      <trkpt lat="35.57162" lon="-121.11209">
        <ele>11.7</ele>
      </trkpt>
      <trkpt lat="35.5709" lon="-121.11157">
        <ele>11.3</ele>
      </trkpt>
      <trkpt lat="35.57054" lon="-121.11127">
        <ele>11.0</ele>
      </trkpt>
      <trkpt lat="35.57014" lon="-121.11084">
        <ele>10.4</ele>
      </trkpt>
      <trkpt lat="35.56997" lon="-121.11059">
        <ele>10.0</ele>
      </trkpt>
      <trkpt lat="35.56978" lon="-121.11021">
        <ele>10.6</ele>
      </trkpt>
      <trkpt lat="35.56962" lon="-121.10981">
        <ele>10.6</ele>
      </trkpt>
      <trkpt lat="35.56953" lon="-121.10954">
        <ele>10.2</ele>
      </trkpt>
      <trkpt lat="35.56947" lon="-121.10926">
        <ele>10.5</ele>
      </trkpt>
      <trkpt lat="35.56938" lon="-121.10865">
        <ele>11.3</ele>
      </trkpt>
      <trkpt lat="35.56928" lon="-121.10768">
        <ele>10.6</ele>
      </trkpt>
      <trkpt lat="35.56917" lon="-121.10671">
        <ele>10.6</ele>
      </trkpt>
      <trkpt lat="35.56907" lon="-121.10575">
        <ele>9.5</ele>
      </trkpt>
      <trkpt lat="35.56903" lon="-121.10541">
        <ele>10.1</ele>
      </trkpt>
      <trkpt lat="35.56898" lon="-121.10521">
        <ele>9.6</ele>
      </trkpt>
      <trkpt lat="35.56894" lon="-121.10511">
        <ele>9.3</ele>
      </trkpt>
    </trkseg>
  </trk>
</gpx>
