<?xml version="1.0" encoding="UTF-8"?>
<gpx xmlns:gpxdata="http://www.cluetrust.com/XML/GPXDATA/1/0" xmlns:xsi="http://www.w3.org/2001/XMLSchema-instance" xmlns="http://www.topografix.com/GPX/1/1" version="1.1" creator="http://ridewithgps.com/" xsi:schemaLocation="http://www.topografix.com/GPX/1/1 http://www.topografix.com/GPX/1/1/gpx.xsd http://www.cluetrust.com/XML/GPXDATA/1/0 http://www.cluetrust.com/Schemas/gpxdata10.xsd">
  <metadata>
    <name>Day 2 - Santa Cruz to Monterey</name>
    <link href="https://ridewithgps.com/routes/57453350">
      <text>Day 2 - Santa Cruz to Monterey</text>
    </link>
    <time>2026-10-05T19:30:37Z</time>
  </metadata>
  <wpt lat="36.9702431" lon="-122.02039586">
    <name>Hotel Solares</name>
    <cmt>lodging</cmt>
    <sym>Dot</sym>
    <type>shelter</type>
  </wpt>
  <wpt lat="36.694879" lon="-121.803011">
    <name>120 Reservation Road</name>
    <cmt>generic</cmt>
    <sym>Dot</sym>
    <type>generic</type>
  </wpt>
  <trk>
    <name>Day 2 - Santa Cruz to Monterey</name>
    <trkseg>
      <trkpt lat="36.97034" lon="-122.02042">
        <ele>3.5</ele>
      </trkpt>
      <trkpt lat="36.97034" lon="-122.02042">
        <ele>3.5</ele>
      </trkpt>
      <trkpt lat="36.97029" lon="-122.02081">
        <ele>3.3</ele>
      </trkpt>
      <trkpt lat="36.97004" lon="-122.02074">
        <ele>3.2</ele>
      </trkpt>
      <trkpt lat="36.96995" lon="-122.0207">
        <ele>3.1</ele>
      </trkpt>
      <trkpt lat="36.96988" lon="-122.02061">
        <ele>3.1</ele>
      </trkpt>
      <trkpt lat="36.96984" lon="-122.02053">
        <ele>3.1</ele>
      </trkpt>
      <trkpt lat="36.96981" lon="-122.02039">
        <ele>3.1</ele>
      </trkpt>
      <trkpt lat="36.96993" lon="-122.01953">
        <ele>3.5</ele>
      </trkpt>
      <trkpt lat="36.96948" lon="-122.01938">
        <ele>3.1</ele>
      </trkpt>
      <trkpt lat="36.96902" lon="-122.01924">
        <ele>2.6</ele>
      </trkpt>
      <trkpt lat="36.96855" lon="-122.01905">
        <ele>3.1</ele>
      </trkpt>
      <trkpt lat="36.96819" lon="-122.01892">
        <ele>3.5</ele>
      </trkpt>
      <trkpt lat="36.96781" lon="-122.01879">
        <ele>3.9</ele>
      </trkpt>
      <trkpt lat="36.96779" lon="-122.01878">
        <ele>3.9</ele>
      </trkpt>
      <trkpt lat="36.96753" lon="-122.0187">
        <ele>4.2</ele>
      </trkpt>
      <trkpt lat="36.96675" lon="-122.01844">
        <ele>5.3</ele>
      </trkpt>
      <trkpt lat="36.96597" lon="-122.01818">
        <ele>5.4</ele>
      </trkpt>
      <trkpt lat="36.96519" lon="-122.01791">
        <ele>4.4</ele>
      </trkpt>
      <trkpt lat="36.96466" lon="-122.01779">
        <ele>3.7</ele>
      </trkpt>
      <trkpt lat="36.96476" lon="-122.01693">
        <ele>3.7</ele>
      </trkpt>
      <trkpt lat="36.9647" lon="-122.0169">
        <ele>3.6</ele>
      </trkpt>
      <trkpt lat="36.96474" lon="-122.01646">
        <ele>3.6</ele>
      </trkpt>
      <trkpt lat="36.96482" lon="-122.01612">
        <ele>3.8</ele>
      </trkpt>
      <trkpt lat="36.96482" lon="-122.01603">
        <ele>4.0</ele>
      </trkpt>
      <trkpt lat="36.96493" lon="-122.01556">
        <ele>5.2</ele>
      </trkpt>
      <trkpt lat="36.96497" lon="-122.0155">
        <ele>5.5</ele>
      </trkpt>
      <trkpt lat="36.965" lon="-122.01536">
        <ele>6.1</ele>
      </trkpt>
      <trkpt lat="36.96505" lon="-122.0152">
        <ele>6.6</ele>
      </trkpt>
      <trkpt lat="36.96505" lon="-122.01513">
        <ele>6.7</ele>
      </trkpt>
      <trkpt lat="36.96522" lon="-122.01468">
        <ele>6.6</ele>
      </trkpt>
      <trkpt lat="36.96553" lon="-122.01404">
        <ele>6.4</ele>
      </trkpt>
      <trkpt lat="36.96553" lon="-122.01396">
        <ele>6.5</ele>
      </trkpt>
      <trkpt lat="36.96562" lon="-122.01385">
        <ele>6.0</ele>
      </trkpt>
      <trkpt lat="36.96566" lon="-122.01376">
        <ele>5.5</ele>
      </trkpt>
      <trkpt lat="36.96577" lon="-122.01352">
        <ele>3.5</ele>
      </trkpt>
      <trkpt lat="36.96579" lon="-122.01344">
        <ele>3.0</ele>
      </trkpt>
      <trkpt lat="36.96579" lon="-122.01338">
        <ele>2.7</ele>
      </trkpt>
      <trkpt lat="36.96576" lon="-122.01336">
        <ele>2.8</ele>
      </trkpt>
      <trkpt lat="36.96573" lon="-122.01337">
        <ele>3.0</ele>
      </trkpt>
      <trkpt lat="36.96559" lon="-122.01364">
        <ele>5.3</ele>
      </trkpt>
      <trkpt lat="36.96558" lon="-122.01364">
        <ele>5.4</ele>
      </trkpt>
      <trkpt lat="36.96558" lon="-122.01362">
        <ele>5.3</ele>
      </trkpt>
      <trkpt lat="36.96558" lon="-122.0136">
        <ele>5.4</ele>
      </trkpt>
      <trkpt lat="36.96567" lon="-122.01341">
        <ele>6.5</ele>
      </trkpt>
      <trkpt lat="36.96614" lon="-122.01246">
        <ele>12.0</ele>
      </trkpt>
      <trkpt lat="36.96616" lon="-122.01242">
        <ele>12.2</ele>
      </trkpt>
      <trkpt lat="36.96618" lon="-122.01242">
        <ele>12.4</ele>
      </trkpt>
      <trkpt lat="36.96633" lon="-122.01246">
        <ele>13.3</ele>
      </trkpt>
      <trkpt lat="36.96661" lon="-122.01261">
        <ele>13.3</ele>
      </trkpt>
      <trkpt lat="36.9667" lon="-122.01258">
        <ele>13.3</ele>
      </trkpt>
      <trkpt lat="36.96671" lon="-122.01253">
        <ele>13.3</ele>
      </trkpt>
      <trkpt lat="36.96632" lon="-122.01232">
        <ele>13.8</ele>
      </trkpt>
      <trkpt lat="36.96628" lon="-122.01228">
        <ele>13.9</ele>
      </trkpt>
      <trkpt lat="36.96622" lon="-122.01219">
        <ele>14.0</ele>
      </trkpt>
      <trkpt lat="36.9662" lon="-122.01213">
        <ele>14.1</ele>
      </trkpt>
      <trkpt lat="36.96619" lon="-122.01206">
        <ele>14.1</ele>
      </trkpt>
      <trkpt lat="36.96619" lon="-122.01198">
        <ele>14.2</ele>
      </trkpt>
      <trkpt lat="36.9662" lon="-122.0119">
        <ele>14.3</ele>
      </trkpt>
      <trkpt lat="36.96624" lon="-122.0118">
        <ele>14.4</ele>
      </trkpt>
      <trkpt lat="36.96555" lon="-122.01163">
        <ele>15.3</ele>
      </trkpt>
      <trkpt lat="36.96486" lon="-122.01145">
        <ele>16.1</ele>
      </trkpt>
      <trkpt lat="36.96418" lon="-122.01128">
        <ele>17.2</ele>
      </trkpt>
      <trkpt lat="36.96425" lon="-122.01079">
        <ele>16.2</ele>
      </trkpt>
      <trkpt lat="36.96431" lon="-122.01041">
        <ele>17.0</ele>
      </trkpt>
      <trkpt lat="36.96431" lon="-122.01029">
        <ele>16.8</ele>
      </trkpt>
      <trkpt lat="36.96429" lon="-122.01015">
        <ele>16.6</ele>
      </trkpt>
      <trkpt lat="36.96429" lon="-122.00981">
        <ele>15.6</ele>
      </trkpt>
      <trkpt lat="36.96431" lon="-122.0094">
        <ele>13.3</ele>
      </trkpt>
      <trkpt lat="36.96435" lon="-122.00924">
        <ele>11.3</ele>
      </trkpt>
      <trkpt lat="36.96439" lon="-122.00913">
        <ele>9.1</ele>
      </trkpt>
      <trkpt lat="36.96449" lon="-122.00894">
        <ele>6.6</ele>
      </trkpt>
      <trkpt lat="36.96453" lon="-122.00882">
        <ele>6.9</ele>
      </trkpt>
      <trkpt lat="36.96455" lon="-122.00864">
        <ele>7.5</ele>
      </trkpt>
      <trkpt lat="36.96456" lon="-122.00846">
        <ele>7.7</ele>
      </trkpt>
      <trkpt lat="36.96454" lon="-122.00815">
        <ele>8.0</ele>
      </trkpt>
      <trkpt lat="36.96457" lon="-122.0077">
        <ele>9.9</ele>
      </trkpt>
      <trkpt lat="36.9648" lon="-122.00771">
        <ele>11.0</ele>
      </trkpt>
      <trkpt lat="36.96483" lon="-122.00691">
        <ele>12.8</ele>
      </trkpt>
      <trkpt lat="36.96487" lon="-122.00611">
        <ele>14.4</ele>
      </trkpt>
      <trkpt lat="36.96491" lon="-122.00531">
        <ele>15.6</ele>
      </trkpt>
      <trkpt lat="36.96487" lon="-122.00511">
        <ele>16.1</ele>
      </trkpt>
      <trkpt lat="36.96476" lon="-122.00486">
        <ele>16.3</ele>
      </trkpt>
      <trkpt lat="36.96453" lon="-122.00426">
        <ele>15.0</ele>
      </trkpt>
      <trkpt lat="36.9643" lon="-122.00365">
        <ele>9.5</ele>
      </trkpt>
      <trkpt lat="36.965" lon="-122.00348">
        <ele>2.5</ele>
      </trkpt>
      <trkpt lat="36.96525" lon="-122.00367">
        <ele>3.2</ele>
      </trkpt>
      <trkpt lat="36.96569" lon="-122.00403">
        <ele>4.4</ele>
      </trkpt>
      <trkpt lat="36.96575" lon="-122.00401">
        <ele>4.3</ele>
      </trkpt>
      <trkpt lat="36.96571" lon="-122.00386">
        <ele>3.7</ele>
      </trkpt>
      <trkpt lat="36.96568" lon="-122.00374">
        <ele>3.2</ele>
      </trkpt>
      <trkpt lat="36.96568" lon="-122.00364">
        <ele>2.8</ele>
      </trkpt>
      <trkpt lat="36.96571" lon="-122.00358">
        <ele>2.5</ele>
      </trkpt>
      <trkpt lat="36.96576" lon="-122.00354">
        <ele>2.4</ele>
      </trkpt>
      <trkpt lat="36.96597" lon="-122.00354">
        <ele>2.3</ele>
      </trkpt>
      <trkpt lat="36.96607" lon="-122.00362">
        <ele>2.6</ele>
      </trkpt>
      <trkpt lat="36.96671" lon="-122.00371">
        <ele>2.8</ele>
      </trkpt>
      <trkpt lat="36.96736" lon="-122.0038">
        <ele>3.3</ele>
      </trkpt>
      <trkpt lat="36.96745" lon="-122.00376">
        <ele>2.9</ele>
      </trkpt>
      <trkpt lat="36.96781" lon="-122.00381">
        <ele>4.6</ele>
      </trkpt>
      <trkpt lat="36.96789" lon="-122.00368">
        <ele>5.2</ele>
      </trkpt>
      <trkpt lat="36.96794" lon="-122.00349">
        <ele>5.3</ele>
      </trkpt>
      <trkpt lat="36.96802" lon="-122.00346">
        <ele>6.0</ele>
      </trkpt>
      <trkpt lat="36.96817" lon="-122.00347">
        <ele>6.8</ele>
      </trkpt>
      <trkpt lat="36.96826" lon="-122.00334">
        <ele>5.3</ele>
      </trkpt>
      <trkpt lat="36.96843" lon="-122.00316">
        <ele>2.4</ele>
      </trkpt>
      <trkpt lat="36.96873" lon="-122.00308">
        <ele>4.1</ele>
      </trkpt>
      <trkpt lat="36.96879" lon="-122.00307">
        <ele>4.5</ele>
      </trkpt>
      <trkpt lat="36.96898" lon="-122.00299">
        <ele>5.1</ele>
      </trkpt>
      <trkpt lat="36.96927" lon="-122.00275">
        <ele>5.0</ele>
      </trkpt>
      <trkpt lat="36.96953" lon="-122.00251">
        <ele>5.1</ele>
      </trkpt>
      <trkpt lat="36.96993" lon="-122.00206">
        <ele>4.5</ele>
      </trkpt>
      <trkpt lat="36.97007" lon="-122.00196">
        <ele>5.1</ele>
      </trkpt>
      <trkpt lat="36.97045" lon="-122.00147">
        <ele>5.0</ele>
      </trkpt>
      <trkpt lat="36.97078" lon="-122.00111">
        <ele>4.8</ele>
      </trkpt>
      <trkpt lat="36.97122" lon="-122.00085">
        <ele>5.6</ele>
      </trkpt>
      <trkpt lat="36.97155" lon="-122.0007">
        <ele>5.0</ele>
      </trkpt>
      <trkpt lat="36.9721" lon="-122.00056">
        <ele>4.1</ele>
      </trkpt>
      <trkpt lat="36.97228" lon="-122.00057">
        <ele>3.9</ele>
      </trkpt>
      <trkpt lat="36.97257" lon="-122.0006">
        <ele>4.6</ele>
      </trkpt>
      <trkpt lat="36.97275" lon="-122.00059">
        <ele>4.6</ele>
      </trkpt>
      <trkpt lat="36.97302" lon="-122.00043">
        <ele>7.4</ele>
      </trkpt>
      <trkpt lat="36.97305" lon="-122.00033">
        <ele>8.7</ele>
      </trkpt>
      <trkpt lat="36.97299" lon="-122.00009">
        <ele>6.3</ele>
      </trkpt>
      <trkpt lat="36.97299" lon="-121.99996">
        <ele>4.9</ele>
      </trkpt>
      <trkpt lat="36.97303" lon="-121.99985">
        <ele>4.5</ele>
      </trkpt>
      <trkpt lat="36.97317" lon="-121.99974">
        <ele>4.8</ele>
      </trkpt>
      <trkpt lat="36.97385" lon="-121.99934">
        <ele>4.2</ele>
      </trkpt>
      <trkpt lat="36.97363" lon="-121.99873">
        <ele>2.4</ele>
      </trkpt>
      <trkpt lat="36.97341" lon="-121.99811">
        <ele>6.9</ele>
      </trkpt>
      <trkpt lat="36.97346" lon="-121.99808">
        <ele>6.6</ele>
      </trkpt>
      <trkpt lat="36.97362" lon="-121.99788">
        <ele>8.2</ele>
      </trkpt>
      <trkpt lat="36.97365" lon="-121.99771">
        <ele>12.3</ele>
      </trkpt>
      <trkpt lat="36.97363" lon="-121.99761">
        <ele>13.5</ele>
      </trkpt>
      <trkpt lat="36.97359" lon="-121.99753">
        <ele>13.9</ele>
      </trkpt>
      <trkpt lat="36.97348" lon="-121.99742">
        <ele>14.5</ele>
      </trkpt>
      <trkpt lat="36.97315" lon="-121.99707">
        <ele>15.6</ele>
      </trkpt>
      <trkpt lat="36.97289" lon="-121.99669">
        <ele>17.2</ele>
      </trkpt>
      <trkpt lat="36.97253" lon="-121.99587">
        <ele>19.9</ele>
      </trkpt>
      <trkpt lat="36.97251" lon="-121.99581">
        <ele>20.0</ele>
      </trkpt>
      <trkpt lat="36.97225" lon="-121.99517">
        <ele>20.1</ele>
      </trkpt>
      <trkpt lat="36.97211" lon="-121.99477">
        <ele>18.4</ele>
      </trkpt>
      <trkpt lat="36.97206" lon="-121.9946">
        <ele>17.4</ele>
      </trkpt>
      <trkpt lat="36.97203" lon="-121.99438">
        <ele>15.8</ele>
      </trkpt>
      <trkpt lat="36.97204" lon="-121.99338">
        <ele>16.8</ele>
      </trkpt>
      <trkpt lat="36.97204" lon="-121.99318">
        <ele>17.0</ele>
      </trkpt>
      <trkpt lat="36.97204" lon="-121.99215">
        <ele>18.0</ele>
      </trkpt>
      <trkpt lat="36.97204" lon="-121.99112">
        <ele>20.6</ele>
      </trkpt>
      <trkpt lat="36.97204" lon="-121.99009">
        <ele>17.6</ele>
      </trkpt>
      <trkpt lat="36.97204" lon="-121.98928">
        <ele>19.5</ele>
      </trkpt>
      <trkpt lat="36.97191" lon="-121.98867">
        <ele>19.7</ele>
      </trkpt>
      <trkpt lat="36.97178" lon="-121.98806">
        <ele>19.1</ele>
      </trkpt>
      <trkpt lat="36.97161" lon="-121.98726">
        <ele>18.9</ele>
      </trkpt>
      <trkpt lat="36.97145" lon="-121.98646">
        <ele>18.7</ele>
      </trkpt>
      <trkpt lat="36.9713" lon="-121.98573">
        <ele>19.2</ele>
      </trkpt>
      <trkpt lat="36.97115" lon="-121.985">
        <ele>19.8</ele>
      </trkpt>
      <trkpt lat="36.97106" lon="-121.9845">
        <ele>19.7</ele>
      </trkpt>
      <trkpt lat="36.97093" lon="-121.9837">
        <ele>19.1</ele>
      </trkpt>
      <trkpt lat="36.9708" lon="-121.9829">
        <ele>19.7</ele>
      </trkpt>
      <trkpt lat="36.97067" lon="-121.98211">
        <ele>20.7</ele>
      </trkpt>
      <trkpt lat="36.97058" lon="-121.98154">
        <ele>20.9</ele>
      </trkpt>
      <trkpt lat="36.97049" lon="-121.98096">
        <ele>20.9</ele>
      </trkpt>
      <trkpt lat="36.97034" lon="-121.98002">
        <ele>20.6</ele>
      </trkpt>
      <trkpt lat="36.97019" lon="-121.97908">
        <ele>20.1</ele>
      </trkpt>
      <trkpt lat="36.97004" lon="-121.97814">
        <ele>20.3</ele>
      </trkpt>
      <trkpt lat="36.96989" lon="-121.9772">
        <ele>20.4</ele>
      </trkpt>
      <trkpt lat="36.96974" lon="-121.97625">
        <ele>11.5</ele>
      </trkpt>
      <trkpt lat="36.9697" lon="-121.9759">
        <ele>12.0</ele>
      </trkpt>
      <trkpt lat="36.96971" lon="-121.97562">
        <ele>12.5</ele>
      </trkpt>
      <trkpt lat="36.96972" lon="-121.97547">
        <ele>12.7</ele>
      </trkpt>
      <trkpt lat="36.96976" lon="-121.97516">
        <ele>13.2</ele>
      </trkpt>
      <trkpt lat="36.96984" lon="-121.97488">
        <ele>14.3</ele>
      </trkpt>
      <trkpt lat="36.97008" lon="-121.97426">
        <ele>14.8</ele>
      </trkpt>
      <trkpt lat="36.97014" lon="-121.97404">
        <ele>13.8</ele>
      </trkpt>
      <trkpt lat="36.97018" lon="-121.97377">
        <ele>12.9</ele>
      </trkpt>
      <trkpt lat="36.97023" lon="-121.97325">
        <ele>15.5</ele>
      </trkpt>
      <trkpt lat="36.97024" lon="-121.97223">
        <ele>19.7</ele>
      </trkpt>
      <trkpt lat="36.97024" lon="-121.97121">
        <ele>19.5</ele>
      </trkpt>
      <trkpt lat="36.97025" lon="-121.97019">
        <ele>19.4</ele>
      </trkpt>
      <trkpt lat="36.97025" lon="-121.96917">
        <ele>20.0</ele>
      </trkpt>
      <trkpt lat="36.97025" lon="-121.96829">
        <ele>18.8</ele>
      </trkpt>
      <trkpt lat="36.97024" lon="-121.9674">
        <ele>18.7</ele>
      </trkpt>
      <trkpt lat="36.9702" lon="-121.96642">
        <ele>18.4</ele>
      </trkpt>
      <trkpt lat="36.97019" lon="-121.96595">
        <ele>19.1</ele>
      </trkpt>
      <trkpt lat="36.97022" lon="-121.96499">
        <ele>19.2</ele>
      </trkpt>
      <trkpt lat="36.97023" lon="-121.96487">
        <ele>19.2</ele>
      </trkpt>
      <trkpt lat="36.97028" lon="-121.96473">
        <ele>19.1</ele>
      </trkpt>
      <trkpt lat="36.97028" lon="-121.96404">
        <ele>19.1</ele>
      </trkpt>
      <trkpt lat="36.97029" lon="-121.96334">
        <ele>19.5</ele>
      </trkpt>
      <trkpt lat="36.9703" lon="-121.96312">
        <ele>19.6</ele>
      </trkpt>
      <trkpt lat="36.97028" lon="-121.96206">
        <ele>19.9</ele>
      </trkpt>
      <trkpt lat="36.97029" lon="-121.9613">
        <ele>19.8</ele>
      </trkpt>
      <trkpt lat="36.97029" lon="-121.96053">
        <ele>19.3</ele>
      </trkpt>
      <trkpt lat="36.9703" lon="-121.95977">
        <ele>18.0</ele>
      </trkpt>
      <trkpt lat="36.97041" lon="-121.95977">
        <ele>18.4</ele>
      </trkpt>
      <trkpt lat="36.97041" lon="-121.95901">
        <ele>17.1</ele>
      </trkpt>
      <trkpt lat="36.97042" lon="-121.95824">
        <ele>16.1</ele>
      </trkpt>
      <trkpt lat="36.9698" lon="-121.95825">
        <ele>12.6</ele>
      </trkpt>
      <trkpt lat="36.96918" lon="-121.95825">
        <ele>11.1</ele>
      </trkpt>
      <trkpt lat="36.96857" lon="-121.95825">
        <ele>9.9</ele>
      </trkpt>
      <trkpt lat="36.96862" lon="-121.95807">
        <ele>9.7</ele>
      </trkpt>
      <trkpt lat="36.96864" lon="-121.95801">
        <ele>9.7</ele>
      </trkpt>
      <trkpt lat="36.96867" lon="-121.95778">
        <ele>9.5</ele>
      </trkpt>
      <trkpt lat="36.96869" lon="-121.95754">
        <ele>8.9</ele>
      </trkpt>
      <trkpt lat="36.96871" lon="-121.95735">
        <ele>8.5</ele>
      </trkpt>
      <trkpt lat="36.96874" lon="-121.95722">
        <ele>8.3</ele>
      </trkpt>
      <trkpt lat="36.96884" lon="-121.957">
        <ele>8.0</ele>
      </trkpt>
      <trkpt lat="36.96894" lon="-121.95679">
        <ele>7.7</ele>
      </trkpt>
      <trkpt lat="36.969" lon="-121.9567">
        <ele>7.5</ele>
      </trkpt>
      <trkpt lat="36.96921" lon="-121.9564">
        <ele>7.3</ele>
      </trkpt>
      <trkpt lat="36.96979" lon="-121.95582">
        <ele>8.6</ele>
      </trkpt>
      <trkpt lat="36.97038" lon="-121.95525">
        <ele>17.1</ele>
      </trkpt>
      <trkpt lat="36.97065" lon="-121.95495">
        <ele>15.3</ele>
      </trkpt>
      <trkpt lat="36.97081" lon="-121.95478">
        <ele>15.0</ele>
      </trkpt>
      <trkpt lat="36.97088" lon="-121.95472">
        <ele>15.0</ele>
      </trkpt>
      <trkpt lat="36.97111" lon="-121.95455">
        <ele>15.2</ele>
      </trkpt>
      <trkpt lat="36.97151" lon="-121.95428">
        <ele>15.1</ele>
      </trkpt>
      <trkpt lat="36.97169" lon="-121.95413">
        <ele>14.3</ele>
      </trkpt>
      <trkpt lat="36.97186" lon="-121.95398">
        <ele>12.4</ele>
      </trkpt>
      <trkpt lat="36.97197" lon="-121.95385">
        <ele>11.2</ele>
      </trkpt>
      <trkpt lat="36.97204" lon="-121.95376">
        <ele>10.6</ele>
      </trkpt>
      <trkpt lat="36.97216" lon="-121.95357">
        <ele>9.4</ele>
      </trkpt>
      <trkpt lat="36.97234" lon="-121.95321">
        <ele>7.6</ele>
      </trkpt>
      <trkpt lat="36.97254" lon="-121.95282">
        <ele>5.7</ele>
      </trkpt>
      <trkpt lat="36.97282" lon="-121.95239">
        <ele>3.4</ele>
      </trkpt>
      <trkpt lat="36.9731" lon="-121.952">
        <ele>4.6</ele>
      </trkpt>
      <trkpt lat="36.97295" lon="-121.95127">
        <ele>5.3</ele>
      </trkpt>
      <trkpt lat="36.97281" lon="-121.95054">
        <ele>6.4</ele>
      </trkpt>
      <trkpt lat="36.97358" lon="-121.95049">
        <ele>9.8</ele>
      </trkpt>
      <trkpt lat="36.97439" lon="-121.9505">
        <ele>17.9</ele>
      </trkpt>
      <trkpt lat="36.97519" lon="-121.95031">
        <ele>18.8</ele>
      </trkpt>
      <trkpt lat="36.97563" lon="-121.95025">
        <ele>18.0</ele>
      </trkpt>
      <trkpt lat="36.97575" lon="-121.94981">
        <ele>21.2</ele>
      </trkpt>
      <trkpt lat="36.97597" lon="-121.94883">
        <ele>25.5</ele>
      </trkpt>
      <trkpt lat="36.97618" lon="-121.94785">
        <ele>25.7</ele>
      </trkpt>
      <trkpt lat="36.9764" lon="-121.94687">
        <ele>28.0</ele>
      </trkpt>
      <trkpt lat="36.97661" lon="-121.94599">
        <ele>29.3</ele>
      </trkpt>
      <trkpt lat="36.97681" lon="-121.94511">
        <ele>26.8</ele>
      </trkpt>
      <trkpt lat="36.97702" lon="-121.94423">
        <ele>26.7</ele>
      </trkpt>
      <trkpt lat="36.97722" lon="-121.94335">
        <ele>27.8</ele>
      </trkpt>
      <trkpt lat="36.97742" lon="-121.94258">
        <ele>29.9</ele>
      </trkpt>
      <trkpt lat="36.97752" lon="-121.9422">
        <ele>30.0</ele>
      </trkpt>
      <trkpt lat="36.97762" lon="-121.9419">
        <ele>29.9</ele>
      </trkpt>
      <trkpt lat="36.97775" lon="-121.94158">
        <ele>29.8</ele>
      </trkpt>
      <trkpt lat="36.97785" lon="-121.94134">
        <ele>29.7</ele>
      </trkpt>
      <trkpt lat="36.97824" lon="-121.9406">
        <ele>29.3</ele>
      </trkpt>
      <trkpt lat="36.97851" lon="-121.94016">
        <ele>28.8</ele>
      </trkpt>
      <trkpt lat="36.97881" lon="-121.93978">
        <ele>28.2</ele>
      </trkpt>
      <trkpt lat="36.97915" lon="-121.9394">
        <ele>26.6</ele>
      </trkpt>
      <trkpt lat="36.97954" lon="-121.93906">
        <ele>26.2</ele>
      </trkpt>
      <trkpt lat="36.97974" lon="-121.93883">
        <ele>25.6</ele>
      </trkpt>
      <trkpt lat="36.98014" lon="-121.93855">
        <ele>25.2</ele>
      </trkpt>
      <trkpt lat="36.98026" lon="-121.93849">
        <ele>25.3</ele>
      </trkpt>
      <trkpt lat="36.98075" lon="-121.93833">
        <ele>25.4</ele>
      </trkpt>
      <trkpt lat="36.98099" lon="-121.93826">
        <ele>25.5</ele>
      </trkpt>
      <trkpt lat="36.98164" lon="-121.93804">
        <ele>24.3</ele>
      </trkpt>
      <trkpt lat="36.98229" lon="-121.93782">
        <ele>22.8</ele>
      </trkpt>
      <trkpt lat="36.9823" lon="-121.93758">
        <ele>19.8</ele>
      </trkpt>
      <trkpt lat="36.98234" lon="-121.93749">
        <ele>19.0</ele>
      </trkpt>
      <trkpt lat="36.98239" lon="-121.93744">
        <ele>18.8</ele>
      </trkpt>
      <trkpt lat="36.98274" lon="-121.93731">
        <ele>23.4</ele>
      </trkpt>
      <trkpt lat="36.98288" lon="-121.93725">
        <ele>25.2</ele>
      </trkpt>
      <trkpt lat="36.983" lon="-121.93716">
        <ele>25.0</ele>
      </trkpt>
      <trkpt lat="36.98311" lon="-121.93707">
        <ele>24.4</ele>
      </trkpt>
      <trkpt lat="36.98329" lon="-121.93684">
        <ele>24.2</ele>
      </trkpt>
      <trkpt lat="36.98336" lon="-121.93672">
        <ele>24.6</ele>
      </trkpt>
      <trkpt lat="36.98344" lon="-121.93655">
        <ele>26.5</ele>
      </trkpt>
      <trkpt lat="36.9835" lon="-121.93634">
        <ele>29.2</ele>
      </trkpt>
      <trkpt lat="36.98356" lon="-121.93599">
        <ele>32.2</ele>
      </trkpt>
      <trkpt lat="36.9836" lon="-121.93563">
        <ele>36.5</ele>
      </trkpt>
      <trkpt lat="36.98363" lon="-121.93529">
        <ele>37.6</ele>
      </trkpt>
      <trkpt lat="36.98365" lon="-121.93424">
        <ele>39.4</ele>
      </trkpt>
      <trkpt lat="36.98368" lon="-121.93318">
        <ele>39.6</ele>
      </trkpt>
      <trkpt lat="36.98367" lon="-121.93287">
        <ele>40.6</ele>
      </trkpt>
      <trkpt lat="36.98365" lon="-121.9323">
        <ele>37.3</ele>
      </trkpt>
      <trkpt lat="36.98362" lon="-121.93186">
        <ele>37.7</ele>
      </trkpt>
      <trkpt lat="36.98356" lon="-121.93144">
        <ele>37.7</ele>
      </trkpt>
      <trkpt lat="36.98344" lon="-121.93077">
        <ele>42.1</ele>
      </trkpt>
      <trkpt lat="36.98332" lon="-121.9301">
        <ele>43.5</ele>
      </trkpt>
      <trkpt lat="36.98326" lon="-121.92968">
        <ele>43.5</ele>
      </trkpt>
      <trkpt lat="36.98315" lon="-121.92877">
        <ele>43.4</ele>
      </trkpt>
      <trkpt lat="36.98304" lon="-121.92786">
        <ele>38.3</ele>
      </trkpt>
      <trkpt lat="36.98289" lon="-121.92679">
        <ele>37.3</ele>
      </trkpt>
      <trkpt lat="36.98274" lon="-121.92572">
        <ele>45.5</ele>
      </trkpt>
      <trkpt lat="36.98259" lon="-121.92465">
        <ele>47.1</ele>
      </trkpt>
      <trkpt lat="36.98245" lon="-121.92359">
        <ele>44.1</ele>
      </trkpt>
      <trkpt lat="36.98239" lon="-121.92283">
        <ele>43.0</ele>
      </trkpt>
      <trkpt lat="36.98225" lon="-121.92184">
        <ele>44.6</ele>
      </trkpt>
      <trkpt lat="36.98211" lon="-121.92084">
        <ele>43.9</ele>
      </trkpt>
      <trkpt lat="36.98203" lon="-121.92034">
        <ele>44.4</ele>
      </trkpt>
      <trkpt lat="36.98196" lon="-121.91994">
        <ele>44.8</ele>
      </trkpt>
      <trkpt lat="36.98186" lon="-121.91947">
        <ele>38.7</ele>
      </trkpt>
      <trkpt lat="36.98175" lon="-121.91904">
        <ele>41.4</ele>
      </trkpt>
      <trkpt lat="36.98163" lon="-121.91861">
        <ele>43.8</ele>
      </trkpt>
      <trkpt lat="36.98151" lon="-121.9182">
        <ele>44.5</ele>
      </trkpt>
      <trkpt lat="36.98134" lon="-121.91769">
        <ele>45.4</ele>
      </trkpt>
      <trkpt lat="36.98115" lon="-121.9172">
        <ele>46.4</ele>
      </trkpt>
      <trkpt lat="36.98092" lon="-121.91666">
        <ele>47.1</ele>
      </trkpt>
      <trkpt lat="36.98071" lon="-121.91623">
        <ele>47.4</ele>
      </trkpt>
      <trkpt lat="36.98044" lon="-121.9157">
        <ele>48.0</ele>
      </trkpt>
      <trkpt lat="36.98016" lon="-121.91516">
        <ele>48.5</ele>
      </trkpt>
      <trkpt lat="36.9798" lon="-121.91447">
        <ele>49.0</ele>
      </trkpt>
      <trkpt lat="36.97943" lon="-121.91377">
        <ele>49.6</ele>
      </trkpt>
      <trkpt lat="36.97903" lon="-121.91313">
        <ele>49.4</ele>
      </trkpt>
      <trkpt lat="36.97863" lon="-121.91249">
        <ele>44.5</ele>
      </trkpt>
      <trkpt lat="36.97842" lon="-121.91225">
        <ele>43.3</ele>
      </trkpt>
      <trkpt lat="36.97819" lon="-121.91211">
        <ele>43.3</ele>
      </trkpt>
      <trkpt lat="36.97804" lon="-121.91207">
        <ele>42.8</ele>
      </trkpt>
      <trkpt lat="36.97791" lon="-121.91206">
        <ele>42.4</ele>
      </trkpt>
      <trkpt lat="36.97719" lon="-121.91206">
        <ele>40.1</ele>
      </trkpt>
      <trkpt lat="36.97646" lon="-121.91205">
        <ele>37.2</ele>
      </trkpt>
      <trkpt lat="36.97574" lon="-121.91205">
        <ele>37.9</ele>
      </trkpt>
      <trkpt lat="36.97567" lon="-121.91181">
        <ele>35.7</ele>
      </trkpt>
      <trkpt lat="36.97565" lon="-121.9117">
        <ele>34.5</ele>
      </trkpt>
      <trkpt lat="36.9753" lon="-121.91181">
        <ele>34.7</ele>
      </trkpt>
      <trkpt lat="36.97484" lon="-121.91207">
        <ele>32.9</ele>
      </trkpt>
      <trkpt lat="36.97438" lon="-121.91234">
        <ele>30.9</ele>
      </trkpt>
      <trkpt lat="36.97435" lon="-121.91211">
        <ele>31.1</ele>
      </trkpt>
      <trkpt lat="36.97434" lon="-121.91173">
        <ele>29.8</ele>
      </trkpt>
      <trkpt lat="36.97438" lon="-121.91107">
        <ele>30.8</ele>
      </trkpt>
      <trkpt lat="36.97443" lon="-121.91025">
        <ele>33.1</ele>
      </trkpt>
      <trkpt lat="36.97448" lon="-121.90927">
        <ele>35.0</ele>
      </trkpt>
      <trkpt lat="36.97452" lon="-121.90828">
        <ele>35.0</ele>
      </trkpt>
      <trkpt lat="36.97457" lon="-121.90729">
        <ele>34.7</ele>
      </trkpt>
      <trkpt lat="36.97458" lon="-121.90714">
        <ele>34.8</ele>
      </trkpt>
      <trkpt lat="36.97461" lon="-121.90701">
        <ele>34.8</ele>
      </trkpt>
      <trkpt lat="36.97464" lon="-121.9069">
        <ele>34.8</ele>
      </trkpt>
      <trkpt lat="36.97467" lon="-121.9068">
        <ele>34.9</ele>
      </trkpt>
      <trkpt lat="36.97477" lon="-121.90658">
        <ele>35.1</ele>
      </trkpt>
      <trkpt lat="36.9748" lon="-121.9065">
        <ele>35.3</ele>
      </trkpt>
      <trkpt lat="36.97482" lon="-121.90641">
        <ele>35.5</ele>
      </trkpt>
      <trkpt lat="36.97483" lon="-121.90632">
        <ele>35.7</ele>
      </trkpt>
      <trkpt lat="36.97483" lon="-121.90619">
        <ele>36.1</ele>
      </trkpt>
      <trkpt lat="36.97481" lon="-121.90608">
        <ele>36.4</ele>
      </trkpt>
      <trkpt lat="36.97458" lon="-121.90521">
        <ele>34.1</ele>
      </trkpt>
      <trkpt lat="36.97453" lon="-121.90491">
        <ele>32.5</ele>
      </trkpt>
      <trkpt lat="36.97454" lon="-121.90461">
        <ele>30.1</ele>
      </trkpt>
      <trkpt lat="36.97458" lon="-121.90429">
        <ele>24.9</ele>
      </trkpt>
      <trkpt lat="36.97471" lon="-121.90389">
        <ele>19.5</ele>
      </trkpt>
      <trkpt lat="36.97496" lon="-121.90342">
        <ele>15.1</ele>
      </trkpt>
      <trkpt lat="36.97498" lon="-121.90336">
        <ele>14.6</ele>
      </trkpt>
      <trkpt lat="36.97498" lon="-121.90329">
        <ele>14.0</ele>
      </trkpt>
      <trkpt lat="36.97497" lon="-121.90322">
        <ele>13.6</ele>
      </trkpt>
      <trkpt lat="36.97495" lon="-121.90315">
        <ele>13.2</ele>
      </trkpt>
      <trkpt lat="36.97489" lon="-121.90309">
        <ele>12.4</ele>
      </trkpt>
      <trkpt lat="36.9748" lon="-121.90304">
        <ele>10.8</ele>
      </trkpt>
      <trkpt lat="36.97477" lon="-121.9032">
        <ele>11.2</ele>
      </trkpt>
      <trkpt lat="36.97473" lon="-121.90333">
        <ele>11.7</ele>
      </trkpt>
      <trkpt lat="36.97466" lon="-121.90344">
        <ele>11.6</ele>
      </trkpt>
      <trkpt lat="36.97457" lon="-121.90353">
        <ele>11.1</ele>
      </trkpt>
      <trkpt lat="36.97433" lon="-121.90375">
        <ele>9.8</ele>
      </trkpt>
      <trkpt lat="36.97416" lon="-121.90385">
        <ele>7.5</ele>
      </trkpt>
      <trkpt lat="36.97403" lon="-121.90389">
        <ele>5.7</ele>
      </trkpt>
      <trkpt lat="36.97388" lon="-121.90392">
        <ele>4.1</ele>
      </trkpt>
      <trkpt lat="36.97362" lon="-121.90392">
        <ele>5.6</ele>
      </trkpt>
      <trkpt lat="36.97349" lon="-121.90391">
        <ele>6.4</ele>
      </trkpt>
      <trkpt lat="36.97341" lon="-121.9039">
        <ele>6.8</ele>
      </trkpt>
      <trkpt lat="36.97312" lon="-121.90387">
        <ele>8.5</ele>
      </trkpt>
      <trkpt lat="36.97301" lon="-121.90391">
        <ele>8.6</ele>
      </trkpt>
      <trkpt lat="36.97296" lon="-121.90393">
        <ele>8.6</ele>
      </trkpt>
      <trkpt lat="36.97289" lon="-121.90398">
        <ele>8.4</ele>
      </trkpt>
      <trkpt lat="36.97279" lon="-121.90408">
        <ele>8.1</ele>
      </trkpt>
      <trkpt lat="36.97267" lon="-121.90418">
        <ele>7.5</ele>
      </trkpt>
      <trkpt lat="36.97258" lon="-121.90422">
        <ele>7.0</ele>
      </trkpt>
      <trkpt lat="36.97249" lon="-121.90424">
        <ele>6.5</ele>
      </trkpt>
      <trkpt lat="36.97234" lon="-121.90425">
        <ele>6.1</ele>
      </trkpt>
      <trkpt lat="36.97224" lon="-121.90423">
        <ele>5.8</ele>
      </trkpt>
      <trkpt lat="36.97213" lon="-121.90419">
        <ele>5.6</ele>
      </trkpt>
      <trkpt lat="36.97156" lon="-121.90386">
        <ele>6.0</ele>
      </trkpt>
      <trkpt lat="36.97135" lon="-121.90375">
        <ele>6.0</ele>
      </trkpt>
      <trkpt lat="36.97128" lon="-121.90373">
        <ele>5.8</ele>
      </trkpt>
      <trkpt lat="36.97119" lon="-121.90375">
        <ele>5.5</ele>
      </trkpt>
      <trkpt lat="36.97096" lon="-121.9039">
        <ele>4.7</ele>
      </trkpt>
      <trkpt lat="36.97054" lon="-121.90418">
        <ele>4.1</ele>
      </trkpt>
      <trkpt lat="36.96993" lon="-121.90461">
        <ele>4.2</ele>
      </trkpt>
      <trkpt lat="36.96933" lon="-121.90503">
        <ele>4.8</ele>
      </trkpt>
      <trkpt lat="36.96923" lon="-121.9052">
        <ele>4.3</ele>
      </trkpt>
      <trkpt lat="36.96923" lon="-121.90525">
        <ele>4.0</ele>
      </trkpt>
      <trkpt lat="36.96922" lon="-121.9053">
        <ele>3.8</ele>
      </trkpt>
      <trkpt lat="36.96919" lon="-121.90533">
        <ele>3.7</ele>
      </trkpt>
      <trkpt lat="36.96914" lon="-121.90534">
        <ele>3.5</ele>
      </trkpt>
      <trkpt lat="36.96912" lon="-121.90533">
        <ele>3.5</ele>
      </trkpt>
      <trkpt lat="36.96909" lon="-121.9053">
        <ele>3.6</ele>
      </trkpt>
      <trkpt lat="36.96907" lon="-121.90526">
        <ele>3.8</ele>
      </trkpt>
      <trkpt lat="36.96908" lon="-121.9052">
        <ele>4.3</ele>
      </trkpt>
      <trkpt lat="36.96904" lon="-121.90515">
        <ele>4.6</ele>
      </trkpt>
      <trkpt lat="36.96902" lon="-121.9051">
        <ele>4.9</ele>
      </trkpt>
      <trkpt lat="36.96902" lon="-121.90502">
        <ele>5.5</ele>
      </trkpt>
      <trkpt lat="36.96881" lon="-121.90451">
        <ele>9.3</ele>
      </trkpt>
      <trkpt lat="36.96879" lon="-121.90442">
        <ele>10.4</ele>
      </trkpt>
      <trkpt lat="36.96861" lon="-121.90357">
        <ele>21.2</ele>
      </trkpt>
      <trkpt lat="36.96842" lon="-121.90272">
        <ele>26.2</ele>
      </trkpt>
      <trkpt lat="36.96832" lon="-121.90222">
        <ele>27.6</ele>
      </trkpt>
      <trkpt lat="36.96827" lon="-121.90173">
        <ele>31.4</ele>
      </trkpt>
      <trkpt lat="36.96821" lon="-121.90101">
        <ele>36.2</ele>
      </trkpt>
      <trkpt lat="36.96821" lon="-121.90087">
        <ele>37.4</ele>
      </trkpt>
      <trkpt lat="36.96824" lon="-121.90072">
        <ele>39.0</ele>
      </trkpt>
      <trkpt lat="36.96828" lon="-121.90057">
        <ele>41.1</ele>
      </trkpt>
      <trkpt lat="36.96836" lon="-121.90043">
        <ele>43.3</ele>
      </trkpt>
      <trkpt lat="36.96847" lon="-121.90028">
        <ele>44.8</ele>
      </trkpt>
      <trkpt lat="36.96869" lon="-121.90004">
        <ele>48.7</ele>
      </trkpt>
      <trkpt lat="36.96901" lon="-121.89971">
        <ele>50.7</ele>
      </trkpt>
      <trkpt lat="36.96945" lon="-121.89924">
        <ele>51.9</ele>
      </trkpt>
      <trkpt lat="36.96989" lon="-121.89877">
        <ele>52.1</ele>
      </trkpt>
      <trkpt lat="36.9702" lon="-121.89835">
        <ele>53.1</ele>
      </trkpt>
      <trkpt lat="36.97051" lon="-121.89793">
        <ele>53.4</ele>
      </trkpt>
      <trkpt lat="36.97091" lon="-121.89716">
        <ele>49.5</ele>
      </trkpt>
      <trkpt lat="36.97102" lon="-121.89693">
        <ele>48.7</ele>
      </trkpt>
      <trkpt lat="36.97106" lon="-121.89682">
        <ele>48.4</ele>
      </trkpt>
      <trkpt lat="36.97116" lon="-121.89655">
        <ele>47.6</ele>
      </trkpt>
      <trkpt lat="36.97119" lon="-121.89644">
        <ele>47.2</ele>
      </trkpt>
      <trkpt lat="36.97119" lon="-121.89632">
        <ele>46.9</ele>
      </trkpt>
      <trkpt lat="36.971" lon="-121.8963">
        <ele>44.6</ele>
      </trkpt>
      <trkpt lat="36.97096" lon="-121.89627">
        <ele>44.7</ele>
      </trkpt>
      <trkpt lat="36.9708" lon="-121.89622">
        <ele>44.3</ele>
      </trkpt>
      <trkpt lat="36.97063" lon="-121.89613">
        <ele>43.8</ele>
      </trkpt>
      <trkpt lat="36.96997" lon="-121.89554">
        <ele>37.6</ele>
      </trkpt>
      <trkpt lat="36.96932" lon="-121.89494">
        <ele>36.6</ele>
      </trkpt>
      <trkpt lat="36.96909" lon="-121.89433">
        <ele>37.5</ele>
      </trkpt>
      <trkpt lat="36.96862" lon="-121.89388">
        <ele>36.9</ele>
      </trkpt>
      <trkpt lat="36.96822" lon="-121.89331">
        <ele>36.6</ele>
      </trkpt>
      <trkpt lat="36.96766" lon="-121.89278">
        <ele>34.5</ele>
      </trkpt>
      <trkpt lat="36.96709" lon="-121.89226">
        <ele>30.7</ele>
      </trkpt>
      <trkpt lat="36.96697" lon="-121.8922">
        <ele>31.2</ele>
      </trkpt>
      <trkpt lat="36.96632" lon="-121.8918">
        <ele>31.0</ele>
      </trkpt>
      <trkpt lat="36.96574" lon="-121.89119">
        <ele>29.8</ele>
      </trkpt>
      <trkpt lat="36.96516" lon="-121.89058">
        <ele>30.2</ele>
      </trkpt>
      <trkpt lat="36.96458" lon="-121.88998">
        <ele>30.1</ele>
      </trkpt>
      <trkpt lat="36.96435" lon="-121.88957">
        <ele>29.2</ele>
      </trkpt>
      <trkpt lat="36.96419" lon="-121.88932">
        <ele>28.7</ele>
      </trkpt>
      <trkpt lat="36.96393" lon="-121.88906">
        <ele>26.4</ele>
      </trkpt>
      <trkpt lat="36.96382" lon="-121.88891">
        <ele>25.9</ele>
      </trkpt>
      <trkpt lat="36.96371" lon="-121.88873">
        <ele>25.3</ele>
      </trkpt>
      <trkpt lat="36.96355" lon="-121.88837">
        <ele>24.3</ele>
      </trkpt>
      <trkpt lat="36.96345" lon="-121.88813">
        <ele>23.8</ele>
      </trkpt>
      <trkpt lat="36.96341" lon="-121.88798">
        <ele>23.3</ele>
      </trkpt>
      <trkpt lat="36.96333" lon="-121.88758">
        <ele>25.2</ele>
      </trkpt>
      <trkpt lat="36.96325" lon="-121.88738">
        <ele>27.7</ele>
      </trkpt>
      <trkpt lat="36.96314" lon="-121.88721">
        <ele>29.9</ele>
      </trkpt>
      <trkpt lat="36.96298" lon="-121.88706">
        <ele>31.3</ele>
      </trkpt>
      <trkpt lat="36.96272" lon="-121.88687">
        <ele>30.4</ele>
      </trkpt>
      <trkpt lat="36.96247" lon="-121.88675">
        <ele>28.1</ele>
      </trkpt>
      <trkpt lat="36.9623" lon="-121.8867">
        <ele>27.3</ele>
      </trkpt>
      <trkpt lat="36.96196" lon="-121.88665">
        <ele>29.9</ele>
      </trkpt>
      <trkpt lat="36.96182" lon="-121.88665">
        <ele>28.8</ele>
      </trkpt>
      <trkpt lat="36.96164" lon="-121.88668">
        <ele>25.2</ele>
      </trkpt>
      <trkpt lat="36.96149" lon="-121.88668">
        <ele>23.6</ele>
      </trkpt>
      <trkpt lat="36.96128" lon="-121.88665">
        <ele>24.1</ele>
      </trkpt>
      <trkpt lat="36.96118" lon="-121.8866">
        <ele>28.3</ele>
      </trkpt>
      <trkpt lat="36.96109" lon="-121.88655">
        <ele>32.2</ele>
      </trkpt>
      <trkpt lat="36.96066" lon="-121.88617">
        <ele>38.4</ele>
      </trkpt>
      <trkpt lat="36.96023" lon="-121.88577">
        <ele>39.1</ele>
      </trkpt>
      <trkpt lat="36.95965" lon="-121.88519">
        <ele>30.1</ele>
      </trkpt>
      <trkpt lat="36.95908" lon="-121.88462">
        <ele>37.1</ele>
      </trkpt>
      <trkpt lat="36.9585" lon="-121.88405">
        <ele>37.0</ele>
      </trkpt>
      <trkpt lat="36.95793" lon="-121.88348">
        <ele>38.0</ele>
      </trkpt>
      <trkpt lat="36.95735" lon="-121.88291">
        <ele>40.5</ele>
      </trkpt>
      <trkpt lat="36.95728" lon="-121.88284">
        <ele>40.7</ele>
      </trkpt>
      <trkpt lat="36.95672" lon="-121.88227">
        <ele>41.1</ele>
      </trkpt>
      <trkpt lat="36.95617" lon="-121.88172">
        <ele>41.3</ele>
      </trkpt>
      <trkpt lat="36.95561" lon="-121.88117">
        <ele>41.0</ele>
      </trkpt>
      <trkpt lat="36.95506" lon="-121.88062">
        <ele>37.6</ele>
      </trkpt>
      <trkpt lat="36.95451" lon="-121.88007">
        <ele>37.2</ele>
      </trkpt>
      <trkpt lat="36.95437" lon="-121.87989">
        <ele>35.5</ele>
      </trkpt>
      <trkpt lat="36.95422" lon="-121.87966">
        <ele>32.9</ele>
      </trkpt>
      <trkpt lat="36.95398" lon="-121.87922">
        <ele>22.9</ele>
      </trkpt>
      <trkpt lat="36.95387" lon="-121.87904">
        <ele>21.6</ele>
      </trkpt>
      <trkpt lat="36.95374" lon="-121.87896">
        <ele>21.6</ele>
      </trkpt>
      <trkpt lat="36.95336" lon="-121.87855">
        <ele>29.8</ele>
      </trkpt>
      <trkpt lat="36.95309" lon="-121.87837">
        <ele>36.8</ele>
      </trkpt>
      <trkpt lat="36.95281" lon="-121.87824">
        <ele>39.7</ele>
      </trkpt>
      <trkpt lat="36.95262" lon="-121.87813">
        <ele>38.3</ele>
      </trkpt>
      <trkpt lat="36.95248" lon="-121.87799">
        <ele>38.1</ele>
      </trkpt>
      <trkpt lat="36.95181" lon="-121.87729">
        <ele>31.1</ele>
      </trkpt>
      <trkpt lat="36.95174" lon="-121.87722">
        <ele>30.8</ele>
      </trkpt>
      <trkpt lat="36.95181" lon="-121.87713">
        <ele>30.7</ele>
      </trkpt>
      <trkpt lat="36.95202" lon="-121.87682">
        <ele>31.6</ele>
      </trkpt>
      <trkpt lat="36.95208" lon="-121.87668">
        <ele>31.9</ele>
      </trkpt>
      <trkpt lat="36.95213" lon="-121.87656">
        <ele>32.0</ele>
      </trkpt>
      <trkpt lat="36.95217" lon="-121.87642">
        <ele>32.5</ele>
      </trkpt>
      <trkpt lat="36.95229" lon="-121.87567">
        <ele>37.4</ele>
      </trkpt>
      <trkpt lat="36.95241" lon="-121.87491">
        <ele>40.6</ele>
      </trkpt>
      <trkpt lat="36.95253" lon="-121.87416">
        <ele>43.0</ele>
      </trkpt>
      <trkpt lat="36.95256" lon="-121.87395">
        <ele>43.6</ele>
      </trkpt>
      <trkpt lat="36.95256" lon="-121.87376">
        <ele>44.2</ele>
      </trkpt>
      <trkpt lat="36.95254" lon="-121.87358">
        <ele>45.3</ele>
      </trkpt>
      <trkpt lat="36.9525" lon="-121.87338">
        <ele>45.9</ele>
      </trkpt>
      <trkpt lat="36.95241" lon="-121.87316">
        <ele>45.7</ele>
      </trkpt>
      <trkpt lat="36.95235" lon="-121.87304">
        <ele>45.2</ele>
      </trkpt>
      <trkpt lat="36.95203" lon="-121.8725">
        <ele>46.8</ele>
      </trkpt>
      <trkpt lat="36.95199" lon="-121.87241">
        <ele>46.7</ele>
      </trkpt>
      <trkpt lat="36.95187" lon="-121.87213">
        <ele>47.0</ele>
      </trkpt>
      <trkpt lat="36.95183" lon="-121.87198">
        <ele>47.4</ele>
      </trkpt>
      <trkpt lat="36.95179" lon="-121.8718">
        <ele>48.2</ele>
      </trkpt>
      <trkpt lat="36.95177" lon="-121.87166">
        <ele>48.8</ele>
      </trkpt>
      <trkpt lat="36.95175" lon="-121.87149">
        <ele>49.6</ele>
      </trkpt>
      <trkpt lat="36.95174" lon="-121.87121">
        <ele>50.1</ele>
      </trkpt>
      <trkpt lat="36.95175" lon="-121.87099">
        <ele>50.1</ele>
      </trkpt>
      <trkpt lat="36.95181" lon="-121.87042">
        <ele>50.3</ele>
      </trkpt>
      <trkpt lat="36.95182" lon="-121.87025">
        <ele>50.7</ele>
      </trkpt>
      <trkpt lat="36.95181" lon="-121.87004">
        <ele>51.2</ele>
      </trkpt>
      <trkpt lat="36.95178" lon="-121.86982">
        <ele>51.5</ele>
      </trkpt>
      <trkpt lat="36.9516" lon="-121.86899">
        <ele>51.0</ele>
      </trkpt>
      <trkpt lat="36.95155" lon="-121.86882">
        <ele>50.4</ele>
      </trkpt>
      <trkpt lat="36.95148" lon="-121.86865">
        <ele>49.5</ele>
      </trkpt>
      <trkpt lat="36.95141" lon="-121.86849">
        <ele>49.5</ele>
      </trkpt>
      <trkpt lat="36.95132" lon="-121.86836">
        <ele>49.7</ele>
      </trkpt>
      <trkpt lat="36.95079" lon="-121.86766">
        <ele>51.5</ele>
      </trkpt>
      <trkpt lat="36.95068" lon="-121.86749">
        <ele>52.0</ele>
      </trkpt>
      <trkpt lat="36.95058" lon="-121.86729">
        <ele>53.2</ele>
      </trkpt>
      <trkpt lat="36.95053" lon="-121.86714">
        <ele>54.4</ele>
      </trkpt>
      <trkpt lat="36.95049" lon="-121.8669">
        <ele>55.6</ele>
      </trkpt>
      <trkpt lat="36.95048" lon="-121.86662">
        <ele>55.7</ele>
      </trkpt>
      <trkpt lat="36.95049" lon="-121.86643">
        <ele>55.5</ele>
      </trkpt>
      <trkpt lat="36.95049" lon="-121.86635">
        <ele>55.5</ele>
      </trkpt>
      <trkpt lat="36.95053" lon="-121.86604">
        <ele>56.7</ele>
      </trkpt>
      <trkpt lat="36.95056" lon="-121.86588">
        <ele>56.6</ele>
      </trkpt>
      <trkpt lat="36.95065" lon="-121.86519">
        <ele>48.6</ele>
      </trkpt>
      <trkpt lat="36.95069" lon="-121.86507">
        <ele>47.2</ele>
      </trkpt>
      <trkpt lat="36.95073" lon="-121.86497">
        <ele>46.0</ele>
      </trkpt>
      <trkpt lat="36.95079" lon="-121.86491">
        <ele>45.6</ele>
      </trkpt>
      <trkpt lat="36.95092" lon="-121.86466">
        <ele>42.1</ele>
      </trkpt>
      <trkpt lat="36.951" lon="-121.86445">
        <ele>35.3</ele>
      </trkpt>
      <trkpt lat="36.95095" lon="-121.86422">
        <ele>36.3</ele>
      </trkpt>
      <trkpt lat="36.95088" lon="-121.86407">
        <ele>38.5</ele>
      </trkpt>
      <trkpt lat="36.95068" lon="-121.86395">
        <ele>39.4</ele>
      </trkpt>
      <trkpt lat="36.95018" lon="-121.8638">
        <ele>40.5</ele>
      </trkpt>
      <trkpt lat="36.94968" lon="-121.86365">
        <ele>36.3</ele>
      </trkpt>
      <trkpt lat="36.94925" lon="-121.86347">
        <ele>35.2</ele>
      </trkpt>
      <trkpt lat="36.94902" lon="-121.86341">
        <ele>34.2</ele>
      </trkpt>
      <trkpt lat="36.94827" lon="-121.86326">
        <ele>34.7</ele>
      </trkpt>
      <trkpt lat="36.94753" lon="-121.86311">
        <ele>36.3</ele>
      </trkpt>
      <trkpt lat="36.94678" lon="-121.86296">
        <ele>36.1</ele>
      </trkpt>
      <trkpt lat="36.9466" lon="-121.8629">
        <ele>36.4</ele>
      </trkpt>
      <trkpt lat="36.94636" lon="-121.86274">
        <ele>40.0</ele>
      </trkpt>
      <trkpt lat="36.94626" lon="-121.86265">
        <ele>39.8</ele>
      </trkpt>
      <trkpt lat="36.94612" lon="-121.86249">
        <ele>38.7</ele>
      </trkpt>
      <trkpt lat="36.94568" lon="-121.86181">
        <ele>38.0</ele>
      </trkpt>
      <trkpt lat="36.94523" lon="-121.86112">
        <ele>31.7</ele>
      </trkpt>
      <trkpt lat="36.94512" lon="-121.86099">
        <ele>33.0</ele>
      </trkpt>
      <trkpt lat="36.94501" lon="-121.86089">
        <ele>33.7</ele>
      </trkpt>
      <trkpt lat="36.94494" lon="-121.86084">
        <ele>34.0</ele>
      </trkpt>
      <trkpt lat="36.94486" lon="-121.8608">
        <ele>34.1</ele>
      </trkpt>
      <trkpt lat="36.94479" lon="-121.86078">
        <ele>34.1</ele>
      </trkpt>
      <trkpt lat="36.94468" lon="-121.86076">
        <ele>34.2</ele>
      </trkpt>
      <trkpt lat="36.94427" lon="-121.8608">
        <ele>34.7</ele>
      </trkpt>
      <trkpt lat="36.94404" lon="-121.86079">
        <ele>34.6</ele>
      </trkpt>
      <trkpt lat="36.94386" lon="-121.86074">
        <ele>34.8</ele>
      </trkpt>
      <trkpt lat="36.94368" lon="-121.86067">
        <ele>34.5</ele>
      </trkpt>
      <trkpt lat="36.94352" lon="-121.86059">
        <ele>32.2</ele>
      </trkpt>
      <trkpt lat="36.94338" lon="-121.86048">
        <ele>29.8</ele>
      </trkpt>
      <trkpt lat="36.94318" lon="-121.86032">
        <ele>27.6</ele>
      </trkpt>
      <trkpt lat="36.94304" lon="-121.86026">
        <ele>26.7</ele>
      </trkpt>
      <trkpt lat="36.94287" lon="-121.86022">
        <ele>26.0</ele>
      </trkpt>
      <trkpt lat="36.94266" lon="-121.86021">
        <ele>28.4</ele>
      </trkpt>
      <trkpt lat="36.94213" lon="-121.86024">
        <ele>35.4</ele>
      </trkpt>
      <trkpt lat="36.94161" lon="-121.86027">
        <ele>34.8</ele>
      </trkpt>
      <trkpt lat="36.94144" lon="-121.86027">
        <ele>35.5</ele>
      </trkpt>
      <trkpt lat="36.94125" lon="-121.86022">
        <ele>38.4</ele>
      </trkpt>
      <trkpt lat="36.94117" lon="-121.86017">
        <ele>39.5</ele>
      </trkpt>
      <trkpt lat="36.94096" lon="-121.86002">
        <ele>40.3</ele>
      </trkpt>
      <trkpt lat="36.94088" lon="-121.85994">
        <ele>40.7</ele>
      </trkpt>
      <trkpt lat="36.94078" lon="-121.8598">
        <ele>41.7</ele>
      </trkpt>
      <trkpt lat="36.94073" lon="-121.85972">
        <ele>42.0</ele>
      </trkpt>
      <trkpt lat="36.94065" lon="-121.8595">
        <ele>42.3</ele>
      </trkpt>
      <trkpt lat="36.94062" lon="-121.85938">
        <ele>42.4</ele>
      </trkpt>
      <trkpt lat="36.94058" lon="-121.85914">
        <ele>42.3</ele>
      </trkpt>
      <trkpt lat="36.94053" lon="-121.85876">
        <ele>41.6</ele>
      </trkpt>
      <trkpt lat="36.94051" lon="-121.85865">
        <ele>41.4</ele>
      </trkpt>
      <trkpt lat="36.94049" lon="-121.85859">
        <ele>41.2</ele>
      </trkpt>
      <trkpt lat="36.94043" lon="-121.85849">
        <ele>40.4</ele>
      </trkpt>
      <trkpt lat="36.94035" lon="-121.85838">
        <ele>39.4</ele>
      </trkpt>
      <trkpt lat="36.94022" lon="-121.85826">
        <ele>38.3</ele>
      </trkpt>
      <trkpt lat="36.9401" lon="-121.85817">
        <ele>37.9</ele>
      </trkpt>
      <trkpt lat="36.93969" lon="-121.85791">
        <ele>37.4</ele>
      </trkpt>
      <trkpt lat="36.93956" lon="-121.85784">
        <ele>36.9</ele>
      </trkpt>
      <trkpt lat="36.93945" lon="-121.85782">
        <ele>36.6</ele>
      </trkpt>
      <trkpt lat="36.93932" lon="-121.85782">
        <ele>36.5</ele>
      </trkpt>
      <trkpt lat="36.93924" lon="-121.85783">
        <ele>36.7</ele>
      </trkpt>
      <trkpt lat="36.93916" lon="-121.85786">
        <ele>36.9</ele>
      </trkpt>
      <trkpt lat="36.93902" lon="-121.85793">
        <ele>37.1</ele>
      </trkpt>
      <trkpt lat="36.93834" lon="-121.85831">
        <ele>30.2</ele>
      </trkpt>
      <trkpt lat="36.93767" lon="-121.85869">
        <ele>26.5</ele>
      </trkpt>
      <trkpt lat="36.93755" lon="-121.85879">
        <ele>25.0</ele>
      </trkpt>
      <trkpt lat="36.93747" lon="-121.85887">
        <ele>24.1</ele>
      </trkpt>
      <trkpt lat="36.93721" lon="-121.85923">
        <ele>21.9</ele>
      </trkpt>
      <trkpt lat="36.93712" lon="-121.85933">
        <ele>22.0</ele>
      </trkpt>
      <trkpt lat="36.93698" lon="-121.85946">
        <ele>23.1</ele>
      </trkpt>
      <trkpt lat="36.9368" lon="-121.85957">
        <ele>24.5</ele>
      </trkpt>
      <trkpt lat="36.93663" lon="-121.85963">
        <ele>25.2</ele>
      </trkpt>
      <trkpt lat="36.93646" lon="-121.85965">
        <ele>24.5</ele>
      </trkpt>
      <trkpt lat="36.93565" lon="-121.85967">
        <ele>24.4</ele>
      </trkpt>
      <trkpt lat="36.93484" lon="-121.8597">
        <ele>23.2</ele>
      </trkpt>
      <trkpt lat="36.93434" lon="-121.8598">
        <ele>22.1</ele>
      </trkpt>
      <trkpt lat="36.93385" lon="-121.85991">
        <ele>22.0</ele>
      </trkpt>
      <trkpt lat="36.93316" lon="-121.86003">
        <ele>23.9</ele>
      </trkpt>
      <trkpt lat="36.93294" lon="-121.8601">
        <ele>20.6</ele>
      </trkpt>
      <trkpt lat="36.93282" lon="-121.86015">
        <ele>18.9</ele>
      </trkpt>
      <trkpt lat="36.9327" lon="-121.86022">
        <ele>18.5</ele>
      </trkpt>
      <trkpt lat="36.93224" lon="-121.86054">
        <ele>17.2</ele>
      </trkpt>
      <trkpt lat="36.93215" lon="-121.86059">
        <ele>15.7</ele>
      </trkpt>
      <trkpt lat="36.93209" lon="-121.86061">
        <ele>15.1</ele>
      </trkpt>
      <trkpt lat="36.93198" lon="-121.86062">
        <ele>13.8</ele>
      </trkpt>
      <trkpt lat="36.93188" lon="-121.86062">
        <ele>12.4</ele>
      </trkpt>
      <trkpt lat="36.93176" lon="-121.86058">
        <ele>11.3</ele>
      </trkpt>
      <trkpt lat="36.93165" lon="-121.86053">
        <ele>13.8</ele>
      </trkpt>
      <trkpt lat="36.9316" lon="-121.86049">
        <ele>15.2</ele>
      </trkpt>
      <trkpt lat="36.9315" lon="-121.86039">
        <ele>18.1</ele>
      </trkpt>
      <trkpt lat="36.93135" lon="-121.86016">
        <ele>20.7</ele>
      </trkpt>
      <trkpt lat="36.93102" lon="-121.85935">
        <ele>26.6</ele>
      </trkpt>
      <trkpt lat="36.93069" lon="-121.85854">
        <ele>32.3</ele>
      </trkpt>
      <trkpt lat="36.93036" lon="-121.85773">
        <ele>32.9</ele>
      </trkpt>
      <trkpt lat="36.93007" lon="-121.85699">
        <ele>32.6</ele>
      </trkpt>
      <trkpt lat="36.92977" lon="-121.85625">
        <ele>32.8</ele>
      </trkpt>
      <trkpt lat="36.92947" lon="-121.85551">
        <ele>32.8</ele>
      </trkpt>
      <trkpt lat="36.92913" lon="-121.85466">
        <ele>32.5</ele>
      </trkpt>
      <trkpt lat="36.92879" lon="-121.85382">
        <ele>31.6</ele>
      </trkpt>
      <trkpt lat="36.92844" lon="-121.85298">
        <ele>32.4</ele>
      </trkpt>
      <trkpt lat="36.9281" lon="-121.85214">
        <ele>37.3</ele>
      </trkpt>
      <trkpt lat="36.92777" lon="-121.85125">
        <ele>37.8</ele>
      </trkpt>
      <trkpt lat="36.92754" lon="-121.85067">
        <ele>37.7</ele>
      </trkpt>
      <trkpt lat="36.9273" lon="-121.85008">
        <ele>37.3</ele>
      </trkpt>
      <trkpt lat="36.92705" lon="-121.84945">
        <ele>37.7</ele>
      </trkpt>
      <trkpt lat="36.9268" lon="-121.84881">
        <ele>37.5</ele>
      </trkpt>
      <trkpt lat="36.92654" lon="-121.84827">
        <ele>37.3</ele>
      </trkpt>
      <trkpt lat="36.92604" lon="-121.84741">
        <ele>39.9</ele>
      </trkpt>
      <trkpt lat="36.92554" lon="-121.84656">
        <ele>38.9</ele>
      </trkpt>
      <trkpt lat="36.92504" lon="-121.8457">
        <ele>38.7</ele>
      </trkpt>
      <trkpt lat="36.92453" lon="-121.84484">
        <ele>39.2</ele>
      </trkpt>
      <trkpt lat="36.92403" lon="-121.84398">
        <ele>41.9</ele>
      </trkpt>
      <trkpt lat="36.92353" lon="-121.84312">
        <ele>45.4</ele>
      </trkpt>
      <trkpt lat="36.92336" lon="-121.84269">
        <ele>45.3</ele>
      </trkpt>
      <trkpt lat="36.92309" lon="-121.84179">
        <ele>49.2</ele>
      </trkpt>
      <trkpt lat="36.92282" lon="-121.84089">
        <ele>49.8</ele>
      </trkpt>
      <trkpt lat="36.92255" lon="-121.83999">
        <ele>49.1</ele>
      </trkpt>
      <trkpt lat="36.92227" lon="-121.83908">
        <ele>48.9</ele>
      </trkpt>
      <trkpt lat="36.92216" lon="-121.83873">
        <ele>48.6</ele>
      </trkpt>
      <trkpt lat="36.92204" lon="-121.8384">
        <ele>48.6</ele>
      </trkpt>
      <trkpt lat="36.92179" lon="-121.83789">
        <ele>49.0</ele>
      </trkpt>
      <trkpt lat="36.92158" lon="-121.83758">
        <ele>50.6</ele>
      </trkpt>
      <trkpt lat="36.92143" lon="-121.83739">
        <ele>50.6</ele>
      </trkpt>
      <trkpt lat="36.92087" lon="-121.83692">
        <ele>51.3</ele>
      </trkpt>
      <trkpt lat="36.92032" lon="-121.83645">
        <ele>50.2</ele>
      </trkpt>
      <trkpt lat="36.91976" lon="-121.83623">
        <ele>50.8</ele>
      </trkpt>
      <trkpt lat="36.91941" lon="-121.836">
        <ele>51.0</ele>
      </trkpt>
      <trkpt lat="36.9189" lon="-121.83534">
        <ele>50.6</ele>
      </trkpt>
      <trkpt lat="36.91865" lon="-121.83498">
        <ele>50.9</ele>
      </trkpt>
      <trkpt lat="36.91831" lon="-121.8345">
        <ele>50.8</ele>
      </trkpt>
      <trkpt lat="36.91797" lon="-121.83403">
        <ele>56.8</ele>
      </trkpt>
      <trkpt lat="36.91753" lon="-121.83337">
        <ele>61.1</ele>
      </trkpt>
      <trkpt lat="36.9171" lon="-121.83271">
        <ele>64.2</ele>
      </trkpt>
      <trkpt lat="36.91662" lon="-121.83221">
        <ele>70.0</ele>
      </trkpt>
      <trkpt lat="36.91614" lon="-121.8317">
        <ele>73.7</ele>
      </trkpt>
      <trkpt lat="36.91535" lon="-121.83136">
        <ele>73.6</ele>
      </trkpt>
      <trkpt lat="36.91456" lon="-121.83103">
        <ele>72.9</ele>
      </trkpt>
      <trkpt lat="36.91377" lon="-121.83069">
        <ele>72.7</ele>
      </trkpt>
      <trkpt lat="36.91297" lon="-121.83036">
        <ele>72.4</ele>
      </trkpt>
      <trkpt lat="36.91218" lon="-121.83002">
        <ele>71.7</ele>
      </trkpt>
      <trkpt lat="36.91139" lon="-121.82969">
        <ele>72.3</ele>
      </trkpt>
      <trkpt lat="36.91061" lon="-121.82934">
        <ele>71.3</ele>
      </trkpt>
      <trkpt lat="36.90983" lon="-121.82899">
        <ele>71.6</ele>
      </trkpt>
      <trkpt lat="36.90906" lon="-121.82864">
        <ele>69.2</ele>
      </trkpt>
      <trkpt lat="36.90834" lon="-121.82836">
        <ele>65.0</ele>
      </trkpt>
      <trkpt lat="36.90763" lon="-121.82809">
        <ele>60.9</ele>
      </trkpt>
      <trkpt lat="36.90712" lon="-121.82787">
        <ele>60.0</ele>
      </trkpt>
      <trkpt lat="36.90664" lon="-121.82762">
        <ele>58.8</ele>
      </trkpt>
      <trkpt lat="36.90615" lon="-121.82737">
        <ele>57.5</ele>
      </trkpt>
      <trkpt lat="36.90541" lon="-121.82692">
        <ele>54.4</ele>
      </trkpt>
      <trkpt lat="36.90475" lon="-121.82647">
        <ele>52.0</ele>
      </trkpt>
      <trkpt lat="36.90414" lon="-121.82601">
        <ele>47.3</ele>
      </trkpt>
      <trkpt lat="36.90379" lon="-121.82572">
        <ele>47.4</ele>
      </trkpt>
      <trkpt lat="36.9032" lon="-121.82518">
        <ele>49.3</ele>
      </trkpt>
      <trkpt lat="36.90262" lon="-121.82464">
        <ele>51.3</ele>
      </trkpt>
      <trkpt lat="36.90203" lon="-121.8241">
        <ele>49.6</ele>
      </trkpt>
      <trkpt lat="36.9014" lon="-121.82349">
        <ele>49.1</ele>
      </trkpt>
      <trkpt lat="36.90076" lon="-121.82288">
        <ele>46.2</ele>
      </trkpt>
      <trkpt lat="36.90013" lon="-121.82227">
        <ele>43.2</ele>
      </trkpt>
      <trkpt lat="36.8995" lon="-121.82166">
        <ele>42.4</ele>
      </trkpt>
      <trkpt lat="36.89887" lon="-121.82105">
        <ele>42.3</ele>
      </trkpt>
      <trkpt lat="36.89823" lon="-121.82044">
        <ele>39.2</ele>
      </trkpt>
      <trkpt lat="36.89778" lon="-121.81982">
        <ele>36.0</ele>
      </trkpt>
      <trkpt lat="36.89738" lon="-121.819">
        <ele>33.3</ele>
      </trkpt>
      <trkpt lat="36.89698" lon="-121.81818">
        <ele>32.7</ele>
      </trkpt>
      <trkpt lat="36.89659" lon="-121.81736">
        <ele>34.3</ele>
      </trkpt>
      <trkpt lat="36.89619" lon="-121.81654">
        <ele>32.8</ele>
      </trkpt>
      <trkpt lat="36.8958" lon="-121.81572">
        <ele>31.7</ele>
      </trkpt>
      <trkpt lat="36.8954" lon="-121.81491">
        <ele>31.3</ele>
      </trkpt>
      <trkpt lat="36.89509" lon="-121.81432">
        <ele>31.3</ele>
      </trkpt>
      <trkpt lat="36.89479" lon="-121.81373">
        <ele>29.9</ele>
      </trkpt>
      <trkpt lat="36.89435" lon="-121.81318">
        <ele>28.2</ele>
      </trkpt>
      <trkpt lat="36.8939" lon="-121.81263">
        <ele>24.6</ele>
      </trkpt>
      <trkpt lat="36.8933" lon="-121.81196">
        <ele>21.7</ele>
      </trkpt>
      <trkpt lat="36.89271" lon="-121.81129">
        <ele>18.6</ele>
      </trkpt>
      <trkpt lat="36.89211" lon="-121.81062">
        <ele>17.7</ele>
      </trkpt>
      <trkpt lat="36.89151" lon="-121.80995">
        <ele>17.7</ele>
      </trkpt>
      <trkpt lat="36.89083" lon="-121.80929">
        <ele>17.1</ele>
      </trkpt>
      <trkpt lat="36.89016" lon="-121.80863">
        <ele>15.8</ele>
      </trkpt>
      <trkpt lat="36.88949" lon="-121.80797">
        <ele>17.7</ele>
      </trkpt>
      <trkpt lat="36.88882" lon="-121.80732">
        <ele>18.3</ele>
      </trkpt>
      <trkpt lat="36.88815" lon="-121.80668">
        <ele>16.5</ele>
      </trkpt>
      <trkpt lat="36.88797" lon="-121.80624">
        <ele>14.4</ele>
      </trkpt>
      <trkpt lat="36.88789" lon="-121.80577">
        <ele>11.9</ele>
      </trkpt>
      <trkpt lat="36.88776" lon="-121.80483">
        <ele>7.8</ele>
      </trkpt>
      <trkpt lat="36.88772" lon="-121.80454">
        <ele>6.6</ele>
      </trkpt>
      <trkpt lat="36.88763" lon="-121.80395">
        <ele>4.0</ele>
      </trkpt>
      <trkpt lat="36.88741" lon="-121.80311">
        <ele>3.8</ele>
      </trkpt>
      <trkpt lat="36.88697" lon="-121.8023">
        <ele>3.6</ele>
      </trkpt>
      <trkpt lat="36.88639" lon="-121.80156">
        <ele>3.6</ele>
      </trkpt>
      <trkpt lat="36.88568" lon="-121.8009">
        <ele>3.6</ele>
      </trkpt>
      <trkpt lat="36.88498" lon="-121.80024">
        <ele>3.7</ele>
      </trkpt>
      <trkpt lat="36.88427" lon="-121.79957">
        <ele>3.8</ele>
      </trkpt>
      <trkpt lat="36.88357" lon="-121.79891">
        <ele>3.9</ele>
      </trkpt>
      <trkpt lat="36.88332" lon="-121.79854">
        <ele>3.9</ele>
      </trkpt>
      <trkpt lat="36.88324" lon="-121.79828">
        <ele>4.0</ele>
      </trkpt>
      <trkpt lat="36.88318" lon="-121.79792">
        <ele>4.0</ele>
      </trkpt>
      <trkpt lat="36.8831" lon="-121.79767">
        <ele>4.0</ele>
      </trkpt>
      <trkpt lat="36.88304" lon="-121.79757">
        <ele>4.0</ele>
      </trkpt>
      <trkpt lat="36.88299" lon="-121.79752">
        <ele>4.0</ele>
      </trkpt>
      <trkpt lat="36.88336" lon="-121.79704">
        <ele>4.0</ele>
      </trkpt>
      <trkpt lat="36.88389" lon="-121.79631">
        <ele>4.1</ele>
      </trkpt>
      <trkpt lat="36.88442" lon="-121.79559">
        <ele>4.2</ele>
      </trkpt>
      <trkpt lat="36.88365" lon="-121.79517">
        <ele>4.3</ele>
      </trkpt>
      <trkpt lat="36.88287" lon="-121.79474">
        <ele>4.4</ele>
      </trkpt>
      <trkpt lat="36.8821" lon="-121.79432">
        <ele>4.5</ele>
      </trkpt>
      <trkpt lat="36.88132" lon="-121.7939">
        <ele>4.6</ele>
      </trkpt>
      <trkpt lat="36.88055" lon="-121.79348">
        <ele>4.7</ele>
      </trkpt>
      <trkpt lat="36.87995" lon="-121.79316">
        <ele>4.8</ele>
      </trkpt>
      <trkpt lat="36.87934" lon="-121.79284">
        <ele>5.0</ele>
      </trkpt>
      <trkpt lat="36.87856" lon="-121.7924">
        <ele>5.1</ele>
      </trkpt>
      <trkpt lat="36.87806" lon="-121.79216">
        <ele>4.4</ele>
      </trkpt>
      <trkpt lat="36.87771" lon="-121.79194">
        <ele>4.5</ele>
      </trkpt>
      <trkpt lat="36.87742" lon="-121.79172">
        <ele>4.9</ele>
      </trkpt>
      <trkpt lat="36.87726" lon="-121.79158">
        <ele>5.0</ele>
      </trkpt>
      <trkpt lat="36.87708" lon="-121.7914">
        <ele>5.0</ele>
      </trkpt>
      <trkpt lat="36.87667" lon="-121.79101">
        <ele>4.4</ele>
      </trkpt>
      <trkpt lat="36.87634" lon="-121.79066">
        <ele>4.7</ele>
      </trkpt>
      <trkpt lat="36.8757" lon="-121.79002">
        <ele>4.9</ele>
      </trkpt>
      <trkpt lat="36.87507" lon="-121.78938">
        <ele>5.0</ele>
      </trkpt>
      <trkpt lat="36.87444" lon="-121.78873">
        <ele>4.6</ele>
      </trkpt>
      <trkpt lat="36.87381" lon="-121.78809">
        <ele>4.6</ele>
      </trkpt>
      <trkpt lat="36.87317" lon="-121.78745">
        <ele>4.9</ele>
      </trkpt>
      <trkpt lat="36.87254" lon="-121.78681">
        <ele>5.3</ele>
      </trkpt>
      <trkpt lat="36.87191" lon="-121.78617">
        <ele>5.6</ele>
      </trkpt>
      <trkpt lat="36.87127" lon="-121.78553">
        <ele>6.4</ele>
      </trkpt>
      <trkpt lat="36.87114" lon="-121.78542">
        <ele>6.5</ele>
      </trkpt>
      <trkpt lat="36.87063" lon="-121.7861">
        <ele>6.2</ele>
      </trkpt>
      <trkpt lat="36.87011" lon="-121.78679">
        <ele>6.1</ele>
      </trkpt>
      <trkpt lat="36.8696" lon="-121.78748">
        <ele>6.0</ele>
      </trkpt>
      <trkpt lat="36.86909" lon="-121.78817">
        <ele>6.0</ele>
      </trkpt>
      <trkpt lat="36.86856" lon="-121.78886">
        <ele>6.1</ele>
      </trkpt>
      <trkpt lat="36.86843" lon="-121.78907">
        <ele>6.1</ele>
      </trkpt>
      <trkpt lat="36.86834" lon="-121.78933">
        <ele>5.9</ele>
      </trkpt>
      <trkpt lat="36.86821" lon="-121.78978">
        <ele>5.8</ele>
      </trkpt>
      <trkpt lat="36.86799" lon="-121.79053">
        <ele>5.5</ele>
      </trkpt>
      <trkpt lat="36.86777" lon="-121.79129">
        <ele>5.2</ele>
      </trkpt>
      <trkpt lat="36.86755" lon="-121.79205">
        <ele>3.8</ele>
      </trkpt>
      <trkpt lat="36.86747" lon="-121.79233">
        <ele>4.1</ele>
      </trkpt>
      <trkpt lat="36.86743" lon="-121.79249">
        <ele>4.6</ele>
      </trkpt>
      <trkpt lat="36.86739" lon="-121.7927">
        <ele>5.2</ele>
      </trkpt>
      <trkpt lat="36.86739" lon="-121.79288">
        <ele>5.5</ele>
      </trkpt>
      <trkpt lat="36.86744" lon="-121.79339">
        <ele>5.9</ele>
      </trkpt>
      <trkpt lat="36.86744" lon="-121.79371">
        <ele>5.9</ele>
      </trkpt>
      <trkpt lat="36.86742" lon="-121.79403">
        <ele>5.7</ele>
      </trkpt>
      <trkpt lat="36.86735" lon="-121.79441">
        <ele>5.6</ele>
      </trkpt>
      <trkpt lat="36.86727" lon="-121.79479">
        <ele>5.3</ele>
      </trkpt>
      <trkpt lat="36.86713" lon="-121.79512">
        <ele>5.4</ele>
      </trkpt>
      <trkpt lat="36.86706" lon="-121.79525">
        <ele>5.5</ele>
      </trkpt>
      <trkpt lat="36.86678" lon="-121.79569">
        <ele>5.7</ele>
      </trkpt>
      <trkpt lat="36.86655" lon="-121.79603">
        <ele>5.6</ele>
      </trkpt>
      <trkpt lat="36.86636" lon="-121.79624">
        <ele>5.3</ele>
      </trkpt>
      <trkpt lat="36.86572" lon="-121.79677">
        <ele>3.7</ele>
      </trkpt>
      <trkpt lat="36.86508" lon="-121.79731">
        <ele>3.8</ele>
      </trkpt>
      <trkpt lat="36.86444" lon="-121.79784">
        <ele>3.5</ele>
      </trkpt>
      <trkpt lat="36.86402" lon="-121.79817">
        <ele>3.2</ele>
      </trkpt>
      <trkpt lat="36.86332" lon="-121.79864">
        <ele>3.2</ele>
      </trkpt>
      <trkpt lat="36.86295" lon="-121.79888">
        <ele>3.2</ele>
      </trkpt>
      <trkpt lat="36.86282" lon="-121.79888">
        <ele>3.3</ele>
      </trkpt>
      <trkpt lat="36.86269" lon="-121.79883">
        <ele>3.3</ele>
      </trkpt>
      <trkpt lat="36.86259" lon="-121.79871">
        <ele>3.3</ele>
      </trkpt>
      <trkpt lat="36.86233" lon="-121.79794">
        <ele>3.4</ele>
      </trkpt>
      <trkpt lat="36.86219" lon="-121.79764">
        <ele>4.7</ele>
      </trkpt>
      <trkpt lat="36.86204" lon="-121.79728">
        <ele>5.4</ele>
      </trkpt>
      <trkpt lat="36.86167" lon="-121.79645">
        <ele>5.6</ele>
      </trkpt>
      <trkpt lat="36.86144" lon="-121.79603">
        <ele>6.1</ele>
      </trkpt>
      <trkpt lat="36.86132" lon="-121.79577">
        <ele>6.6</ele>
      </trkpt>
      <trkpt lat="36.8612" lon="-121.79551">
        <ele>8.1</ele>
      </trkpt>
      <trkpt lat="36.86109" lon="-121.7953">
        <ele>8.5</ele>
      </trkpt>
      <trkpt lat="36.86098" lon="-121.79505">
        <ele>9.6</ele>
      </trkpt>
      <trkpt lat="36.86079" lon="-121.79487">
        <ele>11.5</ele>
      </trkpt>
      <trkpt lat="36.86038" lon="-121.79476">
        <ele>17.0</ele>
      </trkpt>
      <trkpt lat="36.86003" lon="-121.79474">
        <ele>19.9</ele>
      </trkpt>
      <trkpt lat="36.85941" lon="-121.7948">
        <ele>25.8</ele>
      </trkpt>
      <trkpt lat="36.85914" lon="-121.79488">
        <ele>28.2</ele>
      </trkpt>
      <trkpt lat="36.85854" lon="-121.79523">
        <ele>32.8</ele>
      </trkpt>
      <trkpt lat="36.8578" lon="-121.79561">
        <ele>29.1</ele>
      </trkpt>
      <trkpt lat="36.85706" lon="-121.79598">
        <ele>24.6</ele>
      </trkpt>
      <trkpt lat="36.85632" lon="-121.79635">
        <ele>20.8</ele>
      </trkpt>
      <trkpt lat="36.85624" lon="-121.79621">
        <ele>20.9</ele>
      </trkpt>
      <trkpt lat="36.85613" lon="-121.79589">
        <ele>21.4</ele>
      </trkpt>
      <trkpt lat="36.85592" lon="-121.79523">
        <ele>23.0</ele>
      </trkpt>
      <trkpt lat="36.85572" lon="-121.79458">
        <ele>24.2</ele>
      </trkpt>
      <trkpt lat="36.85543" lon="-121.79376">
        <ele>26.5</ele>
      </trkpt>
      <trkpt lat="36.85521" lon="-121.79312">
        <ele>27.3</ele>
      </trkpt>
      <trkpt lat="36.855" lon="-121.79249">
        <ele>29.0</ele>
      </trkpt>
      <trkpt lat="36.85498" lon="-121.79239">
        <ele>29.4</ele>
      </trkpt>
      <trkpt lat="36.85478" lon="-121.79181">
        <ele>31.7</ele>
      </trkpt>
      <trkpt lat="36.85459" lon="-121.79124">
        <ele>32.4</ele>
      </trkpt>
      <trkpt lat="36.85446" lon="-121.79089">
        <ele>32.7</ele>
      </trkpt>
      <trkpt lat="36.8543" lon="-121.79039">
        <ele>33.7</ele>
      </trkpt>
      <trkpt lat="36.85399" lon="-121.78948">
        <ele>35.4</ele>
      </trkpt>
      <trkpt lat="36.85368" lon="-121.78857">
        <ele>37.0</ele>
      </trkpt>
      <trkpt lat="36.85337" lon="-121.78766">
        <ele>39.9</ele>
      </trkpt>
      <trkpt lat="36.85303" lon="-121.78667">
        <ele>42.1</ele>
      </trkpt>
      <trkpt lat="36.8527" lon="-121.78567">
        <ele>43.8</ele>
      </trkpt>
      <trkpt lat="36.85237" lon="-121.78468">
        <ele>42.9</ele>
      </trkpt>
      <trkpt lat="36.85211" lon="-121.78384">
        <ele>43.0</ele>
      </trkpt>
      <trkpt lat="36.85248" lon="-121.78297">
        <ele>44.7</ele>
      </trkpt>
      <trkpt lat="36.85286" lon="-121.78209">
        <ele>46.5</ele>
      </trkpt>
      <trkpt lat="36.85323" lon="-121.78122">
        <ele>47.7</ele>
      </trkpt>
      <trkpt lat="36.85361" lon="-121.78035">
        <ele>48.1</ele>
      </trkpt>
      <trkpt lat="36.85371" lon="-121.78009">
        <ele>49.0</ele>
      </trkpt>
      <trkpt lat="36.85376" lon="-121.77974">
        <ele>50.2</ele>
      </trkpt>
      <trkpt lat="36.85377" lon="-121.77865">
        <ele>53.6</ele>
      </trkpt>
      <trkpt lat="36.85378" lon="-121.77756">
        <ele>57.9</ele>
      </trkpt>
      <trkpt lat="36.8538" lon="-121.77648">
        <ele>60.3</ele>
      </trkpt>
      <trkpt lat="36.8538" lon="-121.77555">
        <ele>61.0</ele>
      </trkpt>
      <trkpt lat="36.8538" lon="-121.77462">
        <ele>60.3</ele>
      </trkpt>
      <trkpt lat="36.85381" lon="-121.77369">
        <ele>58.7</ele>
      </trkpt>
      <trkpt lat="36.85381" lon="-121.77276">
        <ele>55.9</ele>
      </trkpt>
      <trkpt lat="36.85382" lon="-121.77183">
        <ele>53.0</ele>
      </trkpt>
      <trkpt lat="36.85382" lon="-121.7711">
        <ele>52.1</ele>
      </trkpt>
      <trkpt lat="36.85299" lon="-121.7711">
        <ele>51.9</ele>
      </trkpt>
      <trkpt lat="36.85226" lon="-121.77111">
        <ele>52.2</ele>
      </trkpt>
      <trkpt lat="36.85153" lon="-121.77113">
        <ele>51.8</ele>
      </trkpt>
      <trkpt lat="36.85081" lon="-121.77113">
        <ele>51.3</ele>
      </trkpt>
      <trkpt lat="36.85009" lon="-121.77114">
        <ele>49.9</ele>
      </trkpt>
      <trkpt lat="36.84925" lon="-121.77114">
        <ele>48.8</ele>
      </trkpt>
      <trkpt lat="36.84842" lon="-121.77114">
        <ele>46.9</ele>
      </trkpt>
      <trkpt lat="36.84758" lon="-121.77115">
        <ele>47.2</ele>
      </trkpt>
      <trkpt lat="36.84674" lon="-121.77115">
        <ele>49.7</ele>
      </trkpt>
      <trkpt lat="36.8459" lon="-121.77115">
        <ele>52.4</ele>
      </trkpt>
      <trkpt lat="36.84511" lon="-121.77113">
        <ele>52.5</ele>
      </trkpt>
      <trkpt lat="36.84431" lon="-121.77112">
        <ele>50.6</ele>
      </trkpt>
      <trkpt lat="36.84352" lon="-121.7711">
        <ele>48.7</ele>
      </trkpt>
      <trkpt lat="36.84273" lon="-121.77108">
        <ele>47.0</ele>
      </trkpt>
      <trkpt lat="36.84193" lon="-121.77107">
        <ele>46.2</ele>
      </trkpt>
      <trkpt lat="36.84114" lon="-121.77105">
        <ele>44.2</ele>
      </trkpt>
      <trkpt lat="36.84034" lon="-121.77103">
        <ele>42.3</ele>
      </trkpt>
      <trkpt lat="36.83971" lon="-121.77101">
        <ele>41.0</ele>
      </trkpt>
      <trkpt lat="36.83908" lon="-121.771">
        <ele>39.5</ele>
      </trkpt>
      <trkpt lat="36.83821" lon="-121.77099">
        <ele>39.1</ele>
      </trkpt>
      <trkpt lat="36.83772" lon="-121.771">
        <ele>38.1</ele>
      </trkpt>
      <trkpt lat="36.83722" lon="-121.771">
        <ele>36.8</ele>
      </trkpt>
      <trkpt lat="36.83644" lon="-121.771">
        <ele>35.7</ele>
      </trkpt>
      <trkpt lat="36.83566" lon="-121.771">
        <ele>33.2</ele>
      </trkpt>
      <trkpt lat="36.83488" lon="-121.771">
        <ele>29.5</ele>
      </trkpt>
      <trkpt lat="36.8341" lon="-121.771">
        <ele>23.7</ele>
      </trkpt>
      <trkpt lat="36.83332" lon="-121.771">
        <ele>19.2</ele>
      </trkpt>
      <trkpt lat="36.83254" lon="-121.771">
        <ele>15.5</ele>
      </trkpt>
      <trkpt lat="36.83176" lon="-121.771">
        <ele>12.5</ele>
      </trkpt>
      <trkpt lat="36.83129" lon="-121.771">
        <ele>11.2</ele>
      </trkpt>
      <trkpt lat="36.83097" lon="-121.77104">
        <ele>9.6</ele>
      </trkpt>
      <trkpt lat="36.83066" lon="-121.7711">
        <ele>9.3</ele>
      </trkpt>
      <trkpt lat="36.8304" lon="-121.77119">
        <ele>8.8</ele>
      </trkpt>
      <trkpt lat="36.83024" lon="-121.77125">
        <ele>8.3</ele>
      </trkpt>
      <trkpt lat="36.83002" lon="-121.77135">
        <ele>7.7</ele>
      </trkpt>
      <trkpt lat="36.8298" lon="-121.77146">
        <ele>7.1</ele>
      </trkpt>
      <trkpt lat="36.82943" lon="-121.77169">
        <ele>6.5</ele>
      </trkpt>
      <trkpt lat="36.82931" lon="-121.77177">
        <ele>6.4</ele>
      </trkpt>
      <trkpt lat="36.82908" lon="-121.77196">
        <ele>6.1</ele>
      </trkpt>
      <trkpt lat="36.82897" lon="-121.77206">
        <ele>5.9</ele>
      </trkpt>
      <trkpt lat="36.82876" lon="-121.77227">
        <ele>5.3</ele>
      </trkpt>
      <trkpt lat="36.82846" lon="-121.77261">
        <ele>4.3</ele>
      </trkpt>
      <trkpt lat="36.8279" lon="-121.77327">
        <ele>4.1</ele>
      </trkpt>
      <trkpt lat="36.82734" lon="-121.77394">
        <ele>3.7</ele>
      </trkpt>
      <trkpt lat="36.82678" lon="-121.7746">
        <ele>3.6</ele>
      </trkpt>
      <trkpt lat="36.82623" lon="-121.77526">
        <ele>2.9</ele>
      </trkpt>
      <trkpt lat="36.82567" lon="-121.77593">
        <ele>2.4</ele>
      </trkpt>
      <trkpt lat="36.82524" lon="-121.77645">
        <ele>2.3</ele>
      </trkpt>
      <trkpt lat="36.82498" lon="-121.77681">
        <ele>2.2</ele>
      </trkpt>
      <trkpt lat="36.82475" lon="-121.77715">
        <ele>2.1</ele>
      </trkpt>
      <trkpt lat="36.82453" lon="-121.7775">
        <ele>2.7</ele>
      </trkpt>
      <trkpt lat="36.82433" lon="-121.77786">
        <ele>3.5</ele>
      </trkpt>
      <trkpt lat="36.82415" lon="-121.77822">
        <ele>4.4</ele>
      </trkpt>
      <trkpt lat="36.8238" lon="-121.77899">
        <ele>5.6</ele>
      </trkpt>
      <trkpt lat="36.82359" lon="-121.77947">
        <ele>5.2</ele>
      </trkpt>
      <trkpt lat="36.82325" lon="-121.78028">
        <ele>4.7</ele>
      </trkpt>
      <trkpt lat="36.82291" lon="-121.78109">
        <ele>6.3</ele>
      </trkpt>
      <trkpt lat="36.82257" lon="-121.78191">
        <ele>6.2</ele>
      </trkpt>
      <trkpt lat="36.82223" lon="-121.78272">
        <ele>6.5</ele>
      </trkpt>
      <trkpt lat="36.82188" lon="-121.78354">
        <ele>3.8</ele>
      </trkpt>
      <trkpt lat="36.82169" lon="-121.78392">
        <ele>3.5</ele>
      </trkpt>
      <trkpt lat="36.82158" lon="-121.7841">
        <ele>3.4</ele>
      </trkpt>
      <trkpt lat="36.82137" lon="-121.78442">
        <ele>2.8</ele>
      </trkpt>
      <trkpt lat="36.82126" lon="-121.78456">
        <ele>2.5</ele>
      </trkpt>
      <trkpt lat="36.82115" lon="-121.78469">
        <ele>2.3</ele>
      </trkpt>
      <trkpt lat="36.82092" lon="-121.78495">
        <ele>1.7</ele>
      </trkpt>
      <trkpt lat="36.8208" lon="-121.78506">
        <ele>1.7</ele>
      </trkpt>
      <trkpt lat="36.82065" lon="-121.7852">
        <ele>1.8</ele>
      </trkpt>
      <trkpt lat="36.8205" lon="-121.78532">
        <ele>1.8</ele>
      </trkpt>
      <trkpt lat="36.82035" lon="-121.78543">
        <ele>1.8</ele>
      </trkpt>
      <trkpt lat="36.8202" lon="-121.78552">
        <ele>1.8</ele>
      </trkpt>
      <trkpt lat="36.81988" lon="-121.78569">
        <ele>1.8</ele>
      </trkpt>
      <trkpt lat="36.81955" lon="-121.78583">
        <ele>1.7</ele>
      </trkpt>
      <trkpt lat="36.81924" lon="-121.78592">
        <ele>1.7</ele>
      </trkpt>
      <trkpt lat="36.8191" lon="-121.78595">
        <ele>1.6</ele>
      </trkpt>
      <trkpt lat="36.81883" lon="-121.78599">
        <ele>1.8</ele>
      </trkpt>
      <trkpt lat="36.81848" lon="-121.78601">
        <ele>1.8</ele>
      </trkpt>
      <trkpt lat="36.81801" lon="-121.786">
        <ele>1.9</ele>
      </trkpt>
      <trkpt lat="36.81748" lon="-121.78595">
        <ele>2.2</ele>
      </trkpt>
      <trkpt lat="36.81695" lon="-121.78591">
        <ele>2.8</ele>
      </trkpt>
      <trkpt lat="36.8162" lon="-121.78586">
        <ele>3.6</ele>
      </trkpt>
      <trkpt lat="36.81544" lon="-121.7858">
        <ele>3.7</ele>
      </trkpt>
      <trkpt lat="36.81469" lon="-121.78575">
        <ele>3.7</ele>
      </trkpt>
      <trkpt lat="36.81393" lon="-121.78569">
        <ele>3.4</ele>
      </trkpt>
      <trkpt lat="36.81318" lon="-121.78564">
        <ele>3.5</ele>
      </trkpt>
      <trkpt lat="36.81234" lon="-121.78556">
        <ele>3.7</ele>
      </trkpt>
      <trkpt lat="36.81206" lon="-121.78552">
        <ele>3.6</ele>
      </trkpt>
      <trkpt lat="36.81172" lon="-121.78545">
        <ele>3.5</ele>
      </trkpt>
      <trkpt lat="36.81149" lon="-121.78539">
        <ele>3.4</ele>
      </trkpt>
      <trkpt lat="36.81124" lon="-121.78529">
        <ele>3.1</ele>
      </trkpt>
      <trkpt lat="36.81063" lon="-121.78504">
        <ele>3.1</ele>
      </trkpt>
      <trkpt lat="36.81005" lon="-121.78479">
        <ele>3.2</ele>
      </trkpt>
      <trkpt lat="36.80946" lon="-121.78454">
        <ele>3.2</ele>
      </trkpt>
      <trkpt lat="36.80888" lon="-121.78429">
        <ele>3.3</ele>
      </trkpt>
      <trkpt lat="36.80841" lon="-121.78414">
        <ele>3.3</ele>
      </trkpt>
      <trkpt lat="36.80774" lon="-121.78398">
        <ele>5.5</ele>
      </trkpt>
      <trkpt lat="36.80694" lon="-121.78384">
        <ele>7.3</ele>
      </trkpt>
      <trkpt lat="36.80646" lon="-121.78377">
        <ele>8.9</ele>
      </trkpt>
      <trkpt lat="36.8061" lon="-121.78374">
        <ele>9.7</ele>
      </trkpt>
      <trkpt lat="36.80562" lon="-121.78373">
        <ele>10.5</ele>
      </trkpt>
      <trkpt lat="36.80511" lon="-121.78375">
        <ele>10.9</ele>
      </trkpt>
      <trkpt lat="36.80444" lon="-121.7838">
        <ele>10.4</ele>
      </trkpt>
      <trkpt lat="36.80378" lon="-121.78385">
        <ele>10.6</ele>
      </trkpt>
      <trkpt lat="36.80347" lon="-121.78385">
        <ele>10.4</ele>
      </trkpt>
      <trkpt lat="36.80316" lon="-121.78384">
        <ele>10.4</ele>
      </trkpt>
      <trkpt lat="36.803" lon="-121.78382">
        <ele>10.3</ele>
      </trkpt>
      <trkpt lat="36.8025" lon="-121.78374">
        <ele>8.5</ele>
      </trkpt>
      <trkpt lat="36.80185" lon="-121.78362">
        <ele>7.9</ele>
      </trkpt>
      <trkpt lat="36.80119" lon="-121.78349">
        <ele>7.3</ele>
      </trkpt>
      <trkpt lat="36.80054" lon="-121.78336">
        <ele>5.2</ele>
      </trkpt>
      <trkpt lat="36.79998" lon="-121.78328">
        <ele>5.6</ele>
      </trkpt>
      <trkpt lat="36.79941" lon="-121.78319">
        <ele>5.4</ele>
      </trkpt>
      <trkpt lat="36.79905" lon="-121.78318">
        <ele>3.9</ele>
      </trkpt>
      <trkpt lat="36.79842" lon="-121.78322">
        <ele>2.9</ele>
      </trkpt>
      <trkpt lat="36.79769" lon="-121.78328">
        <ele>2.8</ele>
      </trkpt>
      <trkpt lat="36.79697" lon="-121.78334">
        <ele>1.7</ele>
      </trkpt>
      <trkpt lat="36.79624" lon="-121.7834">
        <ele>1.0</ele>
      </trkpt>
      <trkpt lat="36.7955" lon="-121.78346">
        <ele>1.2</ele>
      </trkpt>
      <trkpt lat="36.79475" lon="-121.78352">
        <ele>2.0</ele>
      </trkpt>
      <trkpt lat="36.79401" lon="-121.78359">
        <ele>2.6</ele>
      </trkpt>
      <trkpt lat="36.79327" lon="-121.78365">
        <ele>3.2</ele>
      </trkpt>
      <trkpt lat="36.79253" lon="-121.78372">
        <ele>3.7</ele>
      </trkpt>
      <trkpt lat="36.79219" lon="-121.78374">
        <ele>3.8</ele>
      </trkpt>
      <trkpt lat="36.79188" lon="-121.78373">
        <ele>4.5</ele>
      </trkpt>
      <trkpt lat="36.79126" lon="-121.78366">
        <ele>5.4</ele>
      </trkpt>
      <trkpt lat="36.79102" lon="-121.78361">
        <ele>5.7</ele>
      </trkpt>
      <trkpt lat="36.79062" lon="-121.78349">
        <ele>6.1</ele>
      </trkpt>
      <trkpt lat="36.79028" lon="-121.78336">
        <ele>6.6</ele>
      </trkpt>
      <trkpt lat="36.7895" lon="-121.78303">
        <ele>7.0</ele>
      </trkpt>
      <trkpt lat="36.78872" lon="-121.78271">
        <ele>6.3</ele>
      </trkpt>
      <trkpt lat="36.78794" lon="-121.78238">
        <ele>5.1</ele>
      </trkpt>
      <trkpt lat="36.78716" lon="-121.78206">
        <ele>4.2</ele>
      </trkpt>
      <trkpt lat="36.78638" lon="-121.78173">
        <ele>4.2</ele>
      </trkpt>
      <trkpt lat="36.78559" lon="-121.78141">
        <ele>3.8</ele>
      </trkpt>
      <trkpt lat="36.78481" lon="-121.78108">
        <ele>3.7</ele>
      </trkpt>
      <trkpt lat="36.78403" lon="-121.78076">
        <ele>3.6</ele>
      </trkpt>
      <trkpt lat="36.78347" lon="-121.78051">
        <ele>3.4</ele>
      </trkpt>
      <trkpt lat="36.78299" lon="-121.78028">
        <ele>3.5</ele>
      </trkpt>
      <trkpt lat="36.78278" lon="-121.78016">
        <ele>3.6</ele>
      </trkpt>
      <trkpt lat="36.78259" lon="-121.78003">
        <ele>3.7</ele>
      </trkpt>
      <trkpt lat="36.78242" lon="-121.7799">
        <ele>3.8</ele>
      </trkpt>
      <trkpt lat="36.7821" lon="-121.77962">
        <ele>3.8</ele>
      </trkpt>
      <trkpt lat="36.78191" lon="-121.77943">
        <ele>3.8</ele>
      </trkpt>
      <trkpt lat="36.7815" lon="-121.77902">
        <ele>3.8</ele>
      </trkpt>
      <trkpt lat="36.78108" lon="-121.77856">
        <ele>3.9</ele>
      </trkpt>
      <trkpt lat="36.78074" lon="-121.77818">
        <ele>3.9</ele>
      </trkpt>
      <trkpt lat="36.7804" lon="-121.77779">
        <ele>3.9</ele>
      </trkpt>
      <trkpt lat="36.77986" lon="-121.77863">
        <ele>3.7</ele>
      </trkpt>
      <trkpt lat="36.77933" lon="-121.77946">
        <ele>3.6</ele>
      </trkpt>
      <trkpt lat="36.77879" lon="-121.7803">
        <ele>3.5</ele>
      </trkpt>
      <trkpt lat="36.77826" lon="-121.78114">
        <ele>3.5</ele>
      </trkpt>
      <trkpt lat="36.77773" lon="-121.78197">
        <ele>3.4</ele>
      </trkpt>
      <trkpt lat="36.77719" lon="-121.78281">
        <ele>3.3</ele>
      </trkpt>
      <trkpt lat="36.77666" lon="-121.78365">
        <ele>3.0</ele>
      </trkpt>
      <trkpt lat="36.77612" lon="-121.78448">
        <ele>2.7</ele>
      </trkpt>
      <trkpt lat="36.77559" lon="-121.78532">
        <ele>2.4</ele>
      </trkpt>
      <trkpt lat="36.77505" lon="-121.78616">
        <ele>2.2</ele>
      </trkpt>
      <trkpt lat="36.77482" lon="-121.78648">
        <ele>2.1</ele>
      </trkpt>
      <trkpt lat="36.7747" lon="-121.78663">
        <ele>2.1</ele>
      </trkpt>
      <trkpt lat="36.77456" lon="-121.78678">
        <ele>2.1</ele>
      </trkpt>
      <trkpt lat="36.77443" lon="-121.78691">
        <ele>2.0</ele>
      </trkpt>
      <trkpt lat="36.77421" lon="-121.7871">
        <ele>2.0</ele>
      </trkpt>
      <trkpt lat="36.77393" lon="-121.78731">
        <ele>1.9</ele>
      </trkpt>
      <trkpt lat="36.77371" lon="-121.78744">
        <ele>1.9</ele>
      </trkpt>
      <trkpt lat="36.77356" lon="-121.78751">
        <ele>1.9</ele>
      </trkpt>
      <trkpt lat="36.77333" lon="-121.7876">
        <ele>1.8</ele>
      </trkpt>
      <trkpt lat="36.77309" lon="-121.78767">
        <ele>1.8</ele>
      </trkpt>
      <trkpt lat="36.77285" lon="-121.78771">
        <ele>1.8</ele>
      </trkpt>
      <trkpt lat="36.7724" lon="-121.78774">
        <ele>1.9</ele>
      </trkpt>
      <trkpt lat="36.77211" lon="-121.78775">
        <ele>1.9</ele>
      </trkpt>
      <trkpt lat="36.77157" lon="-121.7878">
        <ele>2.0</ele>
      </trkpt>
      <trkpt lat="36.77104" lon="-121.78785">
        <ele>2.1</ele>
      </trkpt>
      <trkpt lat="36.77015" lon="-121.78788">
        <ele>2.3</ele>
      </trkpt>
      <trkpt lat="36.76926" lon="-121.78792">
        <ele>2.5</ele>
      </trkpt>
      <trkpt lat="36.76837" lon="-121.78796">
        <ele>2.7</ele>
      </trkpt>
      <trkpt lat="36.76748" lon="-121.788">
        <ele>2.9</ele>
      </trkpt>
      <trkpt lat="36.76659" lon="-121.78804">
        <ele>3.1</ele>
      </trkpt>
      <trkpt lat="36.76576" lon="-121.78808">
        <ele>3.3</ele>
      </trkpt>
      <trkpt lat="36.76492" lon="-121.78812">
        <ele>3.6</ele>
      </trkpt>
      <trkpt lat="36.76409" lon="-121.78816">
        <ele>3.8</ele>
      </trkpt>
      <trkpt lat="36.76326" lon="-121.7882">
        <ele>3.8</ele>
      </trkpt>
      <trkpt lat="36.76306" lon="-121.78819">
        <ele>3.8</ele>
      </trkpt>
      <trkpt lat="36.76276" lon="-121.78816">
        <ele>3.8</ele>
      </trkpt>
      <trkpt lat="36.76257" lon="-121.78813">
        <ele>3.8</ele>
      </trkpt>
      <trkpt lat="36.76218" lon="-121.78803">
        <ele>3.9</ele>
      </trkpt>
      <trkpt lat="36.76199" lon="-121.78796">
        <ele>3.9</ele>
      </trkpt>
      <trkpt lat="36.7617" lon="-121.78784">
        <ele>3.9</ele>
      </trkpt>
      <trkpt lat="36.76138" lon="-121.78764">
        <ele>3.9</ele>
      </trkpt>
      <trkpt lat="36.76075" lon="-121.78721">
        <ele>3.9</ele>
      </trkpt>
      <trkpt lat="36.76001" lon="-121.78665">
        <ele>3.9</ele>
      </trkpt>
      <trkpt lat="36.75946" lon="-121.78618">
        <ele>3.8</ele>
      </trkpt>
      <trkpt lat="36.75905" lon="-121.7858">
        <ele>3.8</ele>
      </trkpt>
      <trkpt lat="36.75879" lon="-121.78554">
        <ele>3.8</ele>
      </trkpt>
      <trkpt lat="36.75853" lon="-121.78527">
        <ele>3.8</ele>
      </trkpt>
      <trkpt lat="36.75817" lon="-121.78486">
        <ele>3.8</ele>
      </trkpt>
      <trkpt lat="36.75804" lon="-121.78471">
        <ele>3.8</ele>
      </trkpt>
      <trkpt lat="36.75737" lon="-121.78399">
        <ele>3.8</ele>
      </trkpt>
      <trkpt lat="36.7567" lon="-121.78327">
        <ele>3.8</ele>
      </trkpt>
      <trkpt lat="36.75603" lon="-121.78255">
        <ele>3.8</ele>
      </trkpt>
      <trkpt lat="36.75543" lon="-121.78189">
        <ele>3.8</ele>
      </trkpt>
      <trkpt lat="36.75483" lon="-121.78123">
        <ele>3.9</ele>
      </trkpt>
      <trkpt lat="36.75424" lon="-121.78057">
        <ele>3.9</ele>
      </trkpt>
      <trkpt lat="36.75364" lon="-121.77992">
        <ele>3.8</ele>
      </trkpt>
      <trkpt lat="36.75304" lon="-121.77926">
        <ele>3.8</ele>
      </trkpt>
      <trkpt lat="36.75239" lon="-121.77856">
        <ele>3.8</ele>
      </trkpt>
      <trkpt lat="36.75175" lon="-121.77786">
        <ele>3.8</ele>
      </trkpt>
      <trkpt lat="36.75112" lon="-121.77718">
        <ele>3.9</ele>
      </trkpt>
      <trkpt lat="36.75049" lon="-121.77649">
        <ele>3.8</ele>
      </trkpt>
      <trkpt lat="36.74985" lon="-121.7758">
        <ele>3.9</ele>
      </trkpt>
      <trkpt lat="36.74922" lon="-121.77511">
        <ele>3.9</ele>
      </trkpt>
      <trkpt lat="36.74859" lon="-121.77443">
        <ele>3.8</ele>
      </trkpt>
      <trkpt lat="36.74796" lon="-121.77374">
        <ele>3.8</ele>
      </trkpt>
      <trkpt lat="36.74733" lon="-121.77305">
        <ele>3.8</ele>
      </trkpt>
      <trkpt lat="36.7467" lon="-121.77236">
        <ele>3.8</ele>
      </trkpt>
      <trkpt lat="36.74625" lon="-121.77187">
        <ele>3.8</ele>
      </trkpt>
      <trkpt lat="36.74581" lon="-121.77139">
        <ele>3.8</ele>
      </trkpt>
      <trkpt lat="36.74538" lon="-121.77091">
        <ele>3.8</ele>
      </trkpt>
      <trkpt lat="36.74472" lon="-121.77019">
        <ele>3.8</ele>
      </trkpt>
      <trkpt lat="36.74406" lon="-121.76947">
        <ele>3.8</ele>
      </trkpt>
      <trkpt lat="36.7434" lon="-121.76875">
        <ele>3.8</ele>
      </trkpt>
      <trkpt lat="36.74275" lon="-121.76803">
        <ele>3.8</ele>
      </trkpt>
      <trkpt lat="36.74209" lon="-121.76731">
        <ele>3.8</ele>
      </trkpt>
      <trkpt lat="36.7416" lon="-121.76681">
        <ele>3.8</ele>
      </trkpt>
      <trkpt lat="36.7412" lon="-121.76636">
        <ele>3.8</ele>
      </trkpt>
      <trkpt lat="36.74072" lon="-121.76714">
        <ele>3.8</ele>
      </trkpt>
      <trkpt lat="36.74039" lon="-121.76773">
        <ele>3.8</ele>
      </trkpt>
      <trkpt lat="36.74005" lon="-121.76831">
        <ele>3.8</ele>
      </trkpt>
      <trkpt lat="36.73958" lon="-121.76915">
        <ele>3.8</ele>
      </trkpt>
      <trkpt lat="36.73911" lon="-121.77">
        <ele>3.8</ele>
      </trkpt>
      <trkpt lat="36.73864" lon="-121.77084">
        <ele>3.8</ele>
      </trkpt>
      <trkpt lat="36.73818" lon="-121.77168">
        <ele>4.4</ele>
      </trkpt>
      <trkpt lat="36.73771" lon="-121.77252">
        <ele>4.8</ele>
      </trkpt>
      <trkpt lat="36.73724" lon="-121.77337">
        <ele>4.8</ele>
      </trkpt>
      <trkpt lat="36.73677" lon="-121.77421">
        <ele>5.8</ele>
      </trkpt>
      <trkpt lat="36.7363" lon="-121.77505">
        <ele>5.8</ele>
      </trkpt>
      <trkpt lat="36.73583" lon="-121.7759">
        <ele>5.8</ele>
      </trkpt>
      <trkpt lat="36.73536" lon="-121.77674">
        <ele>5.8</ele>
      </trkpt>
      <trkpt lat="36.73486" lon="-121.77753">
        <ele>5.8</ele>
      </trkpt>
      <trkpt lat="36.73436" lon="-121.77832">
        <ele>5.2</ele>
      </trkpt>
      <trkpt lat="36.73417" lon="-121.77866">
        <ele>4.8</ele>
      </trkpt>
      <trkpt lat="36.73404" lon="-121.77893">
        <ele>4.8</ele>
      </trkpt>
      <trkpt lat="36.73389" lon="-121.77941">
        <ele>4.8</ele>
      </trkpt>
      <trkpt lat="36.73386" lon="-121.77956">
        <ele>4.8</ele>
      </trkpt>
      <trkpt lat="36.73382" lon="-121.77971">
        <ele>4.8</ele>
      </trkpt>
      <trkpt lat="36.73374" lon="-121.77992">
        <ele>4.8</ele>
      </trkpt>
      <trkpt lat="36.73362" lon="-121.78013">
        <ele>4.1</ele>
      </trkpt>
      <trkpt lat="36.73328" lon="-121.78061">
        <ele>3.8</ele>
      </trkpt>
      <trkpt lat="36.73285" lon="-121.78108">
        <ele>3.7</ele>
      </trkpt>
      <trkpt lat="36.73231" lon="-121.78166">
        <ele>3.6</ele>
      </trkpt>
      <trkpt lat="36.73176" lon="-121.78224">
        <ele>3.5</ele>
      </trkpt>
      <trkpt lat="36.73122" lon="-121.78282">
        <ele>3.4</ele>
      </trkpt>
      <trkpt lat="36.73059" lon="-121.78349">
        <ele>3.3</ele>
      </trkpt>
      <trkpt lat="36.72996" lon="-121.78416">
        <ele>6.2</ele>
      </trkpt>
      <trkpt lat="36.72933" lon="-121.78483">
        <ele>6.8</ele>
      </trkpt>
      <trkpt lat="36.7287" lon="-121.7855">
        <ele>6.9</ele>
      </trkpt>
      <trkpt lat="36.72802" lon="-121.78622">
        <ele>7.5</ele>
      </trkpt>
      <trkpt lat="36.72735" lon="-121.78695">
        <ele>10.1</ele>
      </trkpt>
      <trkpt lat="36.72667" lon="-121.78768">
        <ele>6.3</ele>
      </trkpt>
      <trkpt lat="36.7265" lon="-121.78784">
        <ele>6.9</ele>
      </trkpt>
      <trkpt lat="36.72637" lon="-121.78795">
        <ele>7.1</ele>
      </trkpt>
      <trkpt lat="36.72628" lon="-121.78801">
        <ele>7.2</ele>
      </trkpt>
      <trkpt lat="36.72602" lon="-121.78817">
        <ele>8.5</ele>
      </trkpt>
      <trkpt lat="36.72579" lon="-121.78827">
        <ele>8.8</ele>
      </trkpt>
      <trkpt lat="36.72555" lon="-121.78834">
        <ele>7.8</ele>
      </trkpt>
      <trkpt lat="36.7254" lon="-121.78836">
        <ele>7.0</ele>
      </trkpt>
      <trkpt lat="36.72526" lon="-121.78837">
        <ele>6.5</ele>
      </trkpt>
      <trkpt lat="36.7244" lon="-121.78835">
        <ele>6.7</ele>
      </trkpt>
      <trkpt lat="36.72431" lon="-121.78836">
        <ele>6.8</ele>
      </trkpt>
      <trkpt lat="36.72423" lon="-121.78839">
        <ele>6.8</ele>
      </trkpt>
      <trkpt lat="36.72413" lon="-121.78845">
        <ele>6.7</ele>
      </trkpt>
      <trkpt lat="36.72404" lon="-121.78852">
        <ele>6.7</ele>
      </trkpt>
      <trkpt lat="36.72379" lon="-121.78888">
        <ele>6.7</ele>
      </trkpt>
      <trkpt lat="36.72315" lon="-121.78858">
        <ele>8.5</ele>
      </trkpt>
      <trkpt lat="36.72251" lon="-121.78828">
        <ele>10.4</ele>
      </trkpt>
      <trkpt lat="36.72223" lon="-121.78836">
        <ele>11.0</ele>
      </trkpt>
      <trkpt lat="36.72209" lon="-121.78826">
        <ele>12.3</ele>
      </trkpt>
      <trkpt lat="36.72198" lon="-121.78821">
        <ele>12.9</ele>
      </trkpt>
      <trkpt lat="36.72141" lon="-121.78799">
        <ele>13.7</ele>
      </trkpt>
      <trkpt lat="36.72124" lon="-121.78795">
        <ele>13.9</ele>
      </trkpt>
      <trkpt lat="36.72096" lon="-121.7879">
        <ele>13.7</ele>
      </trkpt>
      <trkpt lat="36.72077" lon="-121.78788">
        <ele>13.5</ele>
      </trkpt>
      <trkpt lat="36.72012" lon="-121.78785">
        <ele>14.8</ele>
      </trkpt>
      <trkpt lat="36.71998" lon="-121.78786">
        <ele>14.4</ele>
      </trkpt>
      <trkpt lat="36.71909" lon="-121.78796">
        <ele>14.4</ele>
      </trkpt>
      <trkpt lat="36.7182" lon="-121.78806">
        <ele>18.8</ele>
      </trkpt>
      <trkpt lat="36.71794" lon="-121.78807">
        <ele>18.8</ele>
      </trkpt>
      <trkpt lat="36.71736" lon="-121.78806">
        <ele>19.8</ele>
      </trkpt>
      <trkpt lat="36.71679" lon="-121.78804">
        <ele>18.9</ele>
      </trkpt>
      <trkpt lat="36.71663" lon="-121.78806">
        <ele>18.8</ele>
      </trkpt>
      <trkpt lat="36.71635" lon="-121.78811">
        <ele>19.2</ele>
      </trkpt>
      <trkpt lat="36.71561" lon="-121.78816">
        <ele>20.4</ele>
      </trkpt>
      <trkpt lat="36.71487" lon="-121.7882">
        <ele>21.4</ele>
      </trkpt>
      <trkpt lat="36.71413" lon="-121.78825">
        <ele>19.6</ele>
      </trkpt>
      <trkpt lat="36.71384" lon="-121.78827">
        <ele>19.5</ele>
      </trkpt>
      <trkpt lat="36.71326" lon="-121.78835">
        <ele>21.0</ele>
      </trkpt>
      <trkpt lat="36.71264" lon="-121.78839">
        <ele>18.9</ele>
      </trkpt>
      <trkpt lat="36.71202" lon="-121.78843">
        <ele>18.9</ele>
      </trkpt>
      <trkpt lat="36.71152" lon="-121.7885">
        <ele>18.9</ele>
      </trkpt>
      <trkpt lat="36.71103" lon="-121.78856">
        <ele>18.9</ele>
      </trkpt>
      <trkpt lat="36.71045" lon="-121.78857">
        <ele>18.9</ele>
      </trkpt>
      <trkpt lat="36.70972" lon="-121.78851">
        <ele>18.2</ele>
      </trkpt>
      <trkpt lat="36.7091" lon="-121.78859">
        <ele>14.7</ele>
      </trkpt>
      <trkpt lat="36.70849" lon="-121.78868">
        <ele>14.5</ele>
      </trkpt>
      <trkpt lat="36.70786" lon="-121.78869">
        <ele>14.4</ele>
      </trkpt>
      <trkpt lat="36.70724" lon="-121.78869">
        <ele>14.8</ele>
      </trkpt>
      <trkpt lat="36.70662" lon="-121.7887">
        <ele>14.3</ele>
      </trkpt>
      <trkpt lat="36.70612" lon="-121.78872">
        <ele>15.4</ele>
      </trkpt>
      <trkpt lat="36.70563" lon="-121.78873">
        <ele>14.9</ele>
      </trkpt>
      <trkpt lat="36.70554" lon="-121.78875">
        <ele>15.0</ele>
      </trkpt>
      <trkpt lat="36.70549" lon="-121.78878">
        <ele>15.0</ele>
      </trkpt>
      <trkpt lat="36.70541" lon="-121.78886">
        <ele>15.1</ele>
      </trkpt>
      <trkpt lat="36.70535" lon="-121.78894">
        <ele>15.2</ele>
      </trkpt>
      <trkpt lat="36.70528" lon="-121.78897">
        <ele>15.4</ele>
      </trkpt>
      <trkpt lat="36.70523" lon="-121.78897">
        <ele>15.5</ele>
      </trkpt>
      <trkpt lat="36.70464" lon="-121.7889">
        <ele>15.8</ele>
      </trkpt>
      <trkpt lat="36.70441" lon="-121.7889">
        <ele>15.8</ele>
      </trkpt>
      <trkpt lat="36.70426" lon="-121.78893">
        <ele>15.8</ele>
      </trkpt>
      <trkpt lat="36.70368" lon="-121.78912">
        <ele>15.3</ele>
      </trkpt>
      <trkpt lat="36.70317" lon="-121.78934">
        <ele>13.8</ele>
      </trkpt>
      <trkpt lat="36.70307" lon="-121.7894">
        <ele>13.5</ele>
      </trkpt>
      <trkpt lat="36.70242" lon="-121.78988">
        <ele>16.0</ele>
      </trkpt>
      <trkpt lat="36.70194" lon="-121.79031">
        <ele>18.7</ele>
      </trkpt>
      <trkpt lat="36.70146" lon="-121.79075">
        <ele>18.3</ele>
      </trkpt>
      <trkpt lat="36.70085" lon="-121.79127">
        <ele>17.8</ele>
      </trkpt>
      <trkpt lat="36.70023" lon="-121.7918">
        <ele>14.9</ele>
      </trkpt>
      <trkpt lat="36.69968" lon="-121.7922">
        <ele>13.8</ele>
      </trkpt>
      <trkpt lat="36.69935" lon="-121.79248">
        <ele>13.5</ele>
      </trkpt>
      <trkpt lat="36.69912" lon="-121.7927">
        <ele>13.7</ele>
      </trkpt>
      <trkpt lat="36.69869" lon="-121.79311">
        <ele>14.9</ele>
      </trkpt>
      <trkpt lat="36.69827" lon="-121.79352">
        <ele>14.8</ele>
      </trkpt>
      <trkpt lat="36.69759" lon="-121.79403">
        <ele>15.1</ele>
      </trkpt>
      <trkpt lat="36.69722" lon="-121.79439">
        <ele>15.4</ele>
      </trkpt>
      <trkpt lat="36.69684" lon="-121.79475">
        <ele>15.7</ele>
      </trkpt>
      <trkpt lat="36.69637" lon="-121.79512">
        <ele>16.7</ele>
      </trkpt>
      <trkpt lat="36.69608" lon="-121.79538">
        <ele>16.9</ele>
      </trkpt>
      <trkpt lat="36.69568" lon="-121.79577">
        <ele>17.7</ele>
      </trkpt>
      <trkpt lat="36.69508" lon="-121.79631">
        <ele>17.2</ele>
      </trkpt>
      <trkpt lat="36.69481" lon="-121.7965">
        <ele>16.7</ele>
      </trkpt>
      <trkpt lat="36.69433" lon="-121.79695">
        <ele>16.3</ele>
      </trkpt>
      <trkpt lat="36.69389" lon="-121.79733">
        <ele>15.2</ele>
      </trkpt>
      <trkpt lat="36.69384" lon="-121.79738">
        <ele>15.0</ele>
      </trkpt>
      <trkpt lat="36.69382" lon="-121.79743">
        <ele>14.8</ele>
      </trkpt>
      <trkpt lat="36.69382" lon="-121.79754">
        <ele>14.5</ele>
      </trkpt>
      <trkpt lat="36.69377" lon="-121.79759">
        <ele>14.3</ele>
      </trkpt>
      <trkpt lat="36.6938" lon="-121.79767">
        <ele>14.1</ele>
      </trkpt>
      <trkpt lat="36.69391" lon="-121.79784">
        <ele>13.6</ele>
      </trkpt>
      <trkpt lat="36.69415" lon="-121.79827">
        <ele>12.9</ele>
      </trkpt>
      <trkpt lat="36.69438" lon="-121.79875">
        <ele>11.6</ele>
      </trkpt>
      <trkpt lat="36.69439" lon="-121.79892">
        <ele>10.4</ele>
      </trkpt>
      <trkpt lat="36.69453" lon="-121.79927">
        <ele>8.5</ele>
      </trkpt>
      <trkpt lat="36.69467" lon="-121.79971">
        <ele>7.8</ele>
      </trkpt>
      <trkpt lat="36.6947" lon="-121.79986">
        <ele>7.5</ele>
      </trkpt>
      <trkpt lat="36.69473" lon="-121.80012">
        <ele>6.6</ele>
      </trkpt>
      <trkpt lat="36.69474" lon="-121.80031">
        <ele>5.6</ele>
      </trkpt>
      <trkpt lat="36.69472" lon="-121.80078">
        <ele>4.7</ele>
      </trkpt>
      <trkpt lat="36.69473" lon="-121.80109">
        <ele>4.1</ele>
      </trkpt>
      <trkpt lat="36.69476" lon="-121.8013">
        <ele>4.4</ele>
      </trkpt>
      <trkpt lat="36.69479" lon="-121.80142">
        <ele>4.6</ele>
      </trkpt>
      <trkpt lat="36.69486" lon="-121.80163">
        <ele>4.3</ele>
      </trkpt>
      <trkpt lat="36.69492" lon="-121.80177">
        <ele>4.0</ele>
      </trkpt>
      <trkpt lat="36.69518" lon="-121.80216">
        <ele>4.4</ele>
      </trkpt>
      <trkpt lat="36.69525" lon="-121.80224">
        <ele>5.0</ele>
      </trkpt>
      <trkpt lat="36.69537" lon="-121.80235">
        <ele>5.6</ele>
      </trkpt>
      <trkpt lat="36.69558" lon="-121.80251">
        <ele>5.3</ele>
      </trkpt>
      <trkpt lat="36.69568" lon="-121.80259">
        <ele>5.8</ele>
      </trkpt>
      <trkpt lat="36.69578" lon="-121.80268">
        <ele>6.0</ele>
      </trkpt>
      <trkpt lat="36.69539" lon="-121.80297">
        <ele>5.4</ele>
      </trkpt>
      <trkpt lat="36.695" lon="-121.80326">
        <ele>8.6</ele>
      </trkpt>
    </trkseg>
  </trk>
</gpx>
