<?xml version="1.0" encoding="UTF-8"?>
<gpx xmlns:gpxdata="http://www.cluetrust.com/XML/GPXDATA/1/0" xmlns:xsi="http://www.w3.org/2001/XMLSchema-instance" xmlns="http://www.topografix.com/GPX/1/1" version="1.1" creator="http://ridewithgps.com/" xsi:schemaLocation="http://www.topografix.com/GPX/1/1 http://www.topografix.com/GPX/1/1/gpx.xsd http://www.cluetrust.com/XML/GPXDATA/1/0 http://www.cluetrust.com/Schemas/gpxdata10.xsd">
  <metadata>
    <name>Day 3 - Monterey to Big Sur</name>
    <link href="https://ridewithgps.com/routes/56854657">
      <text>Day 3 - Monterey to Big Sur</text>
    </link>
    <time>2026-08-25T18:02:26Z</time>
  </metadata>
  <wpt lat="36.57720172" lon="-121.97479246">
    <name>Sunset Point Overlook</name>
    <cmt>generic</cmt>
    <sym>Dot</sym>
    <type>generic</type>
  </wpt>
  <wpt lat="36.54280511" lon="-121.91976469">
    <name>The Serra Memorial Prayer Garden</name>
    <cmt>monument</cmt>
    <sym>Dot</sym>
    <type>info</type>
  </wpt>
  <wpt lat="36.250561" lon="-121.78611">
    <name>Big Sur Lodge</name>
    <cmt>generic</cmt>
    <sym>Dot</sym>
    <type>generic</type>
  </wpt>
  <trk>
    <name>Day 3 - Monterey to Big Sur</name>
    <trkseg>
      <trkpt lat="36.695017" lon="-121.803248">
        <ele>5.4</ele>
      </trkpt>
      <trkpt lat="36.695" lon="-121.80326">
        <ele>8.6</ele>
      </trkpt>
      <trkpt lat="36.695" lon="-121.80326">
        <ele>8.6</ele>
      </trkpt>
      <trkpt lat="36.695" lon="-121.80326">
        <ele>8.6</ele>
      </trkpt>
      <trkpt lat="36.695085" lon="-121.803197">
        <ele>7.4</ele>
      </trkpt>
      <trkpt lat="36.69539" lon="-121.80297">
        <ele>5.4</ele>
      </trkpt>
      <trkpt lat="36.69578" lon="-121.80268">
        <ele>6.0</ele>
      </trkpt>
      <trkpt lat="36.69568" lon="-121.80259">
        <ele>5.8</ele>
      </trkpt>
      <trkpt lat="36.69558" lon="-121.80251">
        <ele>5.3</ele>
      </trkpt>
      <trkpt lat="36.69537" lon="-121.80235">
        <ele>5.6</ele>
      </trkpt>
      <trkpt lat="36.69525" lon="-121.80224">
        <ele>5.0</ele>
      </trkpt>
      <trkpt lat="36.69518" lon="-121.80216">
        <ele>4.4</ele>
      </trkpt>
      <trkpt lat="36.69492" lon="-121.80177">
        <ele>4.0</ele>
      </trkpt>
      <trkpt lat="36.69486" lon="-121.80163">
        <ele>4.3</ele>
      </trkpt>
      <trkpt lat="36.69479" lon="-121.80142">
        <ele>4.6</ele>
      </trkpt>
      <trkpt lat="36.69476" lon="-121.8013">
        <ele>4.4</ele>
      </trkpt>
      <trkpt lat="36.69473" lon="-121.80109">
        <ele>4.1</ele>
      </trkpt>
      <trkpt lat="36.69472" lon="-121.80078">
        <ele>4.7</ele>
      </trkpt>
      <trkpt lat="36.69474" lon="-121.80031">
        <ele>5.6</ele>
      </trkpt>
      <trkpt lat="36.69473" lon="-121.80012">
        <ele>6.6</ele>
      </trkpt>
      <trkpt lat="36.6947" lon="-121.79986">
        <ele>7.5</ele>
      </trkpt>
      <trkpt lat="36.69467" lon="-121.79971">
        <ele>7.8</ele>
      </trkpt>
      <trkpt lat="36.69453" lon="-121.79927">
        <ele>8.5</ele>
      </trkpt>
      <trkpt lat="36.69439" lon="-121.79892">
        <ele>10.4</ele>
      </trkpt>
      <trkpt lat="36.69431" lon="-121.79881">
        <ele>10.9</ele>
      </trkpt>
      <trkpt lat="36.69416" lon="-121.79846">
        <ele>12.6</ele>
      </trkpt>
      <trkpt lat="36.69389" lon="-121.79793">
        <ele>13.4</ele>
      </trkpt>
      <trkpt lat="36.69371" lon="-121.79764">
        <ele>14.1</ele>
      </trkpt>
      <trkpt lat="36.69366" lon="-121.79769">
        <ele>14.1</ele>
      </trkpt>
      <trkpt lat="36.69362" lon="-121.79766">
        <ele>14.2</ele>
      </trkpt>
      <trkpt lat="36.69356" lon="-121.79764">
        <ele>14.5</ele>
      </trkpt>
      <trkpt lat="36.69351" lon="-121.79764">
        <ele>14.7</ele>
      </trkpt>
      <trkpt lat="36.69345" lon="-121.79765">
        <ele>14.9</ele>
      </trkpt>
      <trkpt lat="36.6933" lon="-121.79775">
        <ele>15.0</ele>
      </trkpt>
      <trkpt lat="36.6933" lon="-121.79776">
        <ele>15.0</ele>
      </trkpt>
      <trkpt lat="36.69284" lon="-121.79807">
        <ele>15.9</ele>
      </trkpt>
      <trkpt lat="36.69262" lon="-121.79816">
        <ele>16.5</ele>
      </trkpt>
      <trkpt lat="36.69242" lon="-121.79823">
        <ele>16.4</ele>
      </trkpt>
      <trkpt lat="36.69215" lon="-121.79829">
        <ele>15.4</ele>
      </trkpt>
      <trkpt lat="36.6919" lon="-121.79833">
        <ele>14.4</ele>
      </trkpt>
      <trkpt lat="36.69167" lon="-121.79834">
        <ele>14.5</ele>
      </trkpt>
      <trkpt lat="36.69102" lon="-121.79835">
        <ele>12.9</ele>
      </trkpt>
      <trkpt lat="36.69037" lon="-121.79837">
        <ele>12.3</ele>
      </trkpt>
      <trkpt lat="36.69005" lon="-121.7984">
        <ele>11.7</ele>
      </trkpt>
      <trkpt lat="36.68979" lon="-121.79846">
        <ele>11.0</ele>
      </trkpt>
      <trkpt lat="36.68956" lon="-121.79853">
        <ele>10.8</ele>
      </trkpt>
      <trkpt lat="36.68928" lon="-121.79863">
        <ele>10.1</ele>
      </trkpt>
      <trkpt lat="36.68908" lon="-121.79873">
        <ele>8.7</ele>
      </trkpt>
      <trkpt lat="36.68884" lon="-121.79886">
        <ele>7.2</ele>
      </trkpt>
      <trkpt lat="36.68861" lon="-121.79901">
        <ele>7.4</ele>
      </trkpt>
      <trkpt lat="36.68831" lon="-121.79924">
        <ele>6.9</ele>
      </trkpt>
      <trkpt lat="36.68773" lon="-121.79979">
        <ele>6.8</ele>
      </trkpt>
      <trkpt lat="36.68763" lon="-121.79993">
        <ele>6.8</ele>
      </trkpt>
      <trkpt lat="36.68691" lon="-121.80056">
        <ele>6.8</ele>
      </trkpt>
      <trkpt lat="36.68619" lon="-121.80119">
        <ele>7.0</ele>
      </trkpt>
      <trkpt lat="36.68564" lon="-121.80171">
        <ele>8.2</ele>
      </trkpt>
      <trkpt lat="36.68509" lon="-121.80223">
        <ele>11.8</ele>
      </trkpt>
      <trkpt lat="36.68454" lon="-121.80274">
        <ele>13.1</ele>
      </trkpt>
      <trkpt lat="36.68399" lon="-121.80326">
        <ele>15.7</ele>
      </trkpt>
      <trkpt lat="36.68384" lon="-121.80348">
        <ele>16.7</ele>
      </trkpt>
      <trkpt lat="36.68351" lon="-121.80381">
        <ele>16.6</ele>
      </trkpt>
      <trkpt lat="36.68332" lon="-121.80404">
        <ele>15.4</ele>
      </trkpt>
      <trkpt lat="36.68309" lon="-121.80425">
        <ele>15.6</ele>
      </trkpt>
      <trkpt lat="36.6829" lon="-121.80437">
        <ele>15.6</ele>
      </trkpt>
      <trkpt lat="36.68279" lon="-121.80446">
        <ele>15.1</ele>
      </trkpt>
      <trkpt lat="36.68227" lon="-121.80495">
        <ele>13.8</ele>
      </trkpt>
      <trkpt lat="36.68175" lon="-121.80545">
        <ele>12.9</ele>
      </trkpt>
      <trkpt lat="36.68126" lon="-121.80586">
        <ele>13.4</ele>
      </trkpt>
      <trkpt lat="36.68093" lon="-121.8061">
        <ele>14.4</ele>
      </trkpt>
      <trkpt lat="36.68047" lon="-121.80641">
        <ele>16.9</ele>
      </trkpt>
      <trkpt lat="36.68001" lon="-121.80672">
        <ele>16.6</ele>
      </trkpt>
      <trkpt lat="36.67965" lon="-121.80703">
        <ele>16.1</ele>
      </trkpt>
      <trkpt lat="36.6792" lon="-121.80734">
        <ele>16.8</ele>
      </trkpt>
      <trkpt lat="36.67875" lon="-121.80764">
        <ele>17.8</ele>
      </trkpt>
      <trkpt lat="36.67895" lon="-121.80793">
        <ele>16.9</ele>
      </trkpt>
      <trkpt lat="36.67899" lon="-121.80798">
        <ele>16.7</ele>
      </trkpt>
      <trkpt lat="36.679" lon="-121.808">
        <ele>16.7</ele>
      </trkpt>
      <trkpt lat="36.679" lon="-121.80806">
        <ele>16.8</ele>
      </trkpt>
      <trkpt lat="36.67899" lon="-121.8081">
        <ele>16.9</ele>
      </trkpt>
      <trkpt lat="36.67894" lon="-121.80814">
        <ele>17.3</ele>
      </trkpt>
      <trkpt lat="36.67883" lon="-121.80817">
        <ele>18.1</ele>
      </trkpt>
      <trkpt lat="36.67802" lon="-121.80861">
        <ele>19.5</ele>
      </trkpt>
      <trkpt lat="36.67743" lon="-121.80901">
        <ele>21.3</ele>
      </trkpt>
      <trkpt lat="36.677" lon="-121.80929">
        <ele>20.9</ele>
      </trkpt>
      <trkpt lat="36.67657" lon="-121.80958">
        <ele>21.4</ele>
      </trkpt>
      <trkpt lat="36.67636" lon="-121.80964">
        <ele>21.4</ele>
      </trkpt>
      <trkpt lat="36.67585" lon="-121.81003">
        <ele>19.7</ele>
      </trkpt>
      <trkpt lat="36.67533" lon="-121.81031">
        <ele>20.1</ele>
      </trkpt>
      <trkpt lat="36.67463" lon="-121.81078">
        <ele>15.7</ele>
      </trkpt>
      <trkpt lat="36.67392" lon="-121.81126">
        <ele>13.9</ele>
      </trkpt>
      <trkpt lat="36.67363" lon="-121.81153">
        <ele>14.3</ele>
      </trkpt>
      <trkpt lat="36.67358" lon="-121.81161">
        <ele>14.5</ele>
      </trkpt>
      <trkpt lat="36.67355" lon="-121.8117">
        <ele>14.6</ele>
      </trkpt>
      <trkpt lat="36.67351" lon="-121.81178">
        <ele>14.8</ele>
      </trkpt>
      <trkpt lat="36.67317" lon="-121.812">
        <ele>16.6</ele>
      </trkpt>
      <trkpt lat="36.67311" lon="-121.81202">
        <ele>17.1</ele>
      </trkpt>
      <trkpt lat="36.67301" lon="-121.81202">
        <ele>17.6</ele>
      </trkpt>
      <trkpt lat="36.67291" lon="-121.81204">
        <ele>18.1</ele>
      </trkpt>
      <trkpt lat="36.67282" lon="-121.81207">
        <ele>18.5</ele>
      </trkpt>
      <trkpt lat="36.67234" lon="-121.81239">
        <ele>18.8</ele>
      </trkpt>
      <trkpt lat="36.67186" lon="-121.81271">
        <ele>18.9</ele>
      </trkpt>
      <trkpt lat="36.67157" lon="-121.81292">
        <ele>16.9</ele>
      </trkpt>
      <trkpt lat="36.67104" lon="-121.81336">
        <ele>18.1</ele>
      </trkpt>
      <trkpt lat="36.67051" lon="-121.8138">
        <ele>18.2</ele>
      </trkpt>
      <trkpt lat="36.67023" lon="-121.81402">
        <ele>17.6</ele>
      </trkpt>
      <trkpt lat="36.66995" lon="-121.81422">
        <ele>17.0</ele>
      </trkpt>
      <trkpt lat="36.66953" lon="-121.81447">
        <ele>16.8</ele>
      </trkpt>
      <trkpt lat="36.66908" lon="-121.8147">
        <ele>16.8</ele>
      </trkpt>
      <trkpt lat="36.66837" lon="-121.81499">
        <ele>18.7</ele>
      </trkpt>
      <trkpt lat="36.66757" lon="-121.8153">
        <ele>18.7</ele>
      </trkpt>
      <trkpt lat="36.66678" lon="-121.81562">
        <ele>18.0</ele>
      </trkpt>
      <trkpt lat="36.66598" lon="-121.81593">
        <ele>18.0</ele>
      </trkpt>
      <trkpt lat="36.66519" lon="-121.81625">
        <ele>18.8</ele>
      </trkpt>
      <trkpt lat="36.66488" lon="-121.81634">
        <ele>19.8</ele>
      </trkpt>
      <trkpt lat="36.66404" lon="-121.81656">
        <ele>20.9</ele>
      </trkpt>
      <trkpt lat="36.66333" lon="-121.8168">
        <ele>21.5</ele>
      </trkpt>
      <trkpt lat="36.66257" lon="-121.81711">
        <ele>20.6</ele>
      </trkpt>
      <trkpt lat="36.6621" lon="-121.81729">
        <ele>20.6</ele>
      </trkpt>
      <trkpt lat="36.66195" lon="-121.81734">
        <ele>21.8</ele>
      </trkpt>
      <trkpt lat="36.66178" lon="-121.81737">
        <ele>23.1</ele>
      </trkpt>
      <trkpt lat="36.66141" lon="-121.81743">
        <ele>25.8</ele>
      </trkpt>
      <trkpt lat="36.66103" lon="-121.81746">
        <ele>27.3</ele>
      </trkpt>
      <trkpt lat="36.6608" lon="-121.81747">
        <ele>27.9</ele>
      </trkpt>
      <trkpt lat="36.66011" lon="-121.81744">
        <ele>28.6</ele>
      </trkpt>
      <trkpt lat="36.65942" lon="-121.81742">
        <ele>29.2</ele>
      </trkpt>
      <trkpt lat="36.6592" lon="-121.81741">
        <ele>29.7</ele>
      </trkpt>
      <trkpt lat="36.65878" lon="-121.81745">
        <ele>30.4</ele>
      </trkpt>
      <trkpt lat="36.65813" lon="-121.81755">
        <ele>30.8</ele>
      </trkpt>
      <trkpt lat="36.65749" lon="-121.81764">
        <ele>31.2</ele>
      </trkpt>
      <trkpt lat="36.65701" lon="-121.81769">
        <ele>32.9</ele>
      </trkpt>
      <trkpt lat="36.65672" lon="-121.81769">
        <ele>33.1</ele>
      </trkpt>
      <trkpt lat="36.65619" lon="-121.81767">
        <ele>35.2</ele>
      </trkpt>
      <trkpt lat="36.65591" lon="-121.81765">
        <ele>36.9</ele>
      </trkpt>
      <trkpt lat="36.65554" lon="-121.8176">
        <ele>37.9</ele>
      </trkpt>
      <trkpt lat="36.65504" lon="-121.81749">
        <ele>37.9</ele>
      </trkpt>
      <trkpt lat="36.65459" lon="-121.81736">
        <ele>37.8</ele>
      </trkpt>
      <trkpt lat="36.65417" lon="-121.81721">
        <ele>37.8</ele>
      </trkpt>
      <trkpt lat="36.65352" lon="-121.81692">
        <ele>37.6</ele>
      </trkpt>
      <trkpt lat="36.65287" lon="-121.81663">
        <ele>36.5</ele>
      </trkpt>
      <trkpt lat="36.65279" lon="-121.8166">
        <ele>36.6</ele>
      </trkpt>
      <trkpt lat="36.65272" lon="-121.81659">
        <ele>36.7</ele>
      </trkpt>
      <trkpt lat="36.65263" lon="-121.81659">
        <ele>36.7</ele>
      </trkpt>
      <trkpt lat="36.65244" lon="-121.81661">
        <ele>36.6</ele>
      </trkpt>
      <trkpt lat="36.65235" lon="-121.81664">
        <ele>36.2</ele>
      </trkpt>
      <trkpt lat="36.6522" lon="-121.81671">
        <ele>35.8</ele>
      </trkpt>
      <trkpt lat="36.65203" lon="-121.81685">
        <ele>36.3</ele>
      </trkpt>
      <trkpt lat="36.65196" lon="-121.81692">
        <ele>36.6</ele>
      </trkpt>
      <trkpt lat="36.65186" lon="-121.81708">
        <ele>36.5</ele>
      </trkpt>
      <trkpt lat="36.65155" lon="-121.81773">
        <ele>36.5</ele>
      </trkpt>
      <trkpt lat="36.65121" lon="-121.81837">
        <ele>40.4</ele>
      </trkpt>
      <trkpt lat="36.65107" lon="-121.81869">
        <ele>42.4</ele>
      </trkpt>
      <trkpt lat="36.65088" lon="-121.81917">
        <ele>46.9</ele>
      </trkpt>
      <trkpt lat="36.65062" lon="-121.81994">
        <ele>52.5</ele>
      </trkpt>
      <trkpt lat="36.65054" lon="-121.82013">
        <ele>51.2</ele>
      </trkpt>
      <trkpt lat="36.6504" lon="-121.82034">
        <ele>50.9</ele>
      </trkpt>
      <trkpt lat="36.6502" lon="-121.82057">
        <ele>47.3</ele>
      </trkpt>
      <trkpt lat="36.64985" lon="-121.82088">
        <ele>43.4</ele>
      </trkpt>
      <trkpt lat="36.64959" lon="-121.82108">
        <ele>40.6</ele>
      </trkpt>
      <trkpt lat="36.64921" lon="-121.82134">
        <ele>37.4</ele>
      </trkpt>
      <trkpt lat="36.64908" lon="-121.82139">
        <ele>36.5</ele>
      </trkpt>
      <trkpt lat="36.64894" lon="-121.82142">
        <ele>35.8</ele>
      </trkpt>
      <trkpt lat="36.64868" lon="-121.82139">
        <ele>36.1</ele>
      </trkpt>
      <trkpt lat="36.64796" lon="-121.82123">
        <ele>35.1</ele>
      </trkpt>
      <trkpt lat="36.64783" lon="-121.82118">
        <ele>34.8</ele>
      </trkpt>
      <trkpt lat="36.64753" lon="-121.82116">
        <ele>34.0</ele>
      </trkpt>
      <trkpt lat="36.64731" lon="-121.82124">
        <ele>33.3</ele>
      </trkpt>
      <trkpt lat="36.64659" lon="-121.82172">
        <ele>30.9</ele>
      </trkpt>
      <trkpt lat="36.64588" lon="-121.82219">
        <ele>36.3</ele>
      </trkpt>
      <trkpt lat="36.64527" lon="-121.82265">
        <ele>35.6</ele>
      </trkpt>
      <trkpt lat="36.64516" lon="-121.82272">
        <ele>34.3</ele>
      </trkpt>
      <trkpt lat="36.64479" lon="-121.82283">
        <ele>31.4</ele>
      </trkpt>
      <trkpt lat="36.64469" lon="-121.82288">
        <ele>30.9</ele>
      </trkpt>
      <trkpt lat="36.64461" lon="-121.82296">
        <ele>30.8</ele>
      </trkpt>
      <trkpt lat="36.64448" lon="-121.82315">
        <ele>30.8</ele>
      </trkpt>
      <trkpt lat="36.64405" lon="-121.82386">
        <ele>31.8</ele>
      </trkpt>
      <trkpt lat="36.64363" lon="-121.82456">
        <ele>32.8</ele>
      </trkpt>
      <trkpt lat="36.64328" lon="-121.82513">
        <ele>33.8</ele>
      </trkpt>
      <trkpt lat="36.64294" lon="-121.82571">
        <ele>33.5</ele>
      </trkpt>
      <trkpt lat="36.64285" lon="-121.82585">
        <ele>33.5</ele>
      </trkpt>
      <trkpt lat="36.64243" lon="-121.82634">
        <ele>31.7</ele>
      </trkpt>
      <trkpt lat="36.6418" lon="-121.82703">
        <ele>30.8</ele>
      </trkpt>
      <trkpt lat="36.64118" lon="-121.82772">
        <ele>30.8</ele>
      </trkpt>
      <trkpt lat="36.64055" lon="-121.8284">
        <ele>29.8</ele>
      </trkpt>
      <trkpt lat="36.64024" lon="-121.82874">
        <ele>29.6</ele>
      </trkpt>
      <trkpt lat="36.63964" lon="-121.82934">
        <ele>29.3</ele>
      </trkpt>
      <trkpt lat="36.63905" lon="-121.82995">
        <ele>28.9</ele>
      </trkpt>
      <trkpt lat="36.63857" lon="-121.83045">
        <ele>29.7</ele>
      </trkpt>
      <trkpt lat="36.63809" lon="-121.83094">
        <ele>30.5</ele>
      </trkpt>
      <trkpt lat="36.63756" lon="-121.83148">
        <ele>30.6</ele>
      </trkpt>
      <trkpt lat="36.63704" lon="-121.83193">
        <ele>33.2</ele>
      </trkpt>
      <trkpt lat="36.63671" lon="-121.83216">
        <ele>34.9</ele>
      </trkpt>
      <trkpt lat="36.63631" lon="-121.83241">
        <ele>34.4</ele>
      </trkpt>
      <trkpt lat="36.6359" lon="-121.83267">
        <ele>33.9</ele>
      </trkpt>
      <trkpt lat="36.63523" lon="-121.833">
        <ele>35.7</ele>
      </trkpt>
      <trkpt lat="36.6349" lon="-121.83318">
        <ele>36.7</ele>
      </trkpt>
      <trkpt lat="36.63461" lon="-121.83337">
        <ele>36.6</ele>
      </trkpt>
      <trkpt lat="36.63409" lon="-121.83377">
        <ele>36.3</ele>
      </trkpt>
      <trkpt lat="36.63375" lon="-121.83407">
        <ele>36.2</ele>
      </trkpt>
      <trkpt lat="36.63333" lon="-121.83447">
        <ele>35.1</ele>
      </trkpt>
      <trkpt lat="36.63273" lon="-121.83503">
        <ele>34.1</ele>
      </trkpt>
      <trkpt lat="36.63214" lon="-121.8356">
        <ele>32.0</ele>
      </trkpt>
      <trkpt lat="36.63154" lon="-121.83616">
        <ele>31.4</ele>
      </trkpt>
      <trkpt lat="36.63094" lon="-121.83673">
        <ele>31.6</ele>
      </trkpt>
      <trkpt lat="36.63033" lon="-121.8373">
        <ele>33.0</ele>
      </trkpt>
      <trkpt lat="36.62973" lon="-121.83786">
        <ele>29.2</ele>
      </trkpt>
      <trkpt lat="36.6295" lon="-121.83751">
        <ele>25.7</ele>
      </trkpt>
      <trkpt lat="36.62893" lon="-121.838">
        <ele>24.2</ele>
      </trkpt>
      <trkpt lat="36.62846" lon="-121.83845">
        <ele>19.6</ele>
      </trkpt>
      <trkpt lat="36.62799" lon="-121.8389">
        <ele>19.4</ele>
      </trkpt>
      <trkpt lat="36.62756" lon="-121.83925">
        <ele>19.0</ele>
      </trkpt>
      <trkpt lat="36.62729" lon="-121.83946">
        <ele>19.0</ele>
      </trkpt>
      <trkpt lat="36.62688" lon="-121.83961">
        <ele>19.0</ele>
      </trkpt>
      <trkpt lat="36.6267" lon="-121.83969">
        <ele>19.0</ele>
      </trkpt>
      <trkpt lat="36.6267" lon="-121.83969">
        <ele>19.0</ele>
      </trkpt>
      <trkpt lat="36.6267" lon="-121.83969">
        <ele>19.0</ele>
      </trkpt>
      <trkpt lat="36.62629" lon="-121.84003">
        <ele>21.5</ele>
      </trkpt>
      <trkpt lat="36.62582" lon="-121.84048">
        <ele>24.2</ele>
      </trkpt>
      <trkpt lat="36.62536" lon="-121.84093">
        <ele>28.2</ele>
      </trkpt>
      <trkpt lat="36.62481" lon="-121.84127">
        <ele>27.4</ele>
      </trkpt>
      <trkpt lat="36.62449" lon="-121.8414">
        <ele>25.6</ele>
      </trkpt>
      <trkpt lat="36.62416" lon="-121.84146">
        <ele>25.2</ele>
      </trkpt>
      <trkpt lat="36.62393" lon="-121.84143">
        <ele>25.2</ele>
      </trkpt>
      <trkpt lat="36.62391" lon="-121.84141">
        <ele>25.3</ele>
      </trkpt>
      <trkpt lat="36.62389" lon="-121.84154">
        <ele>25.2</ele>
      </trkpt>
      <trkpt lat="36.62392" lon="-121.8416">
        <ele>25.4</ele>
      </trkpt>
      <trkpt lat="36.62409" lon="-121.84173">
        <ele>26.7</ele>
      </trkpt>
      <trkpt lat="36.62425" lon="-121.84172">
        <ele>26.6</ele>
      </trkpt>
      <trkpt lat="36.62467" lon="-121.84167">
        <ele>27.7</ele>
      </trkpt>
      <trkpt lat="36.6247" lon="-121.84168">
        <ele>28.0</ele>
      </trkpt>
      <trkpt lat="36.62474" lon="-121.84175">
        <ele>28.8</ele>
      </trkpt>
      <trkpt lat="36.62476" lon="-121.84184">
        <ele>29.6</ele>
      </trkpt>
      <trkpt lat="36.62474" lon="-121.84187">
        <ele>29.5</ele>
      </trkpt>
      <trkpt lat="36.62464" lon="-121.84204">
        <ele>28.7</ele>
      </trkpt>
      <trkpt lat="36.62439" lon="-121.84253">
        <ele>27.0</ele>
      </trkpt>
      <trkpt lat="36.62414" lon="-121.84301">
        <ele>27.1</ele>
      </trkpt>
      <trkpt lat="36.62413" lon="-121.84309">
        <ele>27.4</ele>
      </trkpt>
      <trkpt lat="36.62415" lon="-121.84316">
        <ele>27.9</ele>
      </trkpt>
      <trkpt lat="36.62422" lon="-121.84329">
        <ele>29.6</ele>
      </trkpt>
      <trkpt lat="36.62422" lon="-121.8435">
        <ele>32.0</ele>
      </trkpt>
      <trkpt lat="36.62419" lon="-121.84369">
        <ele>33.4</ele>
      </trkpt>
      <trkpt lat="36.62377" lon="-121.84448">
        <ele>30.0</ele>
      </trkpt>
      <trkpt lat="36.62372" lon="-121.84463">
        <ele>30.3</ele>
      </trkpt>
      <trkpt lat="36.62367" lon="-121.84485">
        <ele>32.1</ele>
      </trkpt>
      <trkpt lat="36.6236" lon="-121.84506">
        <ele>35.0</ele>
      </trkpt>
      <trkpt lat="36.62351" lon="-121.84522">
        <ele>36.0</ele>
      </trkpt>
      <trkpt lat="36.62327" lon="-121.84547">
        <ele>31.0</ele>
      </trkpt>
      <trkpt lat="36.62294" lon="-121.84574">
        <ele>28.7</ele>
      </trkpt>
      <trkpt lat="36.62263" lon="-121.84595">
        <ele>24.5</ele>
      </trkpt>
      <trkpt lat="36.62197" lon="-121.84648">
        <ele>26.0</ele>
      </trkpt>
      <trkpt lat="36.62177" lon="-121.84664">
        <ele>25.9</ele>
      </trkpt>
      <trkpt lat="36.62163" lon="-121.84671">
        <ele>26.2</ele>
      </trkpt>
      <trkpt lat="36.6214" lon="-121.84682">
        <ele>26.1</ele>
      </trkpt>
      <trkpt lat="36.62059" lon="-121.84729">
        <ele>22.6</ele>
      </trkpt>
      <trkpt lat="36.62038" lon="-121.8474">
        <ele>22.0</ele>
      </trkpt>
      <trkpt lat="36.62032" lon="-121.84741">
        <ele>22.0</ele>
      </trkpt>
      <trkpt lat="36.62028" lon="-121.8474">
        <ele>21.9</ele>
      </trkpt>
      <trkpt lat="36.62024" lon="-121.84736">
        <ele>21.9</ele>
      </trkpt>
      <trkpt lat="36.6202" lon="-121.84726">
        <ele>21.9</ele>
      </trkpt>
      <trkpt lat="36.62011" lon="-121.84664">
        <ele>21.0</ele>
      </trkpt>
      <trkpt lat="36.62007" lon="-121.84634">
        <ele>18.0</ele>
      </trkpt>
      <trkpt lat="36.61999" lon="-121.8459">
        <ele>13.0</ele>
      </trkpt>
      <trkpt lat="36.61942" lon="-121.84623">
        <ele>11.6</ele>
      </trkpt>
      <trkpt lat="36.61935" lon="-121.84626">
        <ele>11.4</ele>
      </trkpt>
      <trkpt lat="36.61928" lon="-121.84628">
        <ele>11.6</ele>
      </trkpt>
      <trkpt lat="36.61922" lon="-121.84628">
        <ele>11.7</ele>
      </trkpt>
      <trkpt lat="36.61901" lon="-121.84624">
        <ele>12.3</ele>
      </trkpt>
      <trkpt lat="36.61888" lon="-121.84627">
        <ele>14.0</ele>
      </trkpt>
      <trkpt lat="36.61826" lon="-121.84661">
        <ele>31.1</ele>
      </trkpt>
      <trkpt lat="36.61777" lon="-121.84682">
        <ele>27.3</ele>
      </trkpt>
      <trkpt lat="36.61768" lon="-121.84684">
        <ele>28.7</ele>
      </trkpt>
      <trkpt lat="36.6176" lon="-121.84683">
        <ele>29.8</ele>
      </trkpt>
      <trkpt lat="36.61752" lon="-121.84681">
        <ele>30.3</ele>
      </trkpt>
      <trkpt lat="36.61721" lon="-121.84661">
        <ele>24.7</ele>
      </trkpt>
      <trkpt lat="36.61703" lon="-121.84647">
        <ele>15.6</ele>
      </trkpt>
      <trkpt lat="36.61696" lon="-121.84643">
        <ele>14.2</ele>
      </trkpt>
      <trkpt lat="36.61688" lon="-121.84641">
        <ele>13.7</ele>
      </trkpt>
      <trkpt lat="36.61685" lon="-121.84642">
        <ele>13.8</ele>
      </trkpt>
      <trkpt lat="36.61663" lon="-121.84653">
        <ele>12.4</ele>
      </trkpt>
      <trkpt lat="36.61663" lon="-121.84653">
        <ele>12.4</ele>
      </trkpt>
      <trkpt lat="36.61677" lon="-121.84693">
        <ele>13.8</ele>
      </trkpt>
      <trkpt lat="36.61692" lon="-121.84726">
        <ele>16.9</ele>
      </trkpt>
      <trkpt lat="36.61713" lon="-121.84765">
        <ele>21.1</ele>
      </trkpt>
      <trkpt lat="36.61741" lon="-121.84813">
        <ele>23.4</ele>
      </trkpt>
      <trkpt lat="36.61768" lon="-121.8486">
        <ele>25.5</ele>
      </trkpt>
      <trkpt lat="36.61792" lon="-121.84905">
        <ele>27.6</ele>
      </trkpt>
      <trkpt lat="36.6181" lon="-121.84936">
        <ele>29.1</ele>
      </trkpt>
      <trkpt lat="36.61803" lon="-121.8494">
        <ele>27.8</ele>
      </trkpt>
      <trkpt lat="36.61803" lon="-121.84941">
        <ele>27.7</ele>
      </trkpt>
      <trkpt lat="36.61785" lon="-121.84952">
        <ele>26.5</ele>
      </trkpt>
      <trkpt lat="36.61784" lon="-121.84952">
        <ele>26.6</ele>
      </trkpt>
      <trkpt lat="36.61769" lon="-121.84962">
        <ele>29.5</ele>
      </trkpt>
      <trkpt lat="36.61748" lon="-121.84975">
        <ele>31.2</ele>
      </trkpt>
      <trkpt lat="36.61705" lon="-121.85003">
        <ele>24.2</ele>
      </trkpt>
      <trkpt lat="36.61704" lon="-121.85003">
        <ele>23.9</ele>
      </trkpt>
      <trkpt lat="36.6169" lon="-121.85014">
        <ele>20.2</ele>
      </trkpt>
      <trkpt lat="36.61689" lon="-121.85014">
        <ele>20.0</ele>
      </trkpt>
      <trkpt lat="36.61683" lon="-121.85019">
        <ele>19.0</ele>
      </trkpt>
      <trkpt lat="36.61658" lon="-121.85038">
        <ele>17.9</ele>
      </trkpt>
      <trkpt lat="36.61644" lon="-121.85049">
        <ele>18.2</ele>
      </trkpt>
      <trkpt lat="36.61643" lon="-121.8505">
        <ele>18.2</ele>
      </trkpt>
      <trkpt lat="36.6164" lon="-121.85053">
        <ele>18.4</ele>
      </trkpt>
      <trkpt lat="36.61614" lon="-121.85075">
        <ele>18.9</ele>
      </trkpt>
      <trkpt lat="36.61613" lon="-121.85075">
        <ele>18.9</ele>
      </trkpt>
      <trkpt lat="36.61605" lon="-121.85082">
        <ele>18.9</ele>
      </trkpt>
      <trkpt lat="36.61573" lon="-121.85115">
        <ele>19.9</ele>
      </trkpt>
      <trkpt lat="36.61549" lon="-121.85143">
        <ele>19.2</ele>
      </trkpt>
      <trkpt lat="36.61533" lon="-121.85163">
        <ele>18.3</ele>
      </trkpt>
      <trkpt lat="36.61532" lon="-121.85163">
        <ele>18.3</ele>
      </trkpt>
      <trkpt lat="36.61519" lon="-121.85179">
        <ele>15.6</ele>
      </trkpt>
      <trkpt lat="36.61496" lon="-121.85207">
        <ele>9.3</ele>
      </trkpt>
      <trkpt lat="36.61468" lon="-121.85242">
        <ele>7.8</ele>
      </trkpt>
      <trkpt lat="36.61465" lon="-121.85246">
        <ele>8.1</ele>
      </trkpt>
      <trkpt lat="36.61442" lon="-121.85273">
        <ele>9.5</ele>
      </trkpt>
      <trkpt lat="36.61432" lon="-121.85287">
        <ele>9.7</ele>
      </trkpt>
      <trkpt lat="36.61418" lon="-121.85304">
        <ele>10.2</ele>
      </trkpt>
      <trkpt lat="36.61393" lon="-121.85336">
        <ele>11.0</ele>
      </trkpt>
      <trkpt lat="36.6138" lon="-121.85352">
        <ele>11.0</ele>
      </trkpt>
      <trkpt lat="36.61257" lon="-121.85507">
        <ele>12.1</ele>
      </trkpt>
      <trkpt lat="36.61242" lon="-121.85529">
        <ele>11.4</ele>
      </trkpt>
      <trkpt lat="36.61233" lon="-121.85543">
        <ele>11.4</ele>
      </trkpt>
      <trkpt lat="36.61231" lon="-121.85546">
        <ele>11.5</ele>
      </trkpt>
      <trkpt lat="36.61219" lon="-121.85564">
        <ele>14.1</ele>
      </trkpt>
      <trkpt lat="36.61208" lon="-121.85581">
        <ele>17.5</ele>
      </trkpt>
      <trkpt lat="36.61205" lon="-121.85586">
        <ele>17.7</ele>
      </trkpt>
      <trkpt lat="36.61198" lon="-121.85599">
        <ele>15.3</ele>
      </trkpt>
      <trkpt lat="36.61191" lon="-121.85612">
        <ele>12.0</ele>
      </trkpt>
      <trkpt lat="36.61188" lon="-121.85618">
        <ele>10.8</ele>
      </trkpt>
      <trkpt lat="36.61169" lon="-121.85654">
        <ele>7.9</ele>
      </trkpt>
      <trkpt lat="36.61159" lon="-121.85675">
        <ele>7.3</ele>
      </trkpt>
      <trkpt lat="36.61152" lon="-121.85691">
        <ele>8.0</ele>
      </trkpt>
      <trkpt lat="36.6115" lon="-121.85695">
        <ele>8.3</ele>
      </trkpt>
      <trkpt lat="36.61142" lon="-121.85715">
        <ele>9.7</ele>
      </trkpt>
      <trkpt lat="36.61133" lon="-121.85738">
        <ele>7.9</ele>
      </trkpt>
      <trkpt lat="36.61118" lon="-121.85776">
        <ele>1.2</ele>
      </trkpt>
      <trkpt lat="36.61117" lon="-121.85778">
        <ele>1.0</ele>
      </trkpt>
      <trkpt lat="36.61116" lon="-121.85781">
        <ele>0.7</ele>
      </trkpt>
      <trkpt lat="36.61114" lon="-121.85788">
        <ele>0.0</ele>
      </trkpt>
      <trkpt lat="36.61112" lon="-121.858">
        <ele>1.2</ele>
      </trkpt>
      <trkpt lat="36.61111" lon="-121.85802">
        <ele>1.3</ele>
      </trkpt>
      <trkpt lat="36.61109" lon="-121.85804">
        <ele>1.4</ele>
      </trkpt>
      <trkpt lat="36.61109" lon="-121.85805">
        <ele>1.4</ele>
      </trkpt>
      <trkpt lat="36.61105" lon="-121.8581">
        <ele>1.7</ele>
      </trkpt>
      <trkpt lat="36.61101" lon="-121.85813">
        <ele>1.9</ele>
      </trkpt>
      <trkpt lat="36.611" lon="-121.85814">
        <ele>2.0</ele>
      </trkpt>
      <trkpt lat="36.61095" lon="-121.85812">
        <ele>1.8</ele>
      </trkpt>
      <trkpt lat="36.61095" lon="-121.85812">
        <ele>1.8</ele>
      </trkpt>
      <trkpt lat="36.61088" lon="-121.85809">
        <ele>1.7</ele>
      </trkpt>
      <trkpt lat="36.61081" lon="-121.85807">
        <ele>1.5</ele>
      </trkpt>
      <trkpt lat="36.61081" lon="-121.85807">
        <ele>1.5</ele>
      </trkpt>
      <trkpt lat="36.61074" lon="-121.85821">
        <ele>2.3</ele>
      </trkpt>
      <trkpt lat="36.61073" lon="-121.85823">
        <ele>2.5</ele>
      </trkpt>
      <trkpt lat="36.61063" lon="-121.85838">
        <ele>3.4</ele>
      </trkpt>
      <trkpt lat="36.61061" lon="-121.8584">
        <ele>3.6</ele>
      </trkpt>
      <trkpt lat="36.61031" lon="-121.85874">
        <ele>6.4</ele>
      </trkpt>
      <trkpt lat="36.61021" lon="-121.85886">
        <ele>6.8</ele>
      </trkpt>
      <trkpt lat="36.61018" lon="-121.8589">
        <ele>6.9</ele>
      </trkpt>
      <trkpt lat="36.6101" lon="-121.85903">
        <ele>7.2</ele>
      </trkpt>
      <trkpt lat="36.61007" lon="-121.85907">
        <ele>7.3</ele>
      </trkpt>
      <trkpt lat="36.60996" lon="-121.85924">
        <ele>7.9</ele>
      </trkpt>
      <trkpt lat="36.60994" lon="-121.85927">
        <ele>8.1</ele>
      </trkpt>
      <trkpt lat="36.60986" lon="-121.85936">
        <ele>8.2</ele>
      </trkpt>
      <trkpt lat="36.60983" lon="-121.8594">
        <ele>8.1</ele>
      </trkpt>
      <trkpt lat="36.60973" lon="-121.85952">
        <ele>7.2</ele>
      </trkpt>
      <trkpt lat="36.6097" lon="-121.85956">
        <ele>7.0</ele>
      </trkpt>
      <trkpt lat="36.60964" lon="-121.85965">
        <ele>6.7</ele>
      </trkpt>
      <trkpt lat="36.60954" lon="-121.85983">
        <ele>6.8</ele>
      </trkpt>
      <trkpt lat="36.60954" lon="-121.85989">
        <ele>6.8</ele>
      </trkpt>
      <trkpt lat="36.60952" lon="-121.86002">
        <ele>6.9</ele>
      </trkpt>
      <trkpt lat="36.60957" lon="-121.8602">
        <ele>6.9</ele>
      </trkpt>
      <trkpt lat="36.60963" lon="-121.86034">
        <ele>6.9</ele>
      </trkpt>
      <trkpt lat="36.60969" lon="-121.86049">
        <ele>6.9</ele>
      </trkpt>
      <trkpt lat="36.6097" lon="-121.86059">
        <ele>6.9</ele>
      </trkpt>
      <trkpt lat="36.60969" lon="-121.86072">
        <ele>6.9</ele>
      </trkpt>
      <trkpt lat="36.60961" lon="-121.86091">
        <ele>6.6</ele>
      </trkpt>
      <trkpt lat="36.60951" lon="-121.86109">
        <ele>6.3</ele>
      </trkpt>
      <trkpt lat="36.60941" lon="-121.86128">
        <ele>6.2</ele>
      </trkpt>
      <trkpt lat="36.60934" lon="-121.86141">
        <ele>6.2</ele>
      </trkpt>
      <trkpt lat="36.60925" lon="-121.86154">
        <ele>6.4</ele>
      </trkpt>
      <trkpt lat="36.6092" lon="-121.86162">
        <ele>6.3</ele>
      </trkpt>
      <trkpt lat="36.60918" lon="-121.86165">
        <ele>6.3</ele>
      </trkpt>
      <trkpt lat="36.60915" lon="-121.86168">
        <ele>6.3</ele>
      </trkpt>
      <trkpt lat="36.60909" lon="-121.86175">
        <ele>6.3</ele>
      </trkpt>
      <trkpt lat="36.60892" lon="-121.86186">
        <ele>6.6</ele>
      </trkpt>
      <trkpt lat="36.60869" lon="-121.86191">
        <ele>7.6</ele>
      </trkpt>
      <trkpt lat="36.60866" lon="-121.86191">
        <ele>7.7</ele>
      </trkpt>
      <trkpt lat="36.6085" lon="-121.86188">
        <ele>9.1</ele>
      </trkpt>
      <trkpt lat="36.60837" lon="-121.86184">
        <ele>11.4</ele>
      </trkpt>
      <trkpt lat="36.60834" lon="-121.86182">
        <ele>11.9</ele>
      </trkpt>
      <trkpt lat="36.60831" lon="-121.8618">
        <ele>12.2</ele>
      </trkpt>
      <trkpt lat="36.6082" lon="-121.86172">
        <ele>12.7</ele>
      </trkpt>
      <trkpt lat="36.60805" lon="-121.86156">
        <ele>13.1</ele>
      </trkpt>
      <trkpt lat="36.60802" lon="-121.86153">
        <ele>13.5</ele>
      </trkpt>
      <trkpt lat="36.60789" lon="-121.86141">
        <ele>14.8</ele>
      </trkpt>
      <trkpt lat="36.6078" lon="-121.86135">
        <ele>14.8</ele>
      </trkpt>
      <trkpt lat="36.60775" lon="-121.86134">
        <ele>15.1</ele>
      </trkpt>
      <trkpt lat="36.60772" lon="-121.86133">
        <ele>15.2</ele>
      </trkpt>
      <trkpt lat="36.60757" lon="-121.86133">
        <ele>17.1</ele>
      </trkpt>
      <trkpt lat="36.60754" lon="-121.86133">
        <ele>17.5</ele>
      </trkpt>
      <trkpt lat="36.60753" lon="-121.86133">
        <ele>17.6</ele>
      </trkpt>
      <trkpt lat="36.60735" lon="-121.86143">
        <ele>19.6</ele>
      </trkpt>
      <trkpt lat="36.60728" lon="-121.86151">
        <ele>19.2</ele>
      </trkpt>
      <trkpt lat="36.60722" lon="-121.86162">
        <ele>18.2</ele>
      </trkpt>
      <trkpt lat="36.60715" lon="-121.86176">
        <ele>17.5</ele>
      </trkpt>
      <trkpt lat="36.60713" lon="-121.86181">
        <ele>17.6</ele>
      </trkpt>
      <trkpt lat="36.60708" lon="-121.86192">
        <ele>17.9</ele>
      </trkpt>
      <trkpt lat="36.60707" lon="-121.86192">
        <ele>17.9</ele>
      </trkpt>
      <trkpt lat="36.60698" lon="-121.86202">
        <ele>18.3</ele>
      </trkpt>
      <trkpt lat="36.60683" lon="-121.86211">
        <ele>18.6</ele>
      </trkpt>
      <trkpt lat="36.60666" lon="-121.86211">
        <ele>19.2</ele>
      </trkpt>
      <trkpt lat="36.60655" lon="-121.86204">
        <ele>19.5</ele>
      </trkpt>
      <trkpt lat="36.60648" lon="-121.86199">
        <ele>19.6</ele>
      </trkpt>
      <trkpt lat="36.6064" lon="-121.86192">
        <ele>19.8</ele>
      </trkpt>
      <trkpt lat="36.60637" lon="-121.86189">
        <ele>19.8</ele>
      </trkpt>
      <trkpt lat="36.6063" lon="-121.86181">
        <ele>19.8</ele>
      </trkpt>
      <trkpt lat="36.60626" lon="-121.86178">
        <ele>19.8</ele>
      </trkpt>
      <trkpt lat="36.60622" lon="-121.86177">
        <ele>19.7</ele>
      </trkpt>
      <trkpt lat="36.60612" lon="-121.86176">
        <ele>19.6</ele>
      </trkpt>
      <trkpt lat="36.60609" lon="-121.86176">
        <ele>19.6</ele>
      </trkpt>
      <trkpt lat="36.60605" lon="-121.86176">
        <ele>19.6</ele>
      </trkpt>
      <trkpt lat="36.60594" lon="-121.86176">
        <ele>19.6</ele>
      </trkpt>
      <trkpt lat="36.60594" lon="-121.86175">
        <ele>19.5</ele>
      </trkpt>
      <trkpt lat="36.60591" lon="-121.86176">
        <ele>19.6</ele>
      </trkpt>
      <trkpt lat="36.60576" lon="-121.86176">
        <ele>19.8</ele>
      </trkpt>
      <trkpt lat="36.60573" lon="-121.86176">
        <ele>19.9</ele>
      </trkpt>
      <trkpt lat="36.60572" lon="-121.86176">
        <ele>19.9</ele>
      </trkpt>
      <trkpt lat="36.60555" lon="-121.86176">
        <ele>20.4</ele>
      </trkpt>
      <trkpt lat="36.6055" lon="-121.86177">
        <ele>20.6</ele>
      </trkpt>
      <trkpt lat="36.60541" lon="-121.86181">
        <ele>21.0</ele>
      </trkpt>
      <trkpt lat="36.60538" lon="-121.86183">
        <ele>21.0</ele>
      </trkpt>
      <trkpt lat="36.60525" lon="-121.86191">
        <ele>20.9</ele>
      </trkpt>
      <trkpt lat="36.60522" lon="-121.86193">
        <ele>20.8</ele>
      </trkpt>
      <trkpt lat="36.60509" lon="-121.86202">
        <ele>20.6</ele>
      </trkpt>
      <trkpt lat="36.60509" lon="-121.86203">
        <ele>20.7</ele>
      </trkpt>
      <trkpt lat="36.60507" lon="-121.86204">
        <ele>20.5</ele>
      </trkpt>
      <trkpt lat="36.60495" lon="-121.86216">
        <ele>19.9</ele>
      </trkpt>
      <trkpt lat="36.60493" lon="-121.86218">
        <ele>20.0</ele>
      </trkpt>
      <trkpt lat="36.60491" lon="-121.8622">
        <ele>20.0</ele>
      </trkpt>
      <trkpt lat="36.60482" lon="-121.86232">
        <ele>20.2</ele>
      </trkpt>
      <trkpt lat="36.60477" lon="-121.8624">
        <ele>19.5</ele>
      </trkpt>
      <trkpt lat="36.60464" lon="-121.86264">
        <ele>17.9</ele>
      </trkpt>
      <trkpt lat="36.60455" lon="-121.86293">
        <ele>17.8</ele>
      </trkpt>
      <trkpt lat="36.60446" lon="-121.86322">
        <ele>18.0</ele>
      </trkpt>
      <trkpt lat="36.60432" lon="-121.86357">
        <ele>14.7</ele>
      </trkpt>
      <trkpt lat="36.60426" lon="-121.8638">
        <ele>13.5</ele>
      </trkpt>
      <trkpt lat="36.6042" lon="-121.86398">
        <ele>14.1</ele>
      </trkpt>
      <trkpt lat="36.60412" lon="-121.86416">
        <ele>14.5</ele>
      </trkpt>
      <trkpt lat="36.60397" lon="-121.86445">
        <ele>12.6</ele>
      </trkpt>
      <trkpt lat="36.60394" lon="-121.86451">
        <ele>12.6</ele>
      </trkpt>
      <trkpt lat="36.60392" lon="-121.86454">
        <ele>12.5</ele>
      </trkpt>
      <trkpt lat="36.60385" lon="-121.86468">
        <ele>13.3</ele>
      </trkpt>
      <trkpt lat="36.60382" lon="-121.86472">
        <ele>13.2</ele>
      </trkpt>
      <trkpt lat="36.60373" lon="-121.86479">
        <ele>12.1</ele>
      </trkpt>
      <trkpt lat="36.60367" lon="-121.86481">
        <ele>11.4</ele>
      </trkpt>
      <trkpt lat="36.60362" lon="-121.86479">
        <ele>10.9</ele>
      </trkpt>
      <trkpt lat="36.60355" lon="-121.86472">
        <ele>10.7</ele>
      </trkpt>
      <trkpt lat="36.6035" lon="-121.86464">
        <ele>10.4</ele>
      </trkpt>
      <trkpt lat="36.6035" lon="-121.86457">
        <ele>10.3</ele>
      </trkpt>
      <trkpt lat="36.60351" lon="-121.86449">
        <ele>10.3</ele>
      </trkpt>
      <trkpt lat="36.60354" lon="-121.86445">
        <ele>10.4</ele>
      </trkpt>
      <trkpt lat="36.60361" lon="-121.86437">
        <ele>10.7</ele>
      </trkpt>
      <trkpt lat="36.60365" lon="-121.86433">
        <ele>10.8</ele>
      </trkpt>
      <trkpt lat="36.6037" lon="-121.86429">
        <ele>11.0</ele>
      </trkpt>
      <trkpt lat="36.60378" lon="-121.86418">
        <ele>11.3</ele>
      </trkpt>
      <trkpt lat="36.60393" lon="-121.86392">
        <ele>11.7</ele>
      </trkpt>
      <trkpt lat="36.60396" lon="-121.86379">
        <ele>11.4</ele>
      </trkpt>
      <trkpt lat="36.60398" lon="-121.86373">
        <ele>11.3</ele>
      </trkpt>
      <trkpt lat="36.604" lon="-121.86363">
        <ele>11.1</ele>
      </trkpt>
      <trkpt lat="36.604" lon="-121.8636">
        <ele>11.0</ele>
      </trkpt>
      <trkpt lat="36.60399" lon="-121.86358">
        <ele>11.0</ele>
      </trkpt>
      <trkpt lat="36.60397" lon="-121.86354">
        <ele>11.0</ele>
      </trkpt>
      <trkpt lat="36.60393" lon="-121.86348">
        <ele>11.1</ele>
      </trkpt>
      <trkpt lat="36.60372" lon="-121.86333">
        <ele>10.9</ele>
      </trkpt>
      <trkpt lat="36.60372" lon="-121.86333">
        <ele>10.9</ele>
      </trkpt>
      <trkpt lat="36.60363" lon="-121.86351">
        <ele>10.9</ele>
      </trkpt>
      <trkpt lat="36.60361" lon="-121.86357">
        <ele>10.9</ele>
      </trkpt>
      <trkpt lat="36.60361" lon="-121.8637">
        <ele>10.9</ele>
      </trkpt>
      <trkpt lat="36.60361" lon="-121.8637">
        <ele>10.9</ele>
      </trkpt>
      <trkpt lat="36.6036" lon="-121.86378">
        <ele>10.9</ele>
      </trkpt>
      <trkpt lat="36.6035" lon="-121.86402">
        <ele>10.6</ele>
      </trkpt>
      <trkpt lat="36.60326" lon="-121.86451">
        <ele>8.9</ele>
      </trkpt>
      <trkpt lat="36.60317" lon="-121.86472">
        <ele>8.0</ele>
      </trkpt>
      <trkpt lat="36.60291" lon="-121.86528">
        <ele>8.2</ele>
      </trkpt>
      <trkpt lat="36.6029" lon="-121.86529">
        <ele>8.1</ele>
      </trkpt>
      <trkpt lat="36.60289" lon="-121.8653">
        <ele>8.0</ele>
      </trkpt>
      <trkpt lat="36.60287" lon="-121.86538">
        <ele>8.2</ele>
      </trkpt>
      <trkpt lat="36.60286" lon="-121.86543">
        <ele>8.4</ele>
      </trkpt>
      <trkpt lat="36.60285" lon="-121.86551">
        <ele>8.8</ele>
      </trkpt>
      <trkpt lat="36.60284" lon="-121.86555">
        <ele>8.9</ele>
      </trkpt>
      <trkpt lat="36.60279" lon="-121.86566">
        <ele>8.9</ele>
      </trkpt>
      <trkpt lat="36.60277" lon="-121.86571">
        <ele>8.9</ele>
      </trkpt>
      <trkpt lat="36.60269" lon="-121.86589">
        <ele>8.4</ele>
      </trkpt>
      <trkpt lat="36.6025" lon="-121.86628">
        <ele>6.6</ele>
      </trkpt>
      <trkpt lat="36.6025" lon="-121.86629">
        <ele>6.6</ele>
      </trkpt>
      <trkpt lat="36.60241" lon="-121.86649">
        <ele>6.9</ele>
      </trkpt>
      <trkpt lat="36.60232" lon="-121.86669">
        <ele>6.7</ele>
      </trkpt>
      <trkpt lat="36.60231" lon="-121.86674">
        <ele>6.7</ele>
      </trkpt>
      <trkpt lat="36.60223" lon="-121.86689">
        <ele>6.4</ele>
      </trkpt>
      <trkpt lat="36.60222" lon="-121.8669">
        <ele>6.4</ele>
      </trkpt>
      <trkpt lat="36.60221" lon="-121.86691">
        <ele>6.4</ele>
      </trkpt>
      <trkpt lat="36.60216" lon="-121.86692">
        <ele>6.2</ele>
      </trkpt>
      <trkpt lat="36.60215" lon="-121.86695">
        <ele>6.1</ele>
      </trkpt>
      <trkpt lat="36.60214" lon="-121.86697">
        <ele>6.1</ele>
      </trkpt>
      <trkpt lat="36.60214" lon="-121.86701">
        <ele>6.2</ele>
      </trkpt>
      <trkpt lat="36.60213" lon="-121.86703">
        <ele>6.1</ele>
      </trkpt>
      <trkpt lat="36.60211" lon="-121.86706">
        <ele>6.1</ele>
      </trkpt>
      <trkpt lat="36.60208" lon="-121.86712">
        <ele>6.1</ele>
      </trkpt>
      <trkpt lat="36.60197" lon="-121.8673">
        <ele>6.1</ele>
      </trkpt>
      <trkpt lat="36.60188" lon="-121.86749">
        <ele>6.0</ele>
      </trkpt>
      <trkpt lat="36.60179" lon="-121.86768">
        <ele>5.9</ele>
      </trkpt>
      <trkpt lat="36.6017" lon="-121.86788">
        <ele>6.0</ele>
      </trkpt>
      <trkpt lat="36.60161" lon="-121.86808">
        <ele>5.9</ele>
      </trkpt>
      <trkpt lat="36.60152" lon="-121.86827">
        <ele>5.9</ele>
      </trkpt>
      <trkpt lat="36.60145" lon="-121.86842">
        <ele>5.9</ele>
      </trkpt>
      <trkpt lat="36.60143" lon="-121.86846">
        <ele>5.9</ele>
      </trkpt>
      <trkpt lat="36.60143" lon="-121.86847">
        <ele>5.9</ele>
      </trkpt>
      <trkpt lat="36.60134" lon="-121.86865">
        <ele>6.1</ele>
      </trkpt>
      <trkpt lat="36.60126" lon="-121.86882">
        <ele>6.6</ele>
      </trkpt>
      <trkpt lat="36.60123" lon="-121.86884">
        <ele>6.6</ele>
      </trkpt>
      <trkpt lat="36.60115" lon="-121.86899">
        <ele>6.6</ele>
      </trkpt>
      <trkpt lat="36.60108" lon="-121.86915">
        <ele>6.1</ele>
      </trkpt>
      <trkpt lat="36.601" lon="-121.86943">
        <ele>5.8</ele>
      </trkpt>
      <trkpt lat="36.60099" lon="-121.86944">
        <ele>5.8</ele>
      </trkpt>
      <trkpt lat="36.60095" lon="-121.86957">
        <ele>6.3</ele>
      </trkpt>
      <trkpt lat="36.60094" lon="-121.86964">
        <ele>6.7</ele>
      </trkpt>
      <trkpt lat="36.6009" lon="-121.86986">
        <ele>7.9</ele>
      </trkpt>
      <trkpt lat="36.60089" lon="-121.86987">
        <ele>7.7</ele>
      </trkpt>
      <trkpt lat="36.60086" lon="-121.87008">
        <ele>7.7</ele>
      </trkpt>
      <trkpt lat="36.60085" lon="-121.87022">
        <ele>7.8</ele>
      </trkpt>
      <trkpt lat="36.60084" lon="-121.8703">
        <ele>7.6</ele>
      </trkpt>
      <trkpt lat="36.60084" lon="-121.87031">
        <ele>7.6</ele>
      </trkpt>
      <trkpt lat="36.60081" lon="-121.87053">
        <ele>7.2</ele>
      </trkpt>
      <trkpt lat="36.60081" lon="-121.87054">
        <ele>7.2</ele>
      </trkpt>
      <trkpt lat="36.6008" lon="-121.87067">
        <ele>6.8</ele>
      </trkpt>
      <trkpt lat="36.60081" lon="-121.87077">
        <ele>6.5</ele>
      </trkpt>
      <trkpt lat="36.60087" lon="-121.87107">
        <ele>5.9</ele>
      </trkpt>
      <trkpt lat="36.60077" lon="-121.8715">
        <ele>6.2</ele>
      </trkpt>
      <trkpt lat="36.60074" lon="-121.87173">
        <ele>5.0</ele>
      </trkpt>
      <trkpt lat="36.60071" lon="-121.87186">
        <ele>4.9</ele>
      </trkpt>
      <trkpt lat="36.60069" lon="-121.87195">
        <ele>5.0</ele>
      </trkpt>
      <trkpt lat="36.60066" lon="-121.87216">
        <ele>5.9</ele>
      </trkpt>
      <trkpt lat="36.60065" lon="-121.87221">
        <ele>6.2</ele>
      </trkpt>
      <trkpt lat="36.60064" lon="-121.8723">
        <ele>6.8</ele>
      </trkpt>
      <trkpt lat="36.60063" lon="-121.87238">
        <ele>7.2</ele>
      </trkpt>
      <trkpt lat="36.60059" lon="-121.87278">
        <ele>8.2</ele>
      </trkpt>
      <trkpt lat="36.60056" lon="-121.87303">
        <ele>7.9</ele>
      </trkpt>
      <trkpt lat="36.60054" lon="-121.87318">
        <ele>6.6</ele>
      </trkpt>
      <trkpt lat="36.60049" lon="-121.87332">
        <ele>5.1</ele>
      </trkpt>
      <trkpt lat="36.60048" lon="-121.87339">
        <ele>4.8</ele>
      </trkpt>
      <trkpt lat="36.60047" lon="-121.87348">
        <ele>4.6</ele>
      </trkpt>
      <trkpt lat="36.60045" lon="-121.87357">
        <ele>4.5</ele>
      </trkpt>
      <trkpt lat="36.60045" lon="-121.87361">
        <ele>4.4</ele>
      </trkpt>
      <trkpt lat="36.60044" lon="-121.87371">
        <ele>4.3</ele>
      </trkpt>
      <trkpt lat="36.60043" lon="-121.87384">
        <ele>4.4</ele>
      </trkpt>
      <trkpt lat="36.60042" lon="-121.87393">
        <ele>4.7</ele>
      </trkpt>
      <trkpt lat="36.6004" lon="-121.87406">
        <ele>5.3</ele>
      </trkpt>
      <trkpt lat="36.6004" lon="-121.87412">
        <ele>5.7</ele>
      </trkpt>
      <trkpt lat="36.60039" lon="-121.87415">
        <ele>5.8</ele>
      </trkpt>
      <trkpt lat="36.60039" lon="-121.87417">
        <ele>5.9</ele>
      </trkpt>
      <trkpt lat="36.60038" lon="-121.87428">
        <ele>6.5</ele>
      </trkpt>
      <trkpt lat="36.60036" lon="-121.87437">
        <ele>6.6</ele>
      </trkpt>
      <trkpt lat="36.60035" lon="-121.8745">
        <ele>6.8</ele>
      </trkpt>
      <trkpt lat="36.60034" lon="-121.87459">
        <ele>6.8</ele>
      </trkpt>
      <trkpt lat="36.60032" lon="-121.87472">
        <ele>6.5</ele>
      </trkpt>
      <trkpt lat="36.60031" lon="-121.87481">
        <ele>6.5</ele>
      </trkpt>
      <trkpt lat="36.60029" lon="-121.87503">
        <ele>6.7</ele>
      </trkpt>
      <trkpt lat="36.60027" lon="-121.87525">
        <ele>6.8</ele>
      </trkpt>
      <trkpt lat="36.60027" lon="-121.87526">
        <ele>6.9</ele>
      </trkpt>
      <trkpt lat="36.60024" lon="-121.87547">
        <ele>6.4</ele>
      </trkpt>
      <trkpt lat="36.60023" lon="-121.87547">
        <ele>6.3</ele>
      </trkpt>
      <trkpt lat="36.60021" lon="-121.87574">
        <ele>5.3</ele>
      </trkpt>
      <trkpt lat="36.60021" lon="-121.87591">
        <ele>5.0</ele>
      </trkpt>
      <trkpt lat="36.60021" lon="-121.87594">
        <ele>4.9</ele>
      </trkpt>
      <trkpt lat="36.60024" lon="-121.87613">
        <ele>4.6</ele>
      </trkpt>
      <trkpt lat="36.60024" lon="-121.87614">
        <ele>4.5</ele>
      </trkpt>
      <trkpt lat="36.60027" lon="-121.87629">
        <ele>4.7</ele>
      </trkpt>
      <trkpt lat="36.60027" lon="-121.87635">
        <ele>4.8</ele>
      </trkpt>
      <trkpt lat="36.60027" lon="-121.87636">
        <ele>4.8</ele>
      </trkpt>
      <trkpt lat="36.60028" lon="-121.87643">
        <ele>4.9</ele>
      </trkpt>
      <trkpt lat="36.60028" lon="-121.87658">
        <ele>5.0</ele>
      </trkpt>
      <trkpt lat="36.60028" lon="-121.87664">
        <ele>5.1</ele>
      </trkpt>
      <trkpt lat="36.60028" lon="-121.87681">
        <ele>5.1</ele>
      </trkpt>
      <trkpt lat="36.60029" lon="-121.87703">
        <ele>4.8</ele>
      </trkpt>
      <trkpt lat="36.6003" lon="-121.87717">
        <ele>4.6</ele>
      </trkpt>
      <trkpt lat="36.6003" lon="-121.87725">
        <ele>4.7</ele>
      </trkpt>
      <trkpt lat="36.6003" lon="-121.87748">
        <ele>5.7</ele>
      </trkpt>
      <trkpt lat="36.6003" lon="-121.8777">
        <ele>5.8</ele>
      </trkpt>
      <trkpt lat="36.6003" lon="-121.87789">
        <ele>5.9</ele>
      </trkpt>
      <trkpt lat="36.60031" lon="-121.87814">
        <ele>6.6</ele>
      </trkpt>
      <trkpt lat="36.60033" lon="-121.87859">
        <ele>6.8</ele>
      </trkpt>
      <trkpt lat="36.60034" lon="-121.87881">
        <ele>6.8</ele>
      </trkpt>
      <trkpt lat="36.60034" lon="-121.87904">
        <ele>6.8</ele>
      </trkpt>
      <trkpt lat="36.60036" lon="-121.8794">
        <ele>6.7</ele>
      </trkpt>
      <trkpt lat="36.60036" lon="-121.87971">
        <ele>6.6</ele>
      </trkpt>
      <trkpt lat="36.60037" lon="-121.87993">
        <ele>6.2</ele>
      </trkpt>
      <trkpt lat="36.60038" lon="-121.88016">
        <ele>5.7</ele>
      </trkpt>
      <trkpt lat="36.60038" lon="-121.88038">
        <ele>5.3</ele>
      </trkpt>
      <trkpt lat="36.60039" lon="-121.88061">
        <ele>5.0</ele>
      </trkpt>
      <trkpt lat="36.6004" lon="-121.88083">
        <ele>4.7</ele>
      </trkpt>
      <trkpt lat="36.60041" lon="-121.88128">
        <ele>4.5</ele>
      </trkpt>
      <trkpt lat="36.60042" lon="-121.88173">
        <ele>4.4</ele>
      </trkpt>
      <trkpt lat="36.60043" lon="-121.88194">
        <ele>4.3</ele>
      </trkpt>
      <trkpt lat="36.60044" lon="-121.88217">
        <ele>4.2</ele>
      </trkpt>
      <trkpt lat="36.60045" lon="-121.88223">
        <ele>4.2</ele>
      </trkpt>
      <trkpt lat="36.60044" lon="-121.88235">
        <ele>4.2</ele>
      </trkpt>
      <trkpt lat="36.60045" lon="-121.88254">
        <ele>4.2</ele>
      </trkpt>
      <trkpt lat="36.60046" lon="-121.88258">
        <ele>4.2</ele>
      </trkpt>
      <trkpt lat="36.60047" lon="-121.88265">
        <ele>4.1</ele>
      </trkpt>
      <trkpt lat="36.60052" lon="-121.88291">
        <ele>4.1</ele>
      </trkpt>
      <trkpt lat="36.60053" lon="-121.88296">
        <ele>4.0</ele>
      </trkpt>
      <trkpt lat="36.60053" lon="-121.88305">
        <ele>4.0</ele>
      </trkpt>
      <trkpt lat="36.60052" lon="-121.88319">
        <ele>4.0</ele>
      </trkpt>
      <trkpt lat="36.6005" lon="-121.88337">
        <ele>4.0</ele>
      </trkpt>
      <trkpt lat="36.6005" lon="-121.88341">
        <ele>4.0</ele>
      </trkpt>
      <trkpt lat="36.6005" lon="-121.88355">
        <ele>4.0</ele>
      </trkpt>
      <trkpt lat="36.6005" lon="-121.88368">
        <ele>4.1</ele>
      </trkpt>
      <trkpt lat="36.6005" lon="-121.88375">
        <ele>4.1</ele>
      </trkpt>
      <trkpt lat="36.60051" lon="-121.88399">
        <ele>4.1</ele>
      </trkpt>
      <trkpt lat="36.60056" lon="-121.88437">
        <ele>4.0</ele>
      </trkpt>
      <trkpt lat="36.60058" lon="-121.88458">
        <ele>3.9</ele>
      </trkpt>
      <trkpt lat="36.60058" lon="-121.88464">
        <ele>3.8</ele>
      </trkpt>
      <trkpt lat="36.60059" lon="-121.88478">
        <ele>3.7</ele>
      </trkpt>
      <trkpt lat="36.60059" lon="-121.88501">
        <ele>3.3</ele>
      </trkpt>
      <trkpt lat="36.60057" lon="-121.88521">
        <ele>2.9</ele>
      </trkpt>
      <trkpt lat="36.60056" lon="-121.88545">
        <ele>2.5</ele>
      </trkpt>
      <trkpt lat="36.60056" lon="-121.88547">
        <ele>2.5</ele>
      </trkpt>
      <trkpt lat="36.60057" lon="-121.88569">
        <ele>2.3</ele>
      </trkpt>
      <trkpt lat="36.6006" lon="-121.88605">
        <ele>2.0</ele>
      </trkpt>
      <trkpt lat="36.60061" lon="-121.88613">
        <ele>2.0</ele>
      </trkpt>
      <trkpt lat="36.60064" lon="-121.88644">
        <ele>2.0</ele>
      </trkpt>
      <trkpt lat="36.60065" lon="-121.88689">
        <ele>2.1</ele>
      </trkpt>
      <trkpt lat="36.60064" lon="-121.88696">
        <ele>2.2</ele>
      </trkpt>
      <trkpt lat="36.60062" lon="-121.88704">
        <ele>2.2</ele>
      </trkpt>
      <trkpt lat="36.6006" lon="-121.88711">
        <ele>2.2</ele>
      </trkpt>
      <trkpt lat="36.60059" lon="-121.88716">
        <ele>2.2</ele>
      </trkpt>
      <trkpt lat="36.60057" lon="-121.88725">
        <ele>2.3</ele>
      </trkpt>
      <trkpt lat="36.60057" lon="-121.88731">
        <ele>2.3</ele>
      </trkpt>
      <trkpt lat="36.60057" lon="-121.88735">
        <ele>2.3</ele>
      </trkpt>
      <trkpt lat="36.60058" lon="-121.88747">
        <ele>2.3</ele>
      </trkpt>
      <trkpt lat="36.60058" lon="-121.8875">
        <ele>2.3</ele>
      </trkpt>
      <trkpt lat="36.60059" lon="-121.88751">
        <ele>2.3</ele>
      </trkpt>
      <trkpt lat="36.60059" lon="-121.88751">
        <ele>2.3</ele>
      </trkpt>
      <trkpt lat="36.60061" lon="-121.88754">
        <ele>2.3</ele>
      </trkpt>
      <trkpt lat="36.60064" lon="-121.88759">
        <ele>2.3</ele>
      </trkpt>
      <trkpt lat="36.60064" lon="-121.88762">
        <ele>2.3</ele>
      </trkpt>
      <trkpt lat="36.60067" lon="-121.88774">
        <ele>2.3</ele>
      </trkpt>
      <trkpt lat="36.60069" lon="-121.88783">
        <ele>2.4</ele>
      </trkpt>
      <trkpt lat="36.60077" lon="-121.88827">
        <ele>2.5</ele>
      </trkpt>
      <trkpt lat="36.60079" lon="-121.88839">
        <ele>2.5</ele>
      </trkpt>
      <trkpt lat="36.6008" lon="-121.88842">
        <ele>2.5</ele>
      </trkpt>
      <trkpt lat="36.60081" lon="-121.88847">
        <ele>2.5</ele>
      </trkpt>
      <trkpt lat="36.6009" lon="-121.88867">
        <ele>2.3</ele>
      </trkpt>
      <trkpt lat="36.6009" lon="-121.88868">
        <ele>2.3</ele>
      </trkpt>
      <trkpt lat="36.60091" lon="-121.8887">
        <ele>2.3</ele>
      </trkpt>
      <trkpt lat="36.60089" lon="-121.88871">
        <ele>2.3</ele>
      </trkpt>
      <trkpt lat="36.60091" lon="-121.8887">
        <ele>2.3</ele>
      </trkpt>
      <trkpt lat="36.60091" lon="-121.88871">
        <ele>2.3</ele>
      </trkpt>
      <trkpt lat="36.60094" lon="-121.8889">
        <ele>2.4</ele>
      </trkpt>
      <trkpt lat="36.60097" lon="-121.88912">
        <ele>2.5</ele>
      </trkpt>
      <trkpt lat="36.601" lon="-121.88934">
        <ele>2.5</ele>
      </trkpt>
      <trkpt lat="36.60101" lon="-121.88939">
        <ele>2.5</ele>
      </trkpt>
      <trkpt lat="36.60101" lon="-121.88943">
        <ele>2.6</ele>
      </trkpt>
      <trkpt lat="36.60097" lon="-121.88957">
        <ele>2.7</ele>
      </trkpt>
      <trkpt lat="36.60098" lon="-121.88964">
        <ele>2.7</ele>
      </trkpt>
      <trkpt lat="36.60099" lon="-121.88978">
        <ele>2.7</ele>
      </trkpt>
      <trkpt lat="36.60104" lon="-121.8899">
        <ele>2.7</ele>
      </trkpt>
      <trkpt lat="36.60104" lon="-121.8899">
        <ele>2.7</ele>
      </trkpt>
      <trkpt lat="36.6012" lon="-121.88991">
        <ele>2.5</ele>
      </trkpt>
      <trkpt lat="36.60136" lon="-121.88988">
        <ele>2.3</ele>
      </trkpt>
      <trkpt lat="36.60142" lon="-121.88987">
        <ele>2.2</ele>
      </trkpt>
      <trkpt lat="36.60153" lon="-121.88984">
        <ele>2.1</ele>
      </trkpt>
      <trkpt lat="36.60186" lon="-121.88977">
        <ele>1.7</ele>
      </trkpt>
      <trkpt lat="36.60221" lon="-121.88971">
        <ele>1.3</ele>
      </trkpt>
      <trkpt lat="36.60292" lon="-121.88956">
        <ele>0.0</ele>
      </trkpt>
      <trkpt lat="36.60297" lon="-121.88956">
        <ele>0.0</ele>
      </trkpt>
      <trkpt lat="36.60327" lon="-121.8895">
        <ele>0.0</ele>
      </trkpt>
      <trkpt lat="36.60353" lon="-121.88945">
        <ele>0.0</ele>
      </trkpt>
      <trkpt lat="36.60371" lon="-121.88943">
        <ele>0.0</ele>
      </trkpt>
      <trkpt lat="36.60407" lon="-121.88936">
        <ele>0.0</ele>
      </trkpt>
      <trkpt lat="36.60429" lon="-121.88932">
        <ele>0.0</ele>
      </trkpt>
      <trkpt lat="36.60463" lon="-121.88926">
        <ele>0.0</ele>
      </trkpt>
      <trkpt lat="36.60482" lon="-121.88924">
        <ele>0.0</ele>
      </trkpt>
      <trkpt lat="36.60482" lon="-121.88924">
        <ele>0.0</ele>
      </trkpt>
      <trkpt lat="36.60463" lon="-121.88926">
        <ele>0.0</ele>
      </trkpt>
      <trkpt lat="36.60429" lon="-121.88932">
        <ele>0.0</ele>
      </trkpt>
      <trkpt lat="36.60407" lon="-121.88936">
        <ele>0.0</ele>
      </trkpt>
      <trkpt lat="36.60371" lon="-121.88943">
        <ele>0.0</ele>
      </trkpt>
      <trkpt lat="36.60353" lon="-121.88945">
        <ele>0.0</ele>
      </trkpt>
      <trkpt lat="36.60327" lon="-121.8895">
        <ele>0.0</ele>
      </trkpt>
      <trkpt lat="36.60297" lon="-121.88956">
        <ele>0.0</ele>
      </trkpt>
      <trkpt lat="36.60292" lon="-121.88956">
        <ele>0.0</ele>
      </trkpt>
      <trkpt lat="36.60221" lon="-121.88971">
        <ele>1.3</ele>
      </trkpt>
      <trkpt lat="36.60186" lon="-121.88977">
        <ele>1.7</ele>
      </trkpt>
      <trkpt lat="36.60186" lon="-121.88977">
        <ele>1.7</ele>
      </trkpt>
      <trkpt lat="36.60185" lon="-121.88978">
        <ele>1.7</ele>
      </trkpt>
      <trkpt lat="36.60183" lon="-121.88987">
        <ele>1.8</ele>
      </trkpt>
      <trkpt lat="36.60187" lon="-121.88987">
        <ele>1.7</ele>
      </trkpt>
      <trkpt lat="36.60189" lon="-121.88992">
        <ele>1.7</ele>
      </trkpt>
      <trkpt lat="36.60195" lon="-121.89036">
        <ele>1.7</ele>
      </trkpt>
      <trkpt lat="36.60196" lon="-121.89047">
        <ele>1.7</ele>
      </trkpt>
      <trkpt lat="36.60198" lon="-121.89049">
        <ele>1.7</ele>
      </trkpt>
      <trkpt lat="36.60201" lon="-121.89078">
        <ele>1.8</ele>
      </trkpt>
      <trkpt lat="36.60201" lon="-121.89078">
        <ele>1.8</ele>
      </trkpt>
      <trkpt lat="36.60203" lon="-121.89109">
        <ele>1.9</ele>
      </trkpt>
      <trkpt lat="36.60204" lon="-121.89115">
        <ele>1.9</ele>
      </trkpt>
      <trkpt lat="36.60205" lon="-121.89118">
        <ele>1.9</ele>
      </trkpt>
      <trkpt lat="36.60206" lon="-121.8912">
        <ele>1.8</ele>
      </trkpt>
      <trkpt lat="36.60207" lon="-121.89121">
        <ele>1.8</ele>
      </trkpt>
      <trkpt lat="36.60207" lon="-121.89121">
        <ele>1.8</ele>
      </trkpt>
      <trkpt lat="36.60208" lon="-121.89122">
        <ele>1.8</ele>
      </trkpt>
      <trkpt lat="36.60209" lon="-121.89123">
        <ele>1.8</ele>
      </trkpt>
      <trkpt lat="36.6021" lon="-121.89124">
        <ele>1.8</ele>
      </trkpt>
      <trkpt lat="36.60212" lon="-121.89124">
        <ele>1.8</ele>
      </trkpt>
      <trkpt lat="36.60213" lon="-121.89123">
        <ele>1.8</ele>
      </trkpt>
      <trkpt lat="36.60215" lon="-121.89121">
        <ele>1.7</ele>
      </trkpt>
      <trkpt lat="36.60221" lon="-121.8911">
        <ele>1.7</ele>
      </trkpt>
      <trkpt lat="36.60226" lon="-121.89108">
        <ele>1.6</ele>
      </trkpt>
      <trkpt lat="36.60227" lon="-121.89107">
        <ele>1.6</ele>
      </trkpt>
      <trkpt lat="36.60228" lon="-121.89109">
        <ele>1.6</ele>
      </trkpt>
      <trkpt lat="36.60236" lon="-121.89129">
        <ele>1.6</ele>
      </trkpt>
      <trkpt lat="36.6024" lon="-121.89137">
        <ele>1.6</ele>
      </trkpt>
      <trkpt lat="36.60249" lon="-121.8913">
        <ele>1.4</ele>
      </trkpt>
      <trkpt lat="36.60258" lon="-121.8915">
        <ele>1.4</ele>
      </trkpt>
      <trkpt lat="36.60276" lon="-121.89189">
        <ele>1.4</ele>
      </trkpt>
      <trkpt lat="36.60285" lon="-121.89208">
        <ele>1.5</ele>
      </trkpt>
      <trkpt lat="36.60294" lon="-121.89228">
        <ele>1.6</ele>
      </trkpt>
      <trkpt lat="36.603" lon="-121.89242">
        <ele>1.7</ele>
      </trkpt>
      <trkpt lat="36.60299" lon="-121.89248">
        <ele>1.9</ele>
      </trkpt>
      <trkpt lat="36.60296" lon="-121.8927">
        <ele>2.4</ele>
      </trkpt>
      <trkpt lat="36.60295" lon="-121.89276">
        <ele>2.6</ele>
      </trkpt>
      <trkpt lat="36.60294" lon="-121.8928">
        <ele>2.8</ele>
      </trkpt>
      <trkpt lat="36.60293" lon="-121.89284">
        <ele>2.9</ele>
      </trkpt>
      <trkpt lat="36.60292" lon="-121.89285">
        <ele>3.0</ele>
      </trkpt>
      <trkpt lat="36.60291" lon="-121.89287">
        <ele>3.1</ele>
      </trkpt>
      <trkpt lat="36.60287" lon="-121.89291">
        <ele>3.2</ele>
      </trkpt>
      <trkpt lat="36.60274" lon="-121.89297">
        <ele>3.9</ele>
      </trkpt>
      <trkpt lat="36.60267" lon="-121.89303">
        <ele>4.2</ele>
      </trkpt>
      <trkpt lat="36.60267" lon="-121.89303">
        <ele>4.2</ele>
      </trkpt>
      <trkpt lat="36.60282" lon="-121.89314">
        <ele>4.5</ele>
      </trkpt>
      <trkpt lat="36.60288" lon="-121.89319">
        <ele>4.7</ele>
      </trkpt>
      <trkpt lat="36.603" lon="-121.89327">
        <ele>5.3</ele>
      </trkpt>
      <trkpt lat="36.60304" lon="-121.89329">
        <ele>5.4</ele>
      </trkpt>
      <trkpt lat="36.60309" lon="-121.89331">
        <ele>5.5</ele>
      </trkpt>
      <trkpt lat="36.60314" lon="-121.89331">
        <ele>5.4</ele>
      </trkpt>
      <trkpt lat="36.60316" lon="-121.89332">
        <ele>5.4</ele>
      </trkpt>
      <trkpt lat="36.60325" lon="-121.89331">
        <ele>5.2</ele>
      </trkpt>
      <trkpt lat="36.60329" lon="-121.89332">
        <ele>5.3</ele>
      </trkpt>
      <trkpt lat="36.60333" lon="-121.89334">
        <ele>5.3</ele>
      </trkpt>
      <trkpt lat="36.60338" lon="-121.89336">
        <ele>5.4</ele>
      </trkpt>
      <trkpt lat="36.60352" lon="-121.8935">
        <ele>6.0</ele>
      </trkpt>
      <trkpt lat="36.60391" lon="-121.89371">
        <ele>6.0</ele>
      </trkpt>
      <trkpt lat="36.60393" lon="-121.89372">
        <ele>5.9</ele>
      </trkpt>
      <trkpt lat="36.60398" lon="-121.89376">
        <ele>5.9</ele>
      </trkpt>
      <trkpt lat="36.60413" lon="-121.8939">
        <ele>5.8</ele>
      </trkpt>
      <trkpt lat="36.60421" lon="-121.89397">
        <ele>5.9</ele>
      </trkpt>
      <trkpt lat="36.60451" lon="-121.89422">
        <ele>5.7</ele>
      </trkpt>
      <trkpt lat="36.60453" lon="-121.89424">
        <ele>5.8</ele>
      </trkpt>
      <trkpt lat="36.60466" lon="-121.89434">
        <ele>5.9</ele>
      </trkpt>
      <trkpt lat="36.60471" lon="-121.89438">
        <ele>6.1</ele>
      </trkpt>
      <trkpt lat="36.60475" lon="-121.89441">
        <ele>6.2</ele>
      </trkpt>
      <trkpt lat="36.60478" lon="-121.89442">
        <ele>6.3</ele>
      </trkpt>
      <trkpt lat="36.60484" lon="-121.89445">
        <ele>6.5</ele>
      </trkpt>
      <trkpt lat="36.60498" lon="-121.89452">
        <ele>7.0</ele>
      </trkpt>
      <trkpt lat="36.60499" lon="-121.89452">
        <ele>7.0</ele>
      </trkpt>
      <trkpt lat="36.60518" lon="-121.89457">
        <ele>7.5</ele>
      </trkpt>
      <trkpt lat="36.60527" lon="-121.89457">
        <ele>7.6</ele>
      </trkpt>
      <trkpt lat="36.60532" lon="-121.89457">
        <ele>7.6</ele>
      </trkpt>
      <trkpt lat="36.60534" lon="-121.89457">
        <ele>7.6</ele>
      </trkpt>
      <trkpt lat="36.60549" lon="-121.89456">
        <ele>7.6</ele>
      </trkpt>
      <trkpt lat="36.60552" lon="-121.89456">
        <ele>7.6</ele>
      </trkpt>
      <trkpt lat="36.60567" lon="-121.89455">
        <ele>7.9</ele>
      </trkpt>
      <trkpt lat="36.60587" lon="-121.89449">
        <ele>8.2</ele>
      </trkpt>
      <trkpt lat="36.60601" lon="-121.89445">
        <ele>8.2</ele>
      </trkpt>
      <trkpt lat="36.60604" lon="-121.89444">
        <ele>8.2</ele>
      </trkpt>
      <trkpt lat="36.60605" lon="-121.89444">
        <ele>8.2</ele>
      </trkpt>
      <trkpt lat="36.60606" lon="-121.89444">
        <ele>8.2</ele>
      </trkpt>
      <trkpt lat="36.60622" lon="-121.89439">
        <ele>8.0</ele>
      </trkpt>
      <trkpt lat="36.60647" lon="-121.89432">
        <ele>7.2</ele>
      </trkpt>
      <trkpt lat="36.60669" lon="-121.8943">
        <ele>6.9</ele>
      </trkpt>
      <trkpt lat="36.60675" lon="-121.89429">
        <ele>6.8</ele>
      </trkpt>
      <trkpt lat="36.60676" lon="-121.89429">
        <ele>6.8</ele>
      </trkpt>
      <trkpt lat="36.60685" lon="-121.89428">
        <ele>6.6</ele>
      </trkpt>
      <trkpt lat="36.60687" lon="-121.89428">
        <ele>6.6</ele>
      </trkpt>
      <trkpt lat="36.60693" lon="-121.89429">
        <ele>6.7</ele>
      </trkpt>
      <trkpt lat="36.60694" lon="-121.89429">
        <ele>6.7</ele>
      </trkpt>
      <trkpt lat="36.60702" lon="-121.89431">
        <ele>6.5</ele>
      </trkpt>
      <trkpt lat="36.60721" lon="-121.89438">
        <ele>6.6</ele>
      </trkpt>
      <trkpt lat="36.60728" lon="-121.89441">
        <ele>6.4</ele>
      </trkpt>
      <trkpt lat="36.60737" lon="-121.89446">
        <ele>6.4</ele>
      </trkpt>
      <trkpt lat="36.6077" lon="-121.89468">
        <ele>4.9</ele>
      </trkpt>
      <trkpt lat="36.60771" lon="-121.89468">
        <ele>4.7</ele>
      </trkpt>
      <trkpt lat="36.60776" lon="-121.89473">
        <ele>4.4</ele>
      </trkpt>
      <trkpt lat="36.60778" lon="-121.89474">
        <ele>4.2</ele>
      </trkpt>
      <trkpt lat="36.60785" lon="-121.89481">
        <ele>4.0</ele>
      </trkpt>
      <trkpt lat="36.60788" lon="-121.89485">
        <ele>4.2</ele>
      </trkpt>
      <trkpt lat="36.60789" lon="-121.89486">
        <ele>4.3</ele>
      </trkpt>
      <trkpt lat="36.6079" lon="-121.89487">
        <ele>4.3</ele>
      </trkpt>
      <trkpt lat="36.608" lon="-121.89497">
        <ele>4.5</ele>
      </trkpt>
      <trkpt lat="36.60804" lon="-121.89502">
        <ele>4.8</ele>
      </trkpt>
      <trkpt lat="36.60808" lon="-121.89509">
        <ele>5.5</ele>
      </trkpt>
      <trkpt lat="36.60821" lon="-121.89527">
        <ele>6.3</ele>
      </trkpt>
      <trkpt lat="36.60821" lon="-121.89527">
        <ele>6.3</ele>
      </trkpt>
      <trkpt lat="36.60829" lon="-121.8954">
        <ele>6.8</ele>
      </trkpt>
      <trkpt lat="36.60837" lon="-121.89549">
        <ele>6.9</ele>
      </trkpt>
      <trkpt lat="36.60842" lon="-121.89554">
        <ele>6.8</ele>
      </trkpt>
      <trkpt lat="36.60846" lon="-121.89559">
        <ele>6.9</ele>
      </trkpt>
      <trkpt lat="36.60851" lon="-121.89562">
        <ele>6.8</ele>
      </trkpt>
      <trkpt lat="36.60852" lon="-121.89563">
        <ele>6.8</ele>
      </trkpt>
      <trkpt lat="36.60862" lon="-121.89572">
        <ele>6.8</ele>
      </trkpt>
      <trkpt lat="36.60865" lon="-121.89576">
        <ele>6.9</ele>
      </trkpt>
      <trkpt lat="36.60866" lon="-121.89576">
        <ele>6.8</ele>
      </trkpt>
      <trkpt lat="36.60877" lon="-121.89586">
        <ele>7.0</ele>
      </trkpt>
      <trkpt lat="36.6088" lon="-121.89589">
        <ele>7.1</ele>
      </trkpt>
      <trkpt lat="36.60893" lon="-121.89604">
        <ele>7.8</ele>
      </trkpt>
      <trkpt lat="36.60895" lon="-121.89606">
        <ele>7.8</ele>
      </trkpt>
      <trkpt lat="36.60908" lon="-121.89617">
        <ele>8.3</ele>
      </trkpt>
      <trkpt lat="36.60924" lon="-121.89629">
        <ele>8.6</ele>
      </trkpt>
      <trkpt lat="36.60941" lon="-121.89641">
        <ele>8.8</ele>
      </trkpt>
      <trkpt lat="36.60942" lon="-121.89642">
        <ele>8.8</ele>
      </trkpt>
      <trkpt lat="36.60971" lon="-121.89667">
        <ele>9.2</ele>
      </trkpt>
      <trkpt lat="36.60973" lon="-121.89669">
        <ele>9.2</ele>
      </trkpt>
      <trkpt lat="36.60986" lon="-121.8968">
        <ele>9.2</ele>
      </trkpt>
      <trkpt lat="36.60989" lon="-121.89682">
        <ele>9.2</ele>
      </trkpt>
      <trkpt lat="36.61001" lon="-121.89692">
        <ele>9.3</ele>
      </trkpt>
      <trkpt lat="36.61032" lon="-121.89719">
        <ele>9.8</ele>
      </trkpt>
      <trkpt lat="36.61034" lon="-121.8972">
        <ele>9.8</ele>
      </trkpt>
      <trkpt lat="36.6106" lon="-121.89743">
        <ele>10.2</ele>
      </trkpt>
      <trkpt lat="36.61067" lon="-121.89749">
        <ele>10.3</ele>
      </trkpt>
      <trkpt lat="36.61075" lon="-121.89756">
        <ele>10.2</ele>
      </trkpt>
      <trkpt lat="36.6109" lon="-121.89768">
        <ele>10.2</ele>
      </trkpt>
      <trkpt lat="36.61105" lon="-121.89781">
        <ele>10.3</ele>
      </trkpt>
      <trkpt lat="36.61107" lon="-121.89782">
        <ele>10.2</ele>
      </trkpt>
      <trkpt lat="36.6112" lon="-121.89793">
        <ele>10.4</ele>
      </trkpt>
      <trkpt lat="36.61135" lon="-121.89806">
        <ele>10.5</ele>
      </trkpt>
      <trkpt lat="36.61156" lon="-121.89822">
        <ele>10.6</ele>
      </trkpt>
      <trkpt lat="36.61166" lon="-121.89829">
        <ele>10.8</ele>
      </trkpt>
      <trkpt lat="36.61168" lon="-121.89831">
        <ele>10.9</ele>
      </trkpt>
      <trkpt lat="36.61182" lon="-121.89839">
        <ele>11.0</ele>
      </trkpt>
      <trkpt lat="36.61192" lon="-121.89844">
        <ele>11.2</ele>
      </trkpt>
      <trkpt lat="36.61199" lon="-121.89846">
        <ele>11.1</ele>
      </trkpt>
      <trkpt lat="36.61204" lon="-121.89847">
        <ele>11.0</ele>
      </trkpt>
      <trkpt lat="36.61216" lon="-121.89851">
        <ele>11.0</ele>
      </trkpt>
      <trkpt lat="36.61227" lon="-121.89853">
        <ele>10.9</ele>
      </trkpt>
      <trkpt lat="36.61232" lon="-121.89855">
        <ele>10.9</ele>
      </trkpt>
      <trkpt lat="36.61236" lon="-121.89856">
        <ele>10.9</ele>
      </trkpt>
      <trkpt lat="36.6124" lon="-121.89856">
        <ele>10.9</ele>
      </trkpt>
      <trkpt lat="36.61261" lon="-121.89856">
        <ele>10.7</ele>
      </trkpt>
      <trkpt lat="36.61279" lon="-121.89856">
        <ele>10.9</ele>
      </trkpt>
      <trkpt lat="36.61282" lon="-121.89856">
        <ele>11.0</ele>
      </trkpt>
      <trkpt lat="36.61297" lon="-121.89856">
        <ele>11.3</ele>
      </trkpt>
      <trkpt lat="36.61299" lon="-121.89856">
        <ele>11.3</ele>
      </trkpt>
      <trkpt lat="36.61314" lon="-121.89858">
        <ele>11.5</ele>
      </trkpt>
      <trkpt lat="36.61315" lon="-121.89858">
        <ele>11.5</ele>
      </trkpt>
      <trkpt lat="36.61319" lon="-121.89859">
        <ele>11.6</ele>
      </trkpt>
      <trkpt lat="36.61331" lon="-121.89863">
        <ele>11.6</ele>
      </trkpt>
      <trkpt lat="36.61332" lon="-121.89864">
        <ele>11.7</ele>
      </trkpt>
      <trkpt lat="36.61346" lon="-121.89871">
        <ele>11.7</ele>
      </trkpt>
      <trkpt lat="36.61363" lon="-121.89885">
        <ele>11.5</ele>
      </trkpt>
      <trkpt lat="36.61378" lon="-121.89898">
        <ele>11.3</ele>
      </trkpt>
      <trkpt lat="36.61393" lon="-121.89911">
        <ele>11.1</ele>
      </trkpt>
      <trkpt lat="36.61407" lon="-121.89924">
        <ele>11.0</ele>
      </trkpt>
      <trkpt lat="36.61408" lon="-121.89924">
        <ele>11.0</ele>
      </trkpt>
      <trkpt lat="36.61423" lon="-121.89937">
        <ele>10.9</ele>
      </trkpt>
      <trkpt lat="36.6145" lon="-121.89961">
        <ele>10.5</ele>
      </trkpt>
      <trkpt lat="36.61452" lon="-121.89962">
        <ele>10.4</ele>
      </trkpt>
      <trkpt lat="36.61467" lon="-121.89974">
        <ele>10.0</ele>
      </trkpt>
      <trkpt lat="36.6148" lon="-121.89986">
        <ele>9.7</ele>
      </trkpt>
      <trkpt lat="36.61482" lon="-121.89987">
        <ele>9.7</ele>
      </trkpt>
      <trkpt lat="36.61495" lon="-121.89998">
        <ele>9.5</ele>
      </trkpt>
      <trkpt lat="36.6151" lon="-121.90011">
        <ele>9.3</ele>
      </trkpt>
      <trkpt lat="36.61517" lon="-121.90017">
        <ele>9.3</ele>
      </trkpt>
      <trkpt lat="36.61546" lon="-121.90041">
        <ele>9.3</ele>
      </trkpt>
      <trkpt lat="36.61561" lon="-121.90054">
        <ele>9.4</ele>
      </trkpt>
      <trkpt lat="36.61577" lon="-121.90066">
        <ele>9.4</ele>
      </trkpt>
      <trkpt lat="36.61582" lon="-121.90071">
        <ele>9.6</ele>
      </trkpt>
      <trkpt lat="36.61586" lon="-121.90074">
        <ele>9.7</ele>
      </trkpt>
      <trkpt lat="36.61601" lon="-121.90086">
        <ele>10.1</ele>
      </trkpt>
      <trkpt lat="36.61602" lon="-121.90087">
        <ele>10.1</ele>
      </trkpt>
      <trkpt lat="36.61635" lon="-121.90114">
        <ele>10.9</ele>
      </trkpt>
      <trkpt lat="36.61646" lon="-121.90123">
        <ele>11.1</ele>
      </trkpt>
      <trkpt lat="36.6165" lon="-121.90127">
        <ele>11.2</ele>
      </trkpt>
      <trkpt lat="36.61683" lon="-121.90154">
        <ele>11.1</ele>
      </trkpt>
      <trkpt lat="36.61696" lon="-121.90163">
        <ele>10.7</ele>
      </trkpt>
      <trkpt lat="36.61708" lon="-121.90174">
        <ele>10.6</ele>
      </trkpt>
      <trkpt lat="36.61722" lon="-121.90186">
        <ele>10.3</ele>
      </trkpt>
      <trkpt lat="36.61726" lon="-121.90189">
        <ele>10.2</ele>
      </trkpt>
      <trkpt lat="36.61736" lon="-121.90199">
        <ele>10.1</ele>
      </trkpt>
      <trkpt lat="36.61737" lon="-121.902">
        <ele>10.1</ele>
      </trkpt>
      <trkpt lat="36.61746" lon="-121.90208">
        <ele>9.8</ele>
      </trkpt>
      <trkpt lat="36.61751" lon="-121.90213">
        <ele>9.6</ele>
      </trkpt>
      <trkpt lat="36.61758" lon="-121.9022">
        <ele>9.5</ele>
      </trkpt>
      <trkpt lat="36.61778" lon="-121.90242">
        <ele>8.8</ele>
      </trkpt>
      <trkpt lat="36.61784" lon="-121.9026">
        <ele>8.8</ele>
      </trkpt>
      <trkpt lat="36.61787" lon="-121.90269">
        <ele>8.9</ele>
      </trkpt>
      <trkpt lat="36.61788" lon="-121.9027">
        <ele>8.8</ele>
      </trkpt>
      <trkpt lat="36.61791" lon="-121.90276">
        <ele>8.8</ele>
      </trkpt>
      <trkpt lat="36.61795" lon="-121.90281">
        <ele>8.7</ele>
      </trkpt>
      <trkpt lat="36.618" lon="-121.90286">
        <ele>8.5</ele>
      </trkpt>
      <trkpt lat="36.61803" lon="-121.9029">
        <ele>8.5</ele>
      </trkpt>
      <trkpt lat="36.61815" lon="-121.90302">
        <ele>8.0</ele>
      </trkpt>
      <trkpt lat="36.61821" lon="-121.90309">
        <ele>7.8</ele>
      </trkpt>
      <trkpt lat="36.61826" lon="-121.90316">
        <ele>7.7</ele>
      </trkpt>
      <trkpt lat="36.61828" lon="-121.90319">
        <ele>7.6</ele>
      </trkpt>
      <trkpt lat="36.61838" lon="-121.90326">
        <ele>7.2</ele>
      </trkpt>
      <trkpt lat="36.61842" lon="-121.90328">
        <ele>7.0</ele>
      </trkpt>
      <trkpt lat="36.61844" lon="-121.90329">
        <ele>6.9</ele>
      </trkpt>
      <trkpt lat="36.61857" lon="-121.90339">
        <ele>6.5</ele>
      </trkpt>
      <trkpt lat="36.61861" lon="-121.90343">
        <ele>6.5</ele>
      </trkpt>
      <trkpt lat="36.61871" lon="-121.90354">
        <ele>6.5</ele>
      </trkpt>
      <trkpt lat="36.61877" lon="-121.9036">
        <ele>6.5</ele>
      </trkpt>
      <trkpt lat="36.61884" lon="-121.90369">
        <ele>6.6</ele>
      </trkpt>
      <trkpt lat="36.61897" lon="-121.90384">
        <ele>6.7</ele>
      </trkpt>
      <trkpt lat="36.619" lon="-121.90388">
        <ele>6.8</ele>
      </trkpt>
      <trkpt lat="36.61907" lon="-121.90398">
        <ele>6.9</ele>
      </trkpt>
      <trkpt lat="36.61909" lon="-121.90401">
        <ele>6.9</ele>
      </trkpt>
      <trkpt lat="36.61916" lon="-121.90412">
        <ele>7.0</ele>
      </trkpt>
      <trkpt lat="36.61921" lon="-121.90418">
        <ele>7.0</ele>
      </trkpt>
      <trkpt lat="36.61934" lon="-121.90433">
        <ele>6.8</ele>
      </trkpt>
      <trkpt lat="36.61939" lon="-121.90439">
        <ele>6.8</ele>
      </trkpt>
      <trkpt lat="36.61959" lon="-121.90466">
        <ele>6.7</ele>
      </trkpt>
      <trkpt lat="36.61972" lon="-121.90484">
        <ele>6.7</ele>
      </trkpt>
      <trkpt lat="36.61978" lon="-121.90493">
        <ele>6.8</ele>
      </trkpt>
      <trkpt lat="36.61995" lon="-121.90518">
        <ele>6.9</ele>
      </trkpt>
      <trkpt lat="36.62006" lon="-121.90536">
        <ele>6.9</ele>
      </trkpt>
      <trkpt lat="36.62007" lon="-121.90539">
        <ele>7.0</ele>
      </trkpt>
      <trkpt lat="36.62015" lon="-121.90555">
        <ele>6.9</ele>
      </trkpt>
      <trkpt lat="36.62019" lon="-121.90563">
        <ele>6.8</ele>
      </trkpt>
      <trkpt lat="36.62024" lon="-121.90574">
        <ele>7.0</ele>
      </trkpt>
      <trkpt lat="36.62031" lon="-121.90589">
        <ele>7.4</ele>
      </trkpt>
      <trkpt lat="36.62033" lon="-121.90594">
        <ele>7.7</ele>
      </trkpt>
      <trkpt lat="36.62039" lon="-121.90613">
        <ele>7.3</ele>
      </trkpt>
      <trkpt lat="36.6204" lon="-121.90615">
        <ele>6.9</ele>
      </trkpt>
      <trkpt lat="36.62047" lon="-121.90635">
        <ele>7.0</ele>
      </trkpt>
      <trkpt lat="36.62048" lon="-121.90639">
        <ele>7.0</ele>
      </trkpt>
      <trkpt lat="36.62053" lon="-121.90657">
        <ele>6.9</ele>
      </trkpt>
      <trkpt lat="36.62059" lon="-121.90681">
        <ele>7.9</ele>
      </trkpt>
      <trkpt lat="36.62069" lon="-121.90721">
        <ele>7.9</ele>
      </trkpt>
      <trkpt lat="36.6207" lon="-121.90724">
        <ele>7.9</ele>
      </trkpt>
      <trkpt lat="36.62073" lon="-121.90742">
        <ele>7.8</ele>
      </trkpt>
      <trkpt lat="36.62075" lon="-121.90751">
        <ele>7.8</ele>
      </trkpt>
      <trkpt lat="36.62077" lon="-121.90782">
        <ele>7.7</ele>
      </trkpt>
      <trkpt lat="36.62077" lon="-121.90787">
        <ele>7.7</ele>
      </trkpt>
      <trkpt lat="36.62078" lon="-121.90816">
        <ele>6.2</ele>
      </trkpt>
      <trkpt lat="36.62077" lon="-121.90832">
        <ele>4.2</ele>
      </trkpt>
      <trkpt lat="36.62077" lon="-121.9084">
        <ele>3.4</ele>
      </trkpt>
      <trkpt lat="36.62077" lon="-121.90854">
        <ele>2.8</ele>
      </trkpt>
      <trkpt lat="36.62077" lon="-121.90872">
        <ele>3.4</ele>
      </trkpt>
      <trkpt lat="36.62077" lon="-121.90876">
        <ele>3.6</ele>
      </trkpt>
      <trkpt lat="36.62078" lon="-121.90894">
        <ele>5.0</ele>
      </trkpt>
      <trkpt lat="36.62078" lon="-121.90899">
        <ele>5.6</ele>
      </trkpt>
      <trkpt lat="36.6208" lon="-121.90918">
        <ele>6.2</ele>
      </trkpt>
      <trkpt lat="36.62085" lon="-121.9094">
        <ele>3.1</ele>
      </trkpt>
      <trkpt lat="36.62085" lon="-121.90943">
        <ele>3.1</ele>
      </trkpt>
      <trkpt lat="36.62089" lon="-121.90961">
        <ele>3.4</ele>
      </trkpt>
      <trkpt lat="36.62091" lon="-121.90964">
        <ele>3.3</ele>
      </trkpt>
      <trkpt lat="36.62098" lon="-121.90979">
        <ele>4.5</ele>
      </trkpt>
      <trkpt lat="36.621" lon="-121.90983">
        <ele>4.9</ele>
      </trkpt>
      <trkpt lat="36.62107" lon="-121.90993">
        <ele>5.4</ele>
      </trkpt>
      <trkpt lat="36.62112" lon="-121.90999">
        <ele>6.0</ele>
      </trkpt>
      <trkpt lat="36.6212" lon="-121.91008">
        <ele>6.3</ele>
      </trkpt>
      <trkpt lat="36.62126" lon="-121.91014">
        <ele>6.5</ele>
      </trkpt>
      <trkpt lat="36.6213" lon="-121.91018">
        <ele>6.9</ele>
      </trkpt>
      <trkpt lat="36.62146" lon="-121.9103">
        <ele>7.0</ele>
      </trkpt>
      <trkpt lat="36.62157" lon="-121.91037">
        <ele>6.7</ele>
      </trkpt>
      <trkpt lat="36.62162" lon="-121.9104">
        <ele>6.5</ele>
      </trkpt>
      <trkpt lat="36.62177" lon="-121.91058">
        <ele>7.3</ele>
      </trkpt>
      <trkpt lat="36.62189" lon="-121.9107">
        <ele>7.2</ele>
      </trkpt>
      <trkpt lat="36.62197" lon="-121.91079">
        <ele>6.7</ele>
      </trkpt>
      <trkpt lat="36.62198" lon="-121.9108">
        <ele>6.6</ele>
      </trkpt>
      <trkpt lat="36.62209" lon="-121.91095">
        <ele>5.5</ele>
      </trkpt>
      <trkpt lat="36.62217" lon="-121.91112">
        <ele>5.0</ele>
      </trkpt>
      <trkpt lat="36.62221" lon="-121.91121">
        <ele>5.0</ele>
      </trkpt>
      <trkpt lat="36.62227" lon="-121.91134">
        <ele>5.2</ele>
      </trkpt>
      <trkpt lat="36.6223" lon="-121.91141">
        <ele>5.4</ele>
      </trkpt>
      <trkpt lat="36.62235" lon="-121.91154">
        <ele>6.0</ele>
      </trkpt>
      <trkpt lat="36.62237" lon="-121.91161">
        <ele>6.5</ele>
      </trkpt>
      <trkpt lat="36.62242" lon="-121.91176">
        <ele>7.5</ele>
      </trkpt>
      <trkpt lat="36.62246" lon="-121.91192">
        <ele>8.4</ele>
      </trkpt>
      <trkpt lat="36.62248" lon="-121.91203">
        <ele>9.0</ele>
      </trkpt>
      <trkpt lat="36.62253" lon="-121.91228">
        <ele>9.8</ele>
      </trkpt>
      <trkpt lat="36.62254" lon="-121.91237">
        <ele>9.9</ele>
      </trkpt>
      <trkpt lat="36.62255" lon="-121.91248">
        <ele>9.7</ele>
      </trkpt>
      <trkpt lat="36.62257" lon="-121.91259">
        <ele>8.9</ele>
      </trkpt>
      <trkpt lat="36.62257" lon="-121.91262">
        <ele>8.8</ele>
      </trkpt>
      <trkpt lat="36.62267" lon="-121.91325">
        <ele>4.3</ele>
      </trkpt>
      <trkpt lat="36.62269" lon="-121.91339">
        <ele>4.4</ele>
      </trkpt>
      <trkpt lat="36.62276" lon="-121.91375">
        <ele>2.2</ele>
      </trkpt>
      <trkpt lat="36.62281" lon="-121.91392">
        <ele>1.8</ele>
      </trkpt>
      <trkpt lat="36.62284" lon="-121.91405">
        <ele>2.6</ele>
      </trkpt>
      <trkpt lat="36.62288" lon="-121.91416">
        <ele>3.5</ele>
      </trkpt>
      <trkpt lat="36.62294" lon="-121.91426">
        <ele>3.7</ele>
      </trkpt>
      <trkpt lat="36.62302" lon="-121.91441">
        <ele>4.6</ele>
      </trkpt>
      <trkpt lat="36.62309" lon="-121.91449">
        <ele>4.6</ele>
      </trkpt>
      <trkpt lat="36.62313" lon="-121.91454">
        <ele>4.8</ele>
      </trkpt>
      <trkpt lat="36.62323" lon="-121.91463">
        <ele>5.9</ele>
      </trkpt>
      <trkpt lat="36.62326" lon="-121.91466">
        <ele>6.1</ele>
      </trkpt>
      <trkpt lat="36.62341" lon="-121.91476">
        <ele>7.0</ele>
      </trkpt>
      <trkpt lat="36.62354" lon="-121.91483">
        <ele>7.3</ele>
      </trkpt>
      <trkpt lat="36.6237" lon="-121.91494">
        <ele>7.1</ele>
      </trkpt>
      <trkpt lat="36.62386" lon="-121.91505">
        <ele>5.9</ele>
      </trkpt>
      <trkpt lat="36.62387" lon="-121.91506">
        <ele>5.9</ele>
      </trkpt>
      <trkpt lat="36.62392" lon="-121.9151">
        <ele>5.3</ele>
      </trkpt>
      <trkpt lat="36.62401" lon="-121.91518">
        <ele>4.0</ele>
      </trkpt>
      <trkpt lat="36.62403" lon="-121.9152">
        <ele>3.7</ele>
      </trkpt>
      <trkpt lat="36.62408" lon="-121.91525">
        <ele>3.3</ele>
      </trkpt>
      <trkpt lat="36.62414" lon="-121.91533">
        <ele>3.5</ele>
      </trkpt>
      <trkpt lat="36.62421" lon="-121.91545">
        <ele>3.4</ele>
      </trkpt>
      <trkpt lat="36.62424" lon="-121.91551">
        <ele>3.2</ele>
      </trkpt>
      <trkpt lat="36.62429" lon="-121.91561">
        <ele>3.2</ele>
      </trkpt>
      <trkpt lat="36.62433" lon="-121.91571">
        <ele>3.0</ele>
      </trkpt>
      <trkpt lat="36.62439" lon="-121.91586">
        <ele>3.6</ele>
      </trkpt>
      <trkpt lat="36.62441" lon="-121.91591">
        <ele>3.4</ele>
      </trkpt>
      <trkpt lat="36.62464" lon="-121.91652">
        <ele>7.2</ele>
      </trkpt>
      <trkpt lat="36.62472" lon="-121.91675">
        <ele>7.1</ele>
      </trkpt>
      <trkpt lat="36.62473" lon="-121.91677">
        <ele>7.1</ele>
      </trkpt>
      <trkpt lat="36.62487" lon="-121.91716">
        <ele>10.6</ele>
      </trkpt>
      <trkpt lat="36.62495" lon="-121.91738">
        <ele>12.6</ele>
      </trkpt>
      <trkpt lat="36.62495" lon="-121.91738">
        <ele>12.6</ele>
      </trkpt>
      <trkpt lat="36.62512" lon="-121.91731">
        <ele>12.2</ele>
      </trkpt>
      <trkpt lat="36.6252" lon="-121.91727">
        <ele>11.9</ele>
      </trkpt>
      <trkpt lat="36.6256" lon="-121.9171">
        <ele>9.2</ele>
      </trkpt>
      <trkpt lat="36.62571" lon="-121.91704">
        <ele>8.8</ele>
      </trkpt>
      <trkpt lat="36.62593" lon="-121.91694">
        <ele>8.5</ele>
      </trkpt>
      <trkpt lat="36.62611" lon="-121.91686">
        <ele>7.0</ele>
      </trkpt>
      <trkpt lat="36.62613" lon="-121.91686">
        <ele>6.8</ele>
      </trkpt>
      <trkpt lat="36.62618" lon="-121.91686">
        <ele>6.3</ele>
      </trkpt>
      <trkpt lat="36.62622" lon="-121.91687">
        <ele>5.9</ele>
      </trkpt>
      <trkpt lat="36.62628" lon="-121.91691">
        <ele>5.0</ele>
      </trkpt>
      <trkpt lat="36.62633" lon="-121.91698">
        <ele>4.3</ele>
      </trkpt>
      <trkpt lat="36.62639" lon="-121.91716">
        <ele>3.8</ele>
      </trkpt>
      <trkpt lat="36.62646" lon="-121.91739">
        <ele>3.4</ele>
      </trkpt>
      <trkpt lat="36.62656" lon="-121.91805">
        <ele>4.5</ele>
      </trkpt>
      <trkpt lat="36.62664" lon="-121.91839">
        <ele>5.1</ele>
      </trkpt>
      <trkpt lat="36.62669" lon="-121.91853">
        <ele>4.8</ele>
      </trkpt>
      <trkpt lat="36.62669" lon="-121.91854">
        <ele>4.9</ele>
      </trkpt>
      <trkpt lat="36.62684" lon="-121.91894">
        <ele>4.1</ele>
      </trkpt>
      <trkpt lat="36.62727" lon="-121.91984">
        <ele>3.8</ele>
      </trkpt>
      <trkpt lat="36.62769" lon="-121.9207">
        <ele>3.4</ele>
      </trkpt>
      <trkpt lat="36.62783" lon="-121.92098">
        <ele>3.1</ele>
      </trkpt>
      <trkpt lat="36.62806" lon="-121.92148">
        <ele>3.3</ele>
      </trkpt>
      <trkpt lat="36.62808" lon="-121.92155">
        <ele>3.8</ele>
      </trkpt>
      <trkpt lat="36.6281" lon="-121.92162">
        <ele>4.3</ele>
      </trkpt>
      <trkpt lat="36.62811" lon="-121.92164">
        <ele>4.5</ele>
      </trkpt>
      <trkpt lat="36.62814" lon="-121.92173">
        <ele>5.3</ele>
      </trkpt>
      <trkpt lat="36.62818" lon="-121.92184">
        <ele>6.6</ele>
      </trkpt>
      <trkpt lat="36.62824" lon="-121.92192">
        <ele>7.7</ele>
      </trkpt>
      <trkpt lat="36.6283" lon="-121.92199">
        <ele>8.6</ele>
      </trkpt>
      <trkpt lat="36.62836" lon="-121.92204">
        <ele>9.2</ele>
      </trkpt>
      <trkpt lat="36.62841" lon="-121.92208">
        <ele>9.8</ele>
      </trkpt>
      <trkpt lat="36.62848" lon="-121.92213">
        <ele>10.6</ele>
      </trkpt>
      <trkpt lat="36.62853" lon="-121.92215">
        <ele>11.0</ele>
      </trkpt>
      <trkpt lat="36.62856" lon="-121.92216">
        <ele>11.2</ele>
      </trkpt>
      <trkpt lat="36.62867" lon="-121.9222">
        <ele>11.8</ele>
      </trkpt>
      <trkpt lat="36.62883" lon="-121.92221">
        <ele>12.0</ele>
      </trkpt>
      <trkpt lat="36.62899" lon="-121.92218">
        <ele>11.0</ele>
      </trkpt>
      <trkpt lat="36.62909" lon="-121.92216">
        <ele>10.5</ele>
      </trkpt>
      <trkpt lat="36.62918" lon="-121.92214">
        <ele>10.0</ele>
      </trkpt>
      <trkpt lat="36.62935" lon="-121.92209">
        <ele>8.9</ele>
      </trkpt>
      <trkpt lat="36.62946" lon="-121.92207">
        <ele>7.6</ele>
      </trkpt>
      <trkpt lat="36.62956" lon="-121.92204">
        <ele>6.3</ele>
      </trkpt>
      <trkpt lat="36.62965" lon="-121.92203">
        <ele>5.5</ele>
      </trkpt>
      <trkpt lat="36.62972" lon="-121.92203">
        <ele>5.1</ele>
      </trkpt>
      <trkpt lat="36.62979" lon="-121.92204">
        <ele>4.9</ele>
      </trkpt>
      <trkpt lat="36.62989" lon="-121.92206">
        <ele>4.8</ele>
      </trkpt>
      <trkpt lat="36.62996" lon="-121.92207">
        <ele>4.9</ele>
      </trkpt>
      <trkpt lat="36.63003" lon="-121.92211">
        <ele>5.2</ele>
      </trkpt>
      <trkpt lat="36.63019" lon="-121.92219">
        <ele>5.7</ele>
      </trkpt>
      <trkpt lat="36.63058" lon="-121.92249">
        <ele>8.6</ele>
      </trkpt>
      <trkpt lat="36.63076" lon="-121.92258">
        <ele>8.9</ele>
      </trkpt>
      <trkpt lat="36.63087" lon="-121.9226">
        <ele>8.5</ele>
      </trkpt>
      <trkpt lat="36.63095" lon="-121.92261">
        <ele>8.0</ele>
      </trkpt>
      <trkpt lat="36.63104" lon="-121.9226">
        <ele>7.4</ele>
      </trkpt>
      <trkpt lat="36.63115" lon="-121.92259">
        <ele>6.6</ele>
      </trkpt>
      <trkpt lat="36.63144" lon="-121.92254">
        <ele>5.1</ele>
      </trkpt>
      <trkpt lat="36.63161" lon="-121.92253">
        <ele>4.5</ele>
      </trkpt>
      <trkpt lat="36.63168" lon="-121.92253">
        <ele>4.2</ele>
      </trkpt>
      <trkpt lat="36.63178" lon="-121.92254">
        <ele>4.0</ele>
      </trkpt>
      <trkpt lat="36.63186" lon="-121.92255">
        <ele>3.8</ele>
      </trkpt>
      <trkpt lat="36.63194" lon="-121.92257">
        <ele>3.6</ele>
      </trkpt>
      <trkpt lat="36.6321" lon="-121.92264">
        <ele>3.2</ele>
      </trkpt>
      <trkpt lat="36.63231" lon="-121.92278">
        <ele>2.8</ele>
      </trkpt>
      <trkpt lat="36.63232" lon="-121.92279">
        <ele>2.8</ele>
      </trkpt>
      <trkpt lat="36.63259" lon="-121.92301">
        <ele>2.4</ele>
      </trkpt>
      <trkpt lat="36.63301" lon="-121.92339">
        <ele>3.0</ele>
      </trkpt>
      <trkpt lat="36.63302" lon="-121.92339">
        <ele>3.0</ele>
      </trkpt>
      <trkpt lat="36.63303" lon="-121.9234">
        <ele>3.0</ele>
      </trkpt>
      <trkpt lat="36.63406" lon="-121.92432">
        <ele>2.2</ele>
      </trkpt>
      <trkpt lat="36.63444" lon="-121.92465">
        <ele>2.1</ele>
      </trkpt>
      <trkpt lat="36.63458" lon="-121.92477">
        <ele>2.1</ele>
      </trkpt>
      <trkpt lat="36.6347" lon="-121.92491">
        <ele>2.0</ele>
      </trkpt>
      <trkpt lat="36.63483" lon="-121.92509">
        <ele>1.9</ele>
      </trkpt>
      <trkpt lat="36.63492" lon="-121.92528">
        <ele>2.1</ele>
      </trkpt>
      <trkpt lat="36.63493" lon="-121.92529">
        <ele>2.0</ele>
      </trkpt>
      <trkpt lat="36.63501" lon="-121.9255">
        <ele>2.1</ele>
      </trkpt>
      <trkpt lat="36.63509" lon="-121.92575">
        <ele>2.2</ele>
      </trkpt>
      <trkpt lat="36.63514" lon="-121.926">
        <ele>2.3</ele>
      </trkpt>
      <trkpt lat="36.63516" lon="-121.92629">
        <ele>2.4</ele>
      </trkpt>
      <trkpt lat="36.63518" lon="-121.92677">
        <ele>2.5</ele>
      </trkpt>
      <trkpt lat="36.63521" lon="-121.92734">
        <ele>2.5</ele>
      </trkpt>
      <trkpt lat="36.63522" lon="-121.92744">
        <ele>2.5</ele>
      </trkpt>
      <trkpt lat="36.63522" lon="-121.9275">
        <ele>2.6</ele>
      </trkpt>
      <trkpt lat="36.63525" lon="-121.92767">
        <ele>2.7</ele>
      </trkpt>
      <trkpt lat="36.63528" lon="-121.92779">
        <ele>2.8</ele>
      </trkpt>
      <trkpt lat="36.63531" lon="-121.92787">
        <ele>2.7</ele>
      </trkpt>
      <trkpt lat="36.63531" lon="-121.92788">
        <ele>2.8</ele>
      </trkpt>
      <trkpt lat="36.63533" lon="-121.92794">
        <ele>2.8</ele>
      </trkpt>
      <trkpt lat="36.63542" lon="-121.92814">
        <ele>2.7</ele>
      </trkpt>
      <trkpt lat="36.63544" lon="-121.92818">
        <ele>2.7</ele>
      </trkpt>
      <trkpt lat="36.63561" lon="-121.92851">
        <ele>3.0</ele>
      </trkpt>
      <trkpt lat="36.63574" lon="-121.92878">
        <ele>3.1</ele>
      </trkpt>
      <trkpt lat="36.63584" lon="-121.92897">
        <ele>3.0</ele>
      </trkpt>
      <trkpt lat="36.63586" lon="-121.92899">
        <ele>3.0</ele>
      </trkpt>
      <trkpt lat="36.63596" lon="-121.92919">
        <ele>2.7</ele>
      </trkpt>
      <trkpt lat="36.63603" lon="-121.92933">
        <ele>2.6</ele>
      </trkpt>
      <trkpt lat="36.6361" lon="-121.92953">
        <ele>2.5</ele>
      </trkpt>
      <trkpt lat="36.63615" lon="-121.92973">
        <ele>2.4</ele>
      </trkpt>
      <trkpt lat="36.63619" lon="-121.92996">
        <ele>2.4</ele>
      </trkpt>
      <trkpt lat="36.63619" lon="-121.92997">
        <ele>2.4</ele>
      </trkpt>
      <trkpt lat="36.63631" lon="-121.93064">
        <ele>2.6</ele>
      </trkpt>
      <trkpt lat="36.63636" lon="-121.93098">
        <ele>2.5</ele>
      </trkpt>
      <trkpt lat="36.63639" lon="-121.9311">
        <ele>2.5</ele>
      </trkpt>
      <trkpt lat="36.6364" lon="-121.93116">
        <ele>2.4</ele>
      </trkpt>
      <trkpt lat="36.63643" lon="-121.93124">
        <ele>2.4</ele>
      </trkpt>
      <trkpt lat="36.63646" lon="-121.93135">
        <ele>2.4</ele>
      </trkpt>
      <trkpt lat="36.63657" lon="-121.93162">
        <ele>2.3</ele>
      </trkpt>
      <trkpt lat="36.63659" lon="-121.93167">
        <ele>2.2</ele>
      </trkpt>
      <trkpt lat="36.6366" lon="-121.93173">
        <ele>2.2</ele>
      </trkpt>
      <trkpt lat="36.63662" lon="-121.93179">
        <ele>2.2</ele>
      </trkpt>
      <trkpt lat="36.63663" lon="-121.93187">
        <ele>2.2</ele>
      </trkpt>
      <trkpt lat="36.63663" lon="-121.93195">
        <ele>2.1</ele>
      </trkpt>
      <trkpt lat="36.63663" lon="-121.93203">
        <ele>2.2</ele>
      </trkpt>
      <trkpt lat="36.63662" lon="-121.93212">
        <ele>2.2</ele>
      </trkpt>
      <trkpt lat="36.6366" lon="-121.93224">
        <ele>2.1</ele>
      </trkpt>
      <trkpt lat="36.6366" lon="-121.93225">
        <ele>2.1</ele>
      </trkpt>
      <trkpt lat="36.63657" lon="-121.93248">
        <ele>2.1</ele>
      </trkpt>
      <trkpt lat="36.63656" lon="-121.93259">
        <ele>2.1</ele>
      </trkpt>
      <trkpt lat="36.63656" lon="-121.93272">
        <ele>2.0</ele>
      </trkpt>
      <trkpt lat="36.63656" lon="-121.93277">
        <ele>2.0</ele>
      </trkpt>
      <trkpt lat="36.63657" lon="-121.93284">
        <ele>2.0</ele>
      </trkpt>
      <trkpt lat="36.63657" lon="-121.93284">
        <ele>2.0</ele>
      </trkpt>
      <trkpt lat="36.63657" lon="-121.93284">
        <ele>2.0</ele>
      </trkpt>
      <trkpt lat="36.63661" lon="-121.93317">
        <ele>2.1</ele>
      </trkpt>
      <trkpt lat="36.63665" lon="-121.93336">
        <ele>2.1</ele>
      </trkpt>
      <trkpt lat="36.6367" lon="-121.93351">
        <ele>2.1</ele>
      </trkpt>
      <trkpt lat="36.63675" lon="-121.9336">
        <ele>2.1</ele>
      </trkpt>
      <trkpt lat="36.63702" lon="-121.93394">
        <ele>1.9</ele>
      </trkpt>
      <trkpt lat="36.6371" lon="-121.9341">
        <ele>1.8</ele>
      </trkpt>
      <trkpt lat="36.63714" lon="-121.93424">
        <ele>1.6</ele>
      </trkpt>
      <trkpt lat="36.63714" lon="-121.93433">
        <ele>1.7</ele>
      </trkpt>
      <trkpt lat="36.63714" lon="-121.93445">
        <ele>1.7</ele>
      </trkpt>
      <trkpt lat="36.63712" lon="-121.93456">
        <ele>1.7</ele>
      </trkpt>
      <trkpt lat="36.63701" lon="-121.93491">
        <ele>1.6</ele>
      </trkpt>
      <trkpt lat="36.63698" lon="-121.93501">
        <ele>1.6</ele>
      </trkpt>
      <trkpt lat="36.63696" lon="-121.93521">
        <ele>1.6</ele>
      </trkpt>
      <trkpt lat="36.63693" lon="-121.93563">
        <ele>1.7</ele>
      </trkpt>
      <trkpt lat="36.6369" lon="-121.93573">
        <ele>1.7</ele>
      </trkpt>
      <trkpt lat="36.63686" lon="-121.93582">
        <ele>1.6</ele>
      </trkpt>
      <trkpt lat="36.6368" lon="-121.93591">
        <ele>1.7</ele>
      </trkpt>
      <trkpt lat="36.63673" lon="-121.93598">
        <ele>1.7</ele>
      </trkpt>
      <trkpt lat="36.63664" lon="-121.93604">
        <ele>1.9</ele>
      </trkpt>
      <trkpt lat="36.63596" lon="-121.93647">
        <ele>2.4</ele>
      </trkpt>
      <trkpt lat="36.63589" lon="-121.93654">
        <ele>2.5</ele>
      </trkpt>
      <trkpt lat="36.63584" lon="-121.93661">
        <ele>2.5</ele>
      </trkpt>
      <trkpt lat="36.63579" lon="-121.93669">
        <ele>2.6</ele>
      </trkpt>
      <trkpt lat="36.6357" lon="-121.93688">
        <ele>2.6</ele>
      </trkpt>
      <trkpt lat="36.63562" lon="-121.93701">
        <ele>2.6</ele>
      </trkpt>
      <trkpt lat="36.63553" lon="-121.93711">
        <ele>2.6</ele>
      </trkpt>
      <trkpt lat="36.63522" lon="-121.93731">
        <ele>2.4</ele>
      </trkpt>
      <trkpt lat="36.63493" lon="-121.93755">
        <ele>2.7</ele>
      </trkpt>
      <trkpt lat="36.63452" lon="-121.93778">
        <ele>3.1</ele>
      </trkpt>
      <trkpt lat="36.63446" lon="-121.93782">
        <ele>3.1</ele>
      </trkpt>
      <trkpt lat="36.63436" lon="-121.93792">
        <ele>3.1</ele>
      </trkpt>
      <trkpt lat="36.63421" lon="-121.93811">
        <ele>3.1</ele>
      </trkpt>
      <trkpt lat="36.63421" lon="-121.93811">
        <ele>3.1</ele>
      </trkpt>
      <trkpt lat="36.63418" lon="-121.93815">
        <ele>3.1</ele>
      </trkpt>
      <trkpt lat="36.63409" lon="-121.93824">
        <ele>3.2</ele>
      </trkpt>
      <trkpt lat="36.63398" lon="-121.93829">
        <ele>3.1</ele>
      </trkpt>
      <trkpt lat="36.63386" lon="-121.93832">
        <ele>3.0</ele>
      </trkpt>
      <trkpt lat="36.63381" lon="-121.93832">
        <ele>3.0</ele>
      </trkpt>
      <trkpt lat="36.63368" lon="-121.9383">
        <ele>3.4</ele>
      </trkpt>
      <trkpt lat="36.63355" lon="-121.93824">
        <ele>4.3</ele>
      </trkpt>
      <trkpt lat="36.63346" lon="-121.93817">
        <ele>5.0</ele>
      </trkpt>
      <trkpt lat="36.6334" lon="-121.9381">
        <ele>5.6</ele>
      </trkpt>
      <trkpt lat="36.63284" lon="-121.93749">
        <ele>8.2</ele>
      </trkpt>
      <trkpt lat="36.63227" lon="-121.93687">
        <ele>11.1</ele>
      </trkpt>
      <trkpt lat="36.63216" lon="-121.93676">
        <ele>11.7</ele>
      </trkpt>
      <trkpt lat="36.63209" lon="-121.93671">
        <ele>12.2</ele>
      </trkpt>
      <trkpt lat="36.63204" lon="-121.93668">
        <ele>12.4</ele>
      </trkpt>
      <trkpt lat="36.63198" lon="-121.93666">
        <ele>12.7</ele>
      </trkpt>
      <trkpt lat="36.63191" lon="-121.93665">
        <ele>12.9</ele>
      </trkpt>
      <trkpt lat="36.63172" lon="-121.93665">
        <ele>12.9</ele>
      </trkpt>
      <trkpt lat="36.63114" lon="-121.93669">
        <ele>13.8</ele>
      </trkpt>
      <trkpt lat="36.63106" lon="-121.93671">
        <ele>13.7</ele>
      </trkpt>
      <trkpt lat="36.63102" lon="-121.93672">
        <ele>13.6</ele>
      </trkpt>
      <trkpt lat="36.63098" lon="-121.93677">
        <ele>13.5</ele>
      </trkpt>
      <trkpt lat="36.63091" lon="-121.93693">
        <ele>12.5</ele>
      </trkpt>
      <trkpt lat="36.63086" lon="-121.93701">
        <ele>11.4</ele>
      </trkpt>
      <trkpt lat="36.6308" lon="-121.93708">
        <ele>10.4</ele>
      </trkpt>
      <trkpt lat="36.63074" lon="-121.93713">
        <ele>9.6</ele>
      </trkpt>
      <trkpt lat="36.63062" lon="-121.9372">
        <ele>8.4</ele>
      </trkpt>
      <trkpt lat="36.63054" lon="-121.93722">
        <ele>7.9</ele>
      </trkpt>
      <trkpt lat="36.63044" lon="-121.93723">
        <ele>7.6</ele>
      </trkpt>
      <trkpt lat="36.63038" lon="-121.93723">
        <ele>7.5</ele>
      </trkpt>
      <trkpt lat="36.62998" lon="-121.93712">
        <ele>10.0</ele>
      </trkpt>
      <trkpt lat="36.62977" lon="-121.9371">
        <ele>11.0</ele>
      </trkpt>
      <trkpt lat="36.62955" lon="-121.93712">
        <ele>10.1</ele>
      </trkpt>
      <trkpt lat="36.62922" lon="-121.93721">
        <ele>8.0</ele>
      </trkpt>
      <trkpt lat="36.62894" lon="-121.9373">
        <ele>7.8</ele>
      </trkpt>
      <trkpt lat="36.62894" lon="-121.9373">
        <ele>7.8</ele>
      </trkpt>
      <trkpt lat="36.62824" lon="-121.9375">
        <ele>8.1</ele>
      </trkpt>
      <trkpt lat="36.62755" lon="-121.93771">
        <ele>9.2</ele>
      </trkpt>
      <trkpt lat="36.62686" lon="-121.93791">
        <ele>8.3</ele>
      </trkpt>
      <trkpt lat="36.62675" lon="-121.93795">
        <ele>8.1</ele>
      </trkpt>
      <trkpt lat="36.62666" lon="-121.93799">
        <ele>8.0</ele>
      </trkpt>
      <trkpt lat="36.62653" lon="-121.93809">
        <ele>7.7</ele>
      </trkpt>
      <trkpt lat="36.62646" lon="-121.93818">
        <ele>7.6</ele>
      </trkpt>
      <trkpt lat="36.62617" lon="-121.93861">
        <ele>8.9</ele>
      </trkpt>
      <trkpt lat="36.62605" lon="-121.93878">
        <ele>9.8</ele>
      </trkpt>
      <trkpt lat="36.62594" lon="-121.93891">
        <ele>9.9</ele>
      </trkpt>
      <trkpt lat="36.62578" lon="-121.93903">
        <ele>9.6</ele>
      </trkpt>
      <trkpt lat="36.62554" lon="-121.93915">
        <ele>9.6</ele>
      </trkpt>
      <trkpt lat="36.62508" lon="-121.93932">
        <ele>8.8</ele>
      </trkpt>
      <trkpt lat="36.62442" lon="-121.93956">
        <ele>9.6</ele>
      </trkpt>
      <trkpt lat="36.62376" lon="-121.9398">
        <ele>9.5</ele>
      </trkpt>
      <trkpt lat="36.62361" lon="-121.93989">
        <ele>9.2</ele>
      </trkpt>
      <trkpt lat="36.62351" lon="-121.93998">
        <ele>8.6</ele>
      </trkpt>
      <trkpt lat="36.62343" lon="-121.94008">
        <ele>7.7</ele>
      </trkpt>
      <trkpt lat="36.62335" lon="-121.94022">
        <ele>6.4</ele>
      </trkpt>
      <trkpt lat="36.62321" lon="-121.94062">
        <ele>5.0</ele>
      </trkpt>
      <trkpt lat="36.62314" lon="-121.94076">
        <ele>4.9</ele>
      </trkpt>
      <trkpt lat="36.62307" lon="-121.94086">
        <ele>4.9</ele>
      </trkpt>
      <trkpt lat="36.62302" lon="-121.94092">
        <ele>4.8</ele>
      </trkpt>
      <trkpt lat="36.62293" lon="-121.941">
        <ele>4.4</ele>
      </trkpt>
      <trkpt lat="36.62283" lon="-121.94106">
        <ele>3.9</ele>
      </trkpt>
      <trkpt lat="36.62273" lon="-121.94109">
        <ele>3.6</ele>
      </trkpt>
      <trkpt lat="36.62266" lon="-121.9411">
        <ele>3.5</ele>
      </trkpt>
      <trkpt lat="36.62257" lon="-121.9411">
        <ele>3.2</ele>
      </trkpt>
      <trkpt lat="36.62191" lon="-121.94103">
        <ele>6.8</ele>
      </trkpt>
      <trkpt lat="36.62191" lon="-121.94103">
        <ele>6.8</ele>
      </trkpt>
      <trkpt lat="36.62177" lon="-121.94104">
        <ele>7.5</ele>
      </trkpt>
      <trkpt lat="36.62169" lon="-121.94105">
        <ele>7.9</ele>
      </trkpt>
      <trkpt lat="36.62161" lon="-121.94108">
        <ele>8.0</ele>
      </trkpt>
      <trkpt lat="36.62151" lon="-121.94114">
        <ele>8.2</ele>
      </trkpt>
      <trkpt lat="36.6213" lon="-121.94131">
        <ele>8.3</ele>
      </trkpt>
      <trkpt lat="36.62117" lon="-121.94139">
        <ele>8.2</ele>
      </trkpt>
      <trkpt lat="36.62106" lon="-121.94144">
        <ele>8.0</ele>
      </trkpt>
      <trkpt lat="36.62093" lon="-121.94148">
        <ele>7.8</ele>
      </trkpt>
      <trkpt lat="36.62086" lon="-121.94148">
        <ele>7.8</ele>
      </trkpt>
      <trkpt lat="36.6206" lon="-121.94146">
        <ele>7.4</ele>
      </trkpt>
      <trkpt lat="36.6203" lon="-121.94139">
        <ele>3.6</ele>
      </trkpt>
      <trkpt lat="36.61971" lon="-121.94123">
        <ele>7.4</ele>
      </trkpt>
      <trkpt lat="36.6194" lon="-121.9411">
        <ele>2.8</ele>
      </trkpt>
      <trkpt lat="36.61927" lon="-121.94103">
        <ele>5.5</ele>
      </trkpt>
      <trkpt lat="36.61914" lon="-121.94093">
        <ele>7.2</ele>
      </trkpt>
      <trkpt lat="36.61883" lon="-121.94068">
        <ele>7.4</ele>
      </trkpt>
      <trkpt lat="36.61862" lon="-121.94046">
        <ele>7.7</ele>
      </trkpt>
      <trkpt lat="36.61849" lon="-121.94029">
        <ele>8.5</ele>
      </trkpt>
      <trkpt lat="36.61837" lon="-121.94008">
        <ele>9.2</ele>
      </trkpt>
      <trkpt lat="36.61823" lon="-121.93977">
        <ele>10.4</ele>
      </trkpt>
      <trkpt lat="36.61814" lon="-121.93959">
        <ele>11.1</ele>
      </trkpt>
      <trkpt lat="36.61798" lon="-121.93936">
        <ele>11.9</ele>
      </trkpt>
      <trkpt lat="36.61779" lon="-121.93909">
        <ele>12.6</ele>
      </trkpt>
      <trkpt lat="36.61759" lon="-121.93886">
        <ele>12.6</ele>
      </trkpt>
      <trkpt lat="36.61748" lon="-121.93875">
        <ele>12.7</ele>
      </trkpt>
      <trkpt lat="36.61709" lon="-121.93842">
        <ele>16.6</ele>
      </trkpt>
      <trkpt lat="36.6167" lon="-121.93808">
        <ele>17.1</ele>
      </trkpt>
      <trkpt lat="36.61655" lon="-121.93794">
        <ele>18.6</ele>
      </trkpt>
      <trkpt lat="36.61641" lon="-121.93777">
        <ele>18.9</ele>
      </trkpt>
      <trkpt lat="36.61634" lon="-121.93766">
        <ele>18.9</ele>
      </trkpt>
      <trkpt lat="36.61624" lon="-121.93747">
        <ele>18.8</ele>
      </trkpt>
      <trkpt lat="36.61614" lon="-121.93717">
        <ele>18.5</ele>
      </trkpt>
      <trkpt lat="36.6161" lon="-121.937">
        <ele>18.3</ele>
      </trkpt>
      <trkpt lat="36.61609" lon="-121.93692">
        <ele>18.3</ele>
      </trkpt>
      <trkpt lat="36.61608" lon="-121.93668">
        <ele>18.6</ele>
      </trkpt>
      <trkpt lat="36.61615" lon="-121.93563">
        <ele>23.6</ele>
      </trkpt>
      <trkpt lat="36.61617" lon="-121.93528">
        <ele>25.2</ele>
      </trkpt>
      <trkpt lat="36.61615" lon="-121.93507">
        <ele>26.2</ele>
      </trkpt>
      <trkpt lat="36.61613" lon="-121.93494">
        <ele>26.9</ele>
      </trkpt>
      <trkpt lat="36.61607" lon="-121.93467">
        <ele>28.2</ele>
      </trkpt>
      <trkpt lat="36.61583" lon="-121.93381">
        <ele>32.0</ele>
      </trkpt>
      <trkpt lat="36.61559" lon="-121.93295">
        <ele>35.6</ele>
      </trkpt>
      <trkpt lat="36.61543" lon="-121.93234">
        <ele>38.7</ele>
      </trkpt>
      <trkpt lat="36.61543" lon="-121.93234">
        <ele>38.7</ele>
      </trkpt>
      <trkpt lat="36.61528" lon="-121.93173">
        <ele>41.8</ele>
      </trkpt>
      <trkpt lat="36.61481" lon="-121.93159">
        <ele>41.3</ele>
      </trkpt>
      <trkpt lat="36.61434" lon="-121.93146">
        <ele>41.7</ele>
      </trkpt>
      <trkpt lat="36.61419" lon="-121.93143">
        <ele>41.9</ele>
      </trkpt>
      <trkpt lat="36.61404" lon="-121.93144">
        <ele>41.8</ele>
      </trkpt>
      <trkpt lat="36.61395" lon="-121.93147">
        <ele>41.7</ele>
      </trkpt>
      <trkpt lat="36.61385" lon="-121.93151">
        <ele>41.6</ele>
      </trkpt>
      <trkpt lat="36.61369" lon="-121.93161">
        <ele>41.1</ele>
      </trkpt>
      <trkpt lat="36.61359" lon="-121.93171">
        <ele>40.6</ele>
      </trkpt>
      <trkpt lat="36.61346" lon="-121.93189">
        <ele>39.7</ele>
      </trkpt>
      <trkpt lat="36.61335" lon="-121.93208">
        <ele>38.5</ele>
      </trkpt>
      <trkpt lat="36.61328" lon="-121.93216">
        <ele>37.9</ele>
      </trkpt>
      <trkpt lat="36.61311" lon="-121.932427">
        <ele>36.8</ele>
      </trkpt>
      <trkpt lat="36.613108" lon="-121.93243">
        <ele>36.8</ele>
      </trkpt>
      <trkpt lat="36.613108" lon="-121.93243">
        <ele>36.8</ele>
      </trkpt>
      <trkpt lat="36.613108" lon="-121.932431">
        <ele>36.8</ele>
      </trkpt>
      <trkpt lat="36.61307" lon="-121.93249">
        <ele>36.6</ele>
      </trkpt>
      <trkpt lat="36.61298" lon="-121.93269">
        <ele>36.1</ele>
      </trkpt>
      <trkpt lat="36.61296" lon="-121.93277">
        <ele>35.9</ele>
      </trkpt>
      <trkpt lat="36.61261" lon="-121.93346">
        <ele>34.8</ele>
      </trkpt>
      <trkpt lat="36.61258" lon="-121.93357">
        <ele>34.6</ele>
      </trkpt>
      <trkpt lat="36.61256" lon="-121.93372">
        <ele>34.3</ele>
      </trkpt>
      <trkpt lat="36.61255" lon="-121.93427">
        <ele>32.7</ele>
      </trkpt>
      <trkpt lat="36.61253" lon="-121.93442">
        <ele>32.5</ele>
      </trkpt>
      <trkpt lat="36.61235" lon="-121.9353">
        <ele>32.9</ele>
      </trkpt>
      <trkpt lat="36.61235" lon="-121.9353">
        <ele>32.9</ele>
      </trkpt>
      <trkpt lat="36.61221" lon="-121.93593">
        <ele>32.5</ele>
      </trkpt>
      <trkpt lat="36.61207" lon="-121.93655">
        <ele>32.0</ele>
      </trkpt>
      <trkpt lat="36.612" lon="-121.93675">
        <ele>32.0</ele>
      </trkpt>
      <trkpt lat="36.61184" lon="-121.93703">
        <ele>32.1</ele>
      </trkpt>
      <trkpt lat="36.61168" lon="-121.93723">
        <ele>32.1</ele>
      </trkpt>
      <trkpt lat="36.61161" lon="-121.9373">
        <ele>32.0</ele>
      </trkpt>
      <trkpt lat="36.61144" lon="-121.93744">
        <ele>31.6</ele>
      </trkpt>
      <trkpt lat="36.61118" lon="-121.93762">
        <ele>30.6</ele>
      </trkpt>
      <trkpt lat="36.61103" lon="-121.93773">
        <ele>30.0</ele>
      </trkpt>
      <trkpt lat="36.61093" lon="-121.93784">
        <ele>29.8</ele>
      </trkpt>
      <trkpt lat="36.61088" lon="-121.93792">
        <ele>29.8</ele>
      </trkpt>
      <trkpt lat="36.61084" lon="-121.93801">
        <ele>29.8</ele>
      </trkpt>
      <trkpt lat="36.61081" lon="-121.93814">
        <ele>29.9</ele>
      </trkpt>
      <trkpt lat="36.61079" lon="-121.93825">
        <ele>30.0</ele>
      </trkpt>
      <trkpt lat="36.61079" lon="-121.93836">
        <ele>29.9</ele>
      </trkpt>
      <trkpt lat="36.61082" lon="-121.93873">
        <ele>28.8</ele>
      </trkpt>
      <trkpt lat="36.61082" lon="-121.93884">
        <ele>28.6</ele>
      </trkpt>
      <trkpt lat="36.61079" lon="-121.93903">
        <ele>28.3</ele>
      </trkpt>
      <trkpt lat="36.61076" lon="-121.93912">
        <ele>28.2</ele>
      </trkpt>
      <trkpt lat="36.61067" lon="-121.93935">
        <ele>27.9</ele>
      </trkpt>
      <trkpt lat="36.61038" lon="-121.93991">
        <ele>27.3</ele>
      </trkpt>
      <trkpt lat="36.61009" lon="-121.94047">
        <ele>26.7</ele>
      </trkpt>
      <trkpt lat="36.60968" lon="-121.94125">
        <ele>25.2</ele>
      </trkpt>
      <trkpt lat="36.60955" lon="-121.94145">
        <ele>24.4</ele>
      </trkpt>
      <trkpt lat="36.60947" lon="-121.94157">
        <ele>23.9</ele>
      </trkpt>
      <trkpt lat="36.60934" lon="-121.94168">
        <ele>23.6</ele>
      </trkpt>
      <trkpt lat="36.60898" lon="-121.94187">
        <ele>23.6</ele>
      </trkpt>
      <trkpt lat="36.6086" lon="-121.94205">
        <ele>23.4</ele>
      </trkpt>
      <trkpt lat="36.60838" lon="-121.94217">
        <ele>23.0</ele>
      </trkpt>
      <trkpt lat="36.60824" lon="-121.94232">
        <ele>22.5</ele>
      </trkpt>
      <trkpt lat="36.60797" lon="-121.94272">
        <ele>21.4</ele>
      </trkpt>
      <trkpt lat="36.60784" lon="-121.94288">
        <ele>21.3</ele>
      </trkpt>
      <trkpt lat="36.60784" lon="-121.94288">
        <ele>21.3</ele>
      </trkpt>
      <trkpt lat="36.60771" lon="-121.94302">
        <ele>21.3</ele>
      </trkpt>
      <trkpt lat="36.60753" lon="-121.94312">
        <ele>21.3</ele>
      </trkpt>
      <trkpt lat="36.60717" lon="-121.9433">
        <ele>21.6</ele>
      </trkpt>
      <trkpt lat="36.60705" lon="-121.94339">
        <ele>21.7</ele>
      </trkpt>
      <trkpt lat="36.60696" lon="-121.94347">
        <ele>21.8</ele>
      </trkpt>
      <trkpt lat="36.60688" lon="-121.94356">
        <ele>21.6</ele>
      </trkpt>
      <trkpt lat="36.60674" lon="-121.94377">
        <ele>21.2</ele>
      </trkpt>
      <trkpt lat="36.60646" lon="-121.94422">
        <ele>21.3</ele>
      </trkpt>
      <trkpt lat="36.60627" lon="-121.94448">
        <ele>22.8</ele>
      </trkpt>
      <trkpt lat="36.60618" lon="-121.94458">
        <ele>22.9</ele>
      </trkpt>
      <trkpt lat="36.60587" lon="-121.9449">
        <ele>20.5</ele>
      </trkpt>
      <trkpt lat="36.60602" lon="-121.9451">
        <ele>20.6</ele>
      </trkpt>
      <trkpt lat="36.60613" lon="-121.9452">
        <ele>21.1</ele>
      </trkpt>
      <trkpt lat="36.60625" lon="-121.94528">
        <ele>21.7</ele>
      </trkpt>
      <trkpt lat="36.60638" lon="-121.94537">
        <ele>22.4</ele>
      </trkpt>
      <trkpt lat="36.6069" lon="-121.94566">
        <ele>35.7</ele>
      </trkpt>
      <trkpt lat="36.60742" lon="-121.94595">
        <ele>28.7</ele>
      </trkpt>
      <trkpt lat="36.60756" lon="-121.94604">
        <ele>27.1</ele>
      </trkpt>
      <trkpt lat="36.60769" lon="-121.94614">
        <ele>26.2</ele>
      </trkpt>
      <trkpt lat="36.60788" lon="-121.94636">
        <ele>20.6</ele>
      </trkpt>
      <trkpt lat="36.60833" lon="-121.94707">
        <ele>11.1</ele>
      </trkpt>
      <trkpt lat="36.60851" lon="-121.94731">
        <ele>7.3</ele>
      </trkpt>
      <trkpt lat="36.60871" lon="-121.94754">
        <ele>6.6</ele>
      </trkpt>
      <trkpt lat="36.60905" lon="-121.94783">
        <ele>5.9</ele>
      </trkpt>
      <trkpt lat="36.60915" lon="-121.94794">
        <ele>5.5</ele>
      </trkpt>
      <trkpt lat="36.60919" lon="-121.948">
        <ele>5.3</ele>
      </trkpt>
      <trkpt lat="36.60925" lon="-121.94814">
        <ele>4.8</ele>
      </trkpt>
      <trkpt lat="36.6093" lon="-121.94828">
        <ele>4.4</ele>
      </trkpt>
      <trkpt lat="36.6093" lon="-121.94836">
        <ele>4.2</ele>
      </trkpt>
      <trkpt lat="36.6093" lon="-121.94849">
        <ele>3.9</ele>
      </trkpt>
      <trkpt lat="36.60927" lon="-121.94863">
        <ele>3.7</ele>
      </trkpt>
      <trkpt lat="36.60918" lon="-121.94891">
        <ele>3.5</ele>
      </trkpt>
      <trkpt lat="36.60885" lon="-121.94975">
        <ele>3.6</ele>
      </trkpt>
      <trkpt lat="36.60851" lon="-121.95059">
        <ele>3.9</ele>
      </trkpt>
      <trkpt lat="36.60819" lon="-121.95143">
        <ele>4.4</ele>
      </trkpt>
      <trkpt lat="36.60804" lon="-121.95187">
        <ele>3.6</ele>
      </trkpt>
      <trkpt lat="36.60791" lon="-121.95234">
        <ele>5.6</ele>
      </trkpt>
      <trkpt lat="36.60769" lon="-121.95299">
        <ele>8.0</ele>
      </trkpt>
      <trkpt lat="36.60766" lon="-121.95313">
        <ele>8.1</ele>
      </trkpt>
      <trkpt lat="36.60767" lon="-121.95326">
        <ele>8.0</ele>
      </trkpt>
      <trkpt lat="36.60768" lon="-121.95333">
        <ele>7.9</ele>
      </trkpt>
      <trkpt lat="36.60771" lon="-121.9534">
        <ele>7.6</ele>
      </trkpt>
      <trkpt lat="36.60775" lon="-121.95345">
        <ele>7.4</ele>
      </trkpt>
      <trkpt lat="36.60782" lon="-121.95354">
        <ele>6.8</ele>
      </trkpt>
      <trkpt lat="36.6082" lon="-121.9539">
        <ele>5.2</ele>
      </trkpt>
      <trkpt lat="36.60858" lon="-121.95426">
        <ele>3.8</ele>
      </trkpt>
      <trkpt lat="36.60872" lon="-121.95445">
        <ele>3.6</ele>
      </trkpt>
      <trkpt lat="36.60901" lon="-121.95494">
        <ele>5.0</ele>
      </trkpt>
      <trkpt lat="36.6095" lon="-121.95561">
        <ele>7.8</ele>
      </trkpt>
      <trkpt lat="36.6096" lon="-121.95581">
        <ele>7.7</ele>
      </trkpt>
      <trkpt lat="36.60968" lon="-121.95605">
        <ele>7.3</ele>
      </trkpt>
      <trkpt lat="36.60971" lon="-121.95621">
        <ele>7.2</ele>
      </trkpt>
      <trkpt lat="36.60972" lon="-121.95641">
        <ele>7.3</ele>
      </trkpt>
      <trkpt lat="36.60971" lon="-121.95659">
        <ele>7.8</ele>
      </trkpt>
      <trkpt lat="36.60969" lon="-121.95671">
        <ele>8.0</ele>
      </trkpt>
      <trkpt lat="36.60965" lon="-121.95689">
        <ele>8.5</ele>
      </trkpt>
      <trkpt lat="36.60961" lon="-121.95698">
        <ele>8.3</ele>
      </trkpt>
      <trkpt lat="36.60957" lon="-121.95705">
        <ele>8.1</ele>
      </trkpt>
      <trkpt lat="36.60953" lon="-121.9571">
        <ele>8.0</ele>
      </trkpt>
      <trkpt lat="36.60947" lon="-121.95715">
        <ele>7.9</ele>
      </trkpt>
      <trkpt lat="36.60879" lon="-121.95758">
        <ele>7.8</ele>
      </trkpt>
      <trkpt lat="36.60829" lon="-121.95785">
        <ele>7.4</ele>
      </trkpt>
      <trkpt lat="36.60778" lon="-121.95812">
        <ele>7.6</ele>
      </trkpt>
      <trkpt lat="36.60721" lon="-121.95837">
        <ele>7.5</ele>
      </trkpt>
      <trkpt lat="36.60664" lon="-121.95862">
        <ele>5.2</ele>
      </trkpt>
      <trkpt lat="36.60637" lon="-121.95872">
        <ele>5.3</ele>
      </trkpt>
      <trkpt lat="36.60584" lon="-121.95885">
        <ele>7.5</ele>
      </trkpt>
      <trkpt lat="36.60557" lon="-121.9589">
        <ele>7.7</ele>
      </trkpt>
      <trkpt lat="36.60517" lon="-121.95893">
        <ele>7.8</ele>
      </trkpt>
      <trkpt lat="36.60467" lon="-121.95895">
        <ele>7.5</ele>
      </trkpt>
      <trkpt lat="36.60445" lon="-121.95898">
        <ele>7.4</ele>
      </trkpt>
      <trkpt lat="36.60432" lon="-121.95901">
        <ele>7.3</ele>
      </trkpt>
      <trkpt lat="36.60419" lon="-121.95906">
        <ele>7.1</ele>
      </trkpt>
      <trkpt lat="36.60384" lon="-121.95923">
        <ele>7.4</ele>
      </trkpt>
      <trkpt lat="36.60324" lon="-121.95962">
        <ele>8.2</ele>
      </trkpt>
      <trkpt lat="36.60274" lon="-121.95992">
        <ele>8.7</ele>
      </trkpt>
      <trkpt lat="36.60224" lon="-121.96022">
        <ele>8.5</ele>
      </trkpt>
      <trkpt lat="36.60162" lon="-121.96052">
        <ele>6.6</ele>
      </trkpt>
      <trkpt lat="36.60119" lon="-121.96076">
        <ele>4.6</ele>
      </trkpt>
      <trkpt lat="36.60075" lon="-121.96099">
        <ele>4.1</ele>
      </trkpt>
      <trkpt lat="36.60007" lon="-121.96132">
        <ele>4.1</ele>
      </trkpt>
      <trkpt lat="36.59976" lon="-121.96143">
        <ele>4.1</ele>
      </trkpt>
      <trkpt lat="36.59964" lon="-121.96145">
        <ele>4.2</ele>
      </trkpt>
      <trkpt lat="36.59945" lon="-121.96145">
        <ele>4.5</ele>
      </trkpt>
      <trkpt lat="36.59915" lon="-121.9614">
        <ele>5.0</ele>
      </trkpt>
      <trkpt lat="36.59843" lon="-121.96122">
        <ele>5.7</ele>
      </trkpt>
      <trkpt lat="36.59772" lon="-121.96104">
        <ele>7.8</ele>
      </trkpt>
      <trkpt lat="36.59701" lon="-121.96086">
        <ele>7.8</ele>
      </trkpt>
      <trkpt lat="36.5962" lon="-121.96071">
        <ele>7.5</ele>
      </trkpt>
      <trkpt lat="36.59599" lon="-121.9607">
        <ele>7.6</ele>
      </trkpt>
      <trkpt lat="36.59583" lon="-121.9607">
        <ele>7.8</ele>
      </trkpt>
      <trkpt lat="36.59568" lon="-121.96073">
        <ele>7.8</ele>
      </trkpt>
      <trkpt lat="36.59548" lon="-121.96079">
        <ele>7.8</ele>
      </trkpt>
      <trkpt lat="36.59523" lon="-121.9609">
        <ele>7.9</ele>
      </trkpt>
      <trkpt lat="36.59497" lon="-121.96104">
        <ele>7.7</ele>
      </trkpt>
      <trkpt lat="36.59468" lon="-121.96121">
        <ele>7.2</ele>
      </trkpt>
      <trkpt lat="36.59396" lon="-121.96166">
        <ele>8.0</ele>
      </trkpt>
      <trkpt lat="36.59325" lon="-121.96211">
        <ele>9.4</ele>
      </trkpt>
      <trkpt lat="36.59256" lon="-121.9625">
        <ele>9.1</ele>
      </trkpt>
      <trkpt lat="36.59185" lon="-121.96293">
        <ele>11.1</ele>
      </trkpt>
      <trkpt lat="36.59166" lon="-121.96303">
        <ele>11.7</ele>
      </trkpt>
      <trkpt lat="36.59154" lon="-121.96307">
        <ele>11.9</ele>
      </trkpt>
      <trkpt lat="36.59145" lon="-121.9631">
        <ele>12.0</ele>
      </trkpt>
      <trkpt lat="36.59138" lon="-121.96311">
        <ele>12.0</ele>
      </trkpt>
      <trkpt lat="36.59125" lon="-121.96311">
        <ele>12.1</ele>
      </trkpt>
      <trkpt lat="36.59111" lon="-121.96308">
        <ele>12.1</ele>
      </trkpt>
      <trkpt lat="36.59043" lon="-121.9629">
        <ele>9.3</ele>
      </trkpt>
      <trkpt lat="36.58994" lon="-121.9628">
        <ele>8.3</ele>
      </trkpt>
      <trkpt lat="36.58977" lon="-121.96278">
        <ele>9.0</ele>
      </trkpt>
      <trkpt lat="36.58955" lon="-121.9628">
        <ele>9.2</ele>
      </trkpt>
      <trkpt lat="36.58928" lon="-121.96287">
        <ele>9.9</ele>
      </trkpt>
      <trkpt lat="36.58911" lon="-121.96293">
        <ele>10.3</ele>
      </trkpt>
      <trkpt lat="36.58902" lon="-121.96297">
        <ele>10.1</ele>
      </trkpt>
      <trkpt lat="36.58879" lon="-121.96309">
        <ele>9.3</ele>
      </trkpt>
      <trkpt lat="36.58849" lon="-121.9633">
        <ele>7.8</ele>
      </trkpt>
      <trkpt lat="36.58808" lon="-121.96362">
        <ele>8.4</ele>
      </trkpt>
      <trkpt lat="36.58791" lon="-121.96374">
        <ele>8.7</ele>
      </trkpt>
      <trkpt lat="36.58781" lon="-121.96379">
        <ele>8.8</ele>
      </trkpt>
      <trkpt lat="36.58766" lon="-121.96386">
        <ele>8.7</ele>
      </trkpt>
      <trkpt lat="36.58758" lon="-121.96388">
        <ele>8.7</ele>
      </trkpt>
      <trkpt lat="36.58741" lon="-121.96391">
        <ele>9.0</ele>
      </trkpt>
      <trkpt lat="36.58731" lon="-121.96391">
        <ele>9.4</ele>
      </trkpt>
      <trkpt lat="36.58708" lon="-121.96389">
        <ele>10.1</ele>
      </trkpt>
      <trkpt lat="36.58685" lon="-121.96388">
        <ele>10.7</ele>
      </trkpt>
      <trkpt lat="36.58612" lon="-121.96396">
        <ele>12.3</ele>
      </trkpt>
      <trkpt lat="36.58591" lon="-121.96399">
        <ele>13.8</ele>
      </trkpt>
      <trkpt lat="36.58578" lon="-121.96403">
        <ele>13.6</ele>
      </trkpt>
      <trkpt lat="36.58567" lon="-121.96408">
        <ele>13.5</ele>
      </trkpt>
      <trkpt lat="36.58556" lon="-121.96416">
        <ele>13.3</ele>
      </trkpt>
      <trkpt lat="36.58549" lon="-121.96422">
        <ele>13.5</ele>
      </trkpt>
      <trkpt lat="36.58536" lon="-121.96438">
        <ele>14.0</ele>
      </trkpt>
      <trkpt lat="36.58503" lon="-121.96484">
        <ele>13.8</ele>
      </trkpt>
      <trkpt lat="36.5847" lon="-121.96536">
        <ele>10.3</ele>
      </trkpt>
      <trkpt lat="36.58459" lon="-121.96552">
        <ele>8.9</ele>
      </trkpt>
      <trkpt lat="36.58435" lon="-121.96582">
        <ele>9.0</ele>
      </trkpt>
      <trkpt lat="36.58422" lon="-121.96602">
        <ele>8.1</ele>
      </trkpt>
      <trkpt lat="36.58407" lon="-121.96625">
        <ele>6.8</ele>
      </trkpt>
      <trkpt lat="36.58384" lon="-121.96666">
        <ele>8.2</ele>
      </trkpt>
      <trkpt lat="36.58371" lon="-121.96683">
        <ele>8.1</ele>
      </trkpt>
      <trkpt lat="36.58358" lon="-121.96696">
        <ele>7.9</ele>
      </trkpt>
      <trkpt lat="36.58342" lon="-121.96708">
        <ele>8.0</ele>
      </trkpt>
      <trkpt lat="36.58325" lon="-121.96714">
        <ele>8.8</ele>
      </trkpt>
      <trkpt lat="36.58245" lon="-121.96741">
        <ele>7.5</ele>
      </trkpt>
      <trkpt lat="36.58226" lon="-121.96752">
        <ele>7.5</ele>
      </trkpt>
      <trkpt lat="36.58217" lon="-121.9676">
        <ele>7.2</ele>
      </trkpt>
      <trkpt lat="36.5821" lon="-121.96769">
        <ele>6.9</ele>
      </trkpt>
      <trkpt lat="36.58204" lon="-121.96783">
        <ele>6.9</ele>
      </trkpt>
      <trkpt lat="36.582" lon="-121.968">
        <ele>6.4</ele>
      </trkpt>
      <trkpt lat="36.58193" lon="-121.96835">
        <ele>6.9</ele>
      </trkpt>
      <trkpt lat="36.58192" lon="-121.9685">
        <ele>7.3</ele>
      </trkpt>
      <trkpt lat="36.58193" lon="-121.96862">
        <ele>7.4</ele>
      </trkpt>
      <trkpt lat="36.58203" lon="-121.96931">
        <ele>6.0</ele>
      </trkpt>
      <trkpt lat="36.58205" lon="-121.96956">
        <ele>5.7</ele>
      </trkpt>
      <trkpt lat="36.58207" lon="-121.9703">
        <ele>2.2</ele>
      </trkpt>
      <trkpt lat="36.58208" lon="-121.97049">
        <ele>2.1</ele>
      </trkpt>
      <trkpt lat="36.58211" lon="-121.97069">
        <ele>2.1</ele>
      </trkpt>
      <trkpt lat="36.58217" lon="-121.9709">
        <ele>2.1</ele>
      </trkpt>
      <trkpt lat="36.58224" lon="-121.97109">
        <ele>2.3</ele>
      </trkpt>
      <trkpt lat="36.58234" lon="-121.97129">
        <ele>3.1</ele>
      </trkpt>
      <trkpt lat="36.58242" lon="-121.97143">
        <ele>6.5</ele>
      </trkpt>
      <trkpt lat="36.58248" lon="-121.9715">
        <ele>7.5</ele>
      </trkpt>
      <trkpt lat="36.58254" lon="-121.97154">
        <ele>7.4</ele>
      </trkpt>
      <trkpt lat="36.58262" lon="-121.97158">
        <ele>7.8</ele>
      </trkpt>
      <trkpt lat="36.58287" lon="-121.97165">
        <ele>7.1</ele>
      </trkpt>
      <trkpt lat="36.58293" lon="-121.9717">
        <ele>7.4</ele>
      </trkpt>
      <trkpt lat="36.583" lon="-121.97177">
        <ele>7.9</ele>
      </trkpt>
      <trkpt lat="36.58304" lon="-121.97185">
        <ele>7.9</ele>
      </trkpt>
      <trkpt lat="36.58306" lon="-121.9719">
        <ele>7.6</ele>
      </trkpt>
      <trkpt lat="36.58307" lon="-121.97202">
        <ele>7.0</ele>
      </trkpt>
      <trkpt lat="36.58306" lon="-121.9721">
        <ele>6.5</ele>
      </trkpt>
      <trkpt lat="36.58305" lon="-121.9722">
        <ele>5.9</ele>
      </trkpt>
      <trkpt lat="36.583" lon="-121.97244">
        <ele>5.4</ele>
      </trkpt>
      <trkpt lat="36.58299" lon="-121.97255">
        <ele>5.5</ele>
      </trkpt>
      <trkpt lat="36.58299" lon="-121.97266">
        <ele>5.6</ele>
      </trkpt>
      <trkpt lat="36.58305" lon="-121.97303">
        <ele>5.2</ele>
      </trkpt>
      <trkpt lat="36.58305" lon="-121.97312">
        <ele>5.2</ele>
      </trkpt>
      <trkpt lat="36.58304" lon="-121.9732">
        <ele>5.3</ele>
      </trkpt>
      <trkpt lat="36.58301" lon="-121.97329">
        <ele>5.8</ele>
      </trkpt>
      <trkpt lat="36.58293" lon="-121.97343">
        <ele>6.8</ele>
      </trkpt>
      <trkpt lat="36.58285" lon="-121.97352">
        <ele>6.8</ele>
      </trkpt>
      <trkpt lat="36.58272" lon="-121.97361">
        <ele>7.9</ele>
      </trkpt>
      <trkpt lat="36.58252" lon="-121.97372">
        <ele>8.2</ele>
      </trkpt>
      <trkpt lat="36.58244" lon="-121.97377">
        <ele>8.0</ele>
      </trkpt>
      <trkpt lat="36.58239" lon="-121.9738">
        <ele>8.0</ele>
      </trkpt>
      <trkpt lat="36.58233" lon="-121.97382">
        <ele>8.2</ele>
      </trkpt>
      <trkpt lat="36.58228" lon="-121.97382">
        <ele>9.1</ele>
      </trkpt>
      <trkpt lat="36.58224" lon="-121.97381">
        <ele>10.1</ele>
      </trkpt>
      <trkpt lat="36.5822" lon="-121.97378">
        <ele>11.0</ele>
      </trkpt>
      <trkpt lat="36.58214" lon="-121.97371">
        <ele>12.1</ele>
      </trkpt>
      <trkpt lat="36.58203" lon="-121.97349">
        <ele>13.9</ele>
      </trkpt>
      <trkpt lat="36.58199" lon="-121.97342">
        <ele>14.8</ele>
      </trkpt>
      <trkpt lat="36.58195" lon="-121.97337">
        <ele>16.1</ele>
      </trkpt>
      <trkpt lat="36.5818" lon="-121.97327">
        <ele>18.3</ele>
      </trkpt>
      <trkpt lat="36.58116" lon="-121.97305">
        <ele>17.8</ele>
      </trkpt>
      <trkpt lat="36.58092" lon="-121.97292">
        <ele>19.1</ele>
      </trkpt>
      <trkpt lat="36.5806" lon="-121.97272">
        <ele>17.5</ele>
      </trkpt>
      <trkpt lat="36.58035" lon="-121.9726">
        <ele>16.7</ele>
      </trkpt>
      <trkpt lat="36.58017" lon="-121.97254">
        <ele>15.8</ele>
      </trkpt>
      <trkpt lat="36.58" lon="-121.97247">
        <ele>14.3</ele>
      </trkpt>
      <trkpt lat="36.57987" lon="-121.9724">
        <ele>13.3</ele>
      </trkpt>
      <trkpt lat="36.57976" lon="-121.9724">
        <ele>13.3</ele>
      </trkpt>
      <trkpt lat="36.57971" lon="-121.97241">
        <ele>13.4</ele>
      </trkpt>
      <trkpt lat="36.57955" lon="-121.97253">
        <ele>14.2</ele>
      </trkpt>
      <trkpt lat="36.57923" lon="-121.97271">
        <ele>15.8</ele>
      </trkpt>
      <trkpt lat="36.57894" lon="-121.97293">
        <ele>15.5</ele>
      </trkpt>
      <trkpt lat="36.57882" lon="-121.97299">
        <ele>14.7</ele>
      </trkpt>
      <trkpt lat="36.57857" lon="-121.97307">
        <ele>13.7</ele>
      </trkpt>
      <trkpt lat="36.57849" lon="-121.97313">
        <ele>13.5</ele>
      </trkpt>
      <trkpt lat="36.57844" lon="-121.97319">
        <ele>13.3</ele>
      </trkpt>
      <trkpt lat="36.57833" lon="-121.97342">
        <ele>12.6</ele>
      </trkpt>
      <trkpt lat="36.57829" lon="-121.97349">
        <ele>12.4</ele>
      </trkpt>
      <trkpt lat="36.57824" lon="-121.97352">
        <ele>12.4</ele>
      </trkpt>
      <trkpt lat="36.57814" lon="-121.97355">
        <ele>12.3</ele>
      </trkpt>
      <trkpt lat="36.57806" lon="-121.97356">
        <ele>12.2</ele>
      </trkpt>
      <trkpt lat="36.57769" lon="-121.97378">
        <ele>10.3</ele>
      </trkpt>
      <trkpt lat="36.57758" lon="-121.97386">
        <ele>9.7</ele>
      </trkpt>
      <trkpt lat="36.57748" lon="-121.97396">
        <ele>9.3</ele>
      </trkpt>
      <trkpt lat="36.5774" lon="-121.97407">
        <ele>8.6</ele>
      </trkpt>
      <trkpt lat="36.57734" lon="-121.97419">
        <ele>8.3</ele>
      </trkpt>
      <trkpt lat="36.5773" lon="-121.97432">
        <ele>7.9</ele>
      </trkpt>
      <trkpt lat="36.57725" lon="-121.9745">
        <ele>7.5</ele>
      </trkpt>
      <trkpt lat="36.57734" lon="-121.9747">
        <ele>6.9</ele>
      </trkpt>
      <trkpt lat="36.57724" lon="-121.97484">
        <ele>5.8</ele>
      </trkpt>
      <trkpt lat="36.57724" lon="-121.97484">
        <ele>5.8</ele>
      </trkpt>
      <trkpt lat="36.57718" lon="-121.97491">
        <ele>5.0</ele>
      </trkpt>
      <trkpt lat="36.57712" lon="-121.97483">
        <ele>5.3</ele>
      </trkpt>
      <trkpt lat="36.57725" lon="-121.9745">
        <ele>7.5</ele>
      </trkpt>
      <trkpt lat="36.5773" lon="-121.97432">
        <ele>7.9</ele>
      </trkpt>
      <trkpt lat="36.57734" lon="-121.97419">
        <ele>8.3</ele>
      </trkpt>
      <trkpt lat="36.5774" lon="-121.97407">
        <ele>8.6</ele>
      </trkpt>
      <trkpt lat="36.57748" lon="-121.97396">
        <ele>9.3</ele>
      </trkpt>
      <trkpt lat="36.57758" lon="-121.97386">
        <ele>9.7</ele>
      </trkpt>
      <trkpt lat="36.57769" lon="-121.97378">
        <ele>10.3</ele>
      </trkpt>
      <trkpt lat="36.57787" lon="-121.97367">
        <ele>11.1</ele>
      </trkpt>
      <trkpt lat="36.5779" lon="-121.97361">
        <ele>11.4</ele>
      </trkpt>
      <trkpt lat="36.57791" lon="-121.97355">
        <ele>11.7</ele>
      </trkpt>
      <trkpt lat="36.57791" lon="-121.97337">
        <ele>12.4</ele>
      </trkpt>
      <trkpt lat="36.57794" lon="-121.9733">
        <ele>12.7</ele>
      </trkpt>
      <trkpt lat="36.57777" lon="-121.97306">
        <ele>12.8</ele>
      </trkpt>
      <trkpt lat="36.57771" lon="-121.973">
        <ele>12.8</ele>
      </trkpt>
      <trkpt lat="36.57764" lon="-121.97295">
        <ele>12.9</ele>
      </trkpt>
      <trkpt lat="36.57745" lon="-121.97288">
        <ele>12.9</ele>
      </trkpt>
      <trkpt lat="36.57734" lon="-121.97283">
        <ele>13.0</ele>
      </trkpt>
      <trkpt lat="36.57719" lon="-121.97271">
        <ele>13.0</ele>
      </trkpt>
      <trkpt lat="36.577" lon="-121.97254">
        <ele>12.6</ele>
      </trkpt>
      <trkpt lat="36.57682" lon="-121.97236">
        <ele>12.6</ele>
      </trkpt>
      <trkpt lat="36.57671" lon="-121.97221">
        <ele>13.0</ele>
      </trkpt>
      <trkpt lat="36.57659" lon="-121.97208">
        <ele>13.7</ele>
      </trkpt>
      <trkpt lat="36.57637" lon="-121.97174">
        <ele>14.2</ele>
      </trkpt>
      <trkpt lat="36.5759" lon="-121.97092">
        <ele>14.7</ele>
      </trkpt>
      <trkpt lat="36.57577" lon="-121.97073">
        <ele>14.5</ele>
      </trkpt>
      <trkpt lat="36.57571" lon="-121.97069">
        <ele>14.2</ele>
      </trkpt>
      <trkpt lat="36.57562" lon="-121.97065">
        <ele>13.5</ele>
      </trkpt>
      <trkpt lat="36.57558" lon="-121.97063">
        <ele>13.3</ele>
      </trkpt>
      <trkpt lat="36.57553" lon="-121.97063">
        <ele>13.1</ele>
      </trkpt>
      <trkpt lat="36.57522" lon="-121.97071">
        <ele>12.0</ele>
      </trkpt>
      <trkpt lat="36.57486" lon="-121.9709">
        <ele>13.7</ele>
      </trkpt>
      <trkpt lat="36.57481" lon="-121.9709">
        <ele>14.7</ele>
      </trkpt>
      <trkpt lat="36.57474" lon="-121.97087">
        <ele>17.2</ele>
      </trkpt>
      <trkpt lat="36.57474" lon="-121.97087">
        <ele>17.2</ele>
      </trkpt>
      <trkpt lat="36.57467" lon="-121.97085">
        <ele>18.9</ele>
      </trkpt>
      <trkpt lat="36.57417" lon="-121.97055">
        <ele>21.6</ele>
      </trkpt>
      <trkpt lat="36.57366" lon="-121.97026">
        <ele>20.6</ele>
      </trkpt>
      <trkpt lat="36.57339" lon="-121.97012">
        <ele>20.5</ele>
      </trkpt>
      <trkpt lat="36.57291" lon="-121.96983">
        <ele>20.6</ele>
      </trkpt>
      <trkpt lat="36.5728" lon="-121.96976">
        <ele>19.8</ele>
      </trkpt>
      <trkpt lat="36.57267" lon="-121.96964">
        <ele>18.7</ele>
      </trkpt>
      <trkpt lat="36.57234" lon="-121.96946">
        <ele>17.3</ele>
      </trkpt>
      <trkpt lat="36.57196" lon="-121.96929">
        <ele>14.2</ele>
      </trkpt>
      <trkpt lat="36.57172" lon="-121.96923">
        <ele>14.4</ele>
      </trkpt>
      <trkpt lat="36.5714" lon="-121.96922">
        <ele>16.0</ele>
      </trkpt>
      <trkpt lat="36.57122" lon="-121.96918">
        <ele>16.3</ele>
      </trkpt>
      <trkpt lat="36.57109" lon="-121.9691">
        <ele>16.5</ele>
      </trkpt>
      <trkpt lat="36.57101" lon="-121.96899">
        <ele>17.0</ele>
      </trkpt>
      <trkpt lat="36.57095" lon="-121.96888">
        <ele>17.5</ele>
      </trkpt>
      <trkpt lat="36.57084" lon="-121.96862">
        <ele>18.8</ele>
      </trkpt>
      <trkpt lat="36.57074" lon="-121.96835">
        <ele>21.6</ele>
      </trkpt>
      <trkpt lat="36.57052" lon="-121.96785">
        <ele>23.9</ele>
      </trkpt>
      <trkpt lat="36.57006" lon="-121.9671">
        <ele>18.5</ele>
      </trkpt>
      <trkpt lat="36.56987" lon="-121.96672">
        <ele>18.2</ele>
      </trkpt>
      <trkpt lat="36.56979" lon="-121.9665">
        <ele>18.2</ele>
      </trkpt>
      <trkpt lat="36.56965" lon="-121.96589">
        <ele>23.9</ele>
      </trkpt>
      <trkpt lat="36.56959" lon="-121.96534">
        <ele>25.3</ele>
      </trkpt>
      <trkpt lat="36.56951" lon="-121.96493">
        <ele>23.2</ele>
      </trkpt>
      <trkpt lat="36.56937" lon="-121.96449">
        <ele>22.7</ele>
      </trkpt>
      <trkpt lat="36.56916" lon="-121.96403">
        <ele>21.3</ele>
      </trkpt>
      <trkpt lat="36.569" lon="-121.96373">
        <ele>21.0</ele>
      </trkpt>
      <trkpt lat="36.56842" lon="-121.9629">
        <ele>23.6</ele>
      </trkpt>
      <trkpt lat="36.56838" lon="-121.96281">
        <ele>24.0</ele>
      </trkpt>
      <trkpt lat="36.56832" lon="-121.96259">
        <ele>25.3</ele>
      </trkpt>
      <trkpt lat="36.56812" lon="-121.96198">
        <ele>21.8</ele>
      </trkpt>
      <trkpt lat="36.56804" lon="-121.9618">
        <ele>22.2</ele>
      </trkpt>
      <trkpt lat="36.56793" lon="-121.9617">
        <ele>20.8</ele>
      </trkpt>
      <trkpt lat="36.56767" lon="-121.96165">
        <ele>17.2</ele>
      </trkpt>
      <trkpt lat="36.56758" lon="-121.9616">
        <ele>17.2</ele>
      </trkpt>
      <trkpt lat="36.56747" lon="-121.96149">
        <ele>18.8</ele>
      </trkpt>
      <trkpt lat="36.56737" lon="-121.96128">
        <ele>20.8</ele>
      </trkpt>
      <trkpt lat="36.5673" lon="-121.96112">
        <ele>21.8</ele>
      </trkpt>
      <trkpt lat="36.56725" lon="-121.96068">
        <ele>24.7</ele>
      </trkpt>
      <trkpt lat="36.56714" lon="-121.96021">
        <ele>26.1</ele>
      </trkpt>
      <trkpt lat="36.567" lon="-121.95993">
        <ele>26.5</ele>
      </trkpt>
      <trkpt lat="36.56685" lon="-121.9597">
        <ele>25.7</ele>
      </trkpt>
      <trkpt lat="36.56623" lon="-121.95894">
        <ele>21.7</ele>
      </trkpt>
      <trkpt lat="36.56598" lon="-121.95858">
        <ele>21.9</ele>
      </trkpt>
      <trkpt lat="36.56562" lon="-121.9579">
        <ele>22.0</ele>
      </trkpt>
      <trkpt lat="36.56534" lon="-121.95749">
        <ele>18.3</ele>
      </trkpt>
      <trkpt lat="36.56512" lon="-121.95715">
        <ele>20.5</ele>
      </trkpt>
      <trkpt lat="36.56492" lon="-121.95666">
        <ele>22.6</ele>
      </trkpt>
      <trkpt lat="36.56486" lon="-121.9565">
        <ele>23.1</ele>
      </trkpt>
      <trkpt lat="36.56467" lon="-121.95616">
        <ele>24.9</ele>
      </trkpt>
      <trkpt lat="36.56455" lon="-121.9559">
        <ele>26.6</ele>
      </trkpt>
      <trkpt lat="36.56427" lon="-121.9559">
        <ele>29.2</ele>
      </trkpt>
      <trkpt lat="36.56358" lon="-121.95586">
        <ele>33.9</ele>
      </trkpt>
      <trkpt lat="36.56336" lon="-121.95582">
        <ele>32.8</ele>
      </trkpt>
      <trkpt lat="36.56324" lon="-121.95576">
        <ele>31.1</ele>
      </trkpt>
      <trkpt lat="36.56293" lon="-121.95556">
        <ele>24.6</ele>
      </trkpt>
      <trkpt lat="36.56281" lon="-121.95545">
        <ele>23.5</ele>
      </trkpt>
      <trkpt lat="36.56267" lon="-121.9553">
        <ele>23.0</ele>
      </trkpt>
      <trkpt lat="36.56251" lon="-121.95507">
        <ele>23.3</ele>
      </trkpt>
      <trkpt lat="36.56251" lon="-121.95507">
        <ele>23.3</ele>
      </trkpt>
      <trkpt lat="36.56232" lon="-121.9548">
        <ele>22.7</ele>
      </trkpt>
      <trkpt lat="36.56206" lon="-121.9544">
        <ele>22.8</ele>
      </trkpt>
      <trkpt lat="36.562" lon="-121.95428">
        <ele>22.6</ele>
      </trkpt>
      <trkpt lat="36.56198" lon="-121.95422">
        <ele>22.5</ele>
      </trkpt>
      <trkpt lat="36.56197" lon="-121.95414">
        <ele>22.5</ele>
      </trkpt>
      <trkpt lat="36.56197" lon="-121.95399">
        <ele>22.8</ele>
      </trkpt>
      <trkpt lat="36.56201" lon="-121.95362">
        <ele>23.3</ele>
      </trkpt>
      <trkpt lat="36.56206" lon="-121.95342">
        <ele>23.6</ele>
      </trkpt>
      <trkpt lat="36.56215" lon="-121.95314">
        <ele>24.4</ele>
      </trkpt>
      <trkpt lat="36.56221" lon="-121.95297">
        <ele>25.0</ele>
      </trkpt>
      <trkpt lat="36.56228" lon="-121.95283">
        <ele>25.3</ele>
      </trkpt>
      <trkpt lat="36.56236" lon="-121.95269">
        <ele>25.2</ele>
      </trkpt>
      <trkpt lat="36.56248" lon="-121.95254">
        <ele>24.9</ele>
      </trkpt>
      <trkpt lat="36.56255" lon="-121.95247">
        <ele>24.7</ele>
      </trkpt>
      <trkpt lat="36.56265" lon="-121.95238">
        <ele>24.4</ele>
      </trkpt>
      <trkpt lat="36.56281" lon="-121.95227">
        <ele>23.7</ele>
      </trkpt>
      <trkpt lat="36.563" lon="-121.95217">
        <ele>22.2</ele>
      </trkpt>
      <trkpt lat="36.5632" lon="-121.95212">
        <ele>20.5</ele>
      </trkpt>
      <trkpt lat="36.5634" lon="-121.95212">
        <ele>17.5</ele>
      </trkpt>
      <trkpt lat="36.56359" lon="-121.95215">
        <ele>16.1</ele>
      </trkpt>
      <trkpt lat="36.56411" lon="-121.95232">
        <ele>15.4</ele>
      </trkpt>
      <trkpt lat="36.56463" lon="-121.95249">
        <ele>16.7</ele>
      </trkpt>
      <trkpt lat="36.56546" lon="-121.95285">
        <ele>20.8</ele>
      </trkpt>
      <trkpt lat="36.56628" lon="-121.95322">
        <ele>23.1</ele>
      </trkpt>
      <trkpt lat="36.56638" lon="-121.95327">
        <ele>23.6</ele>
      </trkpt>
      <trkpt lat="36.56649" lon="-121.95335">
        <ele>24.1</ele>
      </trkpt>
      <trkpt lat="36.56649" lon="-121.95335">
        <ele>24.1</ele>
      </trkpt>
      <trkpt lat="36.56655" lon="-121.95341">
        <ele>24.5</ele>
      </trkpt>
      <trkpt lat="36.56655" lon="-121.95341">
        <ele>24.5</ele>
      </trkpt>
      <trkpt lat="36.56663" lon="-121.95321">
        <ele>23.5</ele>
      </trkpt>
      <trkpt lat="36.56669" lon="-121.95304">
        <ele>22.5</ele>
      </trkpt>
      <trkpt lat="36.56676" lon="-121.95291">
        <ele>21.7</ele>
      </trkpt>
      <trkpt lat="36.56682" lon="-121.95284">
        <ele>21.4</ele>
      </trkpt>
      <trkpt lat="36.5669" lon="-121.95278">
        <ele>21.0</ele>
      </trkpt>
      <trkpt lat="36.56698" lon="-121.95275">
        <ele>20.9</ele>
      </trkpt>
      <trkpt lat="36.56706" lon="-121.95272">
        <ele>20.8</ele>
      </trkpt>
      <trkpt lat="36.56716" lon="-121.9527">
        <ele>20.8</ele>
      </trkpt>
      <trkpt lat="36.56773" lon="-121.95257">
        <ele>21.0</ele>
      </trkpt>
      <trkpt lat="36.56793" lon="-121.95247">
        <ele>21.1</ele>
      </trkpt>
      <trkpt lat="36.56805" lon="-121.95234">
        <ele>20.6</ele>
      </trkpt>
      <trkpt lat="36.56816" lon="-121.95215">
        <ele>19.8</ele>
      </trkpt>
      <trkpt lat="36.56824" lon="-121.95188">
        <ele>18.4</ele>
      </trkpt>
      <trkpt lat="36.56828" lon="-121.95171">
        <ele>17.8</ele>
      </trkpt>
      <trkpt lat="36.56829" lon="-121.95166">
        <ele>17.6</ele>
      </trkpt>
      <trkpt lat="36.5683" lon="-121.95158">
        <ele>17.4</ele>
      </trkpt>
      <trkpt lat="36.56831" lon="-121.95142">
        <ele>16.9</ele>
      </trkpt>
      <trkpt lat="36.56831" lon="-121.95137">
        <ele>16.8</ele>
      </trkpt>
      <trkpt lat="36.56834" lon="-121.95121">
        <ele>16.6</ele>
      </trkpt>
      <trkpt lat="36.56835" lon="-121.95114">
        <ele>16.6</ele>
      </trkpt>
      <trkpt lat="36.56839" lon="-121.95104">
        <ele>16.6</ele>
      </trkpt>
      <trkpt lat="36.56841" lon="-121.95101">
        <ele>16.7</ele>
      </trkpt>
      <trkpt lat="36.56842" lon="-121.95101">
        <ele>16.7</ele>
      </trkpt>
      <trkpt lat="36.56845" lon="-121.95099">
        <ele>16.9</ele>
      </trkpt>
      <trkpt lat="36.56845" lon="-121.95099">
        <ele>16.9</ele>
      </trkpt>
      <trkpt lat="36.5684" lon="-121.95085">
        <ele>16.4</ele>
      </trkpt>
      <trkpt lat="36.5684" lon="-121.95085">
        <ele>16.4</ele>
      </trkpt>
      <trkpt lat="36.56846" lon="-121.95081">
        <ele>16.8</ele>
      </trkpt>
      <trkpt lat="36.5685" lon="-121.95076">
        <ele>17.1</ele>
      </trkpt>
      <trkpt lat="36.56864" lon="-121.95038">
        <ele>17.5</ele>
      </trkpt>
      <trkpt lat="36.56864" lon="-121.95038">
        <ele>17.5</ele>
      </trkpt>
      <trkpt lat="36.56873" lon="-121.9502">
        <ele>17.4</ele>
      </trkpt>
      <trkpt lat="36.56878" lon="-121.95007">
        <ele>17.2</ele>
      </trkpt>
      <trkpt lat="36.5688" lon="-121.95002">
        <ele>17.2</ele>
      </trkpt>
      <trkpt lat="36.56889" lon="-121.94966">
        <ele>16.1</ele>
      </trkpt>
      <trkpt lat="36.56897" lon="-121.94929">
        <ele>15.8</ele>
      </trkpt>
      <trkpt lat="36.56897" lon="-121.94921">
        <ele>15.7</ele>
      </trkpt>
      <trkpt lat="36.569" lon="-121.94899">
        <ele>15.9</ele>
      </trkpt>
      <trkpt lat="36.569" lon="-121.94897">
        <ele>15.9</ele>
      </trkpt>
      <trkpt lat="36.56905" lon="-121.94878">
        <ele>16.4</ele>
      </trkpt>
      <trkpt lat="36.56905" lon="-121.94877">
        <ele>16.4</ele>
      </trkpt>
      <trkpt lat="36.56914" lon="-121.94834">
        <ele>17.0</ele>
      </trkpt>
      <trkpt lat="36.56916" lon="-121.94828">
        <ele>17.2</ele>
      </trkpt>
      <trkpt lat="36.5692" lon="-121.9482">
        <ele>17.3</ele>
      </trkpt>
      <trkpt lat="36.56925" lon="-121.94806">
        <ele>17.6</ele>
      </trkpt>
      <trkpt lat="36.56929" lon="-121.94794">
        <ele>17.7</ele>
      </trkpt>
      <trkpt lat="36.56929" lon="-121.9479">
        <ele>17.7</ele>
      </trkpt>
      <trkpt lat="36.56932" lon="-121.94777">
        <ele>17.9</ele>
      </trkpt>
      <trkpt lat="36.56938" lon="-121.94757">
        <ele>18.2</ele>
      </trkpt>
      <trkpt lat="36.5694" lon="-121.94742">
        <ele>18.4</ele>
      </trkpt>
      <trkpt lat="36.5694" lon="-121.94741">
        <ele>18.4</ele>
      </trkpt>
      <trkpt lat="36.56941" lon="-121.94741">
        <ele>18.4</ele>
      </trkpt>
      <trkpt lat="36.56943" lon="-121.94727">
        <ele>18.7</ele>
      </trkpt>
      <trkpt lat="36.56945" lon="-121.94708">
        <ele>19.1</ele>
      </trkpt>
      <trkpt lat="36.56945" lon="-121.94691">
        <ele>19.7</ele>
      </trkpt>
      <trkpt lat="36.56942" lon="-121.94674">
        <ele>20.2</ele>
      </trkpt>
      <trkpt lat="36.56942" lon="-121.94674">
        <ele>20.2</ele>
      </trkpt>
      <trkpt lat="36.56941" lon="-121.94653">
        <ele>20.7</ele>
      </trkpt>
      <trkpt lat="36.5694" lon="-121.94631">
        <ele>21.0</ele>
      </trkpt>
      <trkpt lat="36.56937" lon="-121.94564">
        <ele>20.5</ele>
      </trkpt>
      <trkpt lat="36.56937" lon="-121.94562">
        <ele>20.5</ele>
      </trkpt>
      <trkpt lat="36.56936" lon="-121.94541">
        <ele>19.8</ele>
      </trkpt>
      <trkpt lat="36.56934" lon="-121.94488">
        <ele>18.8</ele>
      </trkpt>
      <trkpt lat="36.56933" lon="-121.94459">
        <ele>18.4</ele>
      </trkpt>
      <trkpt lat="36.5693" lon="-121.94407">
        <ele>18.3</ele>
      </trkpt>
      <trkpt lat="36.5693" lon="-121.94406">
        <ele>18.3</ele>
      </trkpt>
      <trkpt lat="36.5693" lon="-121.94402">
        <ele>18.3</ele>
      </trkpt>
      <trkpt lat="36.56929" lon="-121.9438">
        <ele>18.5</ele>
      </trkpt>
      <trkpt lat="36.56927" lon="-121.94346">
        <ele>18.8</ele>
      </trkpt>
      <trkpt lat="36.56927" lon="-121.9434">
        <ele>18.9</ele>
      </trkpt>
      <trkpt lat="36.56924" lon="-121.94223">
        <ele>20.5</ele>
      </trkpt>
      <trkpt lat="36.56923" lon="-121.94185">
        <ele>23.2</ele>
      </trkpt>
      <trkpt lat="36.56923" lon="-121.94148">
        <ele>24.2</ele>
      </trkpt>
      <trkpt lat="36.56924" lon="-121.94126">
        <ele>25.0</ele>
      </trkpt>
      <trkpt lat="36.56924" lon="-121.94112">
        <ele>25.5</ele>
      </trkpt>
      <trkpt lat="36.56931" lon="-121.94091">
        <ele>26.5</ele>
      </trkpt>
      <trkpt lat="36.56932" lon="-121.94089">
        <ele>26.6</ele>
      </trkpt>
      <trkpt lat="36.5694" lon="-121.94071">
        <ele>27.2</ele>
      </trkpt>
      <trkpt lat="36.56943" lon="-121.94065">
        <ele>27.5</ele>
      </trkpt>
      <trkpt lat="36.5695" lon="-121.94053">
        <ele>28.4</ele>
      </trkpt>
      <trkpt lat="36.56963" lon="-121.94033">
        <ele>30.0</ele>
      </trkpt>
      <trkpt lat="36.56978" lon="-121.9401">
        <ele>31.8</ele>
      </trkpt>
      <trkpt lat="36.56989" lon="-121.93998">
        <ele>32.6</ele>
      </trkpt>
      <trkpt lat="36.56989" lon="-121.93998">
        <ele>32.6</ele>
      </trkpt>
      <trkpt lat="36.56977" lon="-121.93981">
        <ele>31.9</ele>
      </trkpt>
      <trkpt lat="36.5696" lon="-121.93958">
        <ele>30.7</ele>
      </trkpt>
      <trkpt lat="36.56926" lon="-121.93912">
        <ele>30.7</ele>
      </trkpt>
      <trkpt lat="36.56924" lon="-121.93908">
        <ele>30.8</ele>
      </trkpt>
      <trkpt lat="36.56907" lon="-121.93885">
        <ele>31.0</ele>
      </trkpt>
      <trkpt lat="36.56902" lon="-121.93879">
        <ele>31.1</ele>
      </trkpt>
      <trkpt lat="36.569" lon="-121.93875">
        <ele>31.3</ele>
      </trkpt>
      <trkpt lat="36.56892" lon="-121.93865">
        <ele>31.5</ele>
      </trkpt>
      <trkpt lat="36.5689" lon="-121.93862">
        <ele>31.6</ele>
      </trkpt>
      <trkpt lat="36.56875" lon="-121.93842">
        <ele>33.1</ele>
      </trkpt>
      <trkpt lat="36.56862" lon="-121.93823">
        <ele>34.5</ele>
      </trkpt>
      <trkpt lat="36.56842" lon="-121.93796">
        <ele>36.0</ele>
      </trkpt>
      <trkpt lat="36.56835" lon="-121.93787">
        <ele>36.4</ele>
      </trkpt>
      <trkpt lat="36.56822" lon="-121.9377">
        <ele>36.5</ele>
      </trkpt>
      <trkpt lat="36.56816" lon="-121.93763">
        <ele>36.2</ele>
      </trkpt>
      <trkpt lat="36.56808" lon="-121.93754">
        <ele>35.6</ele>
      </trkpt>
      <trkpt lat="36.56802" lon="-121.93748">
        <ele>35.2</ele>
      </trkpt>
      <trkpt lat="36.56795" lon="-121.93742">
        <ele>34.9</ele>
      </trkpt>
      <trkpt lat="36.56764" lon="-121.93718">
        <ele>43.1</ele>
      </trkpt>
      <trkpt lat="36.56749" lon="-121.93706">
        <ele>46.0</ele>
      </trkpt>
      <trkpt lat="36.56731" lon="-121.93691">
        <ele>47.1</ele>
      </trkpt>
      <trkpt lat="36.56718" lon="-121.93679">
        <ele>47.5</ele>
      </trkpt>
      <trkpt lat="36.56693" lon="-121.93655">
        <ele>49.6</ele>
      </trkpt>
      <trkpt lat="36.56678" lon="-121.93643">
        <ele>51.7</ele>
      </trkpt>
      <trkpt lat="36.56676" lon="-121.93641">
        <ele>52.0</ele>
      </trkpt>
      <trkpt lat="36.56659" lon="-121.93631">
        <ele>52.9</ele>
      </trkpt>
      <trkpt lat="36.56656" lon="-121.93629">
        <ele>53.0</ele>
      </trkpt>
      <trkpt lat="36.56652" lon="-121.93628">
        <ele>52.9</ele>
      </trkpt>
      <trkpt lat="36.56652" lon="-121.93629">
        <ele>52.7</ele>
      </trkpt>
      <trkpt lat="36.56652" lon="-121.93629">
        <ele>52.7</ele>
      </trkpt>
      <trkpt lat="36.56588" lon="-121.93596">
        <ele>53.0</ele>
      </trkpt>
      <trkpt lat="36.56557" lon="-121.93585">
        <ele>52.7</ele>
      </trkpt>
      <trkpt lat="36.56543" lon="-121.9358">
        <ele>53.8</ele>
      </trkpt>
      <trkpt lat="36.56513" lon="-121.93561">
        <ele>56.7</ele>
      </trkpt>
      <trkpt lat="36.56507" lon="-121.93557">
        <ele>56.5</ele>
      </trkpt>
      <trkpt lat="36.56499" lon="-121.93547">
        <ele>56.7</ele>
      </trkpt>
      <trkpt lat="36.56493" lon="-121.93537">
        <ele>56.8</ele>
      </trkpt>
      <trkpt lat="36.56483" lon="-121.93511">
        <ele>55.4</ele>
      </trkpt>
      <trkpt lat="36.56472" lon="-121.93492">
        <ele>53.9</ele>
      </trkpt>
      <trkpt lat="36.56468" lon="-121.93484">
        <ele>53.7</ele>
      </trkpt>
      <trkpt lat="36.56465" lon="-121.93477">
        <ele>53.6</ele>
      </trkpt>
      <trkpt lat="36.56463" lon="-121.9347">
        <ele>53.4</ele>
      </trkpt>
      <trkpt lat="36.56462" lon="-121.93462">
        <ele>53.2</ele>
      </trkpt>
      <trkpt lat="36.5646" lon="-121.93433">
        <ele>51.5</ele>
      </trkpt>
      <trkpt lat="36.56459" lon="-121.93425">
        <ele>50.6</ele>
      </trkpt>
      <trkpt lat="36.56457" lon="-121.93417">
        <ele>49.7</ele>
      </trkpt>
      <trkpt lat="36.56452" lon="-121.93405">
        <ele>49.0</ele>
      </trkpt>
      <trkpt lat="36.56448" lon="-121.93399">
        <ele>48.8</ele>
      </trkpt>
      <trkpt lat="36.56439" lon="-121.93389">
        <ele>48.0</ele>
      </trkpt>
      <trkpt lat="36.56407" lon="-121.93365">
        <ele>44.7</ele>
      </trkpt>
      <trkpt lat="36.56396" lon="-121.93354">
        <ele>43.5</ele>
      </trkpt>
      <trkpt lat="36.56391" lon="-121.93349">
        <ele>43.1</ele>
      </trkpt>
      <trkpt lat="36.56383" lon="-121.93335">
        <ele>43.0</ele>
      </trkpt>
      <trkpt lat="36.5638" lon="-121.93326">
        <ele>43.0</ele>
      </trkpt>
      <trkpt lat="36.56373" lon="-121.93307">
        <ele>42.8</ele>
      </trkpt>
      <trkpt lat="36.56363" lon="-121.93277">
        <ele>42.2</ele>
      </trkpt>
      <trkpt lat="36.56358" lon="-121.93257">
        <ele>42.4</ele>
      </trkpt>
      <trkpt lat="36.56357" lon="-121.93234">
        <ele>43.9</ele>
      </trkpt>
      <trkpt lat="36.56359" lon="-121.93185">
        <ele>46.5</ele>
      </trkpt>
      <trkpt lat="36.56357" lon="-121.93162">
        <ele>46.9</ele>
      </trkpt>
      <trkpt lat="36.56354" lon="-121.93146">
        <ele>47.0</ele>
      </trkpt>
      <trkpt lat="36.56349" lon="-121.93135">
        <ele>46.7</ele>
      </trkpt>
      <trkpt lat="36.56332" lon="-121.93111">
        <ele>45.0</ele>
      </trkpt>
      <trkpt lat="36.563" lon="-121.93067">
        <ele>41.2</ele>
      </trkpt>
      <trkpt lat="36.56268" lon="-121.93022">
        <ele>47.2</ele>
      </trkpt>
      <trkpt lat="36.56232" lon="-121.92974">
        <ele>42.7</ele>
      </trkpt>
      <trkpt lat="36.56197" lon="-121.92926">
        <ele>46.7</ele>
      </trkpt>
      <trkpt lat="36.56153" lon="-121.92868">
        <ele>49.4</ele>
      </trkpt>
      <trkpt lat="36.5611" lon="-121.92808">
        <ele>51.3</ele>
      </trkpt>
      <trkpt lat="36.56086" lon="-121.9275">
        <ele>51.2</ele>
      </trkpt>
      <trkpt lat="36.56074" lon="-121.92724">
        <ele>52.4</ele>
      </trkpt>
      <trkpt lat="36.56068" lon="-121.92709">
        <ele>53.2</ele>
      </trkpt>
      <trkpt lat="36.56057" lon="-121.92686">
        <ele>53.4</ele>
      </trkpt>
      <trkpt lat="36.56052" lon="-121.92676">
        <ele>53.4</ele>
      </trkpt>
      <trkpt lat="36.56047" lon="-121.9267">
        <ele>53.4</ele>
      </trkpt>
      <trkpt lat="36.56038" lon="-121.92662">
        <ele>53.0</ele>
      </trkpt>
      <trkpt lat="36.5603" lon="-121.92661">
        <ele>51.7</ele>
      </trkpt>
      <trkpt lat="36.5602" lon="-121.92662">
        <ele>50.0</ele>
      </trkpt>
      <trkpt lat="36.56007" lon="-121.92671">
        <ele>46.6</ele>
      </trkpt>
      <trkpt lat="36.56004" lon="-121.92686">
        <ele>44.4</ele>
      </trkpt>
      <trkpt lat="36.56004" lon="-121.92693">
        <ele>43.8</ele>
      </trkpt>
      <trkpt lat="36.56007" lon="-121.92715">
        <ele>43.2</ele>
      </trkpt>
      <trkpt lat="36.56013" lon="-121.9273">
        <ele>42.8</ele>
      </trkpt>
      <trkpt lat="36.56028" lon="-121.92761">
        <ele>40.1</ele>
      </trkpt>
      <trkpt lat="36.56034" lon="-121.92775">
        <ele>38.4</ele>
      </trkpt>
      <trkpt lat="36.56037" lon="-121.9279">
        <ele>37.1</ele>
      </trkpt>
      <trkpt lat="36.56038" lon="-121.92801">
        <ele>36.6</ele>
      </trkpt>
      <trkpt lat="36.56038" lon="-121.92827">
        <ele>34.9</ele>
      </trkpt>
      <trkpt lat="36.56038" lon="-121.92837">
        <ele>34.1</ele>
      </trkpt>
      <trkpt lat="36.56036" lon="-121.92844">
        <ele>33.0</ele>
      </trkpt>
      <trkpt lat="36.56034" lon="-121.92853">
        <ele>31.6</ele>
      </trkpt>
      <trkpt lat="36.56031" lon="-121.92861">
        <ele>30.2</ele>
      </trkpt>
      <trkpt lat="36.56028" lon="-121.92867">
        <ele>29.7</ele>
      </trkpt>
      <trkpt lat="36.56022" lon="-121.92874">
        <ele>28.3</ele>
      </trkpt>
      <trkpt lat="36.56017" lon="-121.92879">
        <ele>27.0</ele>
      </trkpt>
      <trkpt lat="36.56011" lon="-121.92883">
        <ele>25.3</ele>
      </trkpt>
      <trkpt lat="36.56003" lon="-121.92884">
        <ele>23.7</ele>
      </trkpt>
      <trkpt lat="36.55976" lon="-121.92881">
        <ele>21.8</ele>
      </trkpt>
      <trkpt lat="36.55962" lon="-121.92881">
        <ele>22.2</ele>
      </trkpt>
      <trkpt lat="36.55944" lon="-121.92887">
        <ele>22.1</ele>
      </trkpt>
      <trkpt lat="36.55944" lon="-121.92887">
        <ele>22.1</ele>
      </trkpt>
      <trkpt lat="36.55925" lon="-121.92895">
        <ele>21.8</ele>
      </trkpt>
      <trkpt lat="36.55914" lon="-121.92899">
        <ele>21.7</ele>
      </trkpt>
      <trkpt lat="36.55888" lon="-121.92906">
        <ele>22.2</ele>
      </trkpt>
      <trkpt lat="36.55865" lon="-121.92907">
        <ele>24.7</ele>
      </trkpt>
      <trkpt lat="36.55849" lon="-121.92905">
        <ele>26.3</ele>
      </trkpt>
      <trkpt lat="36.55825" lon="-121.929">
        <ele>26.9</ele>
      </trkpt>
      <trkpt lat="36.55776" lon="-121.92886">
        <ele>27.6</ele>
      </trkpt>
      <trkpt lat="36.55756" lon="-121.92878">
        <ele>28.4</ele>
      </trkpt>
      <trkpt lat="36.5574" lon="-121.92871">
        <ele>28.8</ele>
      </trkpt>
      <trkpt lat="36.55714" lon="-121.92853">
        <ele>28.7</ele>
      </trkpt>
      <trkpt lat="36.55701" lon="-121.9284">
        <ele>28.3</ele>
      </trkpt>
      <trkpt lat="36.55701" lon="-121.9284">
        <ele>28.3</ele>
      </trkpt>
      <trkpt lat="36.55693" lon="-121.92829">
        <ele>28.1</ele>
      </trkpt>
      <trkpt lat="36.55689" lon="-121.9282">
        <ele>28.2</ele>
      </trkpt>
      <trkpt lat="36.55686" lon="-121.92812">
        <ele>28.1</ele>
      </trkpt>
      <trkpt lat="36.55685" lon="-121.92792">
        <ele>28.9</ele>
      </trkpt>
      <trkpt lat="36.55674" lon="-121.92791">
        <ele>28.4</ele>
      </trkpt>
      <trkpt lat="36.55666" lon="-121.92788">
        <ele>29.6</ele>
      </trkpt>
      <trkpt lat="36.55662" lon="-121.92783">
        <ele>30.2</ele>
      </trkpt>
      <trkpt lat="36.55589" lon="-121.92784">
        <ele>29.6</ele>
      </trkpt>
      <trkpt lat="36.55516" lon="-121.92785">
        <ele>27.8</ele>
      </trkpt>
      <trkpt lat="36.55516" lon="-121.92785">
        <ele>27.8</ele>
      </trkpt>
      <trkpt lat="36.55508" lon="-121.92785">
        <ele>27.7</ele>
      </trkpt>
      <trkpt lat="36.55444" lon="-121.92784">
        <ele>27.4</ele>
      </trkpt>
      <trkpt lat="36.55379" lon="-121.92783">
        <ele>26.9</ele>
      </trkpt>
      <trkpt lat="36.55293" lon="-121.92783">
        <ele>25.8</ele>
      </trkpt>
      <trkpt lat="36.55206" lon="-121.92783">
        <ele>24.2</ele>
      </trkpt>
      <trkpt lat="36.55119" lon="-121.92783">
        <ele>20.9</ele>
      </trkpt>
      <trkpt lat="36.55063" lon="-121.92782">
        <ele>20.0</ele>
      </trkpt>
      <trkpt lat="36.55008" lon="-121.92782">
        <ele>19.6</ele>
      </trkpt>
      <trkpt lat="36.54945" lon="-121.92782">
        <ele>19.6</ele>
      </trkpt>
      <trkpt lat="36.54883" lon="-121.92783">
        <ele>19.6</ele>
      </trkpt>
      <trkpt lat="36.54801" lon="-121.92782">
        <ele>19.4</ele>
      </trkpt>
      <trkpt lat="36.54719" lon="-121.92781">
        <ele>17.5</ele>
      </trkpt>
      <trkpt lat="36.54636" lon="-121.9278">
        <ele>17.3</ele>
      </trkpt>
      <trkpt lat="36.54584" lon="-121.92781">
        <ele>18.0</ele>
      </trkpt>
      <trkpt lat="36.54533" lon="-121.92782">
        <ele>19.5</ele>
      </trkpt>
      <trkpt lat="36.54533" lon="-121.92782">
        <ele>19.5</ele>
      </trkpt>
      <trkpt lat="36.54531" lon="-121.92754">
        <ele>20.6</ele>
      </trkpt>
      <trkpt lat="36.54528" lon="-121.92738">
        <ele>21.0</ele>
      </trkpt>
      <trkpt lat="36.54518" lon="-121.92696">
        <ele>21.7</ele>
      </trkpt>
      <trkpt lat="36.54497" lon="-121.92612">
        <ele>21.7</ele>
      </trkpt>
      <trkpt lat="36.54472" lon="-121.92524">
        <ele>20.7</ele>
      </trkpt>
      <trkpt lat="36.54455" lon="-121.9244">
        <ele>21.8</ele>
      </trkpt>
      <trkpt lat="36.54438" lon="-121.92354">
        <ele>25.2</ele>
      </trkpt>
      <trkpt lat="36.54421" lon="-121.92267">
        <ele>31.6</ele>
      </trkpt>
      <trkpt lat="36.54417" lon="-121.92239">
        <ele>31.5</ele>
      </trkpt>
      <trkpt lat="36.54418" lon="-121.92221">
        <ele>32.1</ele>
      </trkpt>
      <trkpt lat="36.54421" lon="-121.92205">
        <ele>32.4</ele>
      </trkpt>
      <trkpt lat="36.54442" lon="-121.92136">
        <ele>32.7</ele>
      </trkpt>
      <trkpt lat="36.54463" lon="-121.92068">
        <ele>33.0</ele>
      </trkpt>
      <trkpt lat="36.54471" lon="-121.92036">
        <ele>33.1</ele>
      </trkpt>
      <trkpt lat="36.54487" lon="-121.91965">
        <ele>29.4</ele>
      </trkpt>
      <trkpt lat="36.54487" lon="-121.91965">
        <ele>29.4</ele>
      </trkpt>
      <trkpt lat="36.54442" lon="-121.91959">
        <ele>27.0</ele>
      </trkpt>
      <trkpt lat="36.54416" lon="-121.91958">
        <ele>24.0</ele>
      </trkpt>
      <trkpt lat="36.54387" lon="-121.91958">
        <ele>21.0</ele>
      </trkpt>
      <trkpt lat="36.54377" lon="-121.91957">
        <ele>19.9</ele>
      </trkpt>
      <trkpt lat="36.54368" lon="-121.91954">
        <ele>18.7</ele>
      </trkpt>
      <trkpt lat="36.54354" lon="-121.91948">
        <ele>17.4</ele>
      </trkpt>
      <trkpt lat="36.54348" lon="-121.91965">
        <ele>18.2</ele>
      </trkpt>
      <trkpt lat="36.54327" lon="-121.9195">
        <ele>16.3</ele>
      </trkpt>
      <trkpt lat="36.54313" lon="-121.91934">
        <ele>14.4</ele>
      </trkpt>
      <trkpt lat="36.54313" lon="-121.91934">
        <ele>14.4</ele>
      </trkpt>
      <trkpt lat="36.543082" lon="-121.919272">
        <ele>13.7</ele>
      </trkpt>
      <trkpt lat="36.5429" lon="-121.91901">
        <ele>12.6</ele>
      </trkpt>
      <trkpt lat="36.5428" lon="-121.91881">
        <ele>12.2</ele>
      </trkpt>
      <trkpt lat="36.54277" lon="-121.91865">
        <ele>10.9</ele>
      </trkpt>
      <trkpt lat="36.54279" lon="-121.91856">
        <ele>10.1</ele>
      </trkpt>
      <trkpt lat="36.54283" lon="-121.91849">
        <ele>9.5</ele>
      </trkpt>
      <trkpt lat="36.54241" lon="-121.91776">
        <ele>9.5</ele>
      </trkpt>
      <trkpt lat="36.542" lon="-121.91703">
        <ele>11.2</ele>
      </trkpt>
      <trkpt lat="36.54166" lon="-121.91639">
        <ele>11.6</ele>
      </trkpt>
      <trkpt lat="36.54149" lon="-121.9161">
        <ele>11.8</ele>
      </trkpt>
      <trkpt lat="36.54129" lon="-121.91578">
        <ele>11.9</ele>
      </trkpt>
      <trkpt lat="36.54101" lon="-121.91539">
        <ele>12.3</ele>
      </trkpt>
      <trkpt lat="36.54088" lon="-121.9152">
        <ele>12.3</ele>
      </trkpt>
      <trkpt lat="36.54081" lon="-121.91505">
        <ele>12.4</ele>
      </trkpt>
      <trkpt lat="36.54073" lon="-121.91486">
        <ele>12.5</ele>
      </trkpt>
      <trkpt lat="36.54067" lon="-121.91465">
        <ele>12.7</ele>
      </trkpt>
      <trkpt lat="36.54063" lon="-121.91441">
        <ele>13.0</ele>
      </trkpt>
      <trkpt lat="36.54062" lon="-121.91421">
        <ele>13.2</ele>
      </trkpt>
      <trkpt lat="36.54063" lon="-121.914">
        <ele>13.1</ele>
      </trkpt>
      <trkpt lat="36.5407" lon="-121.91346">
        <ele>13.1</ele>
      </trkpt>
      <trkpt lat="36.54071" lon="-121.91333">
        <ele>12.9</ele>
      </trkpt>
      <trkpt lat="36.54071" lon="-121.91317">
        <ele>12.8</ele>
      </trkpt>
      <trkpt lat="36.54067" lon="-121.91284">
        <ele>12.6</ele>
      </trkpt>
      <trkpt lat="36.54062" lon="-121.91253">
        <ele>12.6</ele>
      </trkpt>
      <trkpt lat="36.54054" lon="-121.9123">
        <ele>12.4</ele>
      </trkpt>
      <trkpt lat="36.54029" lon="-121.91183">
        <ele>12.0</ele>
      </trkpt>
      <trkpt lat="36.54004" lon="-121.91136">
        <ele>11.5</ele>
      </trkpt>
      <trkpt lat="36.53991" lon="-121.91111">
        <ele>11.3</ele>
      </trkpt>
      <trkpt lat="36.53971" lon="-121.91078">
        <ele>11.1</ele>
      </trkpt>
      <trkpt lat="36.53939" lon="-121.9102">
        <ele>10.6</ele>
      </trkpt>
      <trkpt lat="36.53924" lon="-121.91033">
        <ele>10.4</ele>
      </trkpt>
      <trkpt lat="36.53856" lon="-121.91089">
        <ele>9.3</ele>
      </trkpt>
      <trkpt lat="36.53832" lon="-121.91107">
        <ele>9.0</ele>
      </trkpt>
      <trkpt lat="36.53813" lon="-121.91118">
        <ele>8.7</ele>
      </trkpt>
      <trkpt lat="36.53731" lon="-121.91159">
        <ele>7.9</ele>
      </trkpt>
      <trkpt lat="36.537" lon="-121.91179">
        <ele>7.6</ele>
      </trkpt>
      <trkpt lat="36.53677" lon="-121.91196">
        <ele>7.4</ele>
      </trkpt>
      <trkpt lat="36.53658" lon="-121.91214">
        <ele>7.3</ele>
      </trkpt>
      <trkpt lat="36.53595" lon="-121.9128">
        <ele>7.3</ele>
      </trkpt>
      <trkpt lat="36.53532" lon="-121.91346">
        <ele>7.2</ele>
      </trkpt>
      <trkpt lat="36.53485" lon="-121.91396">
        <ele>7.2</ele>
      </trkpt>
      <trkpt lat="36.53437" lon="-121.91442">
        <ele>7.2</ele>
      </trkpt>
      <trkpt lat="36.53366" lon="-121.915">
        <ele>7.3</ele>
      </trkpt>
      <trkpt lat="36.53295" lon="-121.91559">
        <ele>7.5</ele>
      </trkpt>
      <trkpt lat="36.53233" lon="-121.91612">
        <ele>8.7</ele>
      </trkpt>
      <trkpt lat="36.53199" lon="-121.91642">
        <ele>11.0</ele>
      </trkpt>
      <trkpt lat="36.53139" lon="-121.91691">
        <ele>9.8</ele>
      </trkpt>
      <trkpt lat="36.5308" lon="-121.9174">
        <ele>12.8</ele>
      </trkpt>
      <trkpt lat="36.53045" lon="-121.91772">
        <ele>13.2</ele>
      </trkpt>
      <trkpt lat="36.52996" lon="-121.91817">
        <ele>18.5</ele>
      </trkpt>
      <trkpt lat="36.52947" lon="-121.91863">
        <ele>20.5</ele>
      </trkpt>
      <trkpt lat="36.52915" lon="-121.91897">
        <ele>23.4</ele>
      </trkpt>
      <trkpt lat="36.52897" lon="-121.9192">
        <ele>25.8</ele>
      </trkpt>
      <trkpt lat="36.52864" lon="-121.91954">
        <ele>30.3</ele>
      </trkpt>
      <trkpt lat="36.52825" lon="-121.91998">
        <ele>30.7</ele>
      </trkpt>
      <trkpt lat="36.52776" lon="-121.92057">
        <ele>30.9</ele>
      </trkpt>
      <trkpt lat="36.52735" lon="-121.92107">
        <ele>31.0</ele>
      </trkpt>
      <trkpt lat="36.52694" lon="-121.92158">
        <ele>25.3</ele>
      </trkpt>
      <trkpt lat="36.52645" lon="-121.92218">
        <ele>20.9</ele>
      </trkpt>
      <trkpt lat="36.52596" lon="-121.92278">
        <ele>17.7</ele>
      </trkpt>
      <trkpt lat="36.52547" lon="-121.92338">
        <ele>12.5</ele>
      </trkpt>
      <trkpt lat="36.52513" lon="-121.92383">
        <ele>8.5</ele>
      </trkpt>
      <trkpt lat="36.52456" lon="-121.92455">
        <ele>7.4</ele>
      </trkpt>
      <trkpt lat="36.52398" lon="-121.92526">
        <ele>7.5</ele>
      </trkpt>
      <trkpt lat="36.52341" lon="-121.92597">
        <ele>5.7</ele>
      </trkpt>
      <trkpt lat="36.52335" lon="-121.92606">
        <ele>5.5</ele>
      </trkpt>
      <trkpt lat="36.52316" lon="-121.92629">
        <ele>4.9</ele>
      </trkpt>
      <trkpt lat="36.52282" lon="-121.9267">
        <ele>3.9</ele>
      </trkpt>
      <trkpt lat="36.52247" lon="-121.92712">
        <ele>5.1</ele>
      </trkpt>
      <trkpt lat="36.52212" lon="-121.92763">
        <ele>6.9</ele>
      </trkpt>
      <trkpt lat="36.52177" lon="-121.92815">
        <ele>8.5</ele>
      </trkpt>
      <trkpt lat="36.5214" lon="-121.9288">
        <ele>8.9</ele>
      </trkpt>
      <trkpt lat="36.52097" lon="-121.92968">
        <ele>15.6</ele>
      </trkpt>
      <trkpt lat="36.52053" lon="-121.93056">
        <ele>21.8</ele>
      </trkpt>
      <trkpt lat="36.52053" lon="-121.93056">
        <ele>21.8</ele>
      </trkpt>
      <trkpt lat="36.52053" lon="-121.93056">
        <ele>21.8</ele>
      </trkpt>
      <trkpt lat="36.52015" lon="-121.93133">
        <ele>24.2</ele>
      </trkpt>
      <trkpt lat="36.51978" lon="-121.93209">
        <ele>23.8</ele>
      </trkpt>
      <trkpt lat="36.5194" lon="-121.93285">
        <ele>24.5</ele>
      </trkpt>
      <trkpt lat="36.51916" lon="-121.93331">
        <ele>25.3</ele>
      </trkpt>
      <trkpt lat="36.51897" lon="-121.93364">
        <ele>25.4</ele>
      </trkpt>
      <trkpt lat="36.51863" lon="-121.93415">
        <ele>25.5</ele>
      </trkpt>
      <trkpt lat="36.5183" lon="-121.9346">
        <ele>25.5</ele>
      </trkpt>
      <trkpt lat="36.51798" lon="-121.935">
        <ele>25.4</ele>
      </trkpt>
      <trkpt lat="36.5178" lon="-121.9352">
        <ele>25.4</ele>
      </trkpt>
      <trkpt lat="36.51712" lon="-121.93585">
        <ele>23.3</ele>
      </trkpt>
      <trkpt lat="36.51657" lon="-121.93627">
        <ele>21.0</ele>
      </trkpt>
      <trkpt lat="36.51602" lon="-121.93669">
        <ele>22.8</ele>
      </trkpt>
      <trkpt lat="36.51555" lon="-121.93696">
        <ele>24.5</ele>
      </trkpt>
      <trkpt lat="36.51509" lon="-121.93723">
        <ele>26.7</ele>
      </trkpt>
      <trkpt lat="36.5145" lon="-121.93747">
        <ele>28.7</ele>
      </trkpt>
      <trkpt lat="36.51391" lon="-121.93771">
        <ele>30.1</ele>
      </trkpt>
      <trkpt lat="36.51348" lon="-121.93783">
        <ele>30.6</ele>
      </trkpt>
      <trkpt lat="36.5129" lon="-121.93795">
        <ele>27.9</ele>
      </trkpt>
      <trkpt lat="36.51236" lon="-121.938">
        <ele>26.5</ele>
      </trkpt>
      <trkpt lat="36.51182" lon="-121.93805">
        <ele>26.3</ele>
      </trkpt>
      <trkpt lat="36.51128" lon="-121.93807">
        <ele>27.7</ele>
      </trkpt>
      <trkpt lat="36.51074" lon="-121.9381">
        <ele>29.3</ele>
      </trkpt>
      <trkpt lat="36.51028" lon="-121.93809">
        <ele>29.9</ele>
      </trkpt>
      <trkpt lat="36.51001" lon="-121.93802">
        <ele>30.4</ele>
      </trkpt>
      <trkpt lat="36.50966" lon="-121.93788">
        <ele>33.0</ele>
      </trkpt>
      <trkpt lat="36.50938" lon="-121.93771">
        <ele>36.1</ele>
      </trkpt>
      <trkpt lat="36.50911" lon="-121.9375">
        <ele>36.7</ele>
      </trkpt>
      <trkpt lat="36.5089" lon="-121.9373">
        <ele>37.0</ele>
      </trkpt>
      <trkpt lat="36.50863" lon="-121.937">
        <ele>41.3</ele>
      </trkpt>
      <trkpt lat="36.50814" lon="-121.93628">
        <ele>45.5</ele>
      </trkpt>
      <trkpt lat="36.50782" lon="-121.93604">
        <ele>45.2</ele>
      </trkpt>
      <trkpt lat="36.50773" lon="-121.93599">
        <ele>45.0</ele>
      </trkpt>
      <trkpt lat="36.50755" lon="-121.93595">
        <ele>45.0</ele>
      </trkpt>
      <trkpt lat="36.50727" lon="-121.93594">
        <ele>46.4</ele>
      </trkpt>
      <trkpt lat="36.50661" lon="-121.93602">
        <ele>47.2</ele>
      </trkpt>
      <trkpt lat="36.50594" lon="-121.9361">
        <ele>42.3</ele>
      </trkpt>
      <trkpt lat="36.50568" lon="-121.93621">
        <ele>41.4</ele>
      </trkpt>
      <trkpt lat="36.50552" lon="-121.93631">
        <ele>40.6</ele>
      </trkpt>
      <trkpt lat="36.50527" lon="-121.93654">
        <ele>38.7</ele>
      </trkpt>
      <trkpt lat="36.5048" lon="-121.93704">
        <ele>33.7</ele>
      </trkpt>
      <trkpt lat="36.50433" lon="-121.93755">
        <ele>26.5</ele>
      </trkpt>
      <trkpt lat="36.50423" lon="-121.93764">
        <ele>25.6</ele>
      </trkpt>
      <trkpt lat="36.50403" lon="-121.93777">
        <ele>22.3</ele>
      </trkpt>
      <trkpt lat="36.50384" lon="-121.93783">
        <ele>28.9</ele>
      </trkpt>
      <trkpt lat="36.50369" lon="-121.93786">
        <ele>32.9</ele>
      </trkpt>
      <trkpt lat="36.5035" lon="-121.93785">
        <ele>33.9</ele>
      </trkpt>
      <trkpt lat="36.50326" lon="-121.93773">
        <ele>31.8</ele>
      </trkpt>
      <trkpt lat="36.50326" lon="-121.93773">
        <ele>31.8</ele>
      </trkpt>
      <trkpt lat="36.50296" lon="-121.93764">
        <ele>28.7</ele>
      </trkpt>
      <trkpt lat="36.5028" lon="-121.93765">
        <ele>30.6</ele>
      </trkpt>
      <trkpt lat="36.50269" lon="-121.9377">
        <ele>32.4</ele>
      </trkpt>
      <trkpt lat="36.50251" lon="-121.93779">
        <ele>34.9</ele>
      </trkpt>
      <trkpt lat="36.50225" lon="-121.93795">
        <ele>39.0</ele>
      </trkpt>
      <trkpt lat="36.50188" lon="-121.93812">
        <ele>38.2</ele>
      </trkpt>
      <trkpt lat="36.50166" lon="-121.93814">
        <ele>39.2</ele>
      </trkpt>
      <trkpt lat="36.50152" lon="-121.93811">
        <ele>39.8</ele>
      </trkpt>
      <trkpt lat="36.50135" lon="-121.93804">
        <ele>40.7</ele>
      </trkpt>
      <trkpt lat="36.50094" lon="-121.93777">
        <ele>40.5</ele>
      </trkpt>
      <trkpt lat="36.50054" lon="-121.93751">
        <ele>39.1</ele>
      </trkpt>
      <trkpt lat="36.50019" lon="-121.93732">
        <ele>35.1</ele>
      </trkpt>
      <trkpt lat="36.50007" lon="-121.93721">
        <ele>35.9</ele>
      </trkpt>
      <trkpt lat="36.4999" lon="-121.93713">
        <ele>34.4</ele>
      </trkpt>
      <trkpt lat="36.49975" lon="-121.93703">
        <ele>33.3</ele>
      </trkpt>
      <trkpt lat="36.49959" lon="-121.93685">
        <ele>34.0</ele>
      </trkpt>
      <trkpt lat="36.49908" lon="-121.93612">
        <ele>33.5</ele>
      </trkpt>
      <trkpt lat="36.49888" lon="-121.9359">
        <ele>37.0</ele>
      </trkpt>
      <trkpt lat="36.49866" lon="-121.93573">
        <ele>37.8</ele>
      </trkpt>
      <trkpt lat="36.49853" lon="-121.93568">
        <ele>36.9</ele>
      </trkpt>
      <trkpt lat="36.49839" lon="-121.93566">
        <ele>34.8</ele>
      </trkpt>
      <trkpt lat="36.49826" lon="-121.93566">
        <ele>33.0</ele>
      </trkpt>
      <trkpt lat="36.49817" lon="-121.93567">
        <ele>32.2</ele>
      </trkpt>
      <trkpt lat="36.49799" lon="-121.93575">
        <ele>32.9</ele>
      </trkpt>
      <trkpt lat="36.49789" lon="-121.93582">
        <ele>33.3</ele>
      </trkpt>
      <trkpt lat="36.49771" lon="-121.93597">
        <ele>34.2</ele>
      </trkpt>
      <trkpt lat="36.49744" lon="-121.93621">
        <ele>35.5</ele>
      </trkpt>
      <trkpt lat="36.49723" lon="-121.93638">
        <ele>36.5</ele>
      </trkpt>
      <trkpt lat="36.49715" lon="-121.93643">
        <ele>38.8</ele>
      </trkpt>
      <trkpt lat="36.49677" lon="-121.93663">
        <ele>43.5</ele>
      </trkpt>
      <trkpt lat="36.49639" lon="-121.93682">
        <ele>45.7</ele>
      </trkpt>
      <trkpt lat="36.49582" lon="-121.93705">
        <ele>46.5</ele>
      </trkpt>
      <trkpt lat="36.49525" lon="-121.93728">
        <ele>52.4</ele>
      </trkpt>
      <trkpt lat="36.49497" lon="-121.93739">
        <ele>53.0</ele>
      </trkpt>
      <trkpt lat="36.49497" lon="-121.93739">
        <ele>53.0</ele>
      </trkpt>
      <trkpt lat="36.49423" lon="-121.93767">
        <ele>54.0</ele>
      </trkpt>
      <trkpt lat="36.49407" lon="-121.93771">
        <ele>55.0</ele>
      </trkpt>
      <trkpt lat="36.49391" lon="-121.93773">
        <ele>56.2</ele>
      </trkpt>
      <trkpt lat="36.4938" lon="-121.93773">
        <ele>57.1</ele>
      </trkpt>
      <trkpt lat="36.49367" lon="-121.93773">
        <ele>57.7</ele>
      </trkpt>
      <trkpt lat="36.49325" lon="-121.93765">
        <ele>59.5</ele>
      </trkpt>
      <trkpt lat="36.49305" lon="-121.93764">
        <ele>60.0</ele>
      </trkpt>
      <trkpt lat="36.49293" lon="-121.93766">
        <ele>61.3</ele>
      </trkpt>
      <trkpt lat="36.4928" lon="-121.93768">
        <ele>64.2</ele>
      </trkpt>
      <trkpt lat="36.49258" lon="-121.93778">
        <ele>66.8</ele>
      </trkpt>
      <trkpt lat="36.49241" lon="-121.93788">
        <ele>67.2</ele>
      </trkpt>
      <trkpt lat="36.49211" lon="-121.93807">
        <ele>68.2</ele>
      </trkpt>
      <trkpt lat="36.49191" lon="-121.93817">
        <ele>68.9</ele>
      </trkpt>
      <trkpt lat="36.49161" lon="-121.93825">
        <ele>70.6</ele>
      </trkpt>
      <trkpt lat="36.49134" lon="-121.93828">
        <ele>70.8</ele>
      </trkpt>
      <trkpt lat="36.49082" lon="-121.93824">
        <ele>67.9</ele>
      </trkpt>
      <trkpt lat="36.49026" lon="-121.93824">
        <ele>61.1</ele>
      </trkpt>
      <trkpt lat="36.48998" lon="-121.93821">
        <ele>58.5</ele>
      </trkpt>
      <trkpt lat="36.48969" lon="-121.93815">
        <ele>58.3</ele>
      </trkpt>
      <trkpt lat="36.48908" lon="-121.93796">
        <ele>57.9</ele>
      </trkpt>
      <trkpt lat="36.4884" lon="-121.93779">
        <ele>47.9</ele>
      </trkpt>
      <trkpt lat="36.48806" lon="-121.93774">
        <ele>48.0</ele>
      </trkpt>
      <trkpt lat="36.48781" lon="-121.93772">
        <ele>48.2</ele>
      </trkpt>
      <trkpt lat="36.48753" lon="-121.93773">
        <ele>48.3</ele>
      </trkpt>
      <trkpt lat="36.48679" lon="-121.93776">
        <ele>48.0</ele>
      </trkpt>
      <trkpt lat="36.48606" lon="-121.9378">
        <ele>45.4</ele>
      </trkpt>
      <trkpt lat="36.48532" lon="-121.93784">
        <ele>42.9</ele>
      </trkpt>
      <trkpt lat="36.48506" lon="-121.93783">
        <ele>42.1</ele>
      </trkpt>
      <trkpt lat="36.48482" lon="-121.9378">
        <ele>41.5</ele>
      </trkpt>
      <trkpt lat="36.48456" lon="-121.93773">
        <ele>40.2</ele>
      </trkpt>
      <trkpt lat="36.48428" lon="-121.93763">
        <ele>36.6</ele>
      </trkpt>
      <trkpt lat="36.48363" lon="-121.93732">
        <ele>34.7</ele>
      </trkpt>
      <trkpt lat="36.48333" lon="-121.93721">
        <ele>33.1</ele>
      </trkpt>
      <trkpt lat="36.48305" lon="-121.93715">
        <ele>31.6</ele>
      </trkpt>
      <trkpt lat="36.48284" lon="-121.93712">
        <ele>30.4</ele>
      </trkpt>
      <trkpt lat="36.48253" lon="-121.93711">
        <ele>28.6</ele>
      </trkpt>
      <trkpt lat="36.48206" lon="-121.93714">
        <ele>29.2</ele>
      </trkpt>
      <trkpt lat="36.48134" lon="-121.93717">
        <ele>30.2</ele>
      </trkpt>
      <trkpt lat="36.48066" lon="-121.93717">
        <ele>31.2</ele>
      </trkpt>
      <trkpt lat="36.48026" lon="-121.93712">
        <ele>33.1</ele>
      </trkpt>
      <trkpt lat="36.48006" lon="-121.93707">
        <ele>33.5</ele>
      </trkpt>
      <trkpt lat="36.47932" lon="-121.93677">
        <ele>29.4</ele>
      </trkpt>
      <trkpt lat="36.47879" lon="-121.93648">
        <ele>28.8</ele>
      </trkpt>
      <trkpt lat="36.47854" lon="-121.93639">
        <ele>29.7</ele>
      </trkpt>
      <trkpt lat="36.47811" lon="-121.93627">
        <ele>29.0</ele>
      </trkpt>
      <trkpt lat="36.47762" lon="-121.93617">
        <ele>31.3</ele>
      </trkpt>
      <trkpt lat="36.47738" lon="-121.93615">
        <ele>32.9</ele>
      </trkpt>
      <trkpt lat="36.47677" lon="-121.93602">
        <ele>35.2</ele>
      </trkpt>
      <trkpt lat="36.47599" lon="-121.93588">
        <ele>35.5</ele>
      </trkpt>
      <trkpt lat="36.47554" lon="-121.93581">
        <ele>34.4</ele>
      </trkpt>
      <trkpt lat="36.47508" lon="-121.93573">
        <ele>32.3</ele>
      </trkpt>
      <trkpt lat="36.47439" lon="-121.9356">
        <ele>29.6</ele>
      </trkpt>
      <trkpt lat="36.4737" lon="-121.93547">
        <ele>29.1</ele>
      </trkpt>
      <trkpt lat="36.47302" lon="-121.93534">
        <ele>29.0</ele>
      </trkpt>
      <trkpt lat="36.47269" lon="-121.93526">
        <ele>28.3</ele>
      </trkpt>
      <trkpt lat="36.47242" lon="-121.93515">
        <ele>31.8</ele>
      </trkpt>
      <trkpt lat="36.47199" lon="-121.93495">
        <ele>34.9</ele>
      </trkpt>
      <trkpt lat="36.47175" lon="-121.93481">
        <ele>34.8</ele>
      </trkpt>
      <trkpt lat="36.47107" lon="-121.93433">
        <ele>27.7</ele>
      </trkpt>
      <trkpt lat="36.47051" lon="-121.93376">
        <ele>31.4</ele>
      </trkpt>
      <trkpt lat="36.46995" lon="-121.9332">
        <ele>32.3</ele>
      </trkpt>
      <trkpt lat="36.46957" lon="-121.93279">
        <ele>33.8</ele>
      </trkpt>
      <trkpt lat="36.4692" lon="-121.93239">
        <ele>35.2</ele>
      </trkpt>
      <trkpt lat="36.46902" lon="-121.93216">
        <ele>34.1</ele>
      </trkpt>
      <trkpt lat="36.46847" lon="-121.93132">
        <ele>30.9</ele>
      </trkpt>
      <trkpt lat="36.46822" lon="-121.93088">
        <ele>31.1</ele>
      </trkpt>
      <trkpt lat="36.468" lon="-121.93045">
        <ele>35.0</ele>
      </trkpt>
      <trkpt lat="36.46773" lon="-121.93">
        <ele>36.3</ele>
      </trkpt>
      <trkpt lat="36.46748" lon="-121.9297">
        <ele>29.5</ele>
      </trkpt>
      <trkpt lat="36.46728" lon="-121.92949">
        <ele>25.4</ele>
      </trkpt>
      <trkpt lat="36.46675" lon="-121.92902">
        <ele>25.8</ele>
      </trkpt>
      <trkpt lat="36.46615" lon="-121.92859">
        <ele>36.2</ele>
      </trkpt>
      <trkpt lat="36.46556" lon="-121.92816">
        <ele>37.2</ele>
      </trkpt>
      <trkpt lat="36.46496" lon="-121.92774">
        <ele>43.6</ele>
      </trkpt>
      <trkpt lat="36.46437" lon="-121.92731">
        <ele>42.8</ele>
      </trkpt>
      <trkpt lat="36.46371" lon="-121.92685">
        <ele>41.2</ele>
      </trkpt>
      <trkpt lat="36.46304" lon="-121.9264">
        <ele>43.2</ele>
      </trkpt>
      <trkpt lat="36.46238" lon="-121.92594">
        <ele>46.7</ele>
      </trkpt>
      <trkpt lat="36.46172" lon="-121.92548">
        <ele>47.8</ele>
      </trkpt>
      <trkpt lat="36.46096" lon="-121.92505">
        <ele>48.6</ele>
      </trkpt>
      <trkpt lat="36.46016" lon="-121.92469">
        <ele>39.9</ele>
      </trkpt>
      <trkpt lat="36.45965" lon="-121.92452">
        <ele>47.2</ele>
      </trkpt>
      <trkpt lat="36.45915" lon="-121.92435">
        <ele>47.1</ele>
      </trkpt>
      <trkpt lat="36.45868" lon="-121.92424">
        <ele>41.9</ele>
      </trkpt>
      <trkpt lat="36.45821" lon="-121.92414">
        <ele>38.2</ele>
      </trkpt>
      <trkpt lat="36.45752" lon="-121.92408">
        <ele>35.8</ele>
      </trkpt>
      <trkpt lat="36.45683" lon="-121.92402">
        <ele>33.7</ele>
      </trkpt>
      <trkpt lat="36.45614" lon="-121.92395">
        <ele>27.6</ele>
      </trkpt>
      <trkpt lat="36.45545" lon="-121.92389">
        <ele>25.5</ele>
      </trkpt>
      <trkpt lat="36.45494" lon="-121.92396">
        <ele>28.9</ele>
      </trkpt>
      <trkpt lat="36.45443" lon="-121.92403">
        <ele>30.7</ele>
      </trkpt>
      <trkpt lat="36.45378" lon="-121.92424">
        <ele>32.5</ele>
      </trkpt>
      <trkpt lat="36.45314" lon="-121.92459">
        <ele>39.3</ele>
      </trkpt>
      <trkpt lat="36.45263" lon="-121.925">
        <ele>41.7</ele>
      </trkpt>
      <trkpt lat="36.45204" lon="-121.92559">
        <ele>44.2</ele>
      </trkpt>
      <trkpt lat="36.45188" lon="-121.92574">
        <ele>45.8</ele>
      </trkpt>
      <trkpt lat="36.45161" lon="-121.92597">
        <ele>47.2</ele>
      </trkpt>
      <trkpt lat="36.45141" lon="-121.92612">
        <ele>46.9</ele>
      </trkpt>
      <trkpt lat="36.45122" lon="-121.92623">
        <ele>46.6</ele>
      </trkpt>
      <trkpt lat="36.45094" lon="-121.92636">
        <ele>46.6</ele>
      </trkpt>
      <trkpt lat="36.45061" lon="-121.92648">
        <ele>46.3</ele>
      </trkpt>
      <trkpt lat="36.45033" lon="-121.92655">
        <ele>45.6</ele>
      </trkpt>
      <trkpt lat="36.45007" lon="-121.92659">
        <ele>44.4</ele>
      </trkpt>
      <trkpt lat="36.44982" lon="-121.9266">
        <ele>42.3</ele>
      </trkpt>
      <trkpt lat="36.44957" lon="-121.92658">
        <ele>42.5</ele>
      </trkpt>
      <trkpt lat="36.44921" lon="-121.92651">
        <ele>44.6</ele>
      </trkpt>
      <trkpt lat="36.44883" lon="-121.92638">
        <ele>46.7</ele>
      </trkpt>
      <trkpt lat="36.4485" lon="-121.92623">
        <ele>47.5</ele>
      </trkpt>
      <trkpt lat="36.44774" lon="-121.92579">
        <ele>45.2</ele>
      </trkpt>
      <trkpt lat="36.44697" lon="-121.92535">
        <ele>47.3</ele>
      </trkpt>
      <trkpt lat="36.4462" lon="-121.92491">
        <ele>47.1</ele>
      </trkpt>
      <trkpt lat="36.44543" lon="-121.92447">
        <ele>46.7</ele>
      </trkpt>
      <trkpt lat="36.44466" lon="-121.92403">
        <ele>46.8</ele>
      </trkpt>
      <trkpt lat="36.44389" lon="-121.92359">
        <ele>46.5</ele>
      </trkpt>
      <trkpt lat="36.44312" lon="-121.92315">
        <ele>43.3</ele>
      </trkpt>
      <trkpt lat="36.44235" lon="-121.92272">
        <ele>32.9</ele>
      </trkpt>
      <trkpt lat="36.44158" lon="-121.92228">
        <ele>29.5</ele>
      </trkpt>
      <trkpt lat="36.44082" lon="-121.92184">
        <ele>34.9</ele>
      </trkpt>
      <trkpt lat="36.44005" lon="-121.9214">
        <ele>36.0</ele>
      </trkpt>
      <trkpt lat="36.43928" lon="-121.92096">
        <ele>35.0</ele>
      </trkpt>
      <trkpt lat="36.43851" lon="-121.92052">
        <ele>35.8</ele>
      </trkpt>
      <trkpt lat="36.43774" lon="-121.92008">
        <ele>36.6</ele>
      </trkpt>
      <trkpt lat="36.43697" lon="-121.91964">
        <ele>35.8</ele>
      </trkpt>
      <trkpt lat="36.4362" lon="-121.91921">
        <ele>36.4</ele>
      </trkpt>
      <trkpt lat="36.43575" lon="-121.919">
        <ele>36.8</ele>
      </trkpt>
      <trkpt lat="36.43531" lon="-121.91883">
        <ele>37.2</ele>
      </trkpt>
      <trkpt lat="36.43457" lon="-121.91859">
        <ele>37.8</ele>
      </trkpt>
      <trkpt lat="36.43382" lon="-121.91836">
        <ele>44.2</ele>
      </trkpt>
      <trkpt lat="36.433" lon="-121.91794">
        <ele>45.3</ele>
      </trkpt>
      <trkpt lat="36.43221" lon="-121.91743">
        <ele>38.4</ele>
      </trkpt>
      <trkpt lat="36.43177" lon="-121.91709">
        <ele>50.4</ele>
      </trkpt>
      <trkpt lat="36.43123" lon="-121.91657">
        <ele>54.9</ele>
      </trkpt>
      <trkpt lat="36.43068" lon="-121.91606">
        <ele>53.9</ele>
      </trkpt>
      <trkpt lat="36.43014" lon="-121.91554">
        <ele>53.9</ele>
      </trkpt>
      <trkpt lat="36.42959" lon="-121.91503">
        <ele>58.3</ele>
      </trkpt>
      <trkpt lat="36.42901" lon="-121.91457">
        <ele>56.7</ele>
      </trkpt>
      <trkpt lat="36.42843" lon="-121.91411">
        <ele>59.9</ele>
      </trkpt>
      <trkpt lat="36.42769" lon="-121.91363">
        <ele>56.2</ele>
      </trkpt>
      <trkpt lat="36.42692" lon="-121.91322">
        <ele>49.1</ele>
      </trkpt>
      <trkpt lat="36.42614" lon="-121.91294">
        <ele>48.3</ele>
      </trkpt>
      <trkpt lat="36.42536" lon="-121.91265">
        <ele>44.0</ele>
      </trkpt>
      <trkpt lat="36.42486" lon="-121.91254">
        <ele>47.6</ele>
      </trkpt>
      <trkpt lat="36.42436" lon="-121.91244">
        <ele>48.3</ele>
      </trkpt>
      <trkpt lat="36.42385" lon="-121.91238">
        <ele>46.2</ele>
      </trkpt>
      <trkpt lat="36.42334" lon="-121.91233">
        <ele>37.7</ele>
      </trkpt>
      <trkpt lat="36.42286" lon="-121.91231">
        <ele>34.4</ele>
      </trkpt>
      <trkpt lat="36.42271" lon="-121.91232">
        <ele>32.6</ele>
      </trkpt>
      <trkpt lat="36.42219" lon="-121.91236">
        <ele>26.7</ele>
      </trkpt>
      <trkpt lat="36.42166" lon="-121.9124">
        <ele>25.9</ele>
      </trkpt>
      <trkpt lat="36.42081" lon="-121.91257">
        <ele>34.2</ele>
      </trkpt>
      <trkpt lat="36.42001" lon="-121.91279">
        <ele>31.8</ele>
      </trkpt>
      <trkpt lat="36.41945" lon="-121.913">
        <ele>29.8</ele>
      </trkpt>
      <trkpt lat="36.41888" lon="-121.91322">
        <ele>28.4</ele>
      </trkpt>
      <trkpt lat="36.41815" lon="-121.91348">
        <ele>28.0</ele>
      </trkpt>
      <trkpt lat="36.41767" lon="-121.91371">
        <ele>27.9</ele>
      </trkpt>
      <trkpt lat="36.41726" lon="-121.91388">
        <ele>27.9</ele>
      </trkpt>
      <trkpt lat="36.41677" lon="-121.91404">
        <ele>27.9</ele>
      </trkpt>
      <trkpt lat="36.41647" lon="-121.91411">
        <ele>27.9</ele>
      </trkpt>
      <trkpt lat="36.41614" lon="-121.91422">
        <ele>32.5</ele>
      </trkpt>
      <trkpt lat="36.41562" lon="-121.91436">
        <ele>34.0</ele>
      </trkpt>
      <trkpt lat="36.41491" lon="-121.91437">
        <ele>33.7</ele>
      </trkpt>
      <trkpt lat="36.41405" lon="-121.91422">
        <ele>30.0</ele>
      </trkpt>
      <trkpt lat="36.4132" lon="-121.91408">
        <ele>32.5</ele>
      </trkpt>
      <trkpt lat="36.41234" lon="-121.91394">
        <ele>31.6</ele>
      </trkpt>
      <trkpt lat="36.41188" lon="-121.91403">
        <ele>31.4</ele>
      </trkpt>
      <trkpt lat="36.41125" lon="-121.91443">
        <ele>29.3</ele>
      </trkpt>
      <trkpt lat="36.41087" lon="-121.9146">
        <ele>32.8</ele>
      </trkpt>
      <trkpt lat="36.41044" lon="-121.91467">
        <ele>35.7</ele>
      </trkpt>
      <trkpt lat="36.41015" lon="-121.9146">
        <ele>36.8</ele>
      </trkpt>
      <trkpt lat="36.40988" lon="-121.91447">
        <ele>36.1</ele>
      </trkpt>
      <trkpt lat="36.40962" lon="-121.91426">
        <ele>36.6</ele>
      </trkpt>
      <trkpt lat="36.40914" lon="-121.9137">
        <ele>43.8</ele>
      </trkpt>
      <trkpt lat="36.40862" lon="-121.91314">
        <ele>45.3</ele>
      </trkpt>
      <trkpt lat="36.4081" lon="-121.91259">
        <ele>44.6</ele>
      </trkpt>
      <trkpt lat="36.40758" lon="-121.91203">
        <ele>45.7</ele>
      </trkpt>
      <trkpt lat="36.4071" lon="-121.91161">
        <ele>48.1</ele>
      </trkpt>
      <trkpt lat="36.40662" lon="-121.9112">
        <ele>47.5</ele>
      </trkpt>
      <trkpt lat="36.40603" lon="-121.91084">
        <ele>47.6</ele>
      </trkpt>
      <trkpt lat="36.40566" lon="-121.91065">
        <ele>51.8</ele>
      </trkpt>
      <trkpt lat="36.40503" lon="-121.91038">
        <ele>52.6</ele>
      </trkpt>
      <trkpt lat="36.40441" lon="-121.91011">
        <ele>52.9</ele>
      </trkpt>
      <trkpt lat="36.40379" lon="-121.90984">
        <ele>62.4</ele>
      </trkpt>
      <trkpt lat="36.40333" lon="-121.90953">
        <ele>74.8</ele>
      </trkpt>
      <trkpt lat="36.40298" lon="-121.9092">
        <ele>74.4</ele>
      </trkpt>
      <trkpt lat="36.40257" lon="-121.90853">
        <ele>62.7</ele>
      </trkpt>
      <trkpt lat="36.40216" lon="-121.90787">
        <ele>60.5</ele>
      </trkpt>
      <trkpt lat="36.4017" lon="-121.90718">
        <ele>57.6</ele>
      </trkpt>
      <trkpt lat="36.40132" lon="-121.90676">
        <ele>55.4</ele>
      </trkpt>
      <trkpt lat="36.40094" lon="-121.90633">
        <ele>49.9</ele>
      </trkpt>
      <trkpt lat="36.40057" lon="-121.90592">
        <ele>48.0</ele>
      </trkpt>
      <trkpt lat="36.4002" lon="-121.90551">
        <ele>47.9</ele>
      </trkpt>
      <trkpt lat="36.39975" lon="-121.90504">
        <ele>46.1</ele>
      </trkpt>
      <trkpt lat="36.3993" lon="-121.90457">
        <ele>41.9</ele>
      </trkpt>
      <trkpt lat="36.39885" lon="-121.90422">
        <ele>29.4</ele>
      </trkpt>
      <trkpt lat="36.39841" lon="-121.90388">
        <ele>31.8</ele>
      </trkpt>
      <trkpt lat="36.39768" lon="-121.9035">
        <ele>35.2</ele>
      </trkpt>
      <trkpt lat="36.39712" lon="-121.90329">
        <ele>36.5</ele>
      </trkpt>
      <trkpt lat="36.39629" lon="-121.90309">
        <ele>41.3</ele>
      </trkpt>
      <trkpt lat="36.39546" lon="-121.90289">
        <ele>46.2</ele>
      </trkpt>
      <trkpt lat="36.39464" lon="-121.90269">
        <ele>49.4</ele>
      </trkpt>
      <trkpt lat="36.39381" lon="-121.90248">
        <ele>57.0</ele>
      </trkpt>
      <trkpt lat="36.39298" lon="-121.90228">
        <ele>55.7</ele>
      </trkpt>
      <trkpt lat="36.39215" lon="-121.90208">
        <ele>63.6</ele>
      </trkpt>
      <trkpt lat="36.39132" lon="-121.90188">
        <ele>68.4</ele>
      </trkpt>
      <trkpt lat="36.3905" lon="-121.90168">
        <ele>67.9</ele>
      </trkpt>
      <trkpt lat="36.38967" lon="-121.90148">
        <ele>66.8</ele>
      </trkpt>
      <trkpt lat="36.38902" lon="-121.90133">
        <ele>71.0</ele>
      </trkpt>
      <trkpt lat="36.38838" lon="-121.90118">
        <ele>67.8</ele>
      </trkpt>
      <trkpt lat="36.38773" lon="-121.90103">
        <ele>67.9</ele>
      </trkpt>
      <trkpt lat="36.38686" lon="-121.90084">
        <ele>68.1</ele>
      </trkpt>
      <trkpt lat="36.38599" lon="-121.90065">
        <ele>63.6</ele>
      </trkpt>
      <trkpt lat="36.38534" lon="-121.90047">
        <ele>58.6</ele>
      </trkpt>
      <trkpt lat="36.38469" lon="-121.90029">
        <ele>54.4</ele>
      </trkpt>
      <trkpt lat="36.38392" lon="-121.90016">
        <ele>53.4</ele>
      </trkpt>
      <trkpt lat="36.38358" lon="-121.90015">
        <ele>57.5</ele>
      </trkpt>
      <trkpt lat="36.38324" lon="-121.90017">
        <ele>58.6</ele>
      </trkpt>
      <trkpt lat="36.3828" lon="-121.90023">
        <ele>58.4</ele>
      </trkpt>
      <trkpt lat="36.38233" lon="-121.90035">
        <ele>56.6</ele>
      </trkpt>
      <trkpt lat="36.3817" lon="-121.9006">
        <ele>41.4</ele>
      </trkpt>
      <trkpt lat="36.3813" lon="-121.9008">
        <ele>48.7</ele>
      </trkpt>
      <trkpt lat="36.38063" lon="-121.90122">
        <ele>41.2</ele>
      </trkpt>
      <trkpt lat="36.38037" lon="-121.90142">
        <ele>40.1</ele>
      </trkpt>
      <trkpt lat="36.37995" lon="-121.90192">
        <ele>43.6</ele>
      </trkpt>
      <trkpt lat="36.37949" lon="-121.90238">
        <ele>47.3</ele>
      </trkpt>
      <trkpt lat="36.37904" lon="-121.90284">
        <ele>50.9</ele>
      </trkpt>
      <trkpt lat="36.37874" lon="-121.90314">
        <ele>53.3</ele>
      </trkpt>
      <trkpt lat="36.3784" lon="-121.90346">
        <ele>39.8</ele>
      </trkpt>
      <trkpt lat="36.37807" lon="-121.90378">
        <ele>47.4</ele>
      </trkpt>
      <trkpt lat="36.37784" lon="-121.90392">
        <ele>57.5</ele>
      </trkpt>
      <trkpt lat="36.37753" lon="-121.90403">
        <ele>59.6</ele>
      </trkpt>
      <trkpt lat="36.37725" lon="-121.90405">
        <ele>57.0</ele>
      </trkpt>
      <trkpt lat="36.37704" lon="-121.90403">
        <ele>56.7</ele>
      </trkpt>
      <trkpt lat="36.37672" lon="-121.90407">
        <ele>58.3</ele>
      </trkpt>
      <trkpt lat="36.37645" lon="-121.90421">
        <ele>63.4</ele>
      </trkpt>
      <trkpt lat="36.37597" lon="-121.90458">
        <ele>64.8</ele>
      </trkpt>
      <trkpt lat="36.37582" lon="-121.90468">
        <ele>63.6</ele>
      </trkpt>
      <trkpt lat="36.37566" lon="-121.90476">
        <ele>65.6</ele>
      </trkpt>
      <trkpt lat="36.37556" lon="-121.90479">
        <ele>67.0</ele>
      </trkpt>
      <trkpt lat="36.37536" lon="-121.90483">
        <ele>67.9</ele>
      </trkpt>
      <trkpt lat="36.37519" lon="-121.90482">
        <ele>72.3</ele>
      </trkpt>
      <trkpt lat="36.37495" lon="-121.90477">
        <ele>79.7</ele>
      </trkpt>
      <trkpt lat="36.37482" lon="-121.90476">
        <ele>80.9</ele>
      </trkpt>
      <trkpt lat="36.37465" lon="-121.90479">
        <ele>80.5</ele>
      </trkpt>
      <trkpt lat="36.37432" lon="-121.90492">
        <ele>77.5</ele>
      </trkpt>
      <trkpt lat="36.37414" lon="-121.90495">
        <ele>78.2</ele>
      </trkpt>
      <trkpt lat="36.37384" lon="-121.90497">
        <ele>79.1</ele>
      </trkpt>
      <trkpt lat="36.37365" lon="-121.90491">
        <ele>80.0</ele>
      </trkpt>
      <trkpt lat="36.37349" lon="-121.90484">
        <ele>79.5</ele>
      </trkpt>
      <trkpt lat="36.37336" lon="-121.90474">
        <ele>80.3</ele>
      </trkpt>
      <trkpt lat="36.37322" lon="-121.90456">
        <ele>81.5</ele>
      </trkpt>
      <trkpt lat="36.37313" lon="-121.90438">
        <ele>82.4</ele>
      </trkpt>
      <trkpt lat="36.3729" lon="-121.90369">
        <ele>86.2</ele>
      </trkpt>
      <trkpt lat="36.37266" lon="-121.90301">
        <ele>86.6</ele>
      </trkpt>
      <trkpt lat="36.3725" lon="-121.90259">
        <ele>86.0</ele>
      </trkpt>
      <trkpt lat="36.3724" lon="-121.90242">
        <ele>85.7</ele>
      </trkpt>
      <trkpt lat="36.3723" lon="-121.90231">
        <ele>85.5</ele>
      </trkpt>
      <trkpt lat="36.37218" lon="-121.90222">
        <ele>85.3</ele>
      </trkpt>
      <trkpt lat="36.37197" lon="-121.90209">
        <ele>85.0</ele>
      </trkpt>
      <trkpt lat="36.37173" lon="-121.90198">
        <ele>84.6</ele>
      </trkpt>
      <trkpt lat="36.3712" lon="-121.90179">
        <ele>83.7</ele>
      </trkpt>
      <trkpt lat="36.37068" lon="-121.90161">
        <ele>82.9</ele>
      </trkpt>
      <trkpt lat="36.37061" lon="-121.90159">
        <ele>82.8</ele>
      </trkpt>
      <trkpt lat="36.37054" lon="-121.90159">
        <ele>82.7</ele>
      </trkpt>
      <trkpt lat="36.37049" lon="-121.9016">
        <ele>82.6</ele>
      </trkpt>
      <trkpt lat="36.36986" lon="-121.90184">
        <ele>81.7</ele>
      </trkpt>
      <trkpt lat="36.36976" lon="-121.90186">
        <ele>82.2</ele>
      </trkpt>
      <trkpt lat="36.36957" lon="-121.90189">
        <ele>81.9</ele>
      </trkpt>
      <trkpt lat="36.3693" lon="-121.90186">
        <ele>83.0</ele>
      </trkpt>
      <trkpt lat="36.36915" lon="-121.90179">
        <ele>84.3</ele>
      </trkpt>
      <trkpt lat="36.36898" lon="-121.90165">
        <ele>85.3</ele>
      </trkpt>
      <trkpt lat="36.36882" lon="-121.90148">
        <ele>85.5</ele>
      </trkpt>
      <trkpt lat="36.36855" lon="-121.90115">
        <ele>89.5</ele>
      </trkpt>
      <trkpt lat="36.36828" lon="-121.90085">
        <ele>93.1</ele>
      </trkpt>
      <trkpt lat="36.36809" lon="-121.90066">
        <ele>94.9</ele>
      </trkpt>
      <trkpt lat="36.36777" lon="-121.90041">
        <ele>96.4</ele>
      </trkpt>
      <trkpt lat="36.36744" lon="-121.90021">
        <ele>96.5</ele>
      </trkpt>
      <trkpt lat="36.36723" lon="-121.9001">
        <ele>96.7</ele>
      </trkpt>
      <trkpt lat="36.36655" lon="-121.89989">
        <ele>105.7</ele>
      </trkpt>
      <trkpt lat="36.36587" lon="-121.89967">
        <ele>107.0</ele>
      </trkpt>
      <trkpt lat="36.3652" lon="-121.89946">
        <ele>113.6</ele>
      </trkpt>
      <trkpt lat="36.36495" lon="-121.89939">
        <ele>116.0</ele>
      </trkpt>
      <trkpt lat="36.36469" lon="-121.89937">
        <ele>117.1</ele>
      </trkpt>
      <trkpt lat="36.36445" lon="-121.89939">
        <ele>118.0</ele>
      </trkpt>
      <trkpt lat="36.3642" lon="-121.89946">
        <ele>118.7</ele>
      </trkpt>
      <trkpt lat="36.36403" lon="-121.89956">
        <ele>119.2</ele>
      </trkpt>
      <trkpt lat="36.36362" lon="-121.8998">
        <ele>121.2</ele>
      </trkpt>
      <trkpt lat="36.3632" lon="-121.90004">
        <ele>127.2</ele>
      </trkpt>
      <trkpt lat="36.36267" lon="-121.90026">
        <ele>130.9</ele>
      </trkpt>
      <trkpt lat="36.36191" lon="-121.90041">
        <ele>134.4</ele>
      </trkpt>
      <trkpt lat="36.36115" lon="-121.90055">
        <ele>142.3</ele>
      </trkpt>
      <trkpt lat="36.36059" lon="-121.90061">
        <ele>145.1</ele>
      </trkpt>
      <trkpt lat="36.36023" lon="-121.90057">
        <ele>147.8</ele>
      </trkpt>
      <trkpt lat="36.3596" lon="-121.90028">
        <ele>148.5</ele>
      </trkpt>
      <trkpt lat="36.35928" lon="-121.90018">
        <ele>155.2</ele>
      </trkpt>
      <trkpt lat="36.35897" lon="-121.90019">
        <ele>157.3</ele>
      </trkpt>
      <trkpt lat="36.35867" lon="-121.90028">
        <ele>156.5</ele>
      </trkpt>
      <trkpt lat="36.35845" lon="-121.90039">
        <ele>155.3</ele>
      </trkpt>
      <trkpt lat="36.35826" lon="-121.90056">
        <ele>160.6</ele>
      </trkpt>
      <trkpt lat="36.35805" lon="-121.90085">
        <ele>163.5</ele>
      </trkpt>
      <trkpt lat="36.35783" lon="-121.90135">
        <ele>163.6</ele>
      </trkpt>
      <trkpt lat="36.35759" lon="-121.90237">
        <ele>164.7</ele>
      </trkpt>
      <trkpt lat="36.3575" lon="-121.90253">
        <ele>172.0</ele>
      </trkpt>
      <trkpt lat="36.35738" lon="-121.90265">
        <ele>176.6</ele>
      </trkpt>
      <trkpt lat="36.35726" lon="-121.90271">
        <ele>177.0</ele>
      </trkpt>
      <trkpt lat="36.35711" lon="-121.90272">
        <ele>177.7</ele>
      </trkpt>
      <trkpt lat="36.35696" lon="-121.9027">
        <ele>177.6</ele>
      </trkpt>
      <trkpt lat="36.35647" lon="-121.90243">
        <ele>176.7</ele>
      </trkpt>
      <trkpt lat="36.35602" lon="-121.90217">
        <ele>167.8</ele>
      </trkpt>
      <trkpt lat="36.35582" lon="-121.90209">
        <ele>167.0</ele>
      </trkpt>
      <trkpt lat="36.35552" lon="-121.90205">
        <ele>164.2</ele>
      </trkpt>
      <trkpt lat="36.35537" lon="-121.90202">
        <ele>163.9</ele>
      </trkpt>
      <trkpt lat="36.35522" lon="-121.90195">
        <ele>164.8</ele>
      </trkpt>
      <trkpt lat="36.35483" lon="-121.90171">
        <ele>165.3</ele>
      </trkpt>
      <trkpt lat="36.35456" lon="-121.9016">
        <ele>166.3</ele>
      </trkpt>
      <trkpt lat="36.3541" lon="-121.90154">
        <ele>165.8</ele>
      </trkpt>
      <trkpt lat="36.35386" lon="-121.90149">
        <ele>161.4</ele>
      </trkpt>
      <trkpt lat="36.35361" lon="-121.90139">
        <ele>155.3</ele>
      </trkpt>
      <trkpt lat="36.35342" lon="-121.90124">
        <ele>159.2</ele>
      </trkpt>
      <trkpt lat="36.35328" lon="-121.90104">
        <ele>166.1</ele>
      </trkpt>
      <trkpt lat="36.35312" lon="-121.90066">
        <ele>168.8</ele>
      </trkpt>
      <trkpt lat="36.35296" lon="-121.90042">
        <ele>167.3</ele>
      </trkpt>
      <trkpt lat="36.35251" lon="-121.9">
        <ele>158.9</ele>
      </trkpt>
      <trkpt lat="36.35238" lon="-121.89985">
        <ele>157.0</ele>
      </trkpt>
      <trkpt lat="36.35226" lon="-121.89954">
        <ele>154.6</ele>
      </trkpt>
      <trkpt lat="36.35221" lon="-121.89892">
        <ele>148.0</ele>
      </trkpt>
      <trkpt lat="36.35216" lon="-121.8983">
        <ele>143.6</ele>
      </trkpt>
      <trkpt lat="36.35206" lon="-121.89803">
        <ele>140.3</ele>
      </trkpt>
      <trkpt lat="36.3519" lon="-121.89782">
        <ele>138.7</ele>
      </trkpt>
      <trkpt lat="36.35166" lon="-121.89773">
        <ele>140.0</ele>
      </trkpt>
      <trkpt lat="36.35116" lon="-121.8978">
        <ele>139.7</ele>
      </trkpt>
      <trkpt lat="36.35092" lon="-121.89778">
        <ele>141.3</ele>
      </trkpt>
      <trkpt lat="36.35073" lon="-121.89767">
        <ele>141.8</ele>
      </trkpt>
      <trkpt lat="36.35018" lon="-121.89723">
        <ele>142.1</ele>
      </trkpt>
      <trkpt lat="36.34975" lon="-121.89698">
        <ele>143.3</ele>
      </trkpt>
      <trkpt lat="36.34905" lon="-121.89674">
        <ele>138.6</ele>
      </trkpt>
      <trkpt lat="36.34836" lon="-121.89651">
        <ele>131.5</ele>
      </trkpt>
      <trkpt lat="36.34763" lon="-121.89608">
        <ele>130.8</ele>
      </trkpt>
      <trkpt lat="36.34729" lon="-121.89574">
        <ele>131.4</ele>
      </trkpt>
      <trkpt lat="36.3469" lon="-121.89507">
        <ele>134.4</ele>
      </trkpt>
      <trkpt lat="36.3467" lon="-121.89494">
        <ele>134.4</ele>
      </trkpt>
      <trkpt lat="36.3462" lon="-121.8948">
        <ele>128.9</ele>
      </trkpt>
      <trkpt lat="36.34588" lon="-121.89454">
        <ele>126.9</ele>
      </trkpt>
      <trkpt lat="36.34567" lon="-121.89413">
        <ele>120.6</ele>
      </trkpt>
      <trkpt lat="36.34556" lon="-121.89383">
        <ele>120.0</ele>
      </trkpt>
      <trkpt lat="36.34545" lon="-121.89362">
        <ele>118.3</ele>
      </trkpt>
      <trkpt lat="36.34526" lon="-121.89345">
        <ele>116.9</ele>
      </trkpt>
      <trkpt lat="36.34499" lon="-121.89329">
        <ele>117.7</ele>
      </trkpt>
      <trkpt lat="36.34476" lon="-121.89303">
        <ele>117.0</ele>
      </trkpt>
      <trkpt lat="36.34455" lon="-121.89268">
        <ele>110.7</ele>
      </trkpt>
      <trkpt lat="36.34432" lon="-121.89216">
        <ele>105.0</ele>
      </trkpt>
      <trkpt lat="36.34412" lon="-121.89194">
        <ele>101.9</ele>
      </trkpt>
      <trkpt lat="36.3437" lon="-121.89182">
        <ele>105.1</ele>
      </trkpt>
      <trkpt lat="36.34313" lon="-121.89193">
        <ele>97.6</ele>
      </trkpt>
      <trkpt lat="36.34286" lon="-121.8919">
        <ele>94.2</ele>
      </trkpt>
      <trkpt lat="36.34266" lon="-121.89178">
        <ele>94.6</ele>
      </trkpt>
      <trkpt lat="36.34239" lon="-121.89151">
        <ele>95.2</ele>
      </trkpt>
      <trkpt lat="36.34215" lon="-121.89136">
        <ele>93.1</ele>
      </trkpt>
      <trkpt lat="36.34169" lon="-121.89126">
        <ele>90.9</ele>
      </trkpt>
      <trkpt lat="36.34146" lon="-121.89112">
        <ele>92.4</ele>
      </trkpt>
      <trkpt lat="36.34128" lon="-121.89097">
        <ele>86.9</ele>
      </trkpt>
      <trkpt lat="36.34115" lon="-121.8908">
        <ele>84.7</ele>
      </trkpt>
      <trkpt lat="36.34096" lon="-121.89071">
        <ele>84.8</ele>
      </trkpt>
      <trkpt lat="36.34076" lon="-121.8907">
        <ele>83.9</ele>
      </trkpt>
      <trkpt lat="36.34039" lon="-121.89074">
        <ele>84.9</ele>
      </trkpt>
      <trkpt lat="36.33974" lon="-121.89102">
        <ele>79.3</ele>
      </trkpt>
      <trkpt lat="36.33937" lon="-121.89113">
        <ele>73.5</ele>
      </trkpt>
      <trkpt lat="36.33899" lon="-121.89122">
        <ele>72.2</ele>
      </trkpt>
      <trkpt lat="36.33864" lon="-121.89124">
        <ele>65.1</ele>
      </trkpt>
      <trkpt lat="36.33846" lon="-121.89122">
        <ele>65.9</ele>
      </trkpt>
      <trkpt lat="36.33826" lon="-121.89123">
        <ele>69.4</ele>
      </trkpt>
      <trkpt lat="36.33787" lon="-121.89141">
        <ele>65.7</ele>
      </trkpt>
      <trkpt lat="36.33748" lon="-121.89155">
        <ele>57.2</ele>
      </trkpt>
      <trkpt lat="36.33717" lon="-121.8916">
        <ele>55.7</ele>
      </trkpt>
      <trkpt lat="36.33683" lon="-121.89156">
        <ele>56.1</ele>
      </trkpt>
      <trkpt lat="36.33664" lon="-121.89147">
        <ele>55.7</ele>
      </trkpt>
      <trkpt lat="36.33638" lon="-121.89124">
        <ele>55.0</ele>
      </trkpt>
      <trkpt lat="36.33587" lon="-121.89049">
        <ele>48.0</ele>
      </trkpt>
      <trkpt lat="36.33537" lon="-121.88974">
        <ele>46.2</ele>
      </trkpt>
      <trkpt lat="36.3352" lon="-121.8894">
        <ele>45.5</ele>
      </trkpt>
      <trkpt lat="36.33507" lon="-121.88906">
        <ele>41.6</ele>
      </trkpt>
      <trkpt lat="36.33478" lon="-121.88802">
        <ele>33.3</ele>
      </trkpt>
      <trkpt lat="36.33448" lon="-121.88734">
        <ele>32.5</ele>
      </trkpt>
      <trkpt lat="36.3342" lon="-121.8867">
        <ele>21.1</ele>
      </trkpt>
      <trkpt lat="36.33391" lon="-121.88605">
        <ele>19.7</ele>
      </trkpt>
      <trkpt lat="36.33364" lon="-121.88565">
        <ele>18.8</ele>
      </trkpt>
      <trkpt lat="36.3334" lon="-121.88546">
        <ele>16.7</ele>
      </trkpt>
      <trkpt lat="36.33314" lon="-121.88534">
        <ele>16.1</ele>
      </trkpt>
      <trkpt lat="36.33288" lon="-121.88531">
        <ele>15.6</ele>
      </trkpt>
      <trkpt lat="36.3325" lon="-121.8854">
        <ele>14.9</ele>
      </trkpt>
      <trkpt lat="36.33217" lon="-121.88561">
        <ele>14.2</ele>
      </trkpt>
      <trkpt lat="36.33203" lon="-121.88573">
        <ele>13.8</ele>
      </trkpt>
      <trkpt lat="36.33184" lon="-121.88603">
        <ele>13.3</ele>
      </trkpt>
      <trkpt lat="36.33172" lon="-121.88638">
        <ele>14.8</ele>
      </trkpt>
      <trkpt lat="36.33168" lon="-121.88677">
        <ele>17.7</ele>
      </trkpt>
      <trkpt lat="36.3317" lon="-121.88752">
        <ele>20.2</ele>
      </trkpt>
      <trkpt lat="36.33176" lon="-121.88844">
        <ele>27.5</ele>
      </trkpt>
      <trkpt lat="36.33191" lon="-121.88918">
        <ele>28.4</ele>
      </trkpt>
      <trkpt lat="36.33206" lon="-121.88991">
        <ele>31.7</ele>
      </trkpt>
      <trkpt lat="36.33203" lon="-121.89038">
        <ele>35.9</ele>
      </trkpt>
      <trkpt lat="36.33186" lon="-121.8908">
        <ele>39.8</ele>
      </trkpt>
      <trkpt lat="36.33136" lon="-121.89126">
        <ele>38.9</ele>
      </trkpt>
      <trkpt lat="36.33059" lon="-121.89182">
        <ele>40.1</ele>
      </trkpt>
      <trkpt lat="36.32981" lon="-121.89237">
        <ele>39.9</ele>
      </trkpt>
      <trkpt lat="36.32904" lon="-121.89293">
        <ele>39.9</ele>
      </trkpt>
      <trkpt lat="36.32827" lon="-121.89349">
        <ele>45.4</ele>
      </trkpt>
      <trkpt lat="36.32749" lon="-121.89404">
        <ele>39.5</ele>
      </trkpt>
      <trkpt lat="36.32713" lon="-121.89425">
        <ele>46.8</ele>
      </trkpt>
      <trkpt lat="36.32677" lon="-121.8943">
        <ele>49.0</ele>
      </trkpt>
      <trkpt lat="36.32638" lon="-121.89423">
        <ele>53.7</ele>
      </trkpt>
      <trkpt lat="36.32575" lon="-121.89379">
        <ele>56.1</ele>
      </trkpt>
      <trkpt lat="36.32542" lon="-121.89366">
        <ele>56.5</ele>
      </trkpt>
      <trkpt lat="36.32518" lon="-121.89368">
        <ele>55.8</ele>
      </trkpt>
      <trkpt lat="36.32483" lon="-121.8938">
        <ele>59.9</ele>
      </trkpt>
      <trkpt lat="36.3245" lon="-121.89387">
        <ele>66.2</ele>
      </trkpt>
      <trkpt lat="36.32414" lon="-121.89384">
        <ele>66.9</ele>
      </trkpt>
      <trkpt lat="36.32392" lon="-121.89371">
        <ele>68.2</ele>
      </trkpt>
      <trkpt lat="36.32352" lon="-121.8932">
        <ele>65.8</ele>
      </trkpt>
      <trkpt lat="36.32336" lon="-121.89305">
        <ele>67.7</ele>
      </trkpt>
      <trkpt lat="36.32315" lon="-121.89299">
        <ele>76.0</ele>
      </trkpt>
      <trkpt lat="36.3229" lon="-121.89299">
        <ele>78.9</ele>
      </trkpt>
      <trkpt lat="36.32223" lon="-121.89315">
        <ele>81.4</ele>
      </trkpt>
      <trkpt lat="36.32196" lon="-121.89313">
        <ele>80.2</ele>
      </trkpt>
      <trkpt lat="36.3217" lon="-121.89305">
        <ele>73.1</ele>
      </trkpt>
      <trkpt lat="36.32102" lon="-121.89267">
        <ele>69.9</ele>
      </trkpt>
      <trkpt lat="36.32072" lon="-121.89256">
        <ele>70.0</ele>
      </trkpt>
      <trkpt lat="36.32024" lon="-121.89248">
        <ele>69.3</ele>
      </trkpt>
      <trkpt lat="36.31958" lon="-121.89252">
        <ele>66.8</ele>
      </trkpt>
      <trkpt lat="36.3189" lon="-121.89242">
        <ele>61.1</ele>
      </trkpt>
      <trkpt lat="36.31814" lon="-121.89217">
        <ele>56.2</ele>
      </trkpt>
      <trkpt lat="36.31739" lon="-121.89191">
        <ele>54.9</ele>
      </trkpt>
      <trkpt lat="36.31664" lon="-121.89166">
        <ele>53.6</ele>
      </trkpt>
      <trkpt lat="36.31615" lon="-121.89147">
        <ele>52.8</ele>
      </trkpt>
      <trkpt lat="36.31564" lon="-121.89121">
        <ele>47.2</ele>
      </trkpt>
      <trkpt lat="36.31523" lon="-121.89091">
        <ele>46.5</ele>
      </trkpt>
      <trkpt lat="36.31483" lon="-121.89062">
        <ele>44.6</ele>
      </trkpt>
      <trkpt lat="36.3141" lon="-121.88997">
        <ele>43.4</ele>
      </trkpt>
      <trkpt lat="36.31337" lon="-121.88933">
        <ele>46.3</ele>
      </trkpt>
      <trkpt lat="36.31264" lon="-121.88868">
        <ele>46.4</ele>
      </trkpt>
      <trkpt lat="36.31191" lon="-121.88804">
        <ele>47.5</ele>
      </trkpt>
      <trkpt lat="36.31118" lon="-121.88739">
        <ele>46.3</ele>
      </trkpt>
      <trkpt lat="36.31045" lon="-121.88675">
        <ele>45.5</ele>
      </trkpt>
      <trkpt lat="36.30972" lon="-121.8861">
        <ele>44.7</ele>
      </trkpt>
      <trkpt lat="36.30905" lon="-121.88552">
        <ele>41.2</ele>
      </trkpt>
      <trkpt lat="36.30838" lon="-121.88493">
        <ele>45.6</ele>
      </trkpt>
      <trkpt lat="36.30771" lon="-121.88435">
        <ele>45.5</ele>
      </trkpt>
      <trkpt lat="36.30703" lon="-121.88376">
        <ele>45.4</ele>
      </trkpt>
      <trkpt lat="36.30663" lon="-121.88337">
        <ele>47.1</ele>
      </trkpt>
      <trkpt lat="36.30595" lon="-121.88276">
        <ele>48.0</ele>
      </trkpt>
      <trkpt lat="36.30527" lon="-121.88216">
        <ele>52.7</ele>
      </trkpt>
      <trkpt lat="36.30458" lon="-121.88155">
        <ele>46.6</ele>
      </trkpt>
      <trkpt lat="36.3039" lon="-121.88094">
        <ele>47.2</ele>
      </trkpt>
      <trkpt lat="36.30321" lon="-121.88034">
        <ele>45.4</ele>
      </trkpt>
      <trkpt lat="36.30255" lon="-121.87967">
        <ele>44.1</ele>
      </trkpt>
      <trkpt lat="36.30208" lon="-121.87912">
        <ele>45.3</ele>
      </trkpt>
      <trkpt lat="36.30161" lon="-121.87857">
        <ele>38.4</ele>
      </trkpt>
      <trkpt lat="36.30135" lon="-121.87818">
        <ele>38.2</ele>
      </trkpt>
      <trkpt lat="36.301" lon="-121.87768">
        <ele>41.1</ele>
      </trkpt>
      <trkpt lat="36.30064" lon="-121.87717">
        <ele>41.7</ele>
      </trkpt>
      <trkpt lat="36.30024" lon="-121.87645">
        <ele>44.8</ele>
      </trkpt>
      <trkpt lat="36.29983" lon="-121.87573">
        <ele>46.9</ele>
      </trkpt>
      <trkpt lat="36.29939" lon="-121.87482">
        <ele>49.2</ele>
      </trkpt>
      <trkpt lat="36.29895" lon="-121.87391">
        <ele>55.6</ele>
      </trkpt>
      <trkpt lat="36.2985" lon="-121.87299">
        <ele>58.3</ele>
      </trkpt>
      <trkpt lat="36.29806" lon="-121.87208">
        <ele>42.9</ele>
      </trkpt>
      <trkpt lat="36.29762" lon="-121.87117">
        <ele>47.9</ele>
      </trkpt>
      <trkpt lat="36.29717" lon="-121.87026">
        <ele>47.0</ele>
      </trkpt>
      <trkpt lat="36.29673" lon="-121.86935">
        <ele>45.0</ele>
      </trkpt>
      <trkpt lat="36.29629" lon="-121.86844">
        <ele>41.1</ele>
      </trkpt>
      <trkpt lat="36.29584" lon="-121.86753">
        <ele>40.5</ele>
      </trkpt>
      <trkpt lat="36.2954" lon="-121.86661">
        <ele>35.3</ele>
      </trkpt>
      <trkpt lat="36.29496" lon="-121.8657">
        <ele>32.7</ele>
      </trkpt>
      <trkpt lat="36.29452" lon="-121.86479">
        <ele>37.4</ele>
      </trkpt>
      <trkpt lat="36.29407" lon="-121.86388">
        <ele>40.1</ele>
      </trkpt>
      <trkpt lat="36.29363" lon="-121.86297">
        <ele>40.2</ele>
      </trkpt>
      <trkpt lat="36.29319" lon="-121.86206">
        <ele>37.4</ele>
      </trkpt>
      <trkpt lat="36.29274" lon="-121.86114">
        <ele>36.2</ele>
      </trkpt>
      <trkpt lat="36.2923" lon="-121.86023">
        <ele>35.5</ele>
      </trkpt>
      <trkpt lat="36.29185" lon="-121.85931">
        <ele>35.5</ele>
      </trkpt>
      <trkpt lat="36.2914" lon="-121.85838">
        <ele>35.0</ele>
      </trkpt>
      <trkpt lat="36.29096" lon="-121.85746">
        <ele>35.0</ele>
      </trkpt>
      <trkpt lat="36.29051" lon="-121.85653">
        <ele>33.9</ele>
      </trkpt>
      <trkpt lat="36.29006" lon="-121.8556">
        <ele>35.0</ele>
      </trkpt>
      <trkpt lat="36.28961" lon="-121.85468">
        <ele>37.2</ele>
      </trkpt>
      <trkpt lat="36.28917" lon="-121.85375">
        <ele>36.7</ele>
      </trkpt>
      <trkpt lat="36.28902" lon="-121.85321">
        <ele>36.5</ele>
      </trkpt>
      <trkpt lat="36.28887" lon="-121.85267">
        <ele>37.3</ele>
      </trkpt>
      <trkpt lat="36.28878" lon="-121.85201">
        <ele>35.9</ele>
      </trkpt>
      <trkpt lat="36.28878" lon="-121.8515">
        <ele>37.5</ele>
      </trkpt>
      <trkpt lat="36.28878" lon="-121.85121">
        <ele>37.1</ele>
      </trkpt>
      <trkpt lat="36.28882" lon="-121.85037">
        <ele>33.5</ele>
      </trkpt>
      <trkpt lat="36.28886" lon="-121.84953">
        <ele>34.9</ele>
      </trkpt>
      <trkpt lat="36.28891" lon="-121.84869">
        <ele>35.4</ele>
      </trkpt>
      <trkpt lat="36.28893" lon="-121.84815">
        <ele>33.9</ele>
      </trkpt>
      <trkpt lat="36.28893" lon="-121.84749">
        <ele>25.9</ele>
      </trkpt>
      <trkpt lat="36.28889" lon="-121.8466">
        <ele>26.0</ele>
      </trkpt>
      <trkpt lat="36.28886" lon="-121.84632">
        <ele>31.1</ele>
      </trkpt>
      <trkpt lat="36.28876" lon="-121.84568">
        <ele>33.9</ele>
      </trkpt>
      <trkpt lat="36.2887" lon="-121.84537">
        <ele>27.2</ele>
      </trkpt>
      <trkpt lat="36.2887" lon="-121.84537">
        <ele>27.2</ele>
      </trkpt>
      <trkpt lat="36.28862" lon="-121.8449">
        <ele>28.2</ele>
      </trkpt>
      <trkpt lat="36.28853" lon="-121.84455">
        <ele>30.9</ele>
      </trkpt>
      <trkpt lat="36.28827" lon="-121.84377">
        <ele>32.7</ele>
      </trkpt>
      <trkpt lat="36.28794" lon="-121.84312">
        <ele>33.6</ele>
      </trkpt>
      <trkpt lat="36.2876" lon="-121.84255">
        <ele>33.7</ele>
      </trkpt>
      <trkpt lat="36.28717" lon="-121.84203">
        <ele>35.2</ele>
      </trkpt>
      <trkpt lat="36.28681" lon="-121.84165">
        <ele>34.8</ele>
      </trkpt>
      <trkpt lat="36.28633" lon="-121.84127">
        <ele>34.7</ele>
      </trkpt>
      <trkpt lat="36.28588" lon="-121.84102">
        <ele>33.8</ele>
      </trkpt>
      <trkpt lat="36.28544" lon="-121.84076">
        <ele>33.6</ele>
      </trkpt>
      <trkpt lat="36.28505" lon="-121.8405">
        <ele>35.0</ele>
      </trkpt>
      <trkpt lat="36.28475" lon="-121.84021">
        <ele>37.4</ele>
      </trkpt>
      <trkpt lat="36.28449" lon="-121.83986">
        <ele>36.9</ele>
      </trkpt>
      <trkpt lat="36.28425" lon="-121.83947">
        <ele>34.2</ele>
      </trkpt>
      <trkpt lat="36.28406" lon="-121.83902">
        <ele>31.3</ele>
      </trkpt>
      <trkpt lat="36.28375" lon="-121.83804">
        <ele>33.2</ele>
      </trkpt>
      <trkpt lat="36.28344" lon="-121.83705">
        <ele>35.6</ele>
      </trkpt>
      <trkpt lat="36.28322" lon="-121.83636">
        <ele>30.7</ele>
      </trkpt>
      <trkpt lat="36.28301" lon="-121.83566">
        <ele>29.1</ele>
      </trkpt>
      <trkpt lat="36.28291" lon="-121.83539">
        <ele>27.7</ele>
      </trkpt>
      <trkpt lat="36.28277" lon="-121.83492">
        <ele>20.9</ele>
      </trkpt>
      <trkpt lat="36.28253" lon="-121.83423">
        <ele>34.6</ele>
      </trkpt>
      <trkpt lat="36.28221" lon="-121.83352">
        <ele>33.1</ele>
      </trkpt>
      <trkpt lat="36.28166" lon="-121.83268">
        <ele>32.8</ele>
      </trkpt>
      <trkpt lat="36.2811" lon="-121.83193">
        <ele>33.1</ele>
      </trkpt>
      <trkpt lat="36.28055" lon="-121.83117">
        <ele>32.7</ele>
      </trkpt>
      <trkpt lat="36.27999" lon="-121.83042">
        <ele>31.9</ele>
      </trkpt>
      <trkpt lat="36.27944" lon="-121.82967">
        <ele>35.4</ele>
      </trkpt>
      <trkpt lat="36.27888" lon="-121.82892">
        <ele>36.3</ele>
      </trkpt>
      <trkpt lat="36.27832" lon="-121.82817">
        <ele>30.4</ele>
      </trkpt>
      <trkpt lat="36.27832" lon="-121.82817">
        <ele>30.4</ele>
      </trkpt>
      <trkpt lat="36.27785" lon="-121.82755">
        <ele>33.0</ele>
      </trkpt>
      <trkpt lat="36.27739" lon="-121.82693">
        <ele>33.5</ele>
      </trkpt>
      <trkpt lat="36.27692" lon="-121.82631">
        <ele>34.6</ele>
      </trkpt>
      <trkpt lat="36.27645" lon="-121.82569">
        <ele>35.8</ele>
      </trkpt>
      <trkpt lat="36.27608" lon="-121.82511">
        <ele>34.5</ele>
      </trkpt>
      <trkpt lat="36.27574" lon="-121.82425">
        <ele>32.7</ele>
      </trkpt>
      <trkpt lat="36.27553" lon="-121.82338">
        <ele>29.8</ele>
      </trkpt>
      <trkpt lat="36.27547" lon="-121.82253">
        <ele>30.0</ele>
      </trkpt>
      <trkpt lat="36.27549" lon="-121.82174">
        <ele>30.1</ele>
      </trkpt>
      <trkpt lat="36.27552" lon="-121.82095">
        <ele>30.5</ele>
      </trkpt>
      <trkpt lat="36.27544" lon="-121.82037">
        <ele>29.9</ele>
      </trkpt>
      <trkpt lat="36.27525" lon="-121.81979">
        <ele>28.5</ele>
      </trkpt>
      <trkpt lat="36.27509" lon="-121.81937">
        <ele>28.9</ele>
      </trkpt>
      <trkpt lat="36.27477" lon="-121.81895">
        <ele>28.4</ele>
      </trkpt>
      <trkpt lat="36.27413" lon="-121.81836">
        <ele>29.0</ele>
      </trkpt>
      <trkpt lat="36.27348" lon="-121.81776">
        <ele>28.4</ele>
      </trkpt>
      <trkpt lat="36.27301" lon="-121.8171">
        <ele>28.5</ele>
      </trkpt>
      <trkpt lat="36.27275" lon="-121.81649">
        <ele>32.5</ele>
      </trkpt>
      <trkpt lat="36.2726" lon="-121.81586">
        <ele>36.9</ele>
      </trkpt>
      <trkpt lat="36.27255" lon="-121.81528">
        <ele>41.9</ele>
      </trkpt>
      <trkpt lat="36.27255" lon="-121.815">
        <ele>41.7</ele>
      </trkpt>
      <trkpt lat="36.27261" lon="-121.81449">
        <ele>40.8</ele>
      </trkpt>
      <trkpt lat="36.27281" lon="-121.81361">
        <ele>31.7</ele>
      </trkpt>
      <trkpt lat="36.27284" lon="-121.81288">
        <ele>29.4</ele>
      </trkpt>
      <trkpt lat="36.27279" lon="-121.81214">
        <ele>29.3</ele>
      </trkpt>
      <trkpt lat="36.27266" lon="-121.81157">
        <ele>30.6</ele>
      </trkpt>
      <trkpt lat="36.27238" lon="-121.8109">
        <ele>39.1</ele>
      </trkpt>
      <trkpt lat="36.27211" lon="-121.81023">
        <ele>42.1</ele>
      </trkpt>
      <trkpt lat="36.27184" lon="-121.80956">
        <ele>39.8</ele>
      </trkpt>
      <trkpt lat="36.2714" lon="-121.80883">
        <ele>33.8</ele>
      </trkpt>
      <trkpt lat="36.27085" lon="-121.80826">
        <ele>41.3</ele>
      </trkpt>
      <trkpt lat="36.27039" lon="-121.80795">
        <ele>41.1</ele>
      </trkpt>
      <trkpt lat="36.26996" lon="-121.80773">
        <ele>40.1</ele>
      </trkpt>
      <trkpt lat="36.26952" lon="-121.80751">
        <ele>39.4</ele>
      </trkpt>
      <trkpt lat="36.2692" lon="-121.80721">
        <ele>42.0</ele>
      </trkpt>
      <trkpt lat="36.26898" lon="-121.80695">
        <ele>45.8</ele>
      </trkpt>
      <trkpt lat="36.26874" lon="-121.80655">
        <ele>51.8</ele>
      </trkpt>
      <trkpt lat="36.26852" lon="-121.80611">
        <ele>52.9</ele>
      </trkpt>
      <trkpt lat="36.26815" lon="-121.80519">
        <ele>53.6</ele>
      </trkpt>
      <trkpt lat="36.26774" lon="-121.80455">
        <ele>53.7</ele>
      </trkpt>
      <trkpt lat="36.26739" lon="-121.80425">
        <ele>53.1</ele>
      </trkpt>
      <trkpt lat="36.26683" lon="-121.80387">
        <ele>53.7</ele>
      </trkpt>
      <trkpt lat="36.26627" lon="-121.80349">
        <ele>52.8</ele>
      </trkpt>
      <trkpt lat="36.26571" lon="-121.80312">
        <ele>53.0</ele>
      </trkpt>
      <trkpt lat="36.26532" lon="-121.80271">
        <ele>58.7</ele>
      </trkpt>
      <trkpt lat="36.26494" lon="-121.80231">
        <ele>64.8</ele>
      </trkpt>
      <trkpt lat="36.26473" lon="-121.80201">
        <ele>64.7</ele>
      </trkpt>
      <trkpt lat="36.26465" lon="-121.80186">
        <ele>64.6</ele>
      </trkpt>
      <trkpt lat="36.26444" lon="-121.80143">
        <ele>64.2</ele>
      </trkpt>
      <trkpt lat="36.2643" lon="-121.80102">
        <ele>64.3</ele>
      </trkpt>
      <trkpt lat="36.26424" lon="-121.80078">
        <ele>64.7</ele>
      </trkpt>
      <trkpt lat="36.26415" lon="-121.8003">
        <ele>65.4</ele>
      </trkpt>
      <trkpt lat="36.26412" lon="-121.79977">
        <ele>65.2</ele>
      </trkpt>
      <trkpt lat="36.26417" lon="-121.79893">
        <ele>65.7</ele>
      </trkpt>
      <trkpt lat="36.26422" lon="-121.79809">
        <ele>65.9</ele>
      </trkpt>
      <trkpt lat="36.26427" lon="-121.79725">
        <ele>60.0</ele>
      </trkpt>
      <trkpt lat="36.26432" lon="-121.79641">
        <ele>55.1</ele>
      </trkpt>
      <trkpt lat="36.26433" lon="-121.79617">
        <ele>55.4</ele>
      </trkpt>
      <trkpt lat="36.26431" lon="-121.79593">
        <ele>55.4</ele>
      </trkpt>
      <trkpt lat="36.26423" lon="-121.79565">
        <ele>54.8</ele>
      </trkpt>
      <trkpt lat="36.26404" lon="-121.79518">
        <ele>55.0</ele>
      </trkpt>
      <trkpt lat="36.2639" lon="-121.79498">
        <ele>54.8</ele>
      </trkpt>
      <trkpt lat="36.26371" lon="-121.79478">
        <ele>54.5</ele>
      </trkpt>
      <trkpt lat="36.26354" lon="-121.79465">
        <ele>53.9</ele>
      </trkpt>
      <trkpt lat="36.26329" lon="-121.79449">
        <ele>53.1</ele>
      </trkpt>
      <trkpt lat="36.26266" lon="-121.79415">
        <ele>54.1</ele>
      </trkpt>
      <trkpt lat="36.26202" lon="-121.79382">
        <ele>63.7</ele>
      </trkpt>
      <trkpt lat="36.26138" lon="-121.79348">
        <ele>68.5</ele>
      </trkpt>
      <trkpt lat="36.26109" lon="-121.79322">
        <ele>69.3</ele>
      </trkpt>
      <trkpt lat="36.26085" lon="-121.79292">
        <ele>68.5</ele>
      </trkpt>
      <trkpt lat="36.26058" lon="-121.79236">
        <ele>67.1</ele>
      </trkpt>
      <trkpt lat="36.26039" lon="-121.79158">
        <ele>67.8</ele>
      </trkpt>
      <trkpt lat="36.26021" lon="-121.79068">
        <ele>67.1</ele>
      </trkpt>
      <trkpt lat="36.26008" lon="-121.79021">
        <ele>67.8</ele>
      </trkpt>
      <trkpt lat="36.2599" lon="-121.78975">
        <ele>67.4</ele>
      </trkpt>
      <trkpt lat="36.2597" lon="-121.78944">
        <ele>66.0</ele>
      </trkpt>
      <trkpt lat="36.25933" lon="-121.78892">
        <ele>67.3</ele>
      </trkpt>
      <trkpt lat="36.25907" lon="-121.78871">
        <ele>67.8</ele>
      </trkpt>
      <trkpt lat="36.25873" lon="-121.78851">
        <ele>66.8</ele>
      </trkpt>
      <trkpt lat="36.25836" lon="-121.78838">
        <ele>61.6</ele>
      </trkpt>
      <trkpt lat="36.25777" lon="-121.78833">
        <ele>61.5</ele>
      </trkpt>
      <trkpt lat="36.25724" lon="-121.78834">
        <ele>61.8</ele>
      </trkpt>
      <trkpt lat="36.25671" lon="-121.78834">
        <ele>61.8</ele>
      </trkpt>
      <trkpt lat="36.25582" lon="-121.78834">
        <ele>61.4</ele>
      </trkpt>
      <trkpt lat="36.25548" lon="-121.7883">
        <ele>61.3</ele>
      </trkpt>
      <trkpt lat="36.25514" lon="-121.78819">
        <ele>64.7</ele>
      </trkpt>
      <trkpt lat="36.25452" lon="-121.78777">
        <ele>66.6</ele>
      </trkpt>
      <trkpt lat="36.25411" lon="-121.78756">
        <ele>65.8</ele>
      </trkpt>
      <trkpt lat="36.25376" lon="-121.78744">
        <ele>67.0</ele>
      </trkpt>
      <trkpt lat="36.25328" lon="-121.78734">
        <ele>69.9</ele>
      </trkpt>
      <trkpt lat="36.25282" lon="-121.78734">
        <ele>70.4</ele>
      </trkpt>
      <trkpt lat="36.25282" lon="-121.78734">
        <ele>70.4</ele>
      </trkpt>
      <trkpt lat="36.25273" lon="-121.78702">
        <ele>74.3</ele>
      </trkpt>
      <trkpt lat="36.25262" lon="-121.7869">
        <ele>75.7</ele>
      </trkpt>
      <trkpt lat="36.2525" lon="-121.78687">
        <ele>75.8</ele>
      </trkpt>
      <trkpt lat="36.25236" lon="-121.78679">
        <ele>76.4</ele>
      </trkpt>
      <trkpt lat="36.2522" lon="-121.78673">
        <ele>76.4</ele>
      </trkpt>
      <trkpt lat="36.25203" lon="-121.78666">
        <ele>76.4</ele>
      </trkpt>
      <trkpt lat="36.25183" lon="-121.78659">
        <ele>76.0</ele>
      </trkpt>
      <trkpt lat="36.25168" lon="-121.78658">
        <ele>75.3</ele>
      </trkpt>
      <trkpt lat="36.25152" lon="-121.78655">
        <ele>74.9</ele>
      </trkpt>
      <trkpt lat="36.25133" lon="-121.78645">
        <ele>72.7</ele>
      </trkpt>
      <trkpt lat="36.25106" lon="-121.78628">
        <ele>70.5</ele>
      </trkpt>
      <trkpt lat="36.25095" lon="-121.78616">
        <ele>70.8</ele>
      </trkpt>
      <trkpt lat="36.25077" lon="-121.78614">
        <ele>68.4</ele>
      </trkpt>
      <trkpt lat="36.25071" lon="-121.78601">
        <ele>68.6</ele>
      </trkpt>
    </trkseg>
  </trk>
</gpx>
