<?xml version="1.0" encoding="UTF-8"?>
<gpx xmlns:gpxdata="http://www.cluetrust.com/XML/GPXDATA/1/0" xmlns:xsi="http://www.w3.org/2001/XMLSchema-instance" xmlns="http://www.topografix.com/GPX/1/1" version="1.1" creator="http://ridewithgps.com/" xsi:schemaLocation="http://www.topografix.com/GPX/1/1 http://www.topografix.com/GPX/1/1/gpx.xsd http://www.cluetrust.com/XML/GPXDATA/1/0 http://www.cluetrust.com/Schemas/gpxdata10.xsd">
  <metadata>
    <name>Day 1 - Hawk Hill to Pescadero</name>
    <link href="https://ridewithgps.com/routes/56853276">
      <text>Day 1 - Hawk Hill to Pescadero</text>
    </link>
    <time>2026-08-25T15:32:38Z</time>
  </metadata>
  <wpt lat="37.8272452" lon="-122.4997031">
    <name>Hawk Hill</name>
    <cmt>summit</cmt>
    <sym>Dot</sym>
    <type>summit</type>
  </wpt>
  <wpt lat="37.785179138183594" lon="-122.4998779296875">
    <name>Legion of Honor</name>
    <cmt>viewpoint</cmt>
    <desc>Western Terminus Lincoln Highway.</desc>
    <sym>Dot</sym>
    <type>overlook</type>
  </wpt>
  <wpt lat="37.61928939819336" lon="-122.4869384765625">
    <name>Trail End Restroom</name>
    <cmt>restroom</cmt>
    <sym>Dot</sym>
    <type>toilet</type>
  </wpt>
  <wpt lat="37.597120000000004" lon="-122.50358000000001">
    <name>Taco Bell Cantina</name>
    <cmt>food</cmt>
    <desc>Taco Bell with a Bar! :D</desc>
    <sym>Dot</sym>
    <type>food</type>
  </wpt>
  <wpt lat="37.464868" lon="-122.432812">
    <name>225 Cabrillo Highway South</name>
    <cmt>generic</cmt>
    <sym>Dot</sym>
    <type>generic</type>
  </wpt>
  <wpt lat="37.15549875" lon="-122.34726928">
    <name>Costanoa Lodge and Camp</name>
    <cmt>generic</cmt>
    <sym>Dot</sym>
    <type>generic</type>
  </wpt>
  <wpt lat="37.82699" lon="-122.49927">
    <name>Left</name>
    <cmt>Turn left onto Conzelman Road</cmt>
    <desc>Turn left onto Conzelman Road</desc>
    <sym>Dot</sym>
    <type>Dot</type>
  </wpt>
  <wpt lat="37.83337" lon="-122.49431">
    <name>Slight Right</name>
    <cmt>Keep right onto Conzelman Road</cmt>
    <desc>Keep right onto Conzelman Road</desc>
    <sym>Dot</sym>
    <type>Dot</type>
  </wpt>
  <wpt lat="37.83353" lon="-122.49398">
    <name>Straight</name>
    <cmt>At roundabout, take exit 1 onto Conzelman Road</cmt>
    <desc>At roundabout, take exit 1 onto Conzelman Road</desc>
    <sym>Dot</sym>
    <type>Dot</type>
  </wpt>
  <wpt lat="37.83608" lon="-122.4839">
    <name>Right</name>
    <cmt>Turn right</cmt>
    <desc>Turn right</desc>
    <sym>Dot</sym>
    <type>Dot</type>
  </wpt>
  <wpt lat="37.83333" lon="-122.48087">
    <name>Right</name>
    <cmt>Turn right</cmt>
    <desc>Turn right</desc>
    <sym>Dot</sym>
    <type>Dot</type>
  </wpt>
  <wpt lat="37.80811" lon="-122.47634">
    <name>Left</name>
    <cmt>Turn left</cmt>
    <desc>Turn left</desc>
    <sym>Dot</sym>
    <type>Dot</type>
  </wpt>
  <wpt lat="37.8079" lon="-122.47698">
    <name>Uturn</name>
    <cmt>Make a U-turn</cmt>
    <desc>Make a U-turn</desc>
    <sym>Dot</sym>
    <type>Dot</type>
  </wpt>
  <wpt lat="37.80835" lon="-122.47635">
    <name>Slight Right</name>
    <cmt>Keep right</cmt>
    <desc>Keep right</desc>
    <sym>Dot</sym>
    <type>Dot</type>
  </wpt>
  <wpt lat="37.80811" lon="-122.47634">
    <name>Left</name>
    <cmt>Turn left</cmt>
    <desc>Turn left</desc>
    <sym>Dot</sym>
    <type>Dot</type>
  </wpt>
  <wpt lat="37.80787" lon="-122.47593">
    <name>Slight Right</name>
    <cmt>Keep right</cmt>
    <desc>Keep right</desc>
    <sym>Dot</sym>
    <type>Dot</type>
  </wpt>
  <wpt lat="37.80784" lon="-122.47588">
    <name>Left</name>
    <cmt>Turn left</cmt>
    <desc>Turn left</desc>
    <sym>Dot</sym>
    <type>Dot</type>
  </wpt>
  <wpt lat="37.80749" lon="-122.47502">
    <name>Right</name>
    <cmt>Turn right</cmt>
    <desc>Turn right</desc>
    <sym>Dot</sym>
    <type>Dot</type>
  </wpt>
  <wpt lat="37.8068" lon="-122.47592">
    <name>Left</name>
    <cmt>Turn left</cmt>
    <desc>Turn left</desc>
    <sym>Dot</sym>
    <type>Dot</type>
  </wpt>
  <wpt lat="37.80634" lon="-122.47542">
    <name>Right</name>
    <cmt>Turn right onto Merchant Road and drive toward Golden Gate National Recreation Area</cmt>
    <desc>Turn right onto Merchant Road and drive toward Golden Gate National Recreation Area</desc>
    <sym>Dot</sym>
    <type>Dot</type>
  </wpt>
  <wpt lat="37.80442" lon="-122.47565">
    <name>Right</name>
    <cmt>Turn right onto Lincoln Boulevard</cmt>
    <desc>Turn right onto Lincoln Boulevard</desc>
    <sym>Dot</sym>
    <type>Dot</type>
  </wpt>
  <wpt lat="37.78746" lon="-122.48961">
    <name>Slight Right</name>
    <cmt>Keep right onto El Camino del Mar</cmt>
    <desc>Keep right onto El Camino del Mar</desc>
    <sym>Dot</sym>
    <type>Dot</type>
  </wpt>
  <wpt lat="37.78568" lon="-122.50035">
    <name>Left</name>
    <cmt>Turn left onto Legion of Honor Drive</cmt>
    <desc>Turn left onto Legion of Honor Drive</desc>
    <sym>Dot</sym>
    <type>Dot</type>
  </wpt>
  <wpt lat="37.78519" lon="-122.49982">
    <name>Right</name>
    <cmt>Turn right</cmt>
    <desc>Turn right</desc>
    <sym>Dot</sym>
    <type>Dot</type>
  </wpt>
  <wpt lat="37.78519" lon="-122.49982">
    <name>Right</name>
    <cmt>Turn right onto Legion of Honor Drive</cmt>
    <desc>Turn right onto Legion of Honor Drive</desc>
    <sym>Dot</sym>
    <type>Dot</type>
  </wpt>
  <wpt lat="37.78158" lon="-122.49453">
    <name>Right</name>
    <cmt>Turn right onto Clement Street</cmt>
    <desc>Turn right onto Clement Street</desc>
    <sym>Dot</sym>
    <type>Dot</type>
  </wpt>
  <wpt lat="37.78101" lon="-122.50632">
    <name>Left</name>
    <cmt>Turn left onto 45th Avenue</cmt>
    <desc>Turn left onto 45th Avenue</desc>
    <sym>Dot</sym>
    <type>Dot</type>
  </wpt>
  <wpt lat="37.7799" lon="-122.50624">
    <name>Right</name>
    <cmt>Turn right onto Point Lobos Avenue</cmt>
    <desc>Turn right onto Point Lobos Avenue</desc>
    <sym>Dot</sym>
    <type>Dot</type>
  </wpt>
  <wpt lat="37.77999" lon="-122.50732">
    <name>Slight Right</name>
    <cmt>Keep right onto Point Lobos Avenue</cmt>
    <desc>Keep right onto Point Lobos Avenue</desc>
    <sym>Dot</sym>
    <type>Dot</type>
  </wpt>
  <wpt lat="37.77702" lon="-122.51233">
    <name>Slight Right</name>
    <cmt>Slight right</cmt>
    <desc>Slight right</desc>
    <sym>Dot</sym>
    <type>Dot</type>
  </wpt>
  <wpt lat="37.76417" lon="-122.51063">
    <name>Left</name>
    <cmt>Turn left toward San Francisco Bicycle Rte 95/​U.S. Bicycle Rte 95</cmt>
    <desc>Turn left toward San Francisco Bicycle Rte 95/​U.S. Bicycle Rte 95</desc>
    <sym>Dot</sym>
    <type>Dot</type>
  </wpt>
  <wpt lat="37.76409" lon="-122.51045">
    <name>Right</name>
    <cmt>Turn right onto San Francisco Bicycle Rte 95/​U.S. Bicycle Rte 95</cmt>
    <desc>Turn right onto San Francisco Bicycle Rte 95/​U.S. Bicycle Rte 95</desc>
    <sym>Dot</sym>
    <type>Dot</type>
  </wpt>
  <wpt lat="37.75253" lon="-122.50896">
    <name>Right</name>
    <cmt>Turn right</cmt>
    <desc>Turn right</desc>
    <sym>Dot</sym>
    <type>Dot</type>
  </wpt>
  <wpt lat="37.75156" lon="-122.50895">
    <name>Straight</name>
    <cmt>Continue straight</cmt>
    <desc>Continue straight</desc>
    <sym>Dot</sym>
    <type>Dot</type>
  </wpt>
  <wpt lat="37.74909" lon="-122.50863">
    <name>Straight</name>
    <cmt>Continue straight</cmt>
    <desc>Continue straight</desc>
    <sym>Dot</sym>
    <type>Dot</type>
  </wpt>
  <wpt lat="37.74374" lon="-122.50793">
    <name>Slight Right</name>
    <cmt>Slight right</cmt>
    <desc>Slight right</desc>
    <sym>Dot</sym>
    <type>Dot</type>
  </wpt>
  <wpt lat="37.73796" lon="-122.50728">
    <name>Left</name>
    <cmt>Turn left toward San Francisco Bicycle Rte 95/​U.S. Bicycle Rte 95</cmt>
    <desc>Turn left toward San Francisco Bicycle Rte 95/​U.S. Bicycle Rte 95</desc>
    <sym>Dot</sym>
    <type>Dot</type>
  </wpt>
  <wpt lat="37.73794" lon="-122.50707">
    <name>Right</name>
    <cmt>Turn right onto San Francisco Bicycle Rte 95/​U.S. Bicycle Rte 95</cmt>
    <desc>Turn right onto San Francisco Bicycle Rte 95/​U.S. Bicycle Rte 95</desc>
    <sym>Dot</sym>
    <type>Dot</type>
  </wpt>
  <wpt lat="37.684" lon="-122.48923">
    <name>Slight Right</name>
    <cmt>Keep right</cmt>
    <desc>Keep right</desc>
    <sym>Dot</sym>
    <type>Dot</type>
  </wpt>
  <wpt lat="37.68347" lon="-122.49014">
    <name>Left</name>
    <cmt>Turn left onto Skyline Drive</cmt>
    <desc>Turn left onto Skyline Drive</desc>
    <sym>Dot</sym>
    <type>Dot</type>
  </wpt>
  <wpt lat="37.66127" lon="-122.48822">
    <name>Left</name>
    <cmt>Turn left onto Crenshaw Drive</cmt>
    <desc>Turn left onto Crenshaw Drive</desc>
    <sym>Dot</sym>
    <type>Dot</type>
  </wpt>
  <wpt lat="37.66056" lon="-122.48824">
    <name>Right</name>
    <cmt>Turn right onto Palmetto Avenue</cmt>
    <desc>Turn right onto Palmetto Avenue</desc>
    <sym>Dot</sym>
    <type>Dot</type>
  </wpt>
  <wpt lat="37.65178" lon="-122.49081">
    <name>Slight Right</name>
    <cmt>Keep right onto Palmetto Avenue</cmt>
    <desc>Keep right onto Palmetto Avenue</desc>
    <sym>Dot</sym>
    <type>Dot</type>
  </wpt>
  <wpt lat="37.62989" lon="-122.49169">
    <name>Slight Right</name>
    <cmt>Slight right onto Lakeside Ave</cmt>
    <desc>Slight right onto Lakeside Ave</desc>
    <sym>Dot</sym>
    <type>Dot</type>
  </wpt>
  <wpt lat="37.62825" lon="-122.48976">
    <name>Right</name>
    <cmt>Turn right onto Francisco Blvd</cmt>
    <desc>Turn right onto Francisco Blvd</desc>
    <sym>Dot</sym>
    <type>Dot</type>
  </wpt>
  <wpt lat="37.62561" lon="-122.48836">
    <name>Straight</name>
    <cmt>Continue onto Bradford Way</cmt>
    <desc>Continue onto Bradford Way</desc>
    <sym>Dot</sym>
    <type>Dot</type>
  </wpt>
  <wpt lat="37.61921" lon="-122.48641">
    <name>Right</name>
    <cmt>Turn right onto Old Mori Road</cmt>
    <desc>Turn right onto Old Mori Road</desc>
    <sym>Dot</sym>
    <type>Dot</type>
  </wpt>
  <wpt lat="37.61921" lon="-122.48641">
    <name>Right</name>
    <cmt>Turn right onto Bradford Way</cmt>
    <desc>Turn right onto Bradford Way</desc>
    <sym>Dot</sym>
    <type>Dot</type>
  </wpt>
  <wpt lat="37.61844" lon="-122.48564">
    <name>Slight Right</name>
    <cmt>Turn slight right</cmt>
    <desc>Turn slight right</desc>
    <sym>Dot</sym>
    <type>Dot</type>
  </wpt>
  <wpt lat="37.61099" lon="-122.49575">
    <name>Right</name>
    <cmt>Turn right</cmt>
    <desc>Turn right</desc>
    <sym>Dot</sym>
    <type>Dot</type>
  </wpt>
  <wpt lat="37.61112" lon="-122.49613">
    <name>Left</name>
    <cmt>Turn left</cmt>
    <desc>Turn left</desc>
    <sym>Dot</sym>
    <type>Dot</type>
  </wpt>
  <wpt lat="37.61084" lon="-122.49628">
    <name>Left</name>
    <cmt>Turn left onto San Marlo Way</cmt>
    <desc>Turn left onto San Marlo Way</desc>
    <sym>Dot</sym>
    <type>Dot</type>
  </wpt>
  <wpt lat="37.61065" lon="-122.49579">
    <name>Slight Right</name>
    <cmt>Turn slight right onto San Marlo Way</cmt>
    <desc>Turn slight right onto San Marlo Way</desc>
    <sym>Dot</sym>
    <type>Dot</type>
  </wpt>
  <wpt lat="37.61035" lon="-122.49508">
    <name>Sharp Right</name>
    <cmt>Turn sharp right onto Dondee Way</cmt>
    <desc>Turn sharp right onto Dondee Way</desc>
    <sym>Dot</sym>
    <type>Dot</type>
  </wpt>
  <wpt lat="37.60834" lon="-122.49687">
    <name>Right</name>
    <cmt>Turn right</cmt>
    <desc>Turn right</desc>
    <sym>Dot</sym>
    <type>Dot</type>
  </wpt>
  <wpt lat="37.60675" lon="-122.4983">
    <name>Left</name>
    <cmt>Turn left</cmt>
    <desc>Turn left</desc>
    <sym>Dot</sym>
    <type>Dot</type>
  </wpt>
  <wpt lat="37.6066" lon="-122.49825">
    <name>Slight Right</name>
    <cmt>Turn slight right</cmt>
    <desc>Turn slight right</desc>
    <sym>Dot</sym>
    <type>Dot</type>
  </wpt>
  <wpt lat="37.60498" lon="-122.49878">
    <name>Slight Right</name>
    <cmt>Keep right</cmt>
    <desc>Keep right</desc>
    <sym>Dot</sym>
    <type>Dot</type>
  </wpt>
  <wpt lat="37.59824" lon="-122.50224">
    <name>Slight Left</name>
    <cmt>Turn slight left</cmt>
    <desc>Turn slight left</desc>
    <sym>Dot</sym>
    <type>Dot</type>
  </wpt>
  <wpt lat="37.59726" lon="-122.50346">
    <name>Left</name>
    <cmt>Turn left</cmt>
    <desc>Turn left</desc>
    <sym>Dot</sym>
    <type>Dot</type>
  </wpt>
  <wpt lat="37.59714" lon="-122.50353">
    <name>Right</name>
    <cmt>Turn right</cmt>
    <desc>Turn right</desc>
    <sym>Dot</sym>
    <type>Dot</type>
  </wpt>
  <wpt lat="37.59705" lon="-122.50362">
    <name>Slight Left</name>
    <cmt>Turn slight left</cmt>
    <desc>Turn slight left</desc>
    <sym>Dot</sym>
    <type>Dot</type>
  </wpt>
  <wpt lat="37.59666" lon="-122.50309">
    <name>Right</name>
    <cmt>Turn right onto Cabrillo Highway</cmt>
    <desc>Turn right onto Cabrillo Highway</desc>
    <sym>Dot</sym>
    <type>Dot</type>
  </wpt>
  <wpt lat="37.58505" lon="-122.50698">
    <name>Slight Right</name>
    <cmt>Keep right onto Cabrillo Highway</cmt>
    <desc>Keep right onto Cabrillo Highway</desc>
    <sym>Dot</sym>
    <type>Dot</type>
  </wpt>
  <wpt lat="37.58494" lon="-122.50758">
    <name>Right</name>
    <cmt>Turn right</cmt>
    <desc>Turn right</desc>
    <sym>Dot</sym>
    <type>Dot</type>
  </wpt>
  <wpt lat="37.58519" lon="-122.50944">
    <name>Slight Right</name>
    <cmt>Keep right</cmt>
    <desc>Keep right</desc>
    <sym>Dot</sym>
    <type>Dot</type>
  </wpt>
  <wpt lat="37.58145" lon="-122.51528">
    <name>Slight Right</name>
    <cmt>Turn slight right onto Devil’s Slide Trail</cmt>
    <desc>Turn slight right onto Devil’s Slide Trail</desc>
    <sym>Dot</sym>
    <type>Dot</type>
  </wpt>
  <wpt lat="37.57248" lon="-122.51646">
    <name>Slight Left</name>
    <cmt>Turn slight left onto Devil’s Slide Trail</cmt>
    <desc>Turn slight left onto Devil’s Slide Trail</desc>
    <sym>Dot</sym>
    <type>Dot</type>
  </wpt>
  <wpt lat="37.57244" lon="-122.51644">
    <name>Right</name>
    <cmt>Turn right</cmt>
    <desc>Turn right</desc>
    <sym>Dot</sym>
    <type>Dot</type>
  </wpt>
  <wpt lat="37.57207" lon="-122.51634">
    <name>Slight Right</name>
    <cmt>Keep right</cmt>
    <desc>Keep right</desc>
    <sym>Dot</sym>
    <type>Dot</type>
  </wpt>
  <wpt lat="37.57185" lon="-122.51603">
    <name>Slight Right</name>
    <cmt>Turn slight right</cmt>
    <desc>Turn slight right</desc>
    <sym>Dot</sym>
    <type>Dot</type>
  </wpt>
  <wpt lat="37.57059" lon="-122.51593">
    <name>Right</name>
    <cmt>Turn right onto Cabrillo Highway</cmt>
    <desc>Turn right onto Cabrillo Highway</desc>
    <sym>Dot</sym>
    <type>Dot</type>
  </wpt>
  <wpt lat="37.53532" lon="-122.51793">
    <name>Left</name>
    <cmt>Turn left onto Carlos St</cmt>
    <desc>Turn left onto Carlos St</desc>
    <sym>Dot</sym>
    <type>Dot</type>
  </wpt>
  <wpt lat="37.52649" lon="-122.51207">
    <name>Right</name>
    <cmt>Turn right onto Vermont Ave</cmt>
    <desc>Turn right onto Vermont Ave</desc>
    <sym>Dot</sym>
    <type>Dot</type>
  </wpt>
  <wpt lat="37.52627" lon="-122.51221">
    <name>Left</name>
    <cmt>Turn left onto CA-1 S</cmt>
    <desc>Turn left onto CA-1 S</desc>
    <sym>Dot</sym>
    <type>Dot</type>
  </wpt>
  <wpt lat="37.52444" lon="-122.51039">
    <name>Right</name>
    <cmt>Turn right onto Cypress Ave</cmt>
    <desc>Turn right onto Cypress Ave</desc>
    <sym>Dot</sym>
    <type>Dot</type>
  </wpt>
  <wpt lat="37.5212" lon="-122.51248">
    <name>Left</name>
    <cmt>Turn left onto Airport St</cmt>
    <desc>Turn left onto Airport St</desc>
    <sym>Dot</sym>
    <type>Dot</type>
  </wpt>
  <wpt lat="37.50516" lon="-122.49288">
    <name>Left</name>
    <cmt>Turn left onto Cornell Ave</cmt>
    <desc>Turn left onto Cornell Ave</desc>
    <sym>Dot</sym>
    <type>Dot</type>
  </wpt>
  <wpt lat="37.50576" lon="-122.49014">
    <name>Right</name>
    <cmt>Cornell Ave turns slightly right and becomes California Ave</cmt>
    <desc>Cornell Ave turns slightly right and becomes California Ave</desc>
    <sym>Dot</sym>
    <type>Dot</type>
  </wpt>
  <wpt lat="37.50456" lon="-122.48756">
    <name>Left</name>
    <cmt>Turn left onto Prospect Way</cmt>
    <desc>Turn left onto Prospect Way</desc>
    <sym>Dot</sym>
    <type>Dot</type>
  </wpt>
  <wpt lat="37.50498" lon="-122.48646">
    <name>Right</name>
    <cmt>Turn right onto Capistrano Rd</cmt>
    <desc>Turn right onto Capistrano Rd</desc>
    <sym>Dot</sym>
    <type>Dot</type>
  </wpt>
  <wpt lat="37.50425" lon="-122.48232">
    <name>Right</name>
    <cmt>Turn right onto Pillar Point Harbor Blvd</cmt>
    <desc>Turn right onto Pillar Point Harbor Blvd</desc>
    <sym>Dot</sym>
    <type>Dot</type>
  </wpt>
  <wpt lat="37.50291" lon="-122.47795">
    <name>Slight Left</name>
    <cmt>Slight left</cmt>
    <desc>Slight left</desc>
    <sym>Dot</sym>
    <type>Dot</type>
  </wpt>
  <wpt lat="37.49662" lon="-122.46179">
    <name>Right</name>
    <cmt>Turn right onto Magellan Ave</cmt>
    <desc>Turn right onto Magellan Ave</desc>
    <sym>Dot</sym>
    <type>Dot</type>
  </wpt>
  <wpt lat="37.49584" lon="-122.46278">
    <name>Left</name>
    <cmt>Magellan Ave turns left and becomes Mirada Rd</cmt>
    <desc>Magellan Ave turns left and becomes Mirada Rd</desc>
    <sym>Dot</sym>
    <type>Dot</type>
  </wpt>
  <wpt lat="37.49352" lon="-122.45997">
    <name>Straight</name>
    <cmt>Continue onto Half Moon Bay Coastal Trail</cmt>
    <desc>Continue onto Half Moon Bay Coastal Trail</desc>
    <sym>Dot</sym>
    <type>Dot</type>
  </wpt>
  <wpt lat="37.49313" lon="-122.45943">
    <name>Right</name>
    <cmt>Turn right to stay on Half Moon Bay Coastal Trail</cmt>
    <desc>Turn right to stay on Half Moon Bay Coastal Trail</desc>
    <sym>Dot</sym>
    <type>Dot</type>
  </wpt>
  <wpt lat="37.48212" lon="-122.44981">
    <name>Right</name>
    <cmt>Turn right to stay on Half Moon Bay Coastal Trail</cmt>
    <desc>Turn right to stay on Half Moon Bay Coastal Trail</desc>
    <sym>Dot</sym>
    <type>Dot</type>
  </wpt>
  <wpt lat="37.47097" lon="-122.44578">
    <name>Slight Left</name>
    <cmt>Slight left toward Half Moon Bay Coastal Trail</cmt>
    <desc>Slight left toward Half Moon Bay Coastal Trail</desc>
    <sym>Dot</sym>
    <type>Dot</type>
  </wpt>
  <wpt lat="37.4709" lon="-122.44565">
    <name>Slight Right</name>
    <cmt>Slight right onto Half Moon Bay Coastal Trail</cmt>
    <desc>Slight right onto Half Moon Bay Coastal Trail</desc>
    <sym>Dot</sym>
    <type>Dot</type>
  </wpt>
  <wpt lat="37.46537" lon="-122.44462">
    <name>Left</name>
    <cmt>Turn left onto Kelly Ave</cmt>
    <desc>Turn left onto Kelly Ave</desc>
    <sym>Dot</sym>
    <type>Dot</type>
  </wpt>
  <wpt lat="37.46516" lon="-122.44462">
    <name>Slight Left</name>
    <cmt>Slight left to stay on Kelly Ave</cmt>
    <desc>Slight left to stay on Kelly Ave</desc>
    <sym>Dot</sym>
    <type>Dot</type>
  </wpt>
  <wpt lat="37.46398" lon="-122.43251">
    <name>Left</name>
    <cmt>Turn left</cmt>
    <desc>Turn left</desc>
    <sym>Dot</sym>
    <type>Dot</type>
  </wpt>
  <wpt lat="37.46452" lon="-122.43243">
    <name>Left</name>
    <cmt>Turn left</cmt>
    <desc>Turn left</desc>
    <sym>Dot</sym>
    <type>Dot</type>
  </wpt>
  <wpt lat="37.46457" lon="-122.43267">
    <name>Right</name>
    <cmt>Turn right</cmt>
    <desc>Turn right</desc>
    <sym>Dot</sym>
    <type>Dot</type>
  </wpt>
  <wpt lat="37.46536" lon="-122.43237">
    <name>Sharp Right</name>
    <cmt>Turn sharp right</cmt>
    <desc>Turn sharp right</desc>
    <sym>Dot</sym>
    <type>Dot</type>
  </wpt>
  <wpt lat="37.46396" lon="-122.43259">
    <name>Right</name>
    <cmt>Turn right onto Kelly Street</cmt>
    <desc>Turn right onto Kelly Street</desc>
    <sym>Dot</sym>
    <type>Dot</type>
  </wpt>
  <wpt lat="37.46413" lon="-122.43437">
    <name>Left</name>
    <cmt>Turn left</cmt>
    <desc>Turn left</desc>
    <sym>Dot</sym>
    <type>Dot</type>
  </wpt>
  <wpt lat="37.46405" lon="-122.43437">
    <name>Slight Left</name>
    <cmt>Turn slight left</cmt>
    <desc>Turn slight left</desc>
    <sym>Dot</sym>
    <type>Dot</type>
  </wpt>
  <wpt lat="37.4609" lon="-122.43482">
    <name>Slight Left</name>
    <cmt>Keep left</cmt>
    <desc>Keep left</desc>
    <sym>Dot</sym>
    <type>Dot</type>
  </wpt>
  <wpt lat="37.4554" lon="-122.43267">
    <name>Slight Left</name>
    <cmt>Keep left</cmt>
    <desc>Keep left</desc>
    <sym>Dot</sym>
    <type>Dot</type>
  </wpt>
  <wpt lat="37.45364" lon="-122.43153">
    <name>Slight Right</name>
    <cmt>Turn slight right onto Cabrillo Highway South</cmt>
    <desc>Turn slight right onto Cabrillo Highway South</desc>
    <sym>Dot</sym>
    <type>Dot</type>
  </wpt>
  <wpt lat="37.45363" lon="-122.43153">
    <name>Slight Right</name>
    <cmt>Keep right</cmt>
    <desc>Keep right</desc>
    <sym>Dot</sym>
    <type>Dot</type>
  </wpt>
  <wpt lat="37.44661" lon="-122.42863">
    <name>Slight Right</name>
    <cmt>Turn slight right onto Cabrillo Highway South</cmt>
    <desc>Turn slight right onto Cabrillo Highway South</desc>
    <sym>Dot</sym>
    <type>Dot</type>
  </wpt>
  <wpt lat="37.40486" lon="-122.42031">
    <name>Left</name>
    <cmt>Turn left onto Verde Road</cmt>
    <desc>Turn left onto Verde Road</desc>
    <sym>Dot</sym>
    <type>Dot</type>
  </wpt>
  <wpt lat="37.40415" lon="-122.41402">
    <name>Slight Right</name>
    <cmt>Keep right onto Verde Road</cmt>
    <desc>Keep right onto Verde Road</desc>
    <sym>Dot</sym>
    <type>Dot</type>
  </wpt>
  <wpt lat="37.38614" lon="-122.40489">
    <name>Right</name>
    <cmt>Turn right onto Verde Road</cmt>
    <desc>Turn right onto Verde Road</desc>
    <sym>Dot</sym>
    <type>Dot</type>
  </wpt>
  <wpt lat="37.38606" lon="-122.40528">
    <name>Left</name>
    <cmt>Turn left onto Cabrillo Highway South</cmt>
    <desc>Turn left onto Cabrillo Highway South</desc>
    <sym>Dot</sym>
    <type>Dot</type>
  </wpt>
  <wpt lat="37.19195" lon="-122.39693">
    <name>Right</name>
    <cmt>Turn right onto Pigeon Point Road</cmt>
    <desc>Turn right onto Pigeon Point Road</desc>
    <sym>Dot</sym>
    <type>Dot</type>
  </wpt>
  <wpt lat="37.18459" lon="-122.39046">
    <name>Right</name>
    <cmt>Turn right onto Cabrillo Highway</cmt>
    <desc>Turn right onto Cabrillo Highway</desc>
    <sym>Dot</sym>
    <type>Dot</type>
  </wpt>
  <wpt lat="37.14901" lon="-122.34661">
    <name>Left</name>
    <cmt>Turn left onto Rossi Road</cmt>
    <desc>Turn left onto Rossi Road</desc>
    <sym>Dot</sym>
    <type>Dot</type>
  </wpt>
  <wpt lat="37.1556" lon="-122.3483">
    <name>Right</name>
    <cmt>Turn right</cmt>
    <desc>Turn right</desc>
    <sym>Dot</sym>
    <type>Dot</type>
  </wpt>
  <trk>
    <name>Day 1 - Hawk Hill to Pescadero</name>
    <trkseg>
      <trkpt lat="37.82695" lon="-122.49962">
        <ele>253.9</ele>
      </trkpt>
      <trkpt lat="37.82695" lon="-122.49962">
        <ele>253.9</ele>
      </trkpt>
      <trkpt lat="37.82695" lon="-122.49962">
        <ele>253.9</ele>
      </trkpt>
      <trkpt lat="37.82699" lon="-122.49943">
        <ele>250.6</ele>
      </trkpt>
      <trkpt lat="37.82701" lon="-122.49936">
        <ele>249.4</ele>
      </trkpt>
      <trkpt lat="37.82699" lon="-122.49927">
        <ele>247.9</ele>
      </trkpt>
      <trkpt lat="37.82704" lon="-122.49926">
        <ele>246.9</ele>
      </trkpt>
      <trkpt lat="37.82719" lon="-122.49921">
        <ele>246.1</ele>
      </trkpt>
      <trkpt lat="37.82745" lon="-122.49906">
        <ele>245.5</ele>
      </trkpt>
      <trkpt lat="37.82764" lon="-122.49893">
        <ele>246.4</ele>
      </trkpt>
      <trkpt lat="37.82773" lon="-122.49885">
        <ele>246.5</ele>
      </trkpt>
      <trkpt lat="37.82782" lon="-122.49875">
        <ele>245.8</ele>
      </trkpt>
      <trkpt lat="37.82793" lon="-122.49858">
        <ele>242.4</ele>
      </trkpt>
      <trkpt lat="37.82798" lon="-122.49846">
        <ele>240.7</ele>
      </trkpt>
      <trkpt lat="37.82811" lon="-122.49801">
        <ele>240.9</ele>
      </trkpt>
      <trkpt lat="37.82814" lon="-122.49794">
        <ele>240.7</ele>
      </trkpt>
      <trkpt lat="37.82817" lon="-122.4979">
        <ele>240.6</ele>
      </trkpt>
      <trkpt lat="37.82824" lon="-122.49783">
        <ele>240.0</ele>
      </trkpt>
      <trkpt lat="37.8283" lon="-122.4978">
        <ele>239.7</ele>
      </trkpt>
      <trkpt lat="37.82844" lon="-122.4978">
        <ele>239.6</ele>
      </trkpt>
      <trkpt lat="37.82856" lon="-122.49783">
        <ele>239.9</ele>
      </trkpt>
      <trkpt lat="37.82866" lon="-122.49787">
        <ele>240.3</ele>
      </trkpt>
      <trkpt lat="37.82876" lon="-122.49793">
        <ele>240.6</ele>
      </trkpt>
      <trkpt lat="37.82901" lon="-122.49814">
        <ele>235.4</ele>
      </trkpt>
      <trkpt lat="37.8291" lon="-122.49819">
        <ele>233.6</ele>
      </trkpt>
      <trkpt lat="37.8292" lon="-122.49823">
        <ele>233.1</ele>
      </trkpt>
      <trkpt lat="37.83003" lon="-122.49846">
        <ele>225.6</ele>
      </trkpt>
      <trkpt lat="37.83012" lon="-122.49847">
        <ele>225.6</ele>
      </trkpt>
      <trkpt lat="37.83019" lon="-122.49847">
        <ele>225.7</ele>
      </trkpt>
      <trkpt lat="37.83026" lon="-122.49844">
        <ele>225.3</ele>
      </trkpt>
      <trkpt lat="37.83031" lon="-122.49841">
        <ele>224.9</ele>
      </trkpt>
      <trkpt lat="37.83038" lon="-122.49836">
        <ele>224.5</ele>
      </trkpt>
      <trkpt lat="37.83047" lon="-122.49823">
        <ele>223.6</ele>
      </trkpt>
      <trkpt lat="37.83057" lon="-122.49799">
        <ele>217.9</ele>
      </trkpt>
      <trkpt lat="37.83061" lon="-122.4979">
        <ele>216.6</ele>
      </trkpt>
      <trkpt lat="37.83071" lon="-122.49777">
        <ele>215.9</ele>
      </trkpt>
      <trkpt lat="37.8308" lon="-122.49769">
        <ele>215.6</ele>
      </trkpt>
      <trkpt lat="37.83091" lon="-122.4976">
        <ele>214.6</ele>
      </trkpt>
      <trkpt lat="37.83109" lon="-122.49754">
        <ele>215.2</ele>
      </trkpt>
      <trkpt lat="37.83127" lon="-122.4975">
        <ele>214.9</ele>
      </trkpt>
      <trkpt lat="37.83137" lon="-122.49746">
        <ele>212.5</ele>
      </trkpt>
      <trkpt lat="37.83143" lon="-122.49741">
        <ele>211.2</ele>
      </trkpt>
      <trkpt lat="37.83148" lon="-122.49736">
        <ele>210.5</ele>
      </trkpt>
      <trkpt lat="37.83153" lon="-122.49729">
        <ele>210.4</ele>
      </trkpt>
      <trkpt lat="37.83159" lon="-122.49714">
        <ele>209.9</ele>
      </trkpt>
      <trkpt lat="37.83173" lon="-122.4966">
        <ele>203.2</ele>
      </trkpt>
      <trkpt lat="37.83176" lon="-122.49639">
        <ele>202.8</ele>
      </trkpt>
      <trkpt lat="37.83177" lon="-122.49615">
        <ele>201.3</ele>
      </trkpt>
      <trkpt lat="37.83174" lon="-122.49574">
        <ele>194.8</ele>
      </trkpt>
      <trkpt lat="37.83173" lon="-122.4956">
        <ele>194.3</ele>
      </trkpt>
      <trkpt lat="37.83175" lon="-122.49551">
        <ele>194.5</ele>
      </trkpt>
      <trkpt lat="37.83177" lon="-122.49543">
        <ele>194.4</ele>
      </trkpt>
      <trkpt lat="37.8318" lon="-122.49534">
        <ele>194.1</ele>
      </trkpt>
      <trkpt lat="37.83187" lon="-122.49523">
        <ele>193.6</ele>
      </trkpt>
      <trkpt lat="37.83195" lon="-122.49516">
        <ele>193.2</ele>
      </trkpt>
      <trkpt lat="37.83201" lon="-122.49511">
        <ele>192.5</ele>
      </trkpt>
      <trkpt lat="37.83207" lon="-122.49508">
        <ele>192.2</ele>
      </trkpt>
      <trkpt lat="37.83218" lon="-122.49505">
        <ele>192.4</ele>
      </trkpt>
      <trkpt lat="37.83257" lon="-122.49494">
        <ele>187.2</ele>
      </trkpt>
      <trkpt lat="37.83291" lon="-122.49482">
        <ele>186.2</ele>
      </trkpt>
      <trkpt lat="37.83296" lon="-122.49479">
        <ele>185.9</ele>
      </trkpt>
      <trkpt lat="37.83305" lon="-122.49471">
        <ele>184.5</ele>
      </trkpt>
      <trkpt lat="37.83329" lon="-122.49441">
        <ele>180.2</ele>
      </trkpt>
      <trkpt lat="37.83329" lon="-122.49441">
        <ele>180.2</ele>
      </trkpt>
      <trkpt lat="37.83337" lon="-122.49431">
        <ele>180.1</ele>
      </trkpt>
      <trkpt lat="37.83346" lon="-122.49416">
        <ele>179.7</ele>
      </trkpt>
      <trkpt lat="37.83351" lon="-122.49406">
        <ele>179.1</ele>
      </trkpt>
      <trkpt lat="37.83353" lon="-122.49398">
        <ele>178.9</ele>
      </trkpt>
      <trkpt lat="37.83357" lon="-122.49388">
        <ele>178.5</ele>
      </trkpt>
      <trkpt lat="37.83359" lon="-122.49379">
        <ele>178.0</ele>
      </trkpt>
      <trkpt lat="37.83359" lon="-122.49354">
        <ele>174.7</ele>
      </trkpt>
      <trkpt lat="37.8335" lon="-122.49297">
        <ele>172.1</ele>
      </trkpt>
      <trkpt lat="37.83342" lon="-122.49239">
        <ele>172.9</ele>
      </trkpt>
      <trkpt lat="37.83336" lon="-122.49226">
        <ele>172.7</ele>
      </trkpt>
      <trkpt lat="37.8333" lon="-122.49216">
        <ele>172.9</ele>
      </trkpt>
      <trkpt lat="37.83323" lon="-122.49209">
        <ele>172.9</ele>
      </trkpt>
      <trkpt lat="37.83312" lon="-122.49201">
        <ele>171.9</ele>
      </trkpt>
      <trkpt lat="37.83279" lon="-122.49184">
        <ele>165.8</ele>
      </trkpt>
      <trkpt lat="37.83266" lon="-122.49176">
        <ele>165.0</ele>
      </trkpt>
      <trkpt lat="37.83256" lon="-122.49163">
        <ele>165.2</ele>
      </trkpt>
      <trkpt lat="37.83252" lon="-122.49155">
        <ele>165.5</ele>
      </trkpt>
      <trkpt lat="37.83248" lon="-122.49147">
        <ele>165.7</ele>
      </trkpt>
      <trkpt lat="37.83246" lon="-122.49138">
        <ele>165.7</ele>
      </trkpt>
      <trkpt lat="37.83246" lon="-122.49121">
        <ele>165.6</ele>
      </trkpt>
      <trkpt lat="37.83248" lon="-122.49112">
        <ele>165.3</ele>
      </trkpt>
      <trkpt lat="37.83251" lon="-122.49103">
        <ele>164.8</ele>
      </trkpt>
      <trkpt lat="37.83259" lon="-122.49092">
        <ele>164.1</ele>
      </trkpt>
      <trkpt lat="37.83282" lon="-122.49071">
        <ele>164.6</ele>
      </trkpt>
      <trkpt lat="37.83286" lon="-122.49065">
        <ele>164.9</ele>
      </trkpt>
      <trkpt lat="37.83288" lon="-122.4906">
        <ele>164.9</ele>
      </trkpt>
      <trkpt lat="37.8329" lon="-122.49054">
        <ele>165.1</ele>
      </trkpt>
      <trkpt lat="37.8329" lon="-122.49047">
        <ele>165.0</ele>
      </trkpt>
      <trkpt lat="37.8329" lon="-122.49039">
        <ele>165.1</ele>
      </trkpt>
      <trkpt lat="37.83288" lon="-122.49032">
        <ele>165.0</ele>
      </trkpt>
      <trkpt lat="37.83284" lon="-122.49024">
        <ele>164.8</ele>
      </trkpt>
      <trkpt lat="37.83272" lon="-122.49007">
        <ele>164.4</ele>
      </trkpt>
      <trkpt lat="37.83267" lon="-122.48998">
        <ele>164.1</ele>
      </trkpt>
      <trkpt lat="37.83265" lon="-122.48988">
        <ele>164.3</ele>
      </trkpt>
      <trkpt lat="37.83264" lon="-122.48978">
        <ele>164.3</ele>
      </trkpt>
      <trkpt lat="37.83266" lon="-122.48968">
        <ele>164.7</ele>
      </trkpt>
      <trkpt lat="37.83269" lon="-122.4896">
        <ele>165.1</ele>
      </trkpt>
      <trkpt lat="37.83291" lon="-122.48912">
        <ele>165.4</ele>
      </trkpt>
      <trkpt lat="37.83293" lon="-122.48904">
        <ele>165.0</ele>
      </trkpt>
      <trkpt lat="37.83294" lon="-122.48896">
        <ele>164.5</ele>
      </trkpt>
      <trkpt lat="37.83293" lon="-122.48886">
        <ele>163.5</ele>
      </trkpt>
      <trkpt lat="37.83291" lon="-122.48878">
        <ele>162.5</ele>
      </trkpt>
      <trkpt lat="37.83288" lon="-122.48872">
        <ele>161.2</ele>
      </trkpt>
      <trkpt lat="37.83266" lon="-122.48839">
        <ele>157.8</ele>
      </trkpt>
      <trkpt lat="37.8326" lon="-122.48833">
        <ele>158.2</ele>
      </trkpt>
      <trkpt lat="37.83252" lon="-122.48827">
        <ele>158.2</ele>
      </trkpt>
      <trkpt lat="37.83241" lon="-122.4882">
        <ele>157.8</ele>
      </trkpt>
      <trkpt lat="37.83235" lon="-122.48815">
        <ele>157.6</ele>
      </trkpt>
      <trkpt lat="37.83225" lon="-122.48802">
        <ele>157.4</ele>
      </trkpt>
      <trkpt lat="37.83213" lon="-122.48782">
        <ele>156.3</ele>
      </trkpt>
      <trkpt lat="37.83196" lon="-122.48765">
        <ele>152.0</ele>
      </trkpt>
      <trkpt lat="37.83186" lon="-122.48757">
        <ele>150.7</ele>
      </trkpt>
      <trkpt lat="37.83169" lon="-122.48748">
        <ele>149.7</ele>
      </trkpt>
      <trkpt lat="37.83142" lon="-122.48736">
        <ele>149.8</ele>
      </trkpt>
      <trkpt lat="37.83133" lon="-122.48731">
        <ele>149.7</ele>
      </trkpt>
      <trkpt lat="37.83105" lon="-122.48709">
        <ele>149.8</ele>
      </trkpt>
      <trkpt lat="37.83091" lon="-122.48699">
        <ele>150.3</ele>
      </trkpt>
      <trkpt lat="37.83083" lon="-122.48696">
        <ele>150.4</ele>
      </trkpt>
      <trkpt lat="37.83074" lon="-122.48694">
        <ele>150.5</ele>
      </trkpt>
      <trkpt lat="37.8304" lon="-122.48694">
        <ele>149.4</ele>
      </trkpt>
      <trkpt lat="37.82981" lon="-122.48692">
        <ele>143.7</ele>
      </trkpt>
      <trkpt lat="37.82981" lon="-122.48692">
        <ele>143.7</ele>
      </trkpt>
      <trkpt lat="37.82941" lon="-122.48692">
        <ele>142.3</ele>
      </trkpt>
      <trkpt lat="37.82931" lon="-122.48687">
        <ele>142.1</ele>
      </trkpt>
      <trkpt lat="37.82925" lon="-122.48682">
        <ele>142.0</ele>
      </trkpt>
      <trkpt lat="37.8292" lon="-122.48675">
        <ele>142.2</ele>
      </trkpt>
      <trkpt lat="37.82892" lon="-122.48631">
        <ele>138.1</ele>
      </trkpt>
      <trkpt lat="37.82887" lon="-122.48617">
        <ele>135.8</ele>
      </trkpt>
      <trkpt lat="37.82886" lon="-122.48605">
        <ele>134.8</ele>
      </trkpt>
      <trkpt lat="37.82888" lon="-122.48597">
        <ele>134.2</ele>
      </trkpt>
      <trkpt lat="37.82891" lon="-122.48587">
        <ele>133.5</ele>
      </trkpt>
      <trkpt lat="37.82895" lon="-122.48581">
        <ele>133.3</ele>
      </trkpt>
      <trkpt lat="37.82935" lon="-122.48535">
        <ele>132.0</ele>
      </trkpt>
      <trkpt lat="37.82941" lon="-122.48527">
        <ele>130.7</ele>
      </trkpt>
      <trkpt lat="37.82946" lon="-122.48517">
        <ele>129.2</ele>
      </trkpt>
      <trkpt lat="37.82949" lon="-122.48509">
        <ele>129.1</ele>
      </trkpt>
      <trkpt lat="37.82951" lon="-122.485">
        <ele>129.4</ele>
      </trkpt>
      <trkpt lat="37.82952" lon="-122.48491">
        <ele>129.6</ele>
      </trkpt>
      <trkpt lat="37.8295" lon="-122.4844">
        <ele>128.8</ele>
      </trkpt>
      <trkpt lat="37.8295" lon="-122.48389">
        <ele>128.6</ele>
      </trkpt>
      <trkpt lat="37.82951" lon="-122.48374">
        <ele>128.6</ele>
      </trkpt>
      <trkpt lat="37.82957" lon="-122.48359">
        <ele>128.0</ele>
      </trkpt>
      <trkpt lat="37.82964" lon="-122.4835">
        <ele>126.9</ele>
      </trkpt>
      <trkpt lat="37.8297" lon="-122.48347">
        <ele>126.1</ele>
      </trkpt>
      <trkpt lat="37.82979" lon="-122.48344">
        <ele>125.0</ele>
      </trkpt>
      <trkpt lat="37.82987" lon="-122.48344">
        <ele>124.1</ele>
      </trkpt>
      <trkpt lat="37.82995" lon="-122.48347">
        <ele>122.0</ele>
      </trkpt>
      <trkpt lat="37.83" lon="-122.48352">
        <ele>120.7</ele>
      </trkpt>
      <trkpt lat="37.83012" lon="-122.48367">
        <ele>118.6</ele>
      </trkpt>
      <trkpt lat="37.8303" lon="-122.48393">
        <ele>118.1</ele>
      </trkpt>
      <trkpt lat="37.83034" lon="-122.48398">
        <ele>118.1</ele>
      </trkpt>
      <trkpt lat="37.83044" lon="-122.48405">
        <ele>117.2</ele>
      </trkpt>
      <trkpt lat="37.83049" lon="-122.48407">
        <ele>116.5</ele>
      </trkpt>
      <trkpt lat="37.8306" lon="-122.48409">
        <ele>114.4</ele>
      </trkpt>
      <trkpt lat="37.83078" lon="-122.48409">
        <ele>112.1</ele>
      </trkpt>
      <trkpt lat="37.8311" lon="-122.48406">
        <ele>110.7</ele>
      </trkpt>
      <trkpt lat="37.83132" lon="-122.48401">
        <ele>108.9</ele>
      </trkpt>
      <trkpt lat="37.83153" lon="-122.48393">
        <ele>105.6</ele>
      </trkpt>
      <trkpt lat="37.83174" lon="-122.48384">
        <ele>104.3</ele>
      </trkpt>
      <trkpt lat="37.83194" lon="-122.48373">
        <ele>104.1</ele>
      </trkpt>
      <trkpt lat="37.8323" lon="-122.48349">
        <ele>98.1</ele>
      </trkpt>
      <trkpt lat="37.83244" lon="-122.48341">
        <ele>96.6</ele>
      </trkpt>
      <trkpt lat="37.83258" lon="-122.48337">
        <ele>95.8</ele>
      </trkpt>
      <trkpt lat="37.83271" lon="-122.48336">
        <ele>94.7</ele>
      </trkpt>
      <trkpt lat="37.83285" lon="-122.48338">
        <ele>93.1</ele>
      </trkpt>
      <trkpt lat="37.83312" lon="-122.48344">
        <ele>87.9</ele>
      </trkpt>
      <trkpt lat="37.83324" lon="-122.48349">
        <ele>85.6</ele>
      </trkpt>
      <trkpt lat="37.83351" lon="-122.48371">
        <ele>84.1</ele>
      </trkpt>
      <trkpt lat="37.83358" lon="-122.48374">
        <ele>83.8</ele>
      </trkpt>
      <trkpt lat="37.83362" lon="-122.48375">
        <ele>83.6</ele>
      </trkpt>
      <trkpt lat="37.83369" lon="-122.48371">
        <ele>83.2</ele>
      </trkpt>
      <trkpt lat="37.83379" lon="-122.48363">
        <ele>82.1</ele>
      </trkpt>
      <trkpt lat="37.83418" lon="-122.48421">
        <ele>82.9</ele>
      </trkpt>
      <trkpt lat="37.83442" lon="-122.48464">
        <ele>83.3</ele>
      </trkpt>
      <trkpt lat="37.83454" lon="-122.48479">
        <ele>83.2</ele>
      </trkpt>
      <trkpt lat="37.83466" lon="-122.48488">
        <ele>83.2</ele>
      </trkpt>
      <trkpt lat="37.8348" lon="-122.48496">
        <ele>83.1</ele>
      </trkpt>
      <trkpt lat="37.83494" lon="-122.485">
        <ele>83.3</ele>
      </trkpt>
      <trkpt lat="37.83508" lon="-122.48501">
        <ele>83.4</ele>
      </trkpt>
      <trkpt lat="37.83524" lon="-122.48499">
        <ele>83.5</ele>
      </trkpt>
      <trkpt lat="37.83539" lon="-122.48494">
        <ele>83.3</ele>
      </trkpt>
      <trkpt lat="37.8355" lon="-122.48486">
        <ele>83.1</ele>
      </trkpt>
      <trkpt lat="37.83558" lon="-122.48478">
        <ele>83.0</ele>
      </trkpt>
      <trkpt lat="37.83565" lon="-122.48469">
        <ele>82.8</ele>
      </trkpt>
      <trkpt lat="37.83576" lon="-122.48453">
        <ele>82.6</ele>
      </trkpt>
      <trkpt lat="37.83608" lon="-122.4839">
        <ele>81.9</ele>
      </trkpt>
      <trkpt lat="37.83608" lon="-122.4839">
        <ele>81.9</ele>
      </trkpt>
      <trkpt lat="37.83585" lon="-122.48371">
        <ele>79.3</ele>
      </trkpt>
      <trkpt lat="37.83567" lon="-122.4838">
        <ele>83.3</ele>
      </trkpt>
      <trkpt lat="37.83556" lon="-122.48384">
        <ele>84.2</ele>
      </trkpt>
      <trkpt lat="37.83536" lon="-122.48387">
        <ele>83.5</ele>
      </trkpt>
      <trkpt lat="37.83516" lon="-122.48387">
        <ele>82.0</ele>
      </trkpt>
      <trkpt lat="37.83495" lon="-122.48383">
        <ele>82.0</ele>
      </trkpt>
      <trkpt lat="37.83479" lon="-122.48379">
        <ele>81.3</ele>
      </trkpt>
      <trkpt lat="37.83468" lon="-122.48374">
        <ele>79.8</ele>
      </trkpt>
      <trkpt lat="37.83456" lon="-122.48368">
        <ele>78.5</ele>
      </trkpt>
      <trkpt lat="37.8344" lon="-122.48357">
        <ele>76.9</ele>
      </trkpt>
      <trkpt lat="37.8342" lon="-122.48339">
        <ele>76.3</ele>
      </trkpt>
      <trkpt lat="37.834" lon="-122.48315">
        <ele>76.9</ele>
      </trkpt>
      <trkpt lat="37.8338" lon="-122.48287">
        <ele>77.4</ele>
      </trkpt>
      <trkpt lat="37.83361" lon="-122.48259">
        <ele>77.4</ele>
      </trkpt>
      <trkpt lat="37.8335" lon="-122.48239">
        <ele>72.8</ele>
      </trkpt>
      <trkpt lat="37.8333" lon="-122.482">
        <ele>70.0</ele>
      </trkpt>
      <trkpt lat="37.83326" lon="-122.48187">
        <ele>69.3</ele>
      </trkpt>
      <trkpt lat="37.83324" lon="-122.48167">
        <ele>69.8</ele>
      </trkpt>
      <trkpt lat="37.83325" lon="-122.48161">
        <ele>69.8</ele>
      </trkpt>
      <trkpt lat="37.83326" lon="-122.48157">
        <ele>69.7</ele>
      </trkpt>
      <trkpt lat="37.83331" lon="-122.48151">
        <ele>68.8</ele>
      </trkpt>
      <trkpt lat="37.83334" lon="-122.48144">
        <ele>68.5</ele>
      </trkpt>
      <trkpt lat="37.83336" lon="-122.48136">
        <ele>68.4</ele>
      </trkpt>
      <trkpt lat="37.83335" lon="-122.48109">
        <ele>69.0</ele>
      </trkpt>
      <trkpt lat="37.83333" lon="-122.48087">
        <ele>68.9</ele>
      </trkpt>
      <trkpt lat="37.83333" lon="-122.48087">
        <ele>68.9</ele>
      </trkpt>
      <trkpt lat="37.8332" lon="-122.48093">
        <ele>70.8</ele>
      </trkpt>
      <trkpt lat="37.83305" lon="-122.48105">
        <ele>72.4</ele>
      </trkpt>
      <trkpt lat="37.83301" lon="-122.48107">
        <ele>72.8</ele>
      </trkpt>
      <trkpt lat="37.83295" lon="-122.48103">
        <ele>73.3</ele>
      </trkpt>
      <trkpt lat="37.83274" lon="-122.48084">
        <ele>74.3</ele>
      </trkpt>
      <trkpt lat="37.83261" lon="-122.48084">
        <ele>75.3</ele>
      </trkpt>
      <trkpt lat="37.83257" lon="-122.48081">
        <ele>75.1</ele>
      </trkpt>
      <trkpt lat="37.83249" lon="-122.48073">
        <ele>74.0</ele>
      </trkpt>
      <trkpt lat="37.83246" lon="-122.48068">
        <ele>73.9</ele>
      </trkpt>
      <trkpt lat="37.8324" lon="-122.48066">
        <ele>73.9</ele>
      </trkpt>
      <trkpt lat="37.83234" lon="-122.48061">
        <ele>73.8</ele>
      </trkpt>
      <trkpt lat="37.83205" lon="-122.48033">
        <ele>73.5</ele>
      </trkpt>
      <trkpt lat="37.83181" lon="-122.48015">
        <ele>73.3</ele>
      </trkpt>
      <trkpt lat="37.83167" lon="-122.48006">
        <ele>73.2</ele>
      </trkpt>
      <trkpt lat="37.83141" lon="-122.47993">
        <ele>73.0</ele>
      </trkpt>
      <trkpt lat="37.83102" lon="-122.47978">
        <ele>72.6</ele>
      </trkpt>
      <trkpt lat="37.83102" lon="-122.47978">
        <ele>72.6</ele>
      </trkpt>
      <trkpt lat="37.83074" lon="-122.47972">
        <ele>72.4</ele>
      </trkpt>
      <trkpt lat="37.83001" lon="-122.47963">
        <ele>71.9</ele>
      </trkpt>
      <trkpt lat="37.82928" lon="-122.47954">
        <ele>71.3</ele>
      </trkpt>
      <trkpt lat="37.82855" lon="-122.47945">
        <ele>70.7</ele>
      </trkpt>
      <trkpt lat="37.82855" lon="-122.47945">
        <ele>70.7</ele>
      </trkpt>
      <trkpt lat="37.82781" lon="-122.47936">
        <ele>70.1</ele>
      </trkpt>
      <trkpt lat="37.82707" lon="-122.47928">
        <ele>69.6</ele>
      </trkpt>
      <trkpt lat="37.82633" lon="-122.47919">
        <ele>69.0</ele>
      </trkpt>
      <trkpt lat="37.82559" lon="-122.4791">
        <ele>68.4</ele>
      </trkpt>
      <trkpt lat="37.82559" lon="-122.47906">
        <ele>68.4</ele>
      </trkpt>
      <trkpt lat="37.82558" lon="-122.47904">
        <ele>68.4</ele>
      </trkpt>
      <trkpt lat="37.82553" lon="-122.47901">
        <ele>68.3</ele>
      </trkpt>
      <trkpt lat="37.82547" lon="-122.47901">
        <ele>68.3</ele>
      </trkpt>
      <trkpt lat="37.82543" lon="-122.47904">
        <ele>68.2</ele>
      </trkpt>
      <trkpt lat="37.82543" lon="-122.47909">
        <ele>68.2</ele>
      </trkpt>
      <trkpt lat="37.82456" lon="-122.47899">
        <ele>67.5</ele>
      </trkpt>
      <trkpt lat="37.82369" lon="-122.47889">
        <ele>66.8</ele>
      </trkpt>
      <trkpt lat="37.82282" lon="-122.47878">
        <ele>66.2</ele>
      </trkpt>
      <trkpt lat="37.82195" lon="-122.47868">
        <ele>65.5</ele>
      </trkpt>
      <trkpt lat="37.82108" lon="-122.47858">
        <ele>64.8</ele>
      </trkpt>
      <trkpt lat="37.82021" lon="-122.47848">
        <ele>64.1</ele>
      </trkpt>
      <trkpt lat="37.81934" lon="-122.47838">
        <ele>63.5</ele>
      </trkpt>
      <trkpt lat="37.81847" lon="-122.47827">
        <ele>62.8</ele>
      </trkpt>
      <trkpt lat="37.81847" lon="-122.47827">
        <ele>62.8</ele>
      </trkpt>
      <trkpt lat="37.81795" lon="-122.47821">
        <ele>62.4</ele>
      </trkpt>
      <trkpt lat="37.81743" lon="-122.47815">
        <ele>62.0</ele>
      </trkpt>
      <trkpt lat="37.8166" lon="-122.47806">
        <ele>61.3</ele>
      </trkpt>
      <trkpt lat="37.81577" lon="-122.47796">
        <ele>60.7</ele>
      </trkpt>
      <trkpt lat="37.81494" lon="-122.47786">
        <ele>60.0</ele>
      </trkpt>
      <trkpt lat="37.8141" lon="-122.47776">
        <ele>59.4</ele>
      </trkpt>
      <trkpt lat="37.8141" lon="-122.47771">
        <ele>59.3</ele>
      </trkpt>
      <trkpt lat="37.81406" lon="-122.47768">
        <ele>59.3</ele>
      </trkpt>
      <trkpt lat="37.81404" lon="-122.47767">
        <ele>59.3</ele>
      </trkpt>
      <trkpt lat="37.81398" lon="-122.47768">
        <ele>59.2</ele>
      </trkpt>
      <trkpt lat="37.81395" lon="-122.47769">
        <ele>59.2</ele>
      </trkpt>
      <trkpt lat="37.81395" lon="-122.47774">
        <ele>59.2</ele>
      </trkpt>
      <trkpt lat="37.81317" lon="-122.47765">
        <ele>58.6</ele>
      </trkpt>
      <trkpt lat="37.81239" lon="-122.47756">
        <ele>58.0</ele>
      </trkpt>
      <trkpt lat="37.81161" lon="-122.47746">
        <ele>57.3</ele>
      </trkpt>
      <trkpt lat="37.81082" lon="-122.47737">
        <ele>56.7</ele>
      </trkpt>
      <trkpt lat="37.80994" lon="-122.47727">
        <ele>56.0</ele>
      </trkpt>
      <trkpt lat="37.80966" lon="-122.47724">
        <ele>55.8</ele>
      </trkpt>
      <trkpt lat="37.80945" lon="-122.47721">
        <ele>55.7</ele>
      </trkpt>
      <trkpt lat="37.80925" lon="-122.47715">
        <ele>55.5</ele>
      </trkpt>
      <trkpt lat="37.80904" lon="-122.47707">
        <ele>55.3</ele>
      </trkpt>
      <trkpt lat="37.80881" lon="-122.47694">
        <ele>55.1</ele>
      </trkpt>
      <trkpt lat="37.80859" lon="-122.4768">
        <ele>54.9</ele>
      </trkpt>
      <trkpt lat="37.80838" lon="-122.47662">
        <ele>54.7</ele>
      </trkpt>
      <trkpt lat="37.80831" lon="-122.47655">
        <ele>54.7</ele>
      </trkpt>
      <trkpt lat="37.80831" lon="-122.47655">
        <ele>54.7</ele>
      </trkpt>
      <trkpt lat="37.80817" lon="-122.47641">
        <ele>54.5</ele>
      </trkpt>
      <trkpt lat="37.80811" lon="-122.47634">
        <ele>54.5</ele>
      </trkpt>
      <trkpt lat="37.80817" lon="-122.47627">
        <ele>54.4</ele>
      </trkpt>
      <trkpt lat="37.80823" lon="-122.47622">
        <ele>54.4</ele>
      </trkpt>
      <trkpt lat="37.80827" lon="-122.47615">
        <ele>54.0</ele>
      </trkpt>
      <trkpt lat="37.80831" lon="-122.47606">
        <ele>53.5</ele>
      </trkpt>
      <trkpt lat="37.80834" lon="-122.47593">
        <ele>53.3</ele>
      </trkpt>
      <trkpt lat="37.80835" lon="-122.47591">
        <ele>52.9</ele>
      </trkpt>
      <trkpt lat="37.80839" lon="-122.47589">
        <ele>51.1</ele>
      </trkpt>
      <trkpt lat="37.80841" lon="-122.47589">
        <ele>50.3</ele>
      </trkpt>
      <trkpt lat="37.80844" lon="-122.47592">
        <ele>49.4</ele>
      </trkpt>
      <trkpt lat="37.80846" lon="-122.47597">
        <ele>49.4</ele>
      </trkpt>
      <trkpt lat="37.80846" lon="-122.476">
        <ele>49.7</ele>
      </trkpt>
      <trkpt lat="37.80838" lon="-122.47621">
        <ele>51.4</ele>
      </trkpt>
      <trkpt lat="37.80836" lon="-122.47627">
        <ele>51.3</ele>
      </trkpt>
      <trkpt lat="37.80835" lon="-122.47635">
        <ele>50.8</ele>
      </trkpt>
      <trkpt lat="37.80817" lon="-122.47665">
        <ele>50.8</ele>
      </trkpt>
      <trkpt lat="37.80811" lon="-122.47676">
        <ele>51.7</ele>
      </trkpt>
      <trkpt lat="37.80807" lon="-122.47686">
        <ele>52.6</ele>
      </trkpt>
      <trkpt lat="37.80801" lon="-122.47694">
        <ele>53.0</ele>
      </trkpt>
      <trkpt lat="37.80795" lon="-122.47698">
        <ele>53.1</ele>
      </trkpt>
      <trkpt lat="37.8079" lon="-122.47698">
        <ele>54.0</ele>
      </trkpt>
      <trkpt lat="37.80795" lon="-122.47698">
        <ele>53.1</ele>
      </trkpt>
      <trkpt lat="37.80801" lon="-122.47694">
        <ele>53.0</ele>
      </trkpt>
      <trkpt lat="37.80807" lon="-122.47686">
        <ele>52.6</ele>
      </trkpt>
      <trkpt lat="37.80811" lon="-122.47676">
        <ele>51.7</ele>
      </trkpt>
      <trkpt lat="37.80817" lon="-122.47665">
        <ele>50.8</ele>
      </trkpt>
      <trkpt lat="37.80835" lon="-122.47635">
        <ele>50.8</ele>
      </trkpt>
      <trkpt lat="37.80836" lon="-122.47627">
        <ele>51.3</ele>
      </trkpt>
      <trkpt lat="37.80838" lon="-122.47621">
        <ele>51.4</ele>
      </trkpt>
      <trkpt lat="37.80846" lon="-122.476">
        <ele>49.7</ele>
      </trkpt>
      <trkpt lat="37.80846" lon="-122.47597">
        <ele>49.4</ele>
      </trkpt>
      <trkpt lat="37.80844" lon="-122.47592">
        <ele>49.4</ele>
      </trkpt>
      <trkpt lat="37.80841" lon="-122.47589">
        <ele>50.3</ele>
      </trkpt>
      <trkpt lat="37.80839" lon="-122.47589">
        <ele>51.1</ele>
      </trkpt>
      <trkpt lat="37.80835" lon="-122.47591">
        <ele>52.9</ele>
      </trkpt>
      <trkpt lat="37.80834" lon="-122.47593">
        <ele>53.3</ele>
      </trkpt>
      <trkpt lat="37.80831" lon="-122.47606">
        <ele>53.5</ele>
      </trkpt>
      <trkpt lat="37.80827" lon="-122.47615">
        <ele>54.0</ele>
      </trkpt>
      <trkpt lat="37.80823" lon="-122.47622">
        <ele>54.4</ele>
      </trkpt>
      <trkpt lat="37.80817" lon="-122.47627">
        <ele>54.7</ele>
      </trkpt>
      <trkpt lat="37.80811" lon="-122.47634">
        <ele>54.8</ele>
      </trkpt>
      <trkpt lat="37.80802" lon="-122.47623">
        <ele>56.1</ele>
      </trkpt>
      <trkpt lat="37.80789" lon="-122.476">
        <ele>57.1</ele>
      </trkpt>
      <trkpt lat="37.80787" lon="-122.47593">
        <ele>56.8</ele>
      </trkpt>
      <trkpt lat="37.80786" lon="-122.47591">
        <ele>56.7</ele>
      </trkpt>
      <trkpt lat="37.80784" lon="-122.47588">
        <ele>56.4</ele>
      </trkpt>
      <trkpt lat="37.8079" lon="-122.47575">
        <ele>55.0</ele>
      </trkpt>
      <trkpt lat="37.80791" lon="-122.47569">
        <ele>54.5</ele>
      </trkpt>
      <trkpt lat="37.80791" lon="-122.47566">
        <ele>54.2</ele>
      </trkpt>
      <trkpt lat="37.80788" lon="-122.47559">
        <ele>53.7</ele>
      </trkpt>
      <trkpt lat="37.80778" lon="-122.47547">
        <ele>53.9</ele>
      </trkpt>
      <trkpt lat="37.8077" lon="-122.47534">
        <ele>53.6</ele>
      </trkpt>
      <trkpt lat="37.80765" lon="-122.47524">
        <ele>53.2</ele>
      </trkpt>
      <trkpt lat="37.80762" lon="-122.47517">
        <ele>53.0</ele>
      </trkpt>
      <trkpt lat="37.80752" lon="-122.47505">
        <ele>53.6</ele>
      </trkpt>
      <trkpt lat="37.80749" lon="-122.47502">
        <ele>53.8</ele>
      </trkpt>
      <trkpt lat="37.80741" lon="-122.47514">
        <ele>54.4</ele>
      </trkpt>
      <trkpt lat="37.8071" lon="-122.47562">
        <ele>56.7</ele>
      </trkpt>
      <trkpt lat="37.8069" lon="-122.47585">
        <ele>58.0</ele>
      </trkpt>
      <trkpt lat="37.80685" lon="-122.47589">
        <ele>58.3</ele>
      </trkpt>
      <trkpt lat="37.8068" lon="-122.47592">
        <ele>58.6</ele>
      </trkpt>
      <trkpt lat="37.8068" lon="-122.47592">
        <ele>58.6</ele>
      </trkpt>
      <trkpt lat="37.80634" lon="-122.47542">
        <ele>58.5</ele>
      </trkpt>
      <trkpt lat="37.80634" lon="-122.47542">
        <ele>58.5</ele>
      </trkpt>
      <trkpt lat="37.8061" lon="-122.47575">
        <ele>60.0</ele>
      </trkpt>
      <trkpt lat="37.80605" lon="-122.47579">
        <ele>60.0</ele>
      </trkpt>
      <trkpt lat="37.806" lon="-122.47582">
        <ele>60.2</ele>
      </trkpt>
      <trkpt lat="37.80593" lon="-122.47584">
        <ele>60.9</ele>
      </trkpt>
      <trkpt lat="37.80575" lon="-122.47587">
        <ele>62.0</ele>
      </trkpt>
      <trkpt lat="37.80565" lon="-122.47591">
        <ele>62.1</ele>
      </trkpt>
      <trkpt lat="37.80553" lon="-122.47598">
        <ele>62.6</ele>
      </trkpt>
      <trkpt lat="37.80512" lon="-122.47627">
        <ele>64.4</ele>
      </trkpt>
      <trkpt lat="37.80502" lon="-122.4763">
        <ele>64.9</ele>
      </trkpt>
      <trkpt lat="37.80491" lon="-122.47631">
        <ele>65.7</ele>
      </trkpt>
      <trkpt lat="37.80485" lon="-122.4763">
        <ele>66.2</ele>
      </trkpt>
      <trkpt lat="37.80476" lon="-122.47627">
        <ele>66.9</ele>
      </trkpt>
      <trkpt lat="37.80465" lon="-122.47622">
        <ele>67.7</ele>
      </trkpt>
      <trkpt lat="37.8046" lon="-122.47618">
        <ele>68.0</ele>
      </trkpt>
      <trkpt lat="37.80451" lon="-122.47608">
        <ele>68.4</ele>
      </trkpt>
      <trkpt lat="37.80445" lon="-122.47597">
        <ele>68.7</ele>
      </trkpt>
      <trkpt lat="37.80442" lon="-122.47586">
        <ele>68.6</ele>
      </trkpt>
      <trkpt lat="37.80442" lon="-122.47578">
        <ele>68.3</ele>
      </trkpt>
      <trkpt lat="37.80442" lon="-122.47578">
        <ele>68.3</ele>
      </trkpt>
      <trkpt lat="37.80442" lon="-122.47565">
        <ele>67.8</ele>
      </trkpt>
      <trkpt lat="37.80411" lon="-122.47566">
        <ele>68.9</ele>
      </trkpt>
      <trkpt lat="37.8039" lon="-122.4757">
        <ele>70.7</ele>
      </trkpt>
      <trkpt lat="37.80373" lon="-122.47576">
        <ele>72.7</ele>
      </trkpt>
      <trkpt lat="37.80363" lon="-122.47581">
        <ele>73.9</ele>
      </trkpt>
      <trkpt lat="37.80311" lon="-122.47614">
        <ele>76.4</ele>
      </trkpt>
      <trkpt lat="37.80311" lon="-122.47614">
        <ele>76.4</ele>
      </trkpt>
      <trkpt lat="37.80255" lon="-122.4765">
        <ele>80.0</ele>
      </trkpt>
      <trkpt lat="37.80226" lon="-122.4767">
        <ele>82.5</ele>
      </trkpt>
      <trkpt lat="37.80213" lon="-122.47683">
        <ele>82.7</ele>
      </trkpt>
      <trkpt lat="37.80188" lon="-122.47713">
        <ele>83.6</ele>
      </trkpt>
      <trkpt lat="37.80177" lon="-122.47724">
        <ele>84.4</ele>
      </trkpt>
      <trkpt lat="37.80164" lon="-122.47733">
        <ele>85.7</ele>
      </trkpt>
      <trkpt lat="37.80149" lon="-122.47742">
        <ele>86.6</ele>
      </trkpt>
      <trkpt lat="37.80109" lon="-122.47759">
        <ele>86.6</ele>
      </trkpt>
      <trkpt lat="37.80089" lon="-122.4777">
        <ele>86.7</ele>
      </trkpt>
      <trkpt lat="37.80075" lon="-122.4778">
        <ele>86.9</ele>
      </trkpt>
      <trkpt lat="37.80039" lon="-122.4781">
        <ele>86.7</ele>
      </trkpt>
      <trkpt lat="37.80032" lon="-122.47816">
        <ele>86.6</ele>
      </trkpt>
      <trkpt lat="37.80019" lon="-122.47823">
        <ele>86.7</ele>
      </trkpt>
      <trkpt lat="37.80008" lon="-122.47827">
        <ele>86.8</ele>
      </trkpt>
      <trkpt lat="37.79998" lon="-122.47829">
        <ele>86.8</ele>
      </trkpt>
      <trkpt lat="37.79974" lon="-122.4783">
        <ele>86.7</ele>
      </trkpt>
      <trkpt lat="37.79963" lon="-122.47832">
        <ele>86.5</ele>
      </trkpt>
      <trkpt lat="37.79946" lon="-122.47837">
        <ele>85.0</ele>
      </trkpt>
      <trkpt lat="37.79932" lon="-122.47842">
        <ele>82.5</ele>
      </trkpt>
      <trkpt lat="37.79881" lon="-122.47868">
        <ele>79.9</ele>
      </trkpt>
      <trkpt lat="37.79831" lon="-122.47892">
        <ele>78.5</ele>
      </trkpt>
      <trkpt lat="37.79821" lon="-122.47894">
        <ele>77.6</ele>
      </trkpt>
      <trkpt lat="37.79815" lon="-122.47892">
        <ele>76.9</ele>
      </trkpt>
      <trkpt lat="37.79777" lon="-122.47878">
        <ele>72.8</ele>
      </trkpt>
      <trkpt lat="37.79746" lon="-122.47862">
        <ele>70.7</ele>
      </trkpt>
      <trkpt lat="37.79738" lon="-122.47861">
        <ele>68.9</ele>
      </trkpt>
      <trkpt lat="37.79731" lon="-122.47861">
        <ele>67.7</ele>
      </trkpt>
      <trkpt lat="37.79721" lon="-122.47865">
        <ele>66.4</ele>
      </trkpt>
      <trkpt lat="37.79713" lon="-122.47873">
        <ele>64.6</ele>
      </trkpt>
      <trkpt lat="37.79691" lon="-122.47916">
        <ele>63.8</ele>
      </trkpt>
      <trkpt lat="37.79685" lon="-122.47925">
        <ele>63.8</ele>
      </trkpt>
      <trkpt lat="37.79676" lon="-122.47932">
        <ele>63.4</ele>
      </trkpt>
      <trkpt lat="37.7965" lon="-122.47946">
        <ele>60.4</ele>
      </trkpt>
      <trkpt lat="37.79619" lon="-122.4796">
        <ele>56.9</ele>
      </trkpt>
      <trkpt lat="37.79587" lon="-122.47969">
        <ele>54.6</ele>
      </trkpt>
      <trkpt lat="37.7958" lon="-122.47971">
        <ele>53.5</ele>
      </trkpt>
      <trkpt lat="37.79574" lon="-122.47974">
        <ele>52.0</ele>
      </trkpt>
      <trkpt lat="37.79567" lon="-122.47983">
        <ele>49.6</ele>
      </trkpt>
      <trkpt lat="37.79542" lon="-122.48027">
        <ele>42.9</ele>
      </trkpt>
      <trkpt lat="37.79536" lon="-122.48037">
        <ele>42.5</ele>
      </trkpt>
      <trkpt lat="37.79529" lon="-122.48044">
        <ele>42.1</ele>
      </trkpt>
      <trkpt lat="37.7952" lon="-122.48049">
        <ele>41.6</ele>
      </trkpt>
      <trkpt lat="37.7951" lon="-122.48051">
        <ele>41.2</ele>
      </trkpt>
      <trkpt lat="37.79494" lon="-122.48051">
        <ele>39.1</ele>
      </trkpt>
      <trkpt lat="37.79419" lon="-122.4804">
        <ele>36.0</ele>
      </trkpt>
      <trkpt lat="37.794" lon="-122.48042">
        <ele>36.2</ele>
      </trkpt>
      <trkpt lat="37.79387" lon="-122.48046">
        <ele>36.2</ele>
      </trkpt>
      <trkpt lat="37.79374" lon="-122.48051">
        <ele>36.3</ele>
      </trkpt>
      <trkpt lat="37.7932" lon="-122.48083">
        <ele>35.6</ele>
      </trkpt>
      <trkpt lat="37.79303" lon="-122.4809">
        <ele>34.9</ele>
      </trkpt>
      <trkpt lat="37.79284" lon="-122.48094">
        <ele>33.2</ele>
      </trkpt>
      <trkpt lat="37.79235" lon="-122.48101">
        <ele>29.6</ele>
      </trkpt>
      <trkpt lat="37.79216" lon="-122.48106">
        <ele>29.8</ele>
      </trkpt>
      <trkpt lat="37.79147" lon="-122.48129">
        <ele>31.0</ele>
      </trkpt>
      <trkpt lat="37.79079" lon="-122.48153">
        <ele>27.2</ele>
      </trkpt>
      <trkpt lat="37.7901" lon="-122.48176">
        <ele>23.8</ele>
      </trkpt>
      <trkpt lat="37.78941" lon="-122.48199">
        <ele>23.4</ele>
      </trkpt>
      <trkpt lat="37.78904" lon="-122.48212">
        <ele>23.4</ele>
      </trkpt>
      <trkpt lat="37.78889" lon="-122.4822">
        <ele>22.7</ele>
      </trkpt>
      <trkpt lat="37.78875" lon="-122.48228">
        <ele>21.8</ele>
      </trkpt>
      <trkpt lat="37.78867" lon="-122.48234">
        <ele>21.5</ele>
      </trkpt>
      <trkpt lat="37.78857" lon="-122.48242">
        <ele>21.3</ele>
      </trkpt>
      <trkpt lat="37.78833" lon="-122.48264">
        <ele>20.6</ele>
      </trkpt>
      <trkpt lat="37.78815" lon="-122.48288">
        <ele>19.8</ele>
      </trkpt>
      <trkpt lat="37.78799" lon="-122.48315">
        <ele>22.0</ele>
      </trkpt>
      <trkpt lat="37.78786" lon="-122.48344">
        <ele>24.3</ele>
      </trkpt>
      <trkpt lat="37.78778" lon="-122.48366">
        <ele>25.2</ele>
      </trkpt>
      <trkpt lat="37.78771" lon="-122.48398">
        <ele>24.9</ele>
      </trkpt>
      <trkpt lat="37.78766" lon="-122.48433">
        <ele>25.7</ele>
      </trkpt>
      <trkpt lat="37.78762" lon="-122.4853">
        <ele>31.7</ele>
      </trkpt>
      <trkpt lat="37.78759" lon="-122.48597">
        <ele>32.8</ele>
      </trkpt>
      <trkpt lat="37.78755" lon="-122.48664">
        <ele>33.6</ele>
      </trkpt>
      <trkpt lat="37.78755" lon="-122.48664">
        <ele>33.6</ele>
      </trkpt>
      <trkpt lat="37.78753" lon="-122.48723">
        <ele>35.4</ele>
      </trkpt>
      <trkpt lat="37.7875" lon="-122.48782">
        <ele>38.4</ele>
      </trkpt>
      <trkpt lat="37.78751" lon="-122.488">
        <ele>39.6</ele>
      </trkpt>
      <trkpt lat="37.78755" lon="-122.48818">
        <ele>40.6</ele>
      </trkpt>
      <trkpt lat="37.78766" lon="-122.48852">
        <ele>40.6</ele>
      </trkpt>
      <trkpt lat="37.78768" lon="-122.48868">
        <ele>40.5</ele>
      </trkpt>
      <trkpt lat="37.78768" lon="-122.48886">
        <ele>40.5</ele>
      </trkpt>
      <trkpt lat="37.78768" lon="-122.48896">
        <ele>40.4</ele>
      </trkpt>
      <trkpt lat="37.78764" lon="-122.48916">
        <ele>40.0</ele>
      </trkpt>
      <trkpt lat="37.78759" lon="-122.48935">
        <ele>39.2</ele>
      </trkpt>
      <trkpt lat="37.78754" lon="-122.4895">
        <ele>38.0</ele>
      </trkpt>
      <trkpt lat="37.78749" lon="-122.48958">
        <ele>37.4</ele>
      </trkpt>
      <trkpt lat="37.78746" lon="-122.48961">
        <ele>37.3</ele>
      </trkpt>
      <trkpt lat="37.78745" lon="-122.48966">
        <ele>37.1</ele>
      </trkpt>
      <trkpt lat="37.78744" lon="-122.48969">
        <ele>36.9</ele>
      </trkpt>
      <trkpt lat="37.78738" lon="-122.48975">
        <ele>37.0</ele>
      </trkpt>
      <trkpt lat="37.78734" lon="-122.48976">
        <ele>37.4</ele>
      </trkpt>
      <trkpt lat="37.78713" lon="-122.48977">
        <ele>39.8</ele>
      </trkpt>
      <trkpt lat="37.78699" lon="-122.4898">
        <ele>40.7</ele>
      </trkpt>
      <trkpt lat="37.78688" lon="-122.48985">
        <ele>41.1</ele>
      </trkpt>
      <trkpt lat="37.78678" lon="-122.48991">
        <ele>41.6</ele>
      </trkpt>
      <trkpt lat="37.78668" lon="-122.49">
        <ele>41.9</ele>
      </trkpt>
      <trkpt lat="37.78658" lon="-122.49012">
        <ele>41.9</ele>
      </trkpt>
      <trkpt lat="37.78648" lon="-122.49027">
        <ele>42.0</ele>
      </trkpt>
      <trkpt lat="37.78634" lon="-122.49053">
        <ele>42.4</ele>
      </trkpt>
      <trkpt lat="37.78631" lon="-122.49056">
        <ele>42.7</ele>
      </trkpt>
      <trkpt lat="37.78628" lon="-122.49059">
        <ele>43.0</ele>
      </trkpt>
      <trkpt lat="37.78624" lon="-122.49072">
        <ele>43.2</ele>
      </trkpt>
      <trkpt lat="37.78616" lon="-122.49109">
        <ele>46.3</ele>
      </trkpt>
      <trkpt lat="37.78614" lon="-122.49128">
        <ele>47.7</ele>
      </trkpt>
      <trkpt lat="37.78614" lon="-122.49136">
        <ele>48.3</ele>
      </trkpt>
      <trkpt lat="37.78616" lon="-122.49152">
        <ele>49.3</ele>
      </trkpt>
      <trkpt lat="37.78619" lon="-122.49168">
        <ele>51.1</ele>
      </trkpt>
      <trkpt lat="37.78624" lon="-122.49182">
        <ele>52.8</ele>
      </trkpt>
      <trkpt lat="37.78627" lon="-122.49189">
        <ele>53.7</ele>
      </trkpt>
      <trkpt lat="37.78661" lon="-122.49251">
        <ele>59.0</ele>
      </trkpt>
      <trkpt lat="37.78665" lon="-122.49258">
        <ele>59.0</ele>
      </trkpt>
      <trkpt lat="37.78668" lon="-122.49266">
        <ele>59.0</ele>
      </trkpt>
      <trkpt lat="37.78669" lon="-122.49274">
        <ele>59.1</ele>
      </trkpt>
      <trkpt lat="37.78669" lon="-122.4928">
        <ele>59.3</ele>
      </trkpt>
      <trkpt lat="37.78668" lon="-122.49287">
        <ele>59.7</ele>
      </trkpt>
      <trkpt lat="37.7866" lon="-122.49314">
        <ele>63.0</ele>
      </trkpt>
      <trkpt lat="37.78657" lon="-122.49322">
        <ele>63.7</ele>
      </trkpt>
      <trkpt lat="37.7865" lon="-122.49359">
        <ele>64.4</ele>
      </trkpt>
      <trkpt lat="37.78646" lon="-122.49373">
        <ele>65.1</ele>
      </trkpt>
      <trkpt lat="37.78642" lon="-122.49383">
        <ele>66.1</ele>
      </trkpt>
      <trkpt lat="37.78627" lon="-122.49404">
        <ele>68.7</ele>
      </trkpt>
      <trkpt lat="37.78627" lon="-122.49404">
        <ele>68.7</ele>
      </trkpt>
      <trkpt lat="37.78609" lon="-122.49428">
        <ele>71.1</ele>
      </trkpt>
      <trkpt lat="37.78601" lon="-122.49442">
        <ele>72.1</ele>
      </trkpt>
      <trkpt lat="37.78591" lon="-122.49459">
        <ele>73.2</ele>
      </trkpt>
      <trkpt lat="37.78586" lon="-122.49473">
        <ele>73.7</ele>
      </trkpt>
      <trkpt lat="37.78583" lon="-122.49489">
        <ele>73.9</ele>
      </trkpt>
      <trkpt lat="37.7858" lon="-122.49515">
        <ele>74.2</ele>
      </trkpt>
      <trkpt lat="37.78577" lon="-122.4955">
        <ele>75.5</ele>
      </trkpt>
      <trkpt lat="37.78576" lon="-122.49577">
        <ele>78.8</ele>
      </trkpt>
      <trkpt lat="37.78577" lon="-122.49606">
        <ele>80.9</ele>
      </trkpt>
      <trkpt lat="37.78579" lon="-122.49623">
        <ele>81.6</ele>
      </trkpt>
      <trkpt lat="37.78583" lon="-122.49647">
        <ele>82.2</ele>
      </trkpt>
      <trkpt lat="37.78593" lon="-122.49681">
        <ele>83.9</ele>
      </trkpt>
      <trkpt lat="37.78611" lon="-122.49739">
        <ele>88.1</ele>
      </trkpt>
      <trkpt lat="37.7863" lon="-122.49796">
        <ele>94.0</ele>
      </trkpt>
      <trkpt lat="37.78636" lon="-122.49822">
        <ele>94.6</ele>
      </trkpt>
      <trkpt lat="37.78639" lon="-122.49849">
        <ele>95.7</ele>
      </trkpt>
      <trkpt lat="37.7864" lon="-122.49877">
        <ele>96.6</ele>
      </trkpt>
      <trkpt lat="37.78639" lon="-122.49905">
        <ele>97.3</ele>
      </trkpt>
      <trkpt lat="37.78638" lon="-122.49915">
        <ele>97.9</ele>
      </trkpt>
      <trkpt lat="37.78635" lon="-122.49929">
        <ele>99.2</ele>
      </trkpt>
      <trkpt lat="37.78631" lon="-122.49942">
        <ele>100.8</ele>
      </trkpt>
      <trkpt lat="37.78625" lon="-122.49954">
        <ele>102.1</ele>
      </trkpt>
      <trkpt lat="37.78613" lon="-122.49972">
        <ele>103.0</ele>
      </trkpt>
      <trkpt lat="37.78583" lon="-122.50011">
        <ele>106.9</ele>
      </trkpt>
      <trkpt lat="37.78568" lon="-122.50035">
        <ele>110.2</ele>
      </trkpt>
      <trkpt lat="37.78519" lon="-122.49982">
        <ele>112.6</ele>
      </trkpt>
      <trkpt lat="37.78513" lon="-122.49989">
        <ele>113.0</ele>
      </trkpt>
      <trkpt lat="37.78513" lon="-122.49989">
        <ele>113.0</ele>
      </trkpt>
      <trkpt lat="37.78519" lon="-122.49982">
        <ele>112.6</ele>
      </trkpt>
      <trkpt lat="37.78501" lon="-122.49963">
        <ele>112.1</ele>
      </trkpt>
      <trkpt lat="37.78492" lon="-122.49956">
        <ele>110.9</ele>
      </trkpt>
      <trkpt lat="37.7846" lon="-122.4994">
        <ele>108.6</ele>
      </trkpt>
      <trkpt lat="37.78438" lon="-122.49925">
        <ele>106.3</ele>
      </trkpt>
      <trkpt lat="37.78421" lon="-122.4991">
        <ele>104.1</ele>
      </trkpt>
      <trkpt lat="37.78395" lon="-122.49881">
        <ele>101.2</ele>
      </trkpt>
      <trkpt lat="37.78376" lon="-122.49856">
        <ele>99.6</ele>
      </trkpt>
      <trkpt lat="37.78367" lon="-122.49843">
        <ele>98.6</ele>
      </trkpt>
      <trkpt lat="37.78344" lon="-122.49802">
        <ele>96.6</ele>
      </trkpt>
      <trkpt lat="37.78328" lon="-122.49766">
        <ele>92.5</ele>
      </trkpt>
      <trkpt lat="37.78323" lon="-122.4975">
        <ele>91.5</ele>
      </trkpt>
      <trkpt lat="37.78316" lon="-122.49729">
        <ele>90.6</ele>
      </trkpt>
      <trkpt lat="37.78301" lon="-122.49666">
        <ele>87.2</ele>
      </trkpt>
      <trkpt lat="37.78278" lon="-122.49593">
        <ele>81.8</ele>
      </trkpt>
      <trkpt lat="37.78269" lon="-122.4957">
        <ele>79.8</ele>
      </trkpt>
      <trkpt lat="37.78261" lon="-122.49552">
        <ele>78.8</ele>
      </trkpt>
      <trkpt lat="37.7825" lon="-122.49532">
        <ele>78.2</ele>
      </trkpt>
      <trkpt lat="37.78238" lon="-122.49511">
        <ele>77.7</ele>
      </trkpt>
      <trkpt lat="37.78224" lon="-122.49491">
        <ele>76.9</ele>
      </trkpt>
      <trkpt lat="37.78206" lon="-122.4947">
        <ele>75.2</ele>
      </trkpt>
      <trkpt lat="37.78197" lon="-122.49461">
        <ele>74.7</ele>
      </trkpt>
      <trkpt lat="37.78193" lon="-122.49459">
        <ele>74.6</ele>
      </trkpt>
      <trkpt lat="37.78183" lon="-122.49456">
        <ele>74.4</ele>
      </trkpt>
      <trkpt lat="37.78158" lon="-122.49453">
        <ele>74.5</ele>
      </trkpt>
      <trkpt lat="37.78158" lon="-122.49453">
        <ele>74.5</ele>
      </trkpt>
      <trkpt lat="37.78154" lon="-122.4956">
        <ele>80.8</ele>
      </trkpt>
      <trkpt lat="37.78149" lon="-122.49668">
        <ele>88.5</ele>
      </trkpt>
      <trkpt lat="37.78144" lon="-122.49775">
        <ele>95.5</ele>
      </trkpt>
      <trkpt lat="37.78139" lon="-122.49882">
        <ele>98.8</ele>
      </trkpt>
      <trkpt lat="37.78134" lon="-122.49989">
        <ele>102.4</ele>
      </trkpt>
      <trkpt lat="37.78129" lon="-122.50096">
        <ele>100.8</ele>
      </trkpt>
      <trkpt lat="37.78126" lon="-122.50131">
        <ele>100.8</ele>
      </trkpt>
      <trkpt lat="37.78122" lon="-122.50221">
        <ele>102.8</ele>
      </trkpt>
      <trkpt lat="37.78118" lon="-122.5031">
        <ele>99.4</ele>
      </trkpt>
      <trkpt lat="37.78113" lon="-122.50412">
        <ele>96.4</ele>
      </trkpt>
      <trkpt lat="37.78109" lon="-122.50514">
        <ele>91.4</ele>
      </trkpt>
      <trkpt lat="37.78104" lon="-122.50616">
        <ele>86.4</ele>
      </trkpt>
      <trkpt lat="37.78103" lon="-122.50622">
        <ele>86.3</ele>
      </trkpt>
      <trkpt lat="37.78101" lon="-122.50632">
        <ele>86.3</ele>
      </trkpt>
      <trkpt lat="37.78045" lon="-122.50628">
        <ele>82.3</ele>
      </trkpt>
      <trkpt lat="37.7799" lon="-122.50624">
        <ele>78.5</ele>
      </trkpt>
      <trkpt lat="37.7799" lon="-122.50624">
        <ele>78.5</ele>
      </trkpt>
      <trkpt lat="37.77999" lon="-122.50732">
        <ele>75.0</ele>
      </trkpt>
      <trkpt lat="37.78001" lon="-122.50735">
        <ele>74.9</ele>
      </trkpt>
      <trkpt lat="37.78002" lon="-122.5074">
        <ele>74.5</ele>
      </trkpt>
      <trkpt lat="37.77996" lon="-122.50839">
        <ele>68.7</ele>
      </trkpt>
      <trkpt lat="37.77995" lon="-122.50871">
        <ele>65.9</ele>
      </trkpt>
      <trkpt lat="37.77991" lon="-122.50936">
        <ele>60.3</ele>
      </trkpt>
      <trkpt lat="37.77989" lon="-122.50941">
        <ele>60.1</ele>
      </trkpt>
      <trkpt lat="37.77987" lon="-122.50946">
        <ele>59.9</ele>
      </trkpt>
      <trkpt lat="37.77982" lon="-122.51019">
        <ele>55.2</ele>
      </trkpt>
      <trkpt lat="37.77986" lon="-122.51019">
        <ele>55.3</ele>
      </trkpt>
      <trkpt lat="37.77985" lon="-122.51031">
        <ele>54.5</ele>
      </trkpt>
      <trkpt lat="37.77985" lon="-122.51036">
        <ele>54.1</ele>
      </trkpt>
      <trkpt lat="37.77984" lon="-122.5105">
        <ele>52.9</ele>
      </trkpt>
      <trkpt lat="37.77984" lon="-122.51052">
        <ele>52.7</ele>
      </trkpt>
      <trkpt lat="37.77983" lon="-122.51057">
        <ele>52.2</ele>
      </trkpt>
      <trkpt lat="37.77982" lon="-122.51062">
        <ele>51.7</ele>
      </trkpt>
      <trkpt lat="37.77981" lon="-122.51069">
        <ele>50.9</ele>
      </trkpt>
      <trkpt lat="37.7798" lon="-122.51074">
        <ele>50.4</ele>
      </trkpt>
      <trkpt lat="37.77979" lon="-122.51078">
        <ele>50.0</ele>
      </trkpt>
      <trkpt lat="37.77978" lon="-122.51082">
        <ele>49.6</ele>
      </trkpt>
      <trkpt lat="37.77977" lon="-122.51086">
        <ele>49.2</ele>
      </trkpt>
      <trkpt lat="37.77976" lon="-122.5109">
        <ele>48.7</ele>
      </trkpt>
      <trkpt lat="37.77975" lon="-122.51093">
        <ele>48.4</ele>
      </trkpt>
      <trkpt lat="37.77974" lon="-122.51095">
        <ele>48.1</ele>
      </trkpt>
      <trkpt lat="37.77973" lon="-122.51098">
        <ele>47.8</ele>
      </trkpt>
      <trkpt lat="37.77971" lon="-122.51101">
        <ele>47.4</ele>
      </trkpt>
      <trkpt lat="37.77968" lon="-122.51108">
        <ele>46.7</ele>
      </trkpt>
      <trkpt lat="37.77965" lon="-122.51115">
        <ele>46.0</ele>
      </trkpt>
      <trkpt lat="37.77955" lon="-122.51134">
        <ele>43.8</ele>
      </trkpt>
      <trkpt lat="37.77953" lon="-122.51138">
        <ele>43.2</ele>
      </trkpt>
      <trkpt lat="37.77939" lon="-122.51163">
        <ele>39.7</ele>
      </trkpt>
      <trkpt lat="37.77933" lon="-122.51176">
        <ele>38.7</ele>
      </trkpt>
      <trkpt lat="37.7793" lon="-122.5118">
        <ele>38.6</ele>
      </trkpt>
      <trkpt lat="37.77926" lon="-122.51189">
        <ele>38.2</ele>
      </trkpt>
      <trkpt lat="37.77922" lon="-122.51199">
        <ele>37.8</ele>
      </trkpt>
      <trkpt lat="37.7792" lon="-122.51205">
        <ele>37.7</ele>
      </trkpt>
      <trkpt lat="37.77917" lon="-122.51213">
        <ele>37.7</ele>
      </trkpt>
      <trkpt lat="37.77916" lon="-122.51216">
        <ele>37.5</ele>
      </trkpt>
      <trkpt lat="37.77915" lon="-122.51221">
        <ele>37.1</ele>
      </trkpt>
      <trkpt lat="37.77914" lon="-122.51225">
        <ele>36.6</ele>
      </trkpt>
      <trkpt lat="37.77913" lon="-122.51231">
        <ele>35.7</ele>
      </trkpt>
      <trkpt lat="37.77911" lon="-122.51241">
        <ele>34.3</ele>
      </trkpt>
      <trkpt lat="37.77911" lon="-122.51254">
        <ele>32.8</ele>
      </trkpt>
      <trkpt lat="37.77911" lon="-122.51264">
        <ele>32.0</ele>
      </trkpt>
      <trkpt lat="37.77911" lon="-122.51283">
        <ele>30.8</ele>
      </trkpt>
      <trkpt lat="37.77911" lon="-122.51291">
        <ele>30.4</ele>
      </trkpt>
      <trkpt lat="37.7791" lon="-122.51304">
        <ele>30.1</ele>
      </trkpt>
      <trkpt lat="37.77908" lon="-122.5132">
        <ele>29.7</ele>
      </trkpt>
      <trkpt lat="37.77907" lon="-122.51329">
        <ele>29.4</ele>
      </trkpt>
      <trkpt lat="37.77905" lon="-122.51338">
        <ele>29.0</ele>
      </trkpt>
      <trkpt lat="37.77904" lon="-122.51345">
        <ele>28.6</ele>
      </trkpt>
      <trkpt lat="37.77903" lon="-122.51348">
        <ele>28.5</ele>
      </trkpt>
      <trkpt lat="37.779" lon="-122.51353">
        <ele>28.6</ele>
      </trkpt>
      <trkpt lat="37.77898" lon="-122.51357">
        <ele>28.6</ele>
      </trkpt>
      <trkpt lat="37.77896" lon="-122.5136">
        <ele>28.5</ele>
      </trkpt>
      <trkpt lat="37.77895" lon="-122.51362">
        <ele>28.4</ele>
      </trkpt>
      <trkpt lat="37.77894" lon="-122.51364">
        <ele>28.2</ele>
      </trkpt>
      <trkpt lat="37.77892" lon="-122.51365">
        <ele>28.2</ele>
      </trkpt>
      <trkpt lat="37.77889" lon="-122.51367">
        <ele>28.1</ele>
      </trkpt>
      <trkpt lat="37.77886" lon="-122.5137">
        <ele>27.9</ele>
      </trkpt>
      <trkpt lat="37.77884" lon="-122.51372">
        <ele>27.8</ele>
      </trkpt>
      <trkpt lat="37.7788" lon="-122.51373">
        <ele>27.8</ele>
      </trkpt>
      <trkpt lat="37.77877" lon="-122.51374">
        <ele>27.6</ele>
      </trkpt>
      <trkpt lat="37.77874" lon="-122.51375">
        <ele>27.4</ele>
      </trkpt>
      <trkpt lat="37.77871" lon="-122.51375">
        <ele>27.2</ele>
      </trkpt>
      <trkpt lat="37.77869" lon="-122.51375">
        <ele>27.0</ele>
      </trkpt>
      <trkpt lat="37.77867" lon="-122.51375">
        <ele>26.7</ele>
      </trkpt>
      <trkpt lat="37.77863" lon="-122.51375">
        <ele>26.1</ele>
      </trkpt>
      <trkpt lat="37.7785" lon="-122.51369">
        <ele>23.7</ele>
      </trkpt>
      <trkpt lat="37.77844" lon="-122.5136">
        <ele>23.0</ele>
      </trkpt>
      <trkpt lat="37.77838" lon="-122.51358">
        <ele>22.1</ele>
      </trkpt>
      <trkpt lat="37.77833" lon="-122.51355">
        <ele>21.7</ele>
      </trkpt>
      <trkpt lat="37.77827" lon="-122.51352">
        <ele>21.3</ele>
      </trkpt>
      <trkpt lat="37.77822" lon="-122.51349">
        <ele>21.0</ele>
      </trkpt>
      <trkpt lat="37.77817" lon="-122.51347">
        <ele>20.5</ele>
      </trkpt>
      <trkpt lat="37.77812" lon="-122.51344">
        <ele>20.4</ele>
      </trkpt>
      <trkpt lat="37.77807" lon="-122.51342">
        <ele>20.0</ele>
      </trkpt>
      <trkpt lat="37.77803" lon="-122.51339">
        <ele>19.8</ele>
      </trkpt>
      <trkpt lat="37.77801" lon="-122.51338">
        <ele>19.6</ele>
      </trkpt>
      <trkpt lat="37.778" lon="-122.51336">
        <ele>19.8</ele>
      </trkpt>
      <trkpt lat="37.77797" lon="-122.51334">
        <ele>19.5</ele>
      </trkpt>
      <trkpt lat="37.77795" lon="-122.51332">
        <ele>19.4</ele>
      </trkpt>
      <trkpt lat="37.77792" lon="-122.51329">
        <ele>19.1</ele>
      </trkpt>
      <trkpt lat="37.7779" lon="-122.51327">
        <ele>19.0</ele>
      </trkpt>
      <trkpt lat="37.77788" lon="-122.51325">
        <ele>18.8</ele>
      </trkpt>
      <trkpt lat="37.77787" lon="-122.51323">
        <ele>18.9</ele>
      </trkpt>
      <trkpt lat="37.77786" lon="-122.51322">
        <ele>18.8</ele>
      </trkpt>
      <trkpt lat="37.77784" lon="-122.5132">
        <ele>18.8</ele>
      </trkpt>
      <trkpt lat="37.77782" lon="-122.51317">
        <ele>18.9</ele>
      </trkpt>
      <trkpt lat="37.77782" lon="-122.51316">
        <ele>19.0</ele>
      </trkpt>
      <trkpt lat="37.7778" lon="-122.51313">
        <ele>19.1</ele>
      </trkpt>
      <trkpt lat="37.77778" lon="-122.5131">
        <ele>19.2</ele>
      </trkpt>
      <trkpt lat="37.77773" lon="-122.51302">
        <ele>19.7</ele>
      </trkpt>
      <trkpt lat="37.7777" lon="-122.51299">
        <ele>19.6</ele>
      </trkpt>
      <trkpt lat="37.77766" lon="-122.51294">
        <ele>19.8</ele>
      </trkpt>
      <trkpt lat="37.77761" lon="-122.51289">
        <ele>19.6</ele>
      </trkpt>
      <trkpt lat="37.77757" lon="-122.51286">
        <ele>19.3</ele>
      </trkpt>
      <trkpt lat="37.77753" lon="-122.51282">
        <ele>19.3</ele>
      </trkpt>
      <trkpt lat="37.7775" lon="-122.51279">
        <ele>19.3</ele>
      </trkpt>
      <trkpt lat="37.77747" lon="-122.51278">
        <ele>18.8</ele>
      </trkpt>
      <trkpt lat="37.77744" lon="-122.51275">
        <ele>18.7</ele>
      </trkpt>
      <trkpt lat="37.77739" lon="-122.51271">
        <ele>18.2</ele>
      </trkpt>
      <trkpt lat="37.77736" lon="-122.51268">
        <ele>17.7</ele>
      </trkpt>
      <trkpt lat="37.77735" lon="-122.51268">
        <ele>17.4</ele>
      </trkpt>
      <trkpt lat="37.77728" lon="-122.51262">
        <ele>14.6</ele>
      </trkpt>
      <trkpt lat="37.77725" lon="-122.51258">
        <ele>12.6</ele>
      </trkpt>
      <trkpt lat="37.7772" lon="-122.51254">
        <ele>9.2</ele>
      </trkpt>
      <trkpt lat="37.77715" lon="-122.51249">
        <ele>6.9</ele>
      </trkpt>
      <trkpt lat="37.77706" lon="-122.51238">
        <ele>7.3</ele>
      </trkpt>
      <trkpt lat="37.77702" lon="-122.51233">
        <ele>7.2</ele>
      </trkpt>
      <trkpt lat="37.77702" lon="-122.51233">
        <ele>7.2</ele>
      </trkpt>
      <trkpt lat="37.77693" lon="-122.51229">
        <ele>6.5</ele>
      </trkpt>
      <trkpt lat="37.77681" lon="-122.51223">
        <ele>6.3</ele>
      </trkpt>
      <trkpt lat="37.77667" lon="-122.51208">
        <ele>6.5</ele>
      </trkpt>
      <trkpt lat="37.77666" lon="-122.51207">
        <ele>6.6</ele>
      </trkpt>
      <trkpt lat="37.77652" lon="-122.51197">
        <ele>7.3</ele>
      </trkpt>
      <trkpt lat="37.77651" lon="-122.51197">
        <ele>7.4</ele>
      </trkpt>
      <trkpt lat="37.77637" lon="-122.51193">
        <ele>8.0</ele>
      </trkpt>
      <trkpt lat="37.77634" lon="-122.51192">
        <ele>7.9</ele>
      </trkpt>
      <trkpt lat="37.77616" lon="-122.5119">
        <ele>7.9</ele>
      </trkpt>
      <trkpt lat="37.77586" lon="-122.51186">
        <ele>7.6</ele>
      </trkpt>
      <trkpt lat="37.77586" lon="-122.51186">
        <ele>7.6</ele>
      </trkpt>
      <trkpt lat="37.77546" lon="-122.51181">
        <ele>7.2</ele>
      </trkpt>
      <trkpt lat="37.7754" lon="-122.5118">
        <ele>7.2</ele>
      </trkpt>
      <trkpt lat="37.77505" lon="-122.51176">
        <ele>6.8</ele>
      </trkpt>
      <trkpt lat="37.77464" lon="-122.51171">
        <ele>6.6</ele>
      </trkpt>
      <trkpt lat="37.77441" lon="-122.51168">
        <ele>6.5</ele>
      </trkpt>
      <trkpt lat="37.77423" lon="-122.51166">
        <ele>6.4</ele>
      </trkpt>
      <trkpt lat="37.77418" lon="-122.51165">
        <ele>6.3</ele>
      </trkpt>
      <trkpt lat="37.774" lon="-122.51163">
        <ele>6.3</ele>
      </trkpt>
      <trkpt lat="37.77382" lon="-122.51161">
        <ele>6.6</ele>
      </trkpt>
      <trkpt lat="37.77365" lon="-122.51159">
        <ele>6.9</ele>
      </trkpt>
      <trkpt lat="37.77364" lon="-122.51159">
        <ele>6.9</ele>
      </trkpt>
      <trkpt lat="37.77348" lon="-122.51157">
        <ele>7.0</ele>
      </trkpt>
      <trkpt lat="37.77346" lon="-122.51157">
        <ele>7.0</ele>
      </trkpt>
      <trkpt lat="37.77332" lon="-122.51155">
        <ele>7.0</ele>
      </trkpt>
      <trkpt lat="37.77329" lon="-122.51155">
        <ele>6.9</ele>
      </trkpt>
      <trkpt lat="37.77311" lon="-122.51152">
        <ele>6.7</ele>
      </trkpt>
      <trkpt lat="37.77293" lon="-122.5115">
        <ele>6.4</ele>
      </trkpt>
      <trkpt lat="37.77264" lon="-122.51147">
        <ele>6.1</ele>
      </trkpt>
      <trkpt lat="37.77246" lon="-122.51145">
        <ele>6.3</ele>
      </trkpt>
      <trkpt lat="37.77224" lon="-122.51142">
        <ele>6.5</ele>
      </trkpt>
      <trkpt lat="37.77218" lon="-122.51142">
        <ele>6.4</ele>
      </trkpt>
      <trkpt lat="37.772" lon="-122.51139">
        <ele>6.3</ele>
      </trkpt>
      <trkpt lat="37.77182" lon="-122.51137">
        <ele>5.9</ele>
      </trkpt>
      <trkpt lat="37.77164" lon="-122.51135">
        <ele>5.3</ele>
      </trkpt>
      <trkpt lat="37.77136" lon="-122.51131">
        <ele>5.5</ele>
      </trkpt>
      <trkpt lat="37.7713" lon="-122.5113">
        <ele>5.6</ele>
      </trkpt>
      <trkpt lat="37.77112" lon="-122.51128">
        <ele>6.0</ele>
      </trkpt>
      <trkpt lat="37.77094" lon="-122.51126">
        <ele>6.3</ele>
      </trkpt>
      <trkpt lat="37.77088" lon="-122.51125">
        <ele>6.3</ele>
      </trkpt>
      <trkpt lat="37.77067" lon="-122.51123">
        <ele>6.1</ele>
      </trkpt>
      <trkpt lat="37.77062" lon="-122.51123">
        <ele>6.0</ele>
      </trkpt>
      <trkpt lat="37.77058" lon="-122.51123">
        <ele>6.1</ele>
      </trkpt>
      <trkpt lat="37.77054" lon="-122.51124">
        <ele>6.0</ele>
      </trkpt>
      <trkpt lat="37.77051" lon="-122.51125">
        <ele>5.9</ele>
      </trkpt>
      <trkpt lat="37.77041" lon="-122.51129">
        <ele>5.7</ele>
      </trkpt>
      <trkpt lat="37.77036" lon="-122.51131">
        <ele>5.6</ele>
      </trkpt>
      <trkpt lat="37.77031" lon="-122.51133">
        <ele>5.4</ele>
      </trkpt>
      <trkpt lat="37.77026" lon="-122.51133">
        <ele>5.4</ele>
      </trkpt>
      <trkpt lat="37.77022" lon="-122.51134">
        <ele>5.4</ele>
      </trkpt>
      <trkpt lat="37.77013" lon="-122.51133">
        <ele>5.6</ele>
      </trkpt>
      <trkpt lat="37.77002" lon="-122.51132">
        <ele>5.6</ele>
      </trkpt>
      <trkpt lat="37.76984" lon="-122.5113">
        <ele>5.7</ele>
      </trkpt>
      <trkpt lat="37.76971" lon="-122.51128">
        <ele>5.9</ele>
      </trkpt>
      <trkpt lat="37.76953" lon="-122.51126">
        <ele>6.1</ele>
      </trkpt>
      <trkpt lat="37.7693" lon="-122.51123">
        <ele>6.4</ele>
      </trkpt>
      <trkpt lat="37.76912" lon="-122.51121">
        <ele>6.3</ele>
      </trkpt>
      <trkpt lat="37.7691" lon="-122.51121">
        <ele>6.2</ele>
      </trkpt>
      <trkpt lat="37.76889" lon="-122.51118">
        <ele>5.6</ele>
      </trkpt>
      <trkpt lat="37.76848" lon="-122.51113">
        <ele>5.8</ele>
      </trkpt>
      <trkpt lat="37.76827" lon="-122.51111">
        <ele>6.7</ele>
      </trkpt>
      <trkpt lat="37.76809" lon="-122.51108">
        <ele>7.2</ele>
      </trkpt>
      <trkpt lat="37.76791" lon="-122.51106">
        <ele>7.3</ele>
      </trkpt>
      <trkpt lat="37.76767" lon="-122.51103">
        <ele>6.6</ele>
      </trkpt>
      <trkpt lat="37.76749" lon="-122.51101">
        <ele>6.6</ele>
      </trkpt>
      <trkpt lat="37.76725" lon="-122.51098">
        <ele>7.7</ele>
      </trkpt>
      <trkpt lat="37.76702" lon="-122.51095">
        <ele>8.8</ele>
      </trkpt>
      <trkpt lat="37.7669" lon="-122.51094">
        <ele>9.0</ele>
      </trkpt>
      <trkpt lat="37.76684" lon="-122.51093">
        <ele>9.0</ele>
      </trkpt>
      <trkpt lat="37.76671" lon="-122.51091">
        <ele>8.6</ele>
      </trkpt>
      <trkpt lat="37.76666" lon="-122.51091">
        <ele>8.5</ele>
      </trkpt>
      <trkpt lat="37.76656" lon="-122.5109">
        <ele>7.9</ele>
      </trkpt>
      <trkpt lat="37.76653" lon="-122.51089">
        <ele>7.6</ele>
      </trkpt>
      <trkpt lat="37.76644" lon="-122.51088">
        <ele>6.9</ele>
      </trkpt>
      <trkpt lat="37.76626" lon="-122.51086">
        <ele>5.7</ele>
      </trkpt>
      <trkpt lat="37.76603" lon="-122.51083">
        <ele>4.8</ele>
      </trkpt>
      <trkpt lat="37.76585" lon="-122.5108">
        <ele>4.8</ele>
      </trkpt>
      <trkpt lat="37.76581" lon="-122.5108">
        <ele>4.8</ele>
      </trkpt>
      <trkpt lat="37.76569" lon="-122.51078">
        <ele>5.1</ele>
      </trkpt>
      <trkpt lat="37.76563" lon="-122.51078">
        <ele>5.4</ele>
      </trkpt>
      <trkpt lat="37.76562" lon="-122.51078">
        <ele>5.5</ele>
      </trkpt>
      <trkpt lat="37.76545" lon="-122.51076">
        <ele>7.1</ele>
      </trkpt>
      <trkpt lat="37.76544" lon="-122.51075">
        <ele>7.2</ele>
      </trkpt>
      <trkpt lat="37.76527" lon="-122.51073">
        <ele>8.7</ele>
      </trkpt>
      <trkpt lat="37.76527" lon="-122.51073">
        <ele>8.7</ele>
      </trkpt>
      <trkpt lat="37.7652" lon="-122.51072">
        <ele>9.3</ele>
      </trkpt>
      <trkpt lat="37.76502" lon="-122.5107">
        <ele>10.4</ele>
      </trkpt>
      <trkpt lat="37.76484" lon="-122.51068">
        <ele>10.8</ele>
      </trkpt>
      <trkpt lat="37.76479" lon="-122.51067">
        <ele>10.8</ele>
      </trkpt>
      <trkpt lat="37.76466" lon="-122.51065">
        <ele>10.3</ele>
      </trkpt>
      <trkpt lat="37.76453" lon="-122.51063">
        <ele>9.3</ele>
      </trkpt>
      <trkpt lat="37.76449" lon="-122.51063">
        <ele>9.0</ele>
      </trkpt>
      <trkpt lat="37.76446" lon="-122.51063">
        <ele>8.8</ele>
      </trkpt>
      <trkpt lat="37.76431" lon="-122.51063">
        <ele>7.3</ele>
      </trkpt>
      <trkpt lat="37.76417" lon="-122.51063">
        <ele>6.2</ele>
      </trkpt>
      <trkpt lat="37.76417" lon="-122.51063">
        <ele>6.2</ele>
      </trkpt>
      <trkpt lat="37.76417" lon="-122.51057">
        <ele>6.1</ele>
      </trkpt>
      <trkpt lat="37.76416" lon="-122.51055">
        <ele>6.0</ele>
      </trkpt>
      <trkpt lat="37.76416" lon="-122.51054">
        <ele>6.0</ele>
      </trkpt>
      <trkpt lat="37.76415" lon="-122.51053">
        <ele>5.9</ele>
      </trkpt>
      <trkpt lat="37.76415" lon="-122.51052">
        <ele>5.8</ele>
      </trkpt>
      <trkpt lat="37.76414" lon="-122.51051">
        <ele>5.7</ele>
      </trkpt>
      <trkpt lat="37.76409" lon="-122.51045">
        <ele>5.0</ele>
      </trkpt>
      <trkpt lat="37.76409" lon="-122.51045">
        <ele>5.0</ele>
      </trkpt>
      <trkpt lat="37.76395" lon="-122.51045">
        <ele>4.5</ele>
      </trkpt>
      <trkpt lat="37.76388" lon="-122.51044">
        <ele>4.5</ele>
      </trkpt>
      <trkpt lat="37.76379" lon="-122.51043">
        <ele>4.6</ele>
      </trkpt>
      <trkpt lat="37.76374" lon="-122.51042">
        <ele>4.4</ele>
      </trkpt>
      <trkpt lat="37.76358" lon="-122.51039">
        <ele>4.3</ele>
      </trkpt>
      <trkpt lat="37.76342" lon="-122.51037">
        <ele>4.7</ele>
      </trkpt>
      <trkpt lat="37.76321" lon="-122.51034">
        <ele>5.1</ele>
      </trkpt>
      <trkpt lat="37.76306" lon="-122.51032">
        <ele>5.7</ele>
      </trkpt>
      <trkpt lat="37.76218" lon="-122.51021">
        <ele>5.9</ele>
      </trkpt>
      <trkpt lat="37.7621" lon="-122.5102">
        <ele>5.9</ele>
      </trkpt>
      <trkpt lat="37.76162" lon="-122.51014">
        <ele>4.3</ele>
      </trkpt>
      <trkpt lat="37.76139" lon="-122.51011">
        <ele>3.0</ele>
      </trkpt>
      <trkpt lat="37.76091" lon="-122.51004">
        <ele>2.7</ele>
      </trkpt>
      <trkpt lat="37.76058" lon="-122.51">
        <ele>2.7</ele>
      </trkpt>
      <trkpt lat="37.76026" lon="-122.50996">
        <ele>2.8</ele>
      </trkpt>
      <trkpt lat="37.76005" lon="-122.50993">
        <ele>4.0</ele>
      </trkpt>
      <trkpt lat="37.75959" lon="-122.50987">
        <ele>4.9</ele>
      </trkpt>
      <trkpt lat="37.75906" lon="-122.5098">
        <ele>2.8</ele>
      </trkpt>
      <trkpt lat="37.75851" lon="-122.50973">
        <ele>2.7</ele>
      </trkpt>
      <trkpt lat="37.75841" lon="-122.50972">
        <ele>2.7</ele>
      </trkpt>
      <trkpt lat="37.75783" lon="-122.50964">
        <ele>2.9</ele>
      </trkpt>
      <trkpt lat="37.75733" lon="-122.50958">
        <ele>2.1</ele>
      </trkpt>
      <trkpt lat="37.75717" lon="-122.50956">
        <ele>2.0</ele>
      </trkpt>
      <trkpt lat="37.75714" lon="-122.50955">
        <ele>2.0</ele>
      </trkpt>
      <trkpt lat="37.75655" lon="-122.50948">
        <ele>2.0</ele>
      </trkpt>
      <trkpt lat="37.75614" lon="-122.50942">
        <ele>2.3</ele>
      </trkpt>
      <trkpt lat="37.75551" lon="-122.50934">
        <ele>2.8</ele>
      </trkpt>
      <trkpt lat="37.75514" lon="-122.5093">
        <ele>2.6</ele>
      </trkpt>
      <trkpt lat="37.75465" lon="-122.50923">
        <ele>2.3</ele>
      </trkpt>
      <trkpt lat="37.75443" lon="-122.5092">
        <ele>2.6</ele>
      </trkpt>
      <trkpt lat="37.75401" lon="-122.50915">
        <ele>2.4</ele>
      </trkpt>
      <trkpt lat="37.75356" lon="-122.50909">
        <ele>1.9</ele>
      </trkpt>
      <trkpt lat="37.75319" lon="-122.50904">
        <ele>2.7</ele>
      </trkpt>
      <trkpt lat="37.75282" lon="-122.50899">
        <ele>3.1</ele>
      </trkpt>
      <trkpt lat="37.75253" lon="-122.50896">
        <ele>3.4</ele>
      </trkpt>
      <trkpt lat="37.75253" lon="-122.50896">
        <ele>3.4</ele>
      </trkpt>
      <trkpt lat="37.75251" lon="-122.50901">
        <ele>3.7</ele>
      </trkpt>
      <trkpt lat="37.7525" lon="-122.50902">
        <ele>3.8</ele>
      </trkpt>
      <trkpt lat="37.75249" lon="-122.50903">
        <ele>3.9</ele>
      </trkpt>
      <trkpt lat="37.75248" lon="-122.50904">
        <ele>4.0</ele>
      </trkpt>
      <trkpt lat="37.75246" lon="-122.50905">
        <ele>4.1</ele>
      </trkpt>
      <trkpt lat="37.75245" lon="-122.50905">
        <ele>4.2</ele>
      </trkpt>
      <trkpt lat="37.75243" lon="-122.50905">
        <ele>4.2</ele>
      </trkpt>
      <trkpt lat="37.7524" lon="-122.50906">
        <ele>4.4</ele>
      </trkpt>
      <trkpt lat="37.75236" lon="-122.50906">
        <ele>4.5</ele>
      </trkpt>
      <trkpt lat="37.75195" lon="-122.509">
        <ele>4.1</ele>
      </trkpt>
      <trkpt lat="37.75177" lon="-122.50898">
        <ele>4.2</ele>
      </trkpt>
      <trkpt lat="37.75156" lon="-122.50895">
        <ele>4.9</ele>
      </trkpt>
      <trkpt lat="37.75156" lon="-122.50895">
        <ele>4.9</ele>
      </trkpt>
      <trkpt lat="37.75075" lon="-122.50885">
        <ele>6.0</ele>
      </trkpt>
      <trkpt lat="37.75052" lon="-122.50882">
        <ele>5.9</ele>
      </trkpt>
      <trkpt lat="37.75034" lon="-122.50879">
        <ele>6.2</ele>
      </trkpt>
      <trkpt lat="37.75032" lon="-122.50879">
        <ele>6.2</ele>
      </trkpt>
      <trkpt lat="37.75016" lon="-122.50877">
        <ele>6.8</ele>
      </trkpt>
      <trkpt lat="37.74998" lon="-122.50875">
        <ele>7.7</ele>
      </trkpt>
      <trkpt lat="37.74981" lon="-122.50872">
        <ele>8.1</ele>
      </trkpt>
      <trkpt lat="37.74969" lon="-122.50871">
        <ele>8.0</ele>
      </trkpt>
      <trkpt lat="37.74909" lon="-122.50863">
        <ele>8.4</ele>
      </trkpt>
      <trkpt lat="37.74909" lon="-122.50863">
        <ele>8.4</ele>
      </trkpt>
      <trkpt lat="37.74894" lon="-122.50861">
        <ele>8.5</ele>
      </trkpt>
      <trkpt lat="37.74877" lon="-122.50859">
        <ele>8.4</ele>
      </trkpt>
      <trkpt lat="37.74859" lon="-122.50857">
        <ele>8.4</ele>
      </trkpt>
      <trkpt lat="37.74854" lon="-122.50856">
        <ele>8.4</ele>
      </trkpt>
      <trkpt lat="37.74841" lon="-122.50854">
        <ele>8.5</ele>
      </trkpt>
      <trkpt lat="37.74823" lon="-122.50852">
        <ele>8.5</ele>
      </trkpt>
      <trkpt lat="37.74785" lon="-122.50847">
        <ele>8.4</ele>
      </trkpt>
      <trkpt lat="37.74769" lon="-122.50845">
        <ele>8.4</ele>
      </trkpt>
      <trkpt lat="37.74752" lon="-122.50843">
        <ele>8.4</ele>
      </trkpt>
      <trkpt lat="37.74751" lon="-122.50843">
        <ele>8.4</ele>
      </trkpt>
      <trkpt lat="37.7471" lon="-122.50838">
        <ele>8.4</ele>
      </trkpt>
      <trkpt lat="37.74698" lon="-122.50836">
        <ele>8.4</ele>
      </trkpt>
      <trkpt lat="37.74662" lon="-122.50831">
        <ele>8.4</ele>
      </trkpt>
      <trkpt lat="37.7466" lon="-122.50831">
        <ele>8.4</ele>
      </trkpt>
      <trkpt lat="37.74626" lon="-122.50827">
        <ele>8.4</ele>
      </trkpt>
      <trkpt lat="37.74608" lon="-122.50824">
        <ele>8.4</ele>
      </trkpt>
      <trkpt lat="37.7459" lon="-122.50822">
        <ele>8.4</ele>
      </trkpt>
      <trkpt lat="37.74573" lon="-122.5082">
        <ele>8.4</ele>
      </trkpt>
      <trkpt lat="37.74572" lon="-122.5082">
        <ele>8.4</ele>
      </trkpt>
      <trkpt lat="37.74555" lon="-122.50818">
        <ele>8.4</ele>
      </trkpt>
      <trkpt lat="37.74537" lon="-122.50815">
        <ele>8.4</ele>
      </trkpt>
      <trkpt lat="37.74519" lon="-122.50812">
        <ele>8.4</ele>
      </trkpt>
      <trkpt lat="37.74511" lon="-122.50811">
        <ele>8.4</ele>
      </trkpt>
      <trkpt lat="37.74501" lon="-122.5081">
        <ele>8.4</ele>
      </trkpt>
      <trkpt lat="37.74483" lon="-122.50808">
        <ele>8.4</ele>
      </trkpt>
      <trkpt lat="37.74475" lon="-122.50807">
        <ele>8.4</ele>
      </trkpt>
      <trkpt lat="37.74465" lon="-122.50806">
        <ele>8.4</ele>
      </trkpt>
      <trkpt lat="37.74465" lon="-122.50805">
        <ele>8.4</ele>
      </trkpt>
      <trkpt lat="37.74463" lon="-122.50805">
        <ele>8.4</ele>
      </trkpt>
      <trkpt lat="37.74447" lon="-122.50804">
        <ele>8.4</ele>
      </trkpt>
      <trkpt lat="37.74443" lon="-122.50803">
        <ele>8.4</ele>
      </trkpt>
      <trkpt lat="37.74429" lon="-122.50802">
        <ele>8.4</ele>
      </trkpt>
      <trkpt lat="37.74426" lon="-122.50801">
        <ele>8.4</ele>
      </trkpt>
      <trkpt lat="37.74412" lon="-122.50799">
        <ele>8.4</ele>
      </trkpt>
      <trkpt lat="37.74411" lon="-122.50799">
        <ele>8.4</ele>
      </trkpt>
      <trkpt lat="37.74401" lon="-122.50798">
        <ele>8.4</ele>
      </trkpt>
      <trkpt lat="37.74398" lon="-122.50797">
        <ele>8.4</ele>
      </trkpt>
      <trkpt lat="37.74394" lon="-122.50797">
        <ele>8.4</ele>
      </trkpt>
      <trkpt lat="37.74393" lon="-122.50797">
        <ele>8.4</ele>
      </trkpt>
      <trkpt lat="37.74385" lon="-122.50796">
        <ele>8.4</ele>
      </trkpt>
      <trkpt lat="37.74379" lon="-122.50794">
        <ele>8.4</ele>
      </trkpt>
      <trkpt lat="37.74376" lon="-122.50794">
        <ele>8.4</ele>
      </trkpt>
      <trkpt lat="37.74374" lon="-122.50793">
        <ele>8.4</ele>
      </trkpt>
      <trkpt lat="37.74374" lon="-122.50793">
        <ele>8.4</ele>
      </trkpt>
      <trkpt lat="37.74368" lon="-122.50799">
        <ele>8.4</ele>
      </trkpt>
      <trkpt lat="37.74367" lon="-122.50799">
        <ele>8.4</ele>
      </trkpt>
      <trkpt lat="37.74366" lon="-122.50799">
        <ele>8.4</ele>
      </trkpt>
      <trkpt lat="37.74363" lon="-122.50797">
        <ele>8.4</ele>
      </trkpt>
      <trkpt lat="37.74355" lon="-122.50792">
        <ele>8.4</ele>
      </trkpt>
      <trkpt lat="37.74354" lon="-122.50792">
        <ele>8.4</ele>
      </trkpt>
      <trkpt lat="37.74353" lon="-122.50792">
        <ele>8.4</ele>
      </trkpt>
      <trkpt lat="37.74346" lon="-122.50794">
        <ele>8.4</ele>
      </trkpt>
      <trkpt lat="37.74341" lon="-122.50793">
        <ele>8.4</ele>
      </trkpt>
      <trkpt lat="37.74332" lon="-122.50792">
        <ele>8.4</ele>
      </trkpt>
      <trkpt lat="37.74323" lon="-122.50791">
        <ele>8.4</ele>
      </trkpt>
      <trkpt lat="37.74309" lon="-122.50793">
        <ele>8.4</ele>
      </trkpt>
      <trkpt lat="37.74306" lon="-122.50793">
        <ele>8.4</ele>
      </trkpt>
      <trkpt lat="37.74294" lon="-122.5079">
        <ele>8.4</ele>
      </trkpt>
      <trkpt lat="37.74291" lon="-122.5079">
        <ele>8.4</ele>
      </trkpt>
      <trkpt lat="37.74288" lon="-122.5079">
        <ele>8.4</ele>
      </trkpt>
      <trkpt lat="37.74279" lon="-122.5079">
        <ele>8.4</ele>
      </trkpt>
      <trkpt lat="37.74266" lon="-122.50786">
        <ele>8.4</ele>
      </trkpt>
      <trkpt lat="37.74256" lon="-122.50782">
        <ele>8.4</ele>
      </trkpt>
      <trkpt lat="37.7425" lon="-122.5078">
        <ele>8.4</ele>
      </trkpt>
      <trkpt lat="37.74238" lon="-122.50778">
        <ele>8.4</ele>
      </trkpt>
      <trkpt lat="37.74236" lon="-122.50778">
        <ele>8.4</ele>
      </trkpt>
      <trkpt lat="37.74209" lon="-122.50775">
        <ele>8.4</ele>
      </trkpt>
      <trkpt lat="37.74197" lon="-122.50776">
        <ele>8.4</ele>
      </trkpt>
      <trkpt lat="37.74185" lon="-122.50777">
        <ele>8.4</ele>
      </trkpt>
      <trkpt lat="37.74176" lon="-122.50778">
        <ele>8.4</ele>
      </trkpt>
      <trkpt lat="37.74167" lon="-122.50776">
        <ele>8.4</ele>
      </trkpt>
      <trkpt lat="37.74165" lon="-122.50776">
        <ele>8.4</ele>
      </trkpt>
      <trkpt lat="37.74164" lon="-122.50776">
        <ele>8.4</ele>
      </trkpt>
      <trkpt lat="37.74163" lon="-122.50775">
        <ele>8.4</ele>
      </trkpt>
      <trkpt lat="37.74162" lon="-122.50774">
        <ele>8.4</ele>
      </trkpt>
      <trkpt lat="37.7416" lon="-122.50768">
        <ele>8.4</ele>
      </trkpt>
      <trkpt lat="37.74159" lon="-122.50768">
        <ele>8.4</ele>
      </trkpt>
      <trkpt lat="37.74158" lon="-122.50767">
        <ele>8.4</ele>
      </trkpt>
      <trkpt lat="37.74156" lon="-122.50766">
        <ele>8.4</ele>
      </trkpt>
      <trkpt lat="37.7415" lon="-122.50765">
        <ele>8.4</ele>
      </trkpt>
      <trkpt lat="37.74131" lon="-122.50767">
        <ele>8.4</ele>
      </trkpt>
      <trkpt lat="37.74124" lon="-122.50765">
        <ele>8.4</ele>
      </trkpt>
      <trkpt lat="37.74117" lon="-122.50765">
        <ele>8.4</ele>
      </trkpt>
      <trkpt lat="37.74113" lon="-122.50765">
        <ele>8.4</ele>
      </trkpt>
      <trkpt lat="37.74106" lon="-122.50765">
        <ele>8.4</ele>
      </trkpt>
      <trkpt lat="37.74099" lon="-122.50765">
        <ele>8.4</ele>
      </trkpt>
      <trkpt lat="37.74092" lon="-122.50764">
        <ele>8.4</ele>
      </trkpt>
      <trkpt lat="37.74081" lon="-122.50762">
        <ele>8.4</ele>
      </trkpt>
      <trkpt lat="37.74077" lon="-122.50761">
        <ele>8.4</ele>
      </trkpt>
      <trkpt lat="37.74066" lon="-122.50763">
        <ele>8.4</ele>
      </trkpt>
      <trkpt lat="37.74063" lon="-122.50762">
        <ele>8.4</ele>
      </trkpt>
      <trkpt lat="37.7405" lon="-122.50761">
        <ele>8.4</ele>
      </trkpt>
      <trkpt lat="37.74034" lon="-122.50758">
        <ele>8.4</ele>
      </trkpt>
      <trkpt lat="37.74011" lon="-122.50756">
        <ele>8.4</ele>
      </trkpt>
      <trkpt lat="37.73985" lon="-122.50749">
        <ele>8.4</ele>
      </trkpt>
      <trkpt lat="37.73971" lon="-122.50746">
        <ele>8.4</ele>
      </trkpt>
      <trkpt lat="37.73967" lon="-122.50745">
        <ele>8.4</ele>
      </trkpt>
      <trkpt lat="37.73963" lon="-122.50744">
        <ele>8.4</ele>
      </trkpt>
      <trkpt lat="37.73959" lon="-122.50746">
        <ele>8.4</ele>
      </trkpt>
      <trkpt lat="37.73955" lon="-122.50746">
        <ele>8.4</ele>
      </trkpt>
      <trkpt lat="37.73933" lon="-122.50746">
        <ele>8.4</ele>
      </trkpt>
      <trkpt lat="37.73923" lon="-122.50745">
        <ele>8.4</ele>
      </trkpt>
      <trkpt lat="37.73906" lon="-122.50743">
        <ele>8.4</ele>
      </trkpt>
      <trkpt lat="37.73903" lon="-122.50742">
        <ele>8.4</ele>
      </trkpt>
      <trkpt lat="37.73899" lon="-122.50741">
        <ele>8.4</ele>
      </trkpt>
      <trkpt lat="37.73891" lon="-122.50738">
        <ele>8.4</ele>
      </trkpt>
      <trkpt lat="37.73885" lon="-122.50736">
        <ele>8.4</ele>
      </trkpt>
      <trkpt lat="37.73871" lon="-122.50733">
        <ele>8.4</ele>
      </trkpt>
      <trkpt lat="37.73852" lon="-122.50732">
        <ele>8.4</ele>
      </trkpt>
      <trkpt lat="37.73821" lon="-122.5073">
        <ele>8.4</ele>
      </trkpt>
      <trkpt lat="37.73802" lon="-122.5073">
        <ele>8.4</ele>
      </trkpt>
      <trkpt lat="37.73798" lon="-122.50729">
        <ele>8.4</ele>
      </trkpt>
      <trkpt lat="37.73797" lon="-122.50729">
        <ele>8.4</ele>
      </trkpt>
      <trkpt lat="37.73796" lon="-122.50728">
        <ele>8.4</ele>
      </trkpt>
      <trkpt lat="37.73796" lon="-122.50728">
        <ele>8.4</ele>
      </trkpt>
      <trkpt lat="37.73795" lon="-122.50724">
        <ele>8.4</ele>
      </trkpt>
      <trkpt lat="37.73794" lon="-122.50707">
        <ele>8.4</ele>
      </trkpt>
      <trkpt lat="37.73794" lon="-122.50707">
        <ele>8.4</ele>
      </trkpt>
      <trkpt lat="37.73766" lon="-122.50703">
        <ele>8.4</ele>
      </trkpt>
      <trkpt lat="37.73674" lon="-122.50691">
        <ele>8.4</ele>
      </trkpt>
      <trkpt lat="37.73657" lon="-122.50689">
        <ele>8.4</ele>
      </trkpt>
      <trkpt lat="37.73637" lon="-122.50687">
        <ele>8.4</ele>
      </trkpt>
      <trkpt lat="37.73625" lon="-122.50686">
        <ele>8.4</ele>
      </trkpt>
      <trkpt lat="37.7361" lon="-122.50685">
        <ele>8.4</ele>
      </trkpt>
      <trkpt lat="37.73581" lon="-122.50684">
        <ele>8.4</ele>
      </trkpt>
      <trkpt lat="37.73559" lon="-122.50684">
        <ele>8.4</ele>
      </trkpt>
      <trkpt lat="37.73538" lon="-122.50683">
        <ele>8.4</ele>
      </trkpt>
      <trkpt lat="37.73514" lon="-122.50683">
        <ele>8.4</ele>
      </trkpt>
      <trkpt lat="37.73502" lon="-122.50684">
        <ele>8.4</ele>
      </trkpt>
      <trkpt lat="37.73488" lon="-122.50686">
        <ele>8.4</ele>
      </trkpt>
      <trkpt lat="37.73475" lon="-122.50688">
        <ele>8.4</ele>
      </trkpt>
      <trkpt lat="37.73413" lon="-122.50702">
        <ele>8.4</ele>
      </trkpt>
      <trkpt lat="37.73371" lon="-122.5071">
        <ele>8.4</ele>
      </trkpt>
      <trkpt lat="37.73362" lon="-122.50712">
        <ele>8.4</ele>
      </trkpt>
      <trkpt lat="37.73334" lon="-122.50717">
        <ele>8.4</ele>
      </trkpt>
      <trkpt lat="37.73311" lon="-122.5072">
        <ele>8.4</ele>
      </trkpt>
      <trkpt lat="37.733" lon="-122.50721">
        <ele>8.4</ele>
      </trkpt>
      <trkpt lat="37.73291" lon="-122.50722">
        <ele>8.4</ele>
      </trkpt>
      <trkpt lat="37.73286" lon="-122.50722">
        <ele>8.4</ele>
      </trkpt>
      <trkpt lat="37.73272" lon="-122.50723">
        <ele>8.4</ele>
      </trkpt>
      <trkpt lat="37.73246" lon="-122.50721">
        <ele>8.4</ele>
      </trkpt>
      <trkpt lat="37.73234" lon="-122.50719">
        <ele>8.4</ele>
      </trkpt>
      <trkpt lat="37.73228" lon="-122.50718">
        <ele>8.4</ele>
      </trkpt>
      <trkpt lat="37.73212" lon="-122.50714">
        <ele>8.4</ele>
      </trkpt>
      <trkpt lat="37.73177" lon="-122.50704">
        <ele>8.4</ele>
      </trkpt>
      <trkpt lat="37.73162" lon="-122.507">
        <ele>8.4</ele>
      </trkpt>
      <trkpt lat="37.73135" lon="-122.50694">
        <ele>8.4</ele>
      </trkpt>
      <trkpt lat="37.73119" lon="-122.5069">
        <ele>8.4</ele>
      </trkpt>
      <trkpt lat="37.73098" lon="-122.50687">
        <ele>8.4</ele>
      </trkpt>
      <trkpt lat="37.73084" lon="-122.50684">
        <ele>8.4</ele>
      </trkpt>
      <trkpt lat="37.73067" lon="-122.50681">
        <ele>8.4</ele>
      </trkpt>
      <trkpt lat="37.73061" lon="-122.50681">
        <ele>8.4</ele>
      </trkpt>
      <trkpt lat="37.73052" lon="-122.50679">
        <ele>8.4</ele>
      </trkpt>
      <trkpt lat="37.73013" lon="-122.50668">
        <ele>7.3</ele>
      </trkpt>
      <trkpt lat="37.73" lon="-122.50664">
        <ele>8.1</ele>
      </trkpt>
      <trkpt lat="37.72979" lon="-122.50658">
        <ele>8.4</ele>
      </trkpt>
      <trkpt lat="37.7296" lon="-122.50655">
        <ele>8.6</ele>
      </trkpt>
      <trkpt lat="37.72939" lon="-122.50652">
        <ele>9.2</ele>
      </trkpt>
      <trkpt lat="37.72926" lon="-122.5065">
        <ele>9.7</ele>
      </trkpt>
      <trkpt lat="37.72914" lon="-122.50648">
        <ele>10.0</ele>
      </trkpt>
      <trkpt lat="37.72887" lon="-122.50645">
        <ele>10.1</ele>
      </trkpt>
      <trkpt lat="37.72868" lon="-122.50642">
        <ele>10.3</ele>
      </trkpt>
      <trkpt lat="37.72852" lon="-122.5064">
        <ele>10.2</ele>
      </trkpt>
      <trkpt lat="37.7281" lon="-122.50634">
        <ele>10.0</ele>
      </trkpt>
      <trkpt lat="37.72795" lon="-122.50632">
        <ele>9.1</ele>
      </trkpt>
      <trkpt lat="37.72786" lon="-122.50629">
        <ele>8.6</ele>
      </trkpt>
      <trkpt lat="37.72778" lon="-122.50627">
        <ele>8.3</ele>
      </trkpt>
      <trkpt lat="37.72775" lon="-122.50626">
        <ele>8.3</ele>
      </trkpt>
      <trkpt lat="37.72768" lon="-122.50623">
        <ele>8.2</ele>
      </trkpt>
      <trkpt lat="37.72762" lon="-122.5062">
        <ele>8.2</ele>
      </trkpt>
      <trkpt lat="37.72758" lon="-122.50619">
        <ele>8.2</ele>
      </trkpt>
      <trkpt lat="37.72753" lon="-122.50616">
        <ele>8.2</ele>
      </trkpt>
      <trkpt lat="37.72741" lon="-122.50611">
        <ele>7.9</ele>
      </trkpt>
      <trkpt lat="37.7274" lon="-122.50611">
        <ele>7.9</ele>
      </trkpt>
      <trkpt lat="37.72735" lon="-122.50608">
        <ele>7.8</ele>
      </trkpt>
      <trkpt lat="37.7273" lon="-122.50606">
        <ele>7.6</ele>
      </trkpt>
      <trkpt lat="37.7272" lon="-122.50599">
        <ele>6.3</ele>
      </trkpt>
      <trkpt lat="37.72704" lon="-122.50589">
        <ele>5.2</ele>
      </trkpt>
      <trkpt lat="37.72696" lon="-122.50584">
        <ele>5.5</ele>
      </trkpt>
      <trkpt lat="37.72689" lon="-122.50578">
        <ele>6.1</ele>
      </trkpt>
      <trkpt lat="37.72681" lon="-122.50571">
        <ele>7.2</ele>
      </trkpt>
      <trkpt lat="37.72666" lon="-122.50559">
        <ele>10.6</ele>
      </trkpt>
      <trkpt lat="37.72654" lon="-122.50547">
        <ele>16.4</ele>
      </trkpt>
      <trkpt lat="37.72647" lon="-122.5054">
        <ele>19.1</ele>
      </trkpt>
      <trkpt lat="37.72642" lon="-122.50535">
        <ele>21.1</ele>
      </trkpt>
      <trkpt lat="37.72634" lon="-122.50525">
        <ele>23.2</ele>
      </trkpt>
      <trkpt lat="37.72633" lon="-122.50524">
        <ele>23.5</ele>
      </trkpt>
      <trkpt lat="37.72629" lon="-122.50518">
        <ele>24.5</ele>
      </trkpt>
      <trkpt lat="37.72613" lon="-122.50494">
        <ele>31.0</ele>
      </trkpt>
      <trkpt lat="37.72599" lon="-122.50472">
        <ele>31.4</ele>
      </trkpt>
      <trkpt lat="37.72591" lon="-122.50458">
        <ele>31.3</ele>
      </trkpt>
      <trkpt lat="37.72582" lon="-122.50444">
        <ele>31.0</ele>
      </trkpt>
      <trkpt lat="37.72566" lon="-122.50415">
        <ele>29.9</ele>
      </trkpt>
      <trkpt lat="37.72539" lon="-122.50369">
        <ele>26.9</ele>
      </trkpt>
      <trkpt lat="37.72532" lon="-122.50359">
        <ele>26.0</ele>
      </trkpt>
      <trkpt lat="37.72528" lon="-122.50354">
        <ele>25.4</ele>
      </trkpt>
      <trkpt lat="37.72527" lon="-122.50352">
        <ele>25.2</ele>
      </trkpt>
      <trkpt lat="37.72525" lon="-122.50349">
        <ele>24.5</ele>
      </trkpt>
      <trkpt lat="37.72522" lon="-122.50345">
        <ele>23.6</ele>
      </trkpt>
      <trkpt lat="37.72521" lon="-122.50343">
        <ele>23.2</ele>
      </trkpt>
      <trkpt lat="37.72519" lon="-122.5034">
        <ele>21.7</ele>
      </trkpt>
      <trkpt lat="37.72518" lon="-122.50339">
        <ele>21.1</ele>
      </trkpt>
      <trkpt lat="37.72516" lon="-122.50338">
        <ele>20.5</ele>
      </trkpt>
      <trkpt lat="37.72515" lon="-122.50336">
        <ele>19.4</ele>
      </trkpt>
      <trkpt lat="37.72514" lon="-122.50335">
        <ele>18.8</ele>
      </trkpt>
      <trkpt lat="37.72513" lon="-122.50335">
        <ele>18.8</ele>
      </trkpt>
      <trkpt lat="37.72512" lon="-122.50333">
        <ele>17.9</ele>
      </trkpt>
      <trkpt lat="37.72511" lon="-122.50332">
        <ele>17.6</ele>
      </trkpt>
      <trkpt lat="37.72509" lon="-122.50331">
        <ele>17.3</ele>
      </trkpt>
      <trkpt lat="37.72507" lon="-122.5033">
        <ele>17.0</ele>
      </trkpt>
      <trkpt lat="37.72506" lon="-122.50329">
        <ele>16.7</ele>
      </trkpt>
      <trkpt lat="37.72505" lon="-122.50328">
        <ele>16.4</ele>
      </trkpt>
      <trkpt lat="37.72502" lon="-122.50327">
        <ele>16.2</ele>
      </trkpt>
      <trkpt lat="37.72499" lon="-122.50325">
        <ele>15.6</ele>
      </trkpt>
      <trkpt lat="37.72495" lon="-122.50324">
        <ele>15.3</ele>
      </trkpt>
      <trkpt lat="37.72493" lon="-122.50323">
        <ele>15.2</ele>
      </trkpt>
      <trkpt lat="37.72491" lon="-122.50322">
        <ele>15.0</ele>
      </trkpt>
      <trkpt lat="37.72487" lon="-122.50321">
        <ele>14.9</ele>
      </trkpt>
      <trkpt lat="37.72481" lon="-122.5032">
        <ele>14.8</ele>
      </trkpt>
      <trkpt lat="37.7248" lon="-122.5032">
        <ele>14.8</ele>
      </trkpt>
      <trkpt lat="37.72479" lon="-122.5032">
        <ele>14.8</ele>
      </trkpt>
      <trkpt lat="37.7247" lon="-122.50313">
        <ele>13.9</ele>
      </trkpt>
      <trkpt lat="37.72462" lon="-122.50313">
        <ele>14.1</ele>
      </trkpt>
      <trkpt lat="37.7246" lon="-122.50312">
        <ele>14.0</ele>
      </trkpt>
      <trkpt lat="37.72452" lon="-122.50312">
        <ele>14.1</ele>
      </trkpt>
      <trkpt lat="37.72444" lon="-122.50311">
        <ele>14.3</ele>
      </trkpt>
      <trkpt lat="37.72436" lon="-122.5031">
        <ele>14.3</ele>
      </trkpt>
      <trkpt lat="37.72425" lon="-122.50308">
        <ele>14.3</ele>
      </trkpt>
      <trkpt lat="37.72424" lon="-122.50308">
        <ele>14.3</ele>
      </trkpt>
      <trkpt lat="37.7242" lon="-122.50307">
        <ele>14.4</ele>
      </trkpt>
      <trkpt lat="37.7241" lon="-122.50304">
        <ele>14.4</ele>
      </trkpt>
      <trkpt lat="37.72397" lon="-122.503">
        <ele>14.4</ele>
      </trkpt>
      <trkpt lat="37.72396" lon="-122.50299">
        <ele>14.3</ele>
      </trkpt>
      <trkpt lat="37.72389" lon="-122.50297">
        <ele>14.4</ele>
      </trkpt>
      <trkpt lat="37.72382" lon="-122.50294">
        <ele>14.3</ele>
      </trkpt>
      <trkpt lat="37.72374" lon="-122.50291">
        <ele>14.5</ele>
      </trkpt>
      <trkpt lat="37.72372" lon="-122.5029">
        <ele>14.6</ele>
      </trkpt>
      <trkpt lat="37.7237" lon="-122.50289">
        <ele>14.7</ele>
      </trkpt>
      <trkpt lat="37.72368" lon="-122.50288">
        <ele>14.9</ele>
      </trkpt>
      <trkpt lat="37.72367" lon="-122.50288">
        <ele>15.0</ele>
      </trkpt>
      <trkpt lat="37.72362" lon="-122.50286">
        <ele>15.7</ele>
      </trkpt>
      <trkpt lat="37.72358" lon="-122.50284">
        <ele>16.5</ele>
      </trkpt>
      <trkpt lat="37.72351" lon="-122.5028">
        <ele>17.8</ele>
      </trkpt>
      <trkpt lat="37.72346" lon="-122.50278">
        <ele>18.7</ele>
      </trkpt>
      <trkpt lat="37.72344" lon="-122.50276">
        <ele>19.0</ele>
      </trkpt>
      <trkpt lat="37.72341" lon="-122.50275">
        <ele>19.4</ele>
      </trkpt>
      <trkpt lat="37.72339" lon="-122.50274">
        <ele>19.6</ele>
      </trkpt>
      <trkpt lat="37.72334" lon="-122.50271">
        <ele>20.0</ele>
      </trkpt>
      <trkpt lat="37.72329" lon="-122.50268">
        <ele>20.1</ele>
      </trkpt>
      <trkpt lat="37.72323" lon="-122.50264">
        <ele>20.2</ele>
      </trkpt>
      <trkpt lat="37.72308" lon="-122.50254">
        <ele>20.4</ele>
      </trkpt>
      <trkpt lat="37.72305" lon="-122.50253">
        <ele>20.5</ele>
      </trkpt>
      <trkpt lat="37.72305" lon="-122.50252">
        <ele>20.4</ele>
      </trkpt>
      <trkpt lat="37.72301" lon="-122.5025">
        <ele>20.5</ele>
      </trkpt>
      <trkpt lat="37.72299" lon="-122.50248">
        <ele>20.5</ele>
      </trkpt>
      <trkpt lat="37.72297" lon="-122.50247">
        <ele>20.5</ele>
      </trkpt>
      <trkpt lat="37.72296" lon="-122.50246">
        <ele>20.5</ele>
      </trkpt>
      <trkpt lat="37.72294" lon="-122.50244">
        <ele>20.5</ele>
      </trkpt>
      <trkpt lat="37.72285" lon="-122.50237">
        <ele>20.4</ele>
      </trkpt>
      <trkpt lat="37.72282" lon="-122.50234">
        <ele>20.4</ele>
      </trkpt>
      <trkpt lat="37.72279" lon="-122.50232">
        <ele>20.5</ele>
      </trkpt>
      <trkpt lat="37.72277" lon="-122.5023">
        <ele>20.5</ele>
      </trkpt>
      <trkpt lat="37.72274" lon="-122.50227">
        <ele>20.4</ele>
      </trkpt>
      <trkpt lat="37.72271" lon="-122.50224">
        <ele>20.3</ele>
      </trkpt>
      <trkpt lat="37.72261" lon="-122.50216">
        <ele>20.4</ele>
      </trkpt>
      <trkpt lat="37.72208" lon="-122.50167">
        <ele>20.0</ele>
      </trkpt>
      <trkpt lat="37.72209" lon="-122.50165">
        <ele>19.7</ele>
      </trkpt>
      <trkpt lat="37.72209" lon="-122.50165">
        <ele>19.7</ele>
      </trkpt>
      <trkpt lat="37.72184" lon="-122.50143">
        <ele>19.8</ele>
      </trkpt>
      <trkpt lat="37.7214" lon="-122.50106">
        <ele>19.4</ele>
      </trkpt>
      <trkpt lat="37.72106" lon="-122.50082">
        <ele>22.3</ele>
      </trkpt>
      <trkpt lat="37.72082" lon="-122.50067">
        <ele>22.1</ele>
      </trkpt>
      <trkpt lat="37.72059" lon="-122.50056">
        <ele>21.9</ele>
      </trkpt>
      <trkpt lat="37.72033" lon="-122.50046">
        <ele>21.4</ele>
      </trkpt>
      <trkpt lat="37.72008" lon="-122.5004">
        <ele>20.9</ele>
      </trkpt>
      <trkpt lat="37.71997" lon="-122.50039">
        <ele>21.0</ele>
      </trkpt>
      <trkpt lat="37.7192" lon="-122.50034">
        <ele>20.5</ele>
      </trkpt>
      <trkpt lat="37.71844" lon="-122.5003">
        <ele>22.9</ele>
      </trkpt>
      <trkpt lat="37.71815" lon="-122.50027">
        <ele>25.7</ele>
      </trkpt>
      <trkpt lat="37.71801" lon="-122.50024">
        <ele>27.0</ele>
      </trkpt>
      <trkpt lat="37.71788" lon="-122.50021">
        <ele>28.1</ele>
      </trkpt>
      <trkpt lat="37.71775" lon="-122.50016">
        <ele>28.5</ele>
      </trkpt>
      <trkpt lat="37.71748" lon="-122.50003">
        <ele>28.9</ele>
      </trkpt>
      <trkpt lat="37.71723" lon="-122.49988">
        <ele>29.5</ele>
      </trkpt>
      <trkpt lat="37.71666" lon="-122.49945">
        <ele>35.8</ele>
      </trkpt>
      <trkpt lat="37.71609" lon="-122.49902">
        <ele>42.4</ele>
      </trkpt>
      <trkpt lat="37.71587" lon="-122.49886">
        <ele>43.7</ele>
      </trkpt>
      <trkpt lat="37.71575" lon="-122.49879">
        <ele>44.2</ele>
      </trkpt>
      <trkpt lat="37.71552" lon="-122.49867">
        <ele>44.9</ele>
      </trkpt>
      <trkpt lat="37.71529" lon="-122.49857">
        <ele>47.1</ele>
      </trkpt>
      <trkpt lat="37.71517" lon="-122.49854">
        <ele>48.8</ele>
      </trkpt>
      <trkpt lat="37.71492" lon="-122.49847">
        <ele>51.0</ele>
      </trkpt>
      <trkpt lat="37.71462" lon="-122.49844">
        <ele>52.1</ele>
      </trkpt>
      <trkpt lat="37.71373" lon="-122.49838">
        <ele>56.6</ele>
      </trkpt>
      <trkpt lat="37.71285" lon="-122.49833">
        <ele>61.1</ele>
      </trkpt>
      <trkpt lat="37.71197" lon="-122.49827">
        <ele>69.4</ele>
      </trkpt>
      <trkpt lat="37.71108" lon="-122.49822">
        <ele>71.4</ele>
      </trkpt>
      <trkpt lat="37.71049" lon="-122.49819">
        <ele>71.0</ele>
      </trkpt>
      <trkpt lat="37.7099" lon="-122.4982">
        <ele>71.6</ele>
      </trkpt>
      <trkpt lat="37.70941" lon="-122.49822">
        <ele>71.0</ele>
      </trkpt>
      <trkpt lat="37.70891" lon="-122.49824">
        <ele>69.9</ele>
      </trkpt>
      <trkpt lat="37.70853" lon="-122.49828">
        <ele>69.3</ele>
      </trkpt>
      <trkpt lat="37.70772" lon="-122.49837">
        <ele>70.0</ele>
      </trkpt>
      <trkpt lat="37.70692" lon="-122.49847">
        <ele>67.7</ele>
      </trkpt>
      <trkpt lat="37.70653" lon="-122.49849">
        <ele>67.3</ele>
      </trkpt>
      <trkpt lat="37.70625" lon="-122.49847">
        <ele>68.1</ele>
      </trkpt>
      <trkpt lat="37.7061" lon="-122.49846">
        <ele>67.3</ele>
      </trkpt>
      <trkpt lat="37.70581" lon="-122.49839">
        <ele>67.3</ele>
      </trkpt>
      <trkpt lat="37.70555" lon="-122.49831">
        <ele>67.3</ele>
      </trkpt>
      <trkpt lat="37.70492" lon="-122.49802">
        <ele>67.2</ele>
      </trkpt>
      <trkpt lat="37.7043" lon="-122.49773">
        <ele>69.2</ele>
      </trkpt>
      <trkpt lat="37.70367" lon="-122.49745">
        <ele>69.8</ele>
      </trkpt>
      <trkpt lat="37.70342" lon="-122.49736">
        <ele>70.4</ele>
      </trkpt>
      <trkpt lat="37.70285" lon="-122.4972">
        <ele>71.9</ele>
      </trkpt>
      <trkpt lat="37.70257" lon="-122.49708">
        <ele>70.8</ele>
      </trkpt>
      <trkpt lat="37.70202" lon="-122.4968">
        <ele>69.4</ele>
      </trkpt>
      <trkpt lat="37.70148" lon="-122.49652">
        <ele>70.1</ele>
      </trkpt>
      <trkpt lat="37.70148" lon="-122.49652">
        <ele>70.1</ele>
      </trkpt>
      <trkpt lat="37.70083" lon="-122.49619">
        <ele>68.5</ele>
      </trkpt>
      <trkpt lat="37.70018" lon="-122.49585">
        <ele>67.0</ele>
      </trkpt>
      <trkpt lat="37.69954" lon="-122.49552">
        <ele>68.4</ele>
      </trkpt>
      <trkpt lat="37.69912" lon="-122.49533">
        <ele>68.5</ele>
      </trkpt>
      <trkpt lat="37.69873" lon="-122.49518">
        <ele>68.5</ele>
      </trkpt>
      <trkpt lat="37.6984" lon="-122.49507">
        <ele>68.5</ele>
      </trkpt>
      <trkpt lat="37.69807" lon="-122.49498">
        <ele>69.2</ele>
      </trkpt>
      <trkpt lat="37.69766" lon="-122.4949">
        <ele>69.6</ele>
      </trkpt>
      <trkpt lat="37.69713" lon="-122.49482">
        <ele>73.7</ele>
      </trkpt>
      <trkpt lat="37.69673" lon="-122.49478">
        <ele>74.3</ele>
      </trkpt>
      <trkpt lat="37.69606" lon="-122.49476">
        <ele>75.8</ele>
      </trkpt>
      <trkpt lat="37.69544" lon="-122.49476">
        <ele>76.1</ele>
      </trkpt>
      <trkpt lat="37.69482" lon="-122.49475">
        <ele>78.2</ele>
      </trkpt>
      <trkpt lat="37.69419" lon="-122.49475">
        <ele>81.4</ele>
      </trkpt>
      <trkpt lat="37.69379" lon="-122.49473">
        <ele>83.0</ele>
      </trkpt>
      <trkpt lat="37.69339" lon="-122.49467">
        <ele>83.7</ele>
      </trkpt>
      <trkpt lat="37.69303" lon="-122.49457">
        <ele>86.2</ele>
      </trkpt>
      <trkpt lat="37.69282" lon="-122.49451">
        <ele>88.4</ele>
      </trkpt>
      <trkpt lat="37.6926" lon="-122.49442">
        <ele>89.4</ele>
      </trkpt>
      <trkpt lat="37.69222" lon="-122.49425">
        <ele>90.8</ele>
      </trkpt>
      <trkpt lat="37.69204" lon="-122.49415">
        <ele>92.4</ele>
      </trkpt>
      <trkpt lat="37.69167" lon="-122.49393">
        <ele>96.6</ele>
      </trkpt>
      <trkpt lat="37.69149" lon="-122.4938">
        <ele>97.4</ele>
      </trkpt>
      <trkpt lat="37.69131" lon="-122.49365">
        <ele>98.2</ele>
      </trkpt>
      <trkpt lat="37.69097" lon="-122.49336">
        <ele>101.1</ele>
      </trkpt>
      <trkpt lat="37.69081" lon="-122.4932">
        <ele>102.1</ele>
      </trkpt>
      <trkpt lat="37.69047" lon="-122.49282">
        <ele>104.8</ele>
      </trkpt>
      <trkpt lat="37.68995" lon="-122.4922">
        <ele>109.5</ele>
      </trkpt>
      <trkpt lat="37.68942" lon="-122.49158">
        <ele>114.4</ele>
      </trkpt>
      <trkpt lat="37.6889" lon="-122.49096">
        <ele>121.2</ele>
      </trkpt>
      <trkpt lat="37.6886" lon="-122.49063">
        <ele>122.8</ele>
      </trkpt>
      <trkpt lat="37.68839" lon="-122.49043">
        <ele>125.2</ele>
      </trkpt>
      <trkpt lat="37.68817" lon="-122.49022">
        <ele>128.4</ele>
      </trkpt>
      <trkpt lat="37.68794" lon="-122.49005">
        <ele>128.8</ele>
      </trkpt>
      <trkpt lat="37.68771" lon="-122.48988">
        <ele>129.7</ele>
      </trkpt>
      <trkpt lat="37.68747" lon="-122.48973">
        <ele>130.5</ele>
      </trkpt>
      <trkpt lat="37.68714" lon="-122.48955">
        <ele>134.3</ele>
      </trkpt>
      <trkpt lat="37.68714" lon="-122.48955">
        <ele>134.3</ele>
      </trkpt>
      <trkpt lat="37.68686" lon="-122.48942">
        <ele>136.3</ele>
      </trkpt>
      <trkpt lat="37.6866" lon="-122.48933">
        <ele>136.6</ele>
      </trkpt>
      <trkpt lat="37.68621" lon="-122.48921">
        <ele>138.8</ele>
      </trkpt>
      <trkpt lat="37.68594" lon="-122.48915">
        <ele>143.3</ele>
      </trkpt>
      <trkpt lat="37.68568" lon="-122.48911">
        <ele>144.3</ele>
      </trkpt>
      <trkpt lat="37.68534" lon="-122.48908">
        <ele>144.8</ele>
      </trkpt>
      <trkpt lat="37.68502" lon="-122.48908">
        <ele>144.7</ele>
      </trkpt>
      <trkpt lat="37.68474" lon="-122.4891">
        <ele>144.8</ele>
      </trkpt>
      <trkpt lat="37.68448" lon="-122.48914">
        <ele>144.9</ele>
      </trkpt>
      <trkpt lat="37.684" lon="-122.48923">
        <ele>144.9</ele>
      </trkpt>
      <trkpt lat="37.68364" lon="-122.48938">
        <ele>144.7</ele>
      </trkpt>
      <trkpt lat="37.68358" lon="-122.48942">
        <ele>144.6</ele>
      </trkpt>
      <trkpt lat="37.68353" lon="-122.48947">
        <ele>144.5</ele>
      </trkpt>
      <trkpt lat="37.68349" lon="-122.48957">
        <ele>144.4</ele>
      </trkpt>
      <trkpt lat="37.68347" lon="-122.48966">
        <ele>144.5</ele>
      </trkpt>
      <trkpt lat="37.68347" lon="-122.489871">
        <ele>144.6</ele>
      </trkpt>
      <trkpt lat="37.68347" lon="-122.49014">
        <ele>144.3</ele>
      </trkpt>
      <trkpt lat="37.68347" lon="-122.49014">
        <ele>144.3</ele>
      </trkpt>
      <trkpt lat="37.683239" lon="-122.490189">
        <ele>143.5</ele>
      </trkpt>
      <trkpt lat="37.68314" lon="-122.49021">
        <ele>143.5</ele>
      </trkpt>
      <trkpt lat="37.6827" lon="-122.49023">
        <ele>142.8</ele>
      </trkpt>
      <trkpt lat="37.68254" lon="-122.49025">
        <ele>142.6</ele>
      </trkpt>
      <trkpt lat="37.68194" lon="-122.49036">
        <ele>143.3</ele>
      </trkpt>
      <trkpt lat="37.68134" lon="-122.49048">
        <ele>144.1</ele>
      </trkpt>
      <trkpt lat="37.68074" lon="-122.49059">
        <ele>144.7</ele>
      </trkpt>
      <trkpt lat="37.68074" lon="-122.49059">
        <ele>144.7</ele>
      </trkpt>
      <trkpt lat="37.68013" lon="-122.4907">
        <ele>144.6</ele>
      </trkpt>
      <trkpt lat="37.67951" lon="-122.49082">
        <ele>145.1</ele>
      </trkpt>
      <trkpt lat="37.67907" lon="-122.49088">
        <ele>145.6</ele>
      </trkpt>
      <trkpt lat="37.67882" lon="-122.49091">
        <ele>145.8</ele>
      </trkpt>
      <trkpt lat="37.67838" lon="-122.49093">
        <ele>147.5</ele>
      </trkpt>
      <trkpt lat="37.67814" lon="-122.49093">
        <ele>149.3</ele>
      </trkpt>
      <trkpt lat="37.67769" lon="-122.49091">
        <ele>152.2</ele>
      </trkpt>
      <trkpt lat="37.67716" lon="-122.49086">
        <ele>155.3</ele>
      </trkpt>
      <trkpt lat="37.6767" lon="-122.49079">
        <ele>156.7</ele>
      </trkpt>
      <trkpt lat="37.67599" lon="-122.4906">
        <ele>162.4</ele>
      </trkpt>
      <trkpt lat="37.67537" lon="-122.49034">
        <ele>163.7</ele>
      </trkpt>
      <trkpt lat="37.67475" lon="-122.49007">
        <ele>170.3</ele>
      </trkpt>
      <trkpt lat="37.67413" lon="-122.48981">
        <ele>174.4</ele>
      </trkpt>
      <trkpt lat="37.67413" lon="-122.48981">
        <ele>174.4</ele>
      </trkpt>
      <trkpt lat="37.67339" lon="-122.48949">
        <ele>183.5</ele>
      </trkpt>
      <trkpt lat="37.67264" lon="-122.48918">
        <ele>189.6</ele>
      </trkpt>
      <trkpt lat="37.6719" lon="-122.48886">
        <ele>196.1</ele>
      </trkpt>
      <trkpt lat="37.67156" lon="-122.48872">
        <ele>199.7</ele>
      </trkpt>
      <trkpt lat="37.67115" lon="-122.48856">
        <ele>204.9</ele>
      </trkpt>
      <trkpt lat="37.67105" lon="-122.48851">
        <ele>205.9</ele>
      </trkpt>
      <trkpt lat="37.67094" lon="-122.48844">
        <ele>206.8</ele>
      </trkpt>
      <trkpt lat="37.6703" lon="-122.48787">
        <ele>200.4</ele>
      </trkpt>
      <trkpt lat="37.6702" lon="-122.48779">
        <ele>199.3</ele>
      </trkpt>
      <trkpt lat="37.67009" lon="-122.48772">
        <ele>199.4</ele>
      </trkpt>
      <trkpt lat="37.66997" lon="-122.48766">
        <ele>200.7</ele>
      </trkpt>
      <trkpt lat="37.66971" lon="-122.48757">
        <ele>205.3</ele>
      </trkpt>
      <trkpt lat="37.66895" lon="-122.48734">
        <ele>217.2</ele>
      </trkpt>
      <trkpt lat="37.66818" lon="-122.48711">
        <ele>218.3</ele>
      </trkpt>
      <trkpt lat="37.66808" lon="-122.48707">
        <ele>219.4</ele>
      </trkpt>
      <trkpt lat="37.66797" lon="-122.48703">
        <ele>219.3</ele>
      </trkpt>
      <trkpt lat="37.66787" lon="-122.48697">
        <ele>219.2</ele>
      </trkpt>
      <trkpt lat="37.66778" lon="-122.48691">
        <ele>219.1</ele>
      </trkpt>
      <trkpt lat="37.66751" lon="-122.48669">
        <ele>215.0</ele>
      </trkpt>
      <trkpt lat="37.66742" lon="-122.48664">
        <ele>213.5</ele>
      </trkpt>
      <trkpt lat="37.66724" lon="-122.48658">
        <ele>209.2</ele>
      </trkpt>
      <trkpt lat="37.66715" lon="-122.48656">
        <ele>207.1</ele>
      </trkpt>
      <trkpt lat="37.66707" lon="-122.48656">
        <ele>205.3</ele>
      </trkpt>
      <trkpt lat="37.66622" lon="-122.48658">
        <ele>171.6</ele>
      </trkpt>
      <trkpt lat="37.66622" lon="-122.48658">
        <ele>171.6</ele>
      </trkpt>
      <trkpt lat="37.66559" lon="-122.4866">
        <ele>171.8</ele>
      </trkpt>
      <trkpt lat="37.66497" lon="-122.48661">
        <ele>159.9</ele>
      </trkpt>
      <trkpt lat="37.66434" lon="-122.48663">
        <ele>149.4</ele>
      </trkpt>
      <trkpt lat="37.66416" lon="-122.48661">
        <ele>146.5</ele>
      </trkpt>
      <trkpt lat="37.66397" lon="-122.48655">
        <ele>142.3</ele>
      </trkpt>
      <trkpt lat="37.66388" lon="-122.48651">
        <ele>140.1</ele>
      </trkpt>
      <trkpt lat="37.66313" lon="-122.48609">
        <ele>120.8</ele>
      </trkpt>
      <trkpt lat="37.66238" lon="-122.48567">
        <ele>116.9</ele>
      </trkpt>
      <trkpt lat="37.66224" lon="-122.48565">
        <ele>106.8</ele>
      </trkpt>
      <trkpt lat="37.66216" lon="-122.48566">
        <ele>102.6</ele>
      </trkpt>
      <trkpt lat="37.66208" lon="-122.48569">
        <ele>99.0</ele>
      </trkpt>
      <trkpt lat="37.66201" lon="-122.48573">
        <ele>95.6</ele>
      </trkpt>
      <trkpt lat="37.66196" lon="-122.48579">
        <ele>92.2</ele>
      </trkpt>
      <trkpt lat="37.6619" lon="-122.48587">
        <ele>88.5</ele>
      </trkpt>
      <trkpt lat="37.66186" lon="-122.48595">
        <ele>85.7</ele>
      </trkpt>
      <trkpt lat="37.66161" lon="-122.48666">
        <ele>81.8</ele>
      </trkpt>
      <trkpt lat="37.66136" lon="-122.48737">
        <ele>81.3</ele>
      </trkpt>
      <trkpt lat="37.66132" lon="-122.4875">
        <ele>79.6</ele>
      </trkpt>
      <trkpt lat="37.66129" lon="-122.48764">
        <ele>76.6</ele>
      </trkpt>
      <trkpt lat="37.66127" lon="-122.48778">
        <ele>74.0</ele>
      </trkpt>
      <trkpt lat="37.66127" lon="-122.48792">
        <ele>71.8</ele>
      </trkpt>
      <trkpt lat="37.66127" lon="-122.48822">
        <ele>66.0</ele>
      </trkpt>
      <trkpt lat="37.66127" lon="-122.48822">
        <ele>66.0</ele>
      </trkpt>
      <trkpt lat="37.66056" lon="-122.48824">
        <ele>61.3</ele>
      </trkpt>
      <trkpt lat="37.66056" lon="-122.48824">
        <ele>61.3</ele>
      </trkpt>
      <trkpt lat="37.66057" lon="-122.48912">
        <ele>84.3</ele>
      </trkpt>
      <trkpt lat="37.66058" lon="-122.48948">
        <ele>89.6</ele>
      </trkpt>
      <trkpt lat="37.66065" lon="-122.49005">
        <ele>90.1</ele>
      </trkpt>
      <trkpt lat="37.66075" lon="-122.49036">
        <ele>88.9</ele>
      </trkpt>
      <trkpt lat="37.66089" lon="-122.49071">
        <ele>84.0</ele>
      </trkpt>
      <trkpt lat="37.66093" lon="-122.49086">
        <ele>82.6</ele>
      </trkpt>
      <trkpt lat="37.66095" lon="-122.491">
        <ele>81.6</ele>
      </trkpt>
      <trkpt lat="37.66096" lon="-122.49116">
        <ele>80.0</ele>
      </trkpt>
      <trkpt lat="37.66095" lon="-122.4913">
        <ele>78.6</ele>
      </trkpt>
      <trkpt lat="37.66092" lon="-122.49144">
        <ele>76.5</ele>
      </trkpt>
      <trkpt lat="37.66089" lon="-122.49154">
        <ele>73.7</ele>
      </trkpt>
      <trkpt lat="37.66085" lon="-122.49164">
        <ele>70.5</ele>
      </trkpt>
      <trkpt lat="37.66079" lon="-122.49174">
        <ele>67.1</ele>
      </trkpt>
      <trkpt lat="37.66073" lon="-122.49184">
        <ele>63.4</ele>
      </trkpt>
      <trkpt lat="37.66066" lon="-122.49193">
        <ele>61.7</ele>
      </trkpt>
      <trkpt lat="37.66057" lon="-122.49201">
        <ele>60.6</ele>
      </trkpt>
      <trkpt lat="37.66049" lon="-122.49207">
        <ele>59.9</ele>
      </trkpt>
      <trkpt lat="37.66042" lon="-122.4921">
        <ele>59.6</ele>
      </trkpt>
      <trkpt lat="37.66042" lon="-122.4921">
        <ele>59.6</ele>
      </trkpt>
      <trkpt lat="37.66029" lon="-122.49216">
        <ele>59.1</ele>
      </trkpt>
      <trkpt lat="37.66008" lon="-122.49223">
        <ele>57.8</ele>
      </trkpt>
      <trkpt lat="37.65987" lon="-122.49226">
        <ele>56.9</ele>
      </trkpt>
      <trkpt lat="37.65967" lon="-122.49225">
        <ele>56.9</ele>
      </trkpt>
      <trkpt lat="37.65897" lon="-122.49211">
        <ele>56.4</ele>
      </trkpt>
      <trkpt lat="37.65827" lon="-122.49197">
        <ele>50.3</ele>
      </trkpt>
      <trkpt lat="37.65757" lon="-122.49183">
        <ele>53.5</ele>
      </trkpt>
      <trkpt lat="37.65729" lon="-122.4918">
        <ele>53.4</ele>
      </trkpt>
      <trkpt lat="37.65708" lon="-122.49181">
        <ele>52.9</ele>
      </trkpt>
      <trkpt lat="37.65685" lon="-122.49184">
        <ele>52.1</ele>
      </trkpt>
      <trkpt lat="37.65623" lon="-122.49195">
        <ele>47.7</ele>
      </trkpt>
      <trkpt lat="37.65597" lon="-122.49196">
        <ele>46.9</ele>
      </trkpt>
      <trkpt lat="37.6557" lon="-122.49193">
        <ele>46.8</ele>
      </trkpt>
      <trkpt lat="37.65556" lon="-122.4919">
        <ele>47.0</ele>
      </trkpt>
      <trkpt lat="37.65527" lon="-122.49179">
        <ele>46.8</ele>
      </trkpt>
      <trkpt lat="37.65511" lon="-122.49171">
        <ele>46.8</ele>
      </trkpt>
      <trkpt lat="37.65469" lon="-122.49145">
        <ele>43.4</ele>
      </trkpt>
      <trkpt lat="37.65426" lon="-122.49118">
        <ele>42.9</ele>
      </trkpt>
      <trkpt lat="37.65426" lon="-122.49118">
        <ele>42.9</ele>
      </trkpt>
      <trkpt lat="37.65399" lon="-122.49103">
        <ele>41.5</ele>
      </trkpt>
      <trkpt lat="37.65383" lon="-122.49096">
        <ele>39.8</ele>
      </trkpt>
      <trkpt lat="37.65345" lon="-122.49083">
        <ele>38.9</ele>
      </trkpt>
      <trkpt lat="37.65327" lon="-122.49079">
        <ele>38.9</ele>
      </trkpt>
      <trkpt lat="37.65297" lon="-122.49075">
        <ele>38.9</ele>
      </trkpt>
      <trkpt lat="37.65287" lon="-122.49075">
        <ele>38.9</ele>
      </trkpt>
      <trkpt lat="37.65277" lon="-122.49076">
        <ele>38.9</ele>
      </trkpt>
      <trkpt lat="37.65267" lon="-122.49078">
        <ele>38.9</ele>
      </trkpt>
      <trkpt lat="37.65234" lon="-122.49087">
        <ele>37.9</ele>
      </trkpt>
      <trkpt lat="37.6521" lon="-122.49088">
        <ele>35.2</ele>
      </trkpt>
      <trkpt lat="37.65178" lon="-122.49081">
        <ele>33.6</ele>
      </trkpt>
      <trkpt lat="37.65166" lon="-122.49084">
        <ele>33.3</ele>
      </trkpt>
      <trkpt lat="37.65133" lon="-122.49078">
        <ele>33.0</ele>
      </trkpt>
      <trkpt lat="37.65103" lon="-122.49076">
        <ele>32.9</ele>
      </trkpt>
      <trkpt lat="37.65016" lon="-122.49095">
        <ele>30.1</ele>
      </trkpt>
      <trkpt lat="37.64929" lon="-122.49114">
        <ele>28.3</ele>
      </trkpt>
      <trkpt lat="37.64879" lon="-122.49124">
        <ele>27.7</ele>
      </trkpt>
      <trkpt lat="37.64815" lon="-122.49142">
        <ele>27.1</ele>
      </trkpt>
      <trkpt lat="37.6475" lon="-122.49161">
        <ele>26.2</ele>
      </trkpt>
      <trkpt lat="37.64686" lon="-122.4918">
        <ele>24.2</ele>
      </trkpt>
      <trkpt lat="37.64639" lon="-122.49194">
        <ele>21.9</ele>
      </trkpt>
      <trkpt lat="37.64617" lon="-122.4921">
        <ele>26.0</ele>
      </trkpt>
      <trkpt lat="37.64598" lon="-122.49227">
        <ele>26.6</ele>
      </trkpt>
      <trkpt lat="37.64591" lon="-122.49237">
        <ele>26.3</ele>
      </trkpt>
      <trkpt lat="37.6458" lon="-122.49248">
        <ele>25.7</ele>
      </trkpt>
      <trkpt lat="37.6457" lon="-122.49256">
        <ele>25.4</ele>
      </trkpt>
      <trkpt lat="37.64559" lon="-122.49259">
        <ele>25.5</ele>
      </trkpt>
      <trkpt lat="37.64552" lon="-122.49263">
        <ele>25.3</ele>
      </trkpt>
      <trkpt lat="37.64542" lon="-122.49267">
        <ele>25.1</ele>
      </trkpt>
      <trkpt lat="37.64529" lon="-122.49269">
        <ele>25.1</ele>
      </trkpt>
      <trkpt lat="37.64512" lon="-122.4927">
        <ele>25.5</ele>
      </trkpt>
      <trkpt lat="37.6446" lon="-122.49269">
        <ele>25.6</ele>
      </trkpt>
      <trkpt lat="37.64409" lon="-122.49266">
        <ele>23.2</ele>
      </trkpt>
      <trkpt lat="37.64357" lon="-122.49264">
        <ele>21.6</ele>
      </trkpt>
      <trkpt lat="37.64276" lon="-122.4926">
        <ele>16.2</ele>
      </trkpt>
      <trkpt lat="37.64195" lon="-122.49256">
        <ele>14.1</ele>
      </trkpt>
      <trkpt lat="37.64114" lon="-122.49253">
        <ele>13.1</ele>
      </trkpt>
      <trkpt lat="37.64033" lon="-122.49249">
        <ele>12.6</ele>
      </trkpt>
      <trkpt lat="37.6395" lon="-122.49246">
        <ele>12.1</ele>
      </trkpt>
      <trkpt lat="37.63868" lon="-122.49244">
        <ele>12.1</ele>
      </trkpt>
      <trkpt lat="37.63819" lon="-122.49241">
        <ele>12.1</ele>
      </trkpt>
      <trkpt lat="37.63759" lon="-122.49232">
        <ele>12.2</ele>
      </trkpt>
      <trkpt lat="37.63699" lon="-122.49223">
        <ele>12.5</ele>
      </trkpt>
      <trkpt lat="37.63627" lon="-122.49217">
        <ele>12.4</ele>
      </trkpt>
      <trkpt lat="37.63556" lon="-122.49211">
        <ele>11.9</ele>
      </trkpt>
      <trkpt lat="37.63484" lon="-122.49205">
        <ele>11.1</ele>
      </trkpt>
      <trkpt lat="37.63465" lon="-122.49205">
        <ele>10.8</ele>
      </trkpt>
      <trkpt lat="37.63379" lon="-122.4921">
        <ele>9.3</ele>
      </trkpt>
      <trkpt lat="37.63338" lon="-122.49215">
        <ele>8.1</ele>
      </trkpt>
      <trkpt lat="37.63306" lon="-122.49226">
        <ele>6.9</ele>
      </trkpt>
      <trkpt lat="37.6329" lon="-122.49234">
        <ele>6.5</ele>
      </trkpt>
      <trkpt lat="37.63261" lon="-122.49251">
        <ele>5.3</ele>
      </trkpt>
      <trkpt lat="37.6325" lon="-122.49255">
        <ele>5.6</ele>
      </trkpt>
      <trkpt lat="37.63237" lon="-122.49257">
        <ele>7.1</ele>
      </trkpt>
      <trkpt lat="37.63237" lon="-122.49257">
        <ele>7.1</ele>
      </trkpt>
      <trkpt lat="37.63171" lon="-122.49257">
        <ele>6.3</ele>
      </trkpt>
      <trkpt lat="37.63104" lon="-122.49256">
        <ele>4.8</ele>
      </trkpt>
      <trkpt lat="37.63047" lon="-122.49257">
        <ele>3.9</ele>
      </trkpt>
      <trkpt lat="37.62989" lon="-122.49258">
        <ele>4.2</ele>
      </trkpt>
      <trkpt lat="37.62988" lon="-122.49258">
        <ele>4.2</ele>
      </trkpt>
      <trkpt lat="37.62988" lon="-122.49251">
        <ele>4.3</ele>
      </trkpt>
      <trkpt lat="37.62989" lon="-122.49244">
        <ele>4.3</ele>
      </trkpt>
      <trkpt lat="37.62989" lon="-122.49231">
        <ele>4.1</ele>
      </trkpt>
      <trkpt lat="37.62989" lon="-122.49195">
        <ele>3.9</ele>
      </trkpt>
      <trkpt lat="37.62989" lon="-122.49189">
        <ele>3.9</ele>
      </trkpt>
      <trkpt lat="37.62989" lon="-122.49183">
        <ele>3.9</ele>
      </trkpt>
      <trkpt lat="37.62989" lon="-122.49182">
        <ele>3.9</ele>
      </trkpt>
      <trkpt lat="37.62989" lon="-122.49169">
        <ele>3.9</ele>
      </trkpt>
      <trkpt lat="37.62989" lon="-122.49169">
        <ele>3.9</ele>
      </trkpt>
      <trkpt lat="37.62978" lon="-122.49155">
        <ele>3.9</ele>
      </trkpt>
      <trkpt lat="37.62977" lon="-122.49152">
        <ele>3.9</ele>
      </trkpt>
      <trkpt lat="37.62974" lon="-122.4915">
        <ele>3.9</ele>
      </trkpt>
      <trkpt lat="37.62969" lon="-122.49144">
        <ele>3.9</ele>
      </trkpt>
      <trkpt lat="37.62966" lon="-122.4914">
        <ele>3.9</ele>
      </trkpt>
      <trkpt lat="37.62964" lon="-122.49138">
        <ele>3.9</ele>
      </trkpt>
      <trkpt lat="37.62963" lon="-122.49136">
        <ele>3.9</ele>
      </trkpt>
      <trkpt lat="37.62961" lon="-122.49133">
        <ele>3.9</ele>
      </trkpt>
      <trkpt lat="37.6296" lon="-122.4913">
        <ele>3.9</ele>
      </trkpt>
      <trkpt lat="37.62952" lon="-122.49117">
        <ele>4.0</ele>
      </trkpt>
      <trkpt lat="37.62941" lon="-122.49103">
        <ele>4.3</ele>
      </trkpt>
      <trkpt lat="37.62922" lon="-122.49088">
        <ele>5.0</ele>
      </trkpt>
      <trkpt lat="37.62914" lon="-122.49083">
        <ele>5.4</ele>
      </trkpt>
      <trkpt lat="37.62898" lon="-122.49074">
        <ele>5.9</ele>
      </trkpt>
      <trkpt lat="37.62894" lon="-122.49072">
        <ele>5.9</ele>
      </trkpt>
      <trkpt lat="37.62891" lon="-122.4907">
        <ele>5.8</ele>
      </trkpt>
      <trkpt lat="37.62879" lon="-122.49066">
        <ele>6.2</ele>
      </trkpt>
      <trkpt lat="37.62871" lon="-122.49063">
        <ele>6.4</ele>
      </trkpt>
      <trkpt lat="37.62865" lon="-122.49061">
        <ele>6.4</ele>
      </trkpt>
      <trkpt lat="37.6286" lon="-122.49057">
        <ele>6.3</ele>
      </trkpt>
      <trkpt lat="37.62856" lon="-122.49053">
        <ele>6.3</ele>
      </trkpt>
      <trkpt lat="37.62851" lon="-122.49047">
        <ele>6.2</ele>
      </trkpt>
      <trkpt lat="37.62847" lon="-122.49038">
        <ele>5.8</ele>
      </trkpt>
      <trkpt lat="37.62847" lon="-122.49037">
        <ele>5.8</ele>
      </trkpt>
      <trkpt lat="37.62846" lon="-122.49035">
        <ele>5.7</ele>
      </trkpt>
      <trkpt lat="37.62841" lon="-122.49023">
        <ele>5.4</ele>
      </trkpt>
      <trkpt lat="37.62839" lon="-122.49018">
        <ele>5.3</ele>
      </trkpt>
      <trkpt lat="37.62838" lon="-122.49017">
        <ele>5.3</ele>
      </trkpt>
      <trkpt lat="37.62838" lon="-122.49016">
        <ele>5.3</ele>
      </trkpt>
      <trkpt lat="37.62829" lon="-122.48996">
        <ele>5.5</ele>
      </trkpt>
      <trkpt lat="37.62828" lon="-122.48991">
        <ele>5.6</ele>
      </trkpt>
      <trkpt lat="37.62825" lon="-122.48983">
        <ele>5.5</ele>
      </trkpt>
      <trkpt lat="37.62825" lon="-122.48976">
        <ele>5.3</ele>
      </trkpt>
      <trkpt lat="37.62825" lon="-122.48976">
        <ele>5.3</ele>
      </trkpt>
      <trkpt lat="37.62814" lon="-122.48975">
        <ele>6.0</ele>
      </trkpt>
      <trkpt lat="37.62781" lon="-122.48971">
        <ele>8.3</ele>
      </trkpt>
      <trkpt lat="37.62769" lon="-122.4897">
        <ele>8.3</ele>
      </trkpt>
      <trkpt lat="37.62765" lon="-122.48969">
        <ele>8.4</ele>
      </trkpt>
      <trkpt lat="37.62761" lon="-122.48968">
        <ele>8.4</ele>
      </trkpt>
      <trkpt lat="37.62749" lon="-122.48966">
        <ele>8.3</ele>
      </trkpt>
      <trkpt lat="37.62734" lon="-122.48963">
        <ele>8.1</ele>
      </trkpt>
      <trkpt lat="37.62722" lon="-122.48959">
        <ele>8.2</ele>
      </trkpt>
      <trkpt lat="37.62714" lon="-122.48956">
        <ele>8.2</ele>
      </trkpt>
      <trkpt lat="37.62712" lon="-122.48955">
        <ele>8.2</ele>
      </trkpt>
      <trkpt lat="37.62685" lon="-122.48944">
        <ele>8.4</ele>
      </trkpt>
      <trkpt lat="37.62678" lon="-122.48941">
        <ele>8.5</ele>
      </trkpt>
      <trkpt lat="37.62676" lon="-122.4894">
        <ele>8.5</ele>
      </trkpt>
      <trkpt lat="37.62663" lon="-122.48933">
        <ele>8.8</ele>
      </trkpt>
      <trkpt lat="37.62656" lon="-122.48929">
        <ele>9.0</ele>
      </trkpt>
      <trkpt lat="37.62653" lon="-122.48927">
        <ele>9.1</ele>
      </trkpt>
      <trkpt lat="37.62647" lon="-122.48924">
        <ele>9.2</ele>
      </trkpt>
      <trkpt lat="37.62639" lon="-122.48918">
        <ele>9.6</ele>
      </trkpt>
      <trkpt lat="37.62635" lon="-122.48915">
        <ele>9.9</ele>
      </trkpt>
      <trkpt lat="37.62611" lon="-122.48887">
        <ele>13.1</ele>
      </trkpt>
      <trkpt lat="37.62603" lon="-122.4888">
        <ele>13.5</ele>
      </trkpt>
      <trkpt lat="37.62598" lon="-122.48876">
        <ele>13.8</ele>
      </trkpt>
      <trkpt lat="37.62587" lon="-122.48865">
        <ele>14.6</ele>
      </trkpt>
      <trkpt lat="37.62583" lon="-122.48861">
        <ele>14.7</ele>
      </trkpt>
      <trkpt lat="37.62578" lon="-122.48855">
        <ele>15.0</ele>
      </trkpt>
      <trkpt lat="37.62574" lon="-122.4885">
        <ele>15.1</ele>
      </trkpt>
      <trkpt lat="37.62571" lon="-122.48847">
        <ele>14.5</ele>
      </trkpt>
      <trkpt lat="37.62567" lon="-122.48843">
        <ele>13.9</ele>
      </trkpt>
      <trkpt lat="37.62561" lon="-122.48836">
        <ele>13.2</ele>
      </trkpt>
      <trkpt lat="37.62561" lon="-122.48836">
        <ele>13.2</ele>
      </trkpt>
      <trkpt lat="37.62554" lon="-122.48827">
        <ele>13.4</ele>
      </trkpt>
      <trkpt lat="37.6255" lon="-122.48822">
        <ele>13.6</ele>
      </trkpt>
      <trkpt lat="37.62545" lon="-122.48817">
        <ele>13.7</ele>
      </trkpt>
      <trkpt lat="37.62538" lon="-122.48809">
        <ele>13.9</ele>
      </trkpt>
      <trkpt lat="37.62535" lon="-122.48805">
        <ele>14.1</ele>
      </trkpt>
      <trkpt lat="37.62534" lon="-122.48804">
        <ele>14.1</ele>
      </trkpt>
      <trkpt lat="37.62516" lon="-122.48786">
        <ele>15.0</ele>
      </trkpt>
      <trkpt lat="37.62515" lon="-122.48784">
        <ele>15.1</ele>
      </trkpt>
      <trkpt lat="37.62505" lon="-122.48775">
        <ele>15.7</ele>
      </trkpt>
      <trkpt lat="37.62497" lon="-122.48767">
        <ele>16.2</ele>
      </trkpt>
      <trkpt lat="37.62469" lon="-122.48742">
        <ele>16.6</ele>
      </trkpt>
      <trkpt lat="37.62458" lon="-122.48732">
        <ele>16.7</ele>
      </trkpt>
      <trkpt lat="37.62452" lon="-122.48727">
        <ele>16.8</ele>
      </trkpt>
      <trkpt lat="37.62449" lon="-122.48725">
        <ele>16.8</ele>
      </trkpt>
      <trkpt lat="37.62447" lon="-122.48722">
        <ele>16.9</ele>
      </trkpt>
      <trkpt lat="37.62445" lon="-122.48721">
        <ele>16.9</ele>
      </trkpt>
      <trkpt lat="37.62443" lon="-122.48719">
        <ele>16.9</ele>
      </trkpt>
      <trkpt lat="37.62401" lon="-122.48682">
        <ele>16.7</ele>
      </trkpt>
      <trkpt lat="37.62366" lon="-122.4865">
        <ele>16.4</ele>
      </trkpt>
      <trkpt lat="37.62367" lon="-122.48648">
        <ele>16.6</ele>
      </trkpt>
      <trkpt lat="37.62367" lon="-122.48648">
        <ele>16.6</ele>
      </trkpt>
      <trkpt lat="37.62345" lon="-122.48627">
        <ele>16.4</ele>
      </trkpt>
      <trkpt lat="37.62285" lon="-122.48573">
        <ele>16.2</ele>
      </trkpt>
      <trkpt lat="37.62266" lon="-122.48558">
        <ele>16.4</ele>
      </trkpt>
      <trkpt lat="37.62252" lon="-122.48552">
        <ele>16.4</ele>
      </trkpt>
      <trkpt lat="37.62238" lon="-122.48547">
        <ele>16.3</ele>
      </trkpt>
      <trkpt lat="37.62226" lon="-122.48546">
        <ele>16.3</ele>
      </trkpt>
      <trkpt lat="37.62213" lon="-122.48549">
        <ele>16.3</ele>
      </trkpt>
      <trkpt lat="37.62199" lon="-122.48556">
        <ele>15.8</ele>
      </trkpt>
      <trkpt lat="37.62172" lon="-122.48575">
        <ele>15.5</ele>
      </trkpt>
      <trkpt lat="37.62153" lon="-122.4858">
        <ele>15.4</ele>
      </trkpt>
      <trkpt lat="37.6212" lon="-122.48582">
        <ele>15.4</ele>
      </trkpt>
      <trkpt lat="37.6212" lon="-122.48582">
        <ele>15.4</ele>
      </trkpt>
      <trkpt lat="37.62066" lon="-122.48585">
        <ele>15.5</ele>
      </trkpt>
      <trkpt lat="37.62022" lon="-122.48585">
        <ele>15.6</ele>
      </trkpt>
      <trkpt lat="37.61953" lon="-122.48587">
        <ele>17.4</ele>
      </trkpt>
      <trkpt lat="37.61945" lon="-122.48591">
        <ele>17.5</ele>
      </trkpt>
      <trkpt lat="37.61939" lon="-122.48596">
        <ele>17.6</ele>
      </trkpt>
      <trkpt lat="37.61935" lon="-122.48604">
        <ele>17.3</ele>
      </trkpt>
      <trkpt lat="37.61926" lon="-122.48635">
        <ele>16.9</ele>
      </trkpt>
      <trkpt lat="37.61921" lon="-122.48641">
        <ele>17.6</ele>
      </trkpt>
      <trkpt lat="37.61928" lon="-122.4868">
        <ele>17.8</ele>
      </trkpt>
      <trkpt lat="37.61931" lon="-122.48698">
        <ele>16.9</ele>
      </trkpt>
      <trkpt lat="37.61931" lon="-122.48698">
        <ele>16.9</ele>
      </trkpt>
      <trkpt lat="37.61928" lon="-122.4868">
        <ele>17.8</ele>
      </trkpt>
      <trkpt lat="37.61921" lon="-122.48641">
        <ele>17.6</ele>
      </trkpt>
      <trkpt lat="37.61916" lon="-122.4864">
        <ele>18.1</ele>
      </trkpt>
      <trkpt lat="37.6191" lon="-122.48636">
        <ele>19.3</ele>
      </trkpt>
      <trkpt lat="37.61853" lon="-122.48578">
        <ele>24.9</ele>
      </trkpt>
      <trkpt lat="37.61844" lon="-122.48564">
        <ele>26.2</ele>
      </trkpt>
      <trkpt lat="37.61844" lon="-122.48564">
        <ele>26.2</ele>
      </trkpt>
      <trkpt lat="37.61837" lon="-122.48562">
        <ele>26.9</ele>
      </trkpt>
      <trkpt lat="37.61832" lon="-122.48553">
        <ele>27.5</ele>
      </trkpt>
      <trkpt lat="37.61827" lon="-122.48549">
        <ele>27.9</ele>
      </trkpt>
      <trkpt lat="37.61824" lon="-122.48547">
        <ele>28.2</ele>
      </trkpt>
      <trkpt lat="37.61818" lon="-122.48548">
        <ele>28.8</ele>
      </trkpt>
      <trkpt lat="37.61801" lon="-122.48545">
        <ele>30.3</ele>
      </trkpt>
      <trkpt lat="37.61782" lon="-122.48545">
        <ele>31.0</ele>
      </trkpt>
      <trkpt lat="37.61696" lon="-122.48547">
        <ele>30.6</ele>
      </trkpt>
      <trkpt lat="37.6167" lon="-122.48549">
        <ele>30.9</ele>
      </trkpt>
      <trkpt lat="37.61634" lon="-122.48556">
        <ele>31.3</ele>
      </trkpt>
      <trkpt lat="37.61615" lon="-122.4856">
        <ele>31.8</ele>
      </trkpt>
      <trkpt lat="37.61579" lon="-122.48574">
        <ele>30.9</ele>
      </trkpt>
      <trkpt lat="37.61559" lon="-122.48583">
        <ele>29.3</ele>
      </trkpt>
      <trkpt lat="37.61516" lon="-122.48607">
        <ele>25.8</ele>
      </trkpt>
      <trkpt lat="37.615" lon="-122.48618">
        <ele>24.5</ele>
      </trkpt>
      <trkpt lat="37.6147" lon="-122.4864">
        <ele>24.3</ele>
      </trkpt>
      <trkpt lat="37.61441" lon="-122.48668">
        <ele>23.6</ele>
      </trkpt>
      <trkpt lat="37.6142" lon="-122.48693">
        <ele>24.0</ele>
      </trkpt>
      <trkpt lat="37.61399" lon="-122.48721">
        <ele>24.0</ele>
      </trkpt>
      <trkpt lat="37.61396" lon="-122.48725">
        <ele>23.9</ele>
      </trkpt>
      <trkpt lat="37.61397" lon="-122.48739">
        <ele>23.5</ele>
      </trkpt>
      <trkpt lat="37.614" lon="-122.4875">
        <ele>23.2</ele>
      </trkpt>
      <trkpt lat="37.61406" lon="-122.48764">
        <ele>22.6</ele>
      </trkpt>
      <trkpt lat="37.6142" lon="-122.48791">
        <ele>21.4</ele>
      </trkpt>
      <trkpt lat="37.61422" lon="-122.48797">
        <ele>21.2</ele>
      </trkpt>
      <trkpt lat="37.61422" lon="-122.48802">
        <ele>21.0</ele>
      </trkpt>
      <trkpt lat="37.61422" lon="-122.48802">
        <ele>21.0</ele>
      </trkpt>
      <trkpt lat="37.6142" lon="-122.4881">
        <ele>20.9</ele>
      </trkpt>
      <trkpt lat="37.61408" lon="-122.48832">
        <ele>20.4</ele>
      </trkpt>
      <trkpt lat="37.61401" lon="-122.48848">
        <ele>20.0</ele>
      </trkpt>
      <trkpt lat="37.61395" lon="-122.48865">
        <ele>19.6</ele>
      </trkpt>
      <trkpt lat="37.61394" lon="-122.48883">
        <ele>19.2</ele>
      </trkpt>
      <trkpt lat="37.61397" lon="-122.48901">
        <ele>18.8</ele>
      </trkpt>
      <trkpt lat="37.61402" lon="-122.48913">
        <ele>18.6</ele>
      </trkpt>
      <trkpt lat="37.61407" lon="-122.48919">
        <ele>18.6</ele>
      </trkpt>
      <trkpt lat="37.6142" lon="-122.48928">
        <ele>18.1</ele>
      </trkpt>
      <trkpt lat="37.61464" lon="-122.48949">
        <ele>18.1</ele>
      </trkpt>
      <trkpt lat="37.61473" lon="-122.48957">
        <ele>17.9</ele>
      </trkpt>
      <trkpt lat="37.61481" lon="-122.48973">
        <ele>17.6</ele>
      </trkpt>
      <trkpt lat="37.61485" lon="-122.4899">
        <ele>17.3</ele>
      </trkpt>
      <trkpt lat="37.61488" lon="-122.49008">
        <ele>17.3</ele>
      </trkpt>
      <trkpt lat="37.61489" lon="-122.49059">
        <ele>18.0</ele>
      </trkpt>
      <trkpt lat="37.61483" lon="-122.49132">
        <ele>18.0</ele>
      </trkpt>
      <trkpt lat="37.6148" lon="-122.49155">
        <ele>17.9</ele>
      </trkpt>
      <trkpt lat="37.61475" lon="-122.49167">
        <ele>17.7</ele>
      </trkpt>
      <trkpt lat="37.61468" lon="-122.49179">
        <ele>17.3</ele>
      </trkpt>
      <trkpt lat="37.61461" lon="-122.49188">
        <ele>16.9</ele>
      </trkpt>
      <trkpt lat="37.61422" lon="-122.4923">
        <ele>15.7</ele>
      </trkpt>
      <trkpt lat="37.61383" lon="-122.49272">
        <ele>14.5</ele>
      </trkpt>
      <trkpt lat="37.61378" lon="-122.49279">
        <ele>14.4</ele>
      </trkpt>
      <trkpt lat="37.61372" lon="-122.49291">
        <ele>14.5</ele>
      </trkpt>
      <trkpt lat="37.61367" lon="-122.49311">
        <ele>15.8</ele>
      </trkpt>
      <trkpt lat="37.61362" lon="-122.49317">
        <ele>16.3</ele>
      </trkpt>
      <trkpt lat="37.61357" lon="-122.49321">
        <ele>16.5</ele>
      </trkpt>
      <trkpt lat="37.61334" lon="-122.49327">
        <ele>14.3</ele>
      </trkpt>
      <trkpt lat="37.61314" lon="-122.49337">
        <ele>13.8</ele>
      </trkpt>
      <trkpt lat="37.61264" lon="-122.49357">
        <ele>12.6</ele>
      </trkpt>
      <trkpt lat="37.61252" lon="-122.49366">
        <ele>12.1</ele>
      </trkpt>
      <trkpt lat="37.61238" lon="-122.49382">
        <ele>11.4</ele>
      </trkpt>
      <trkpt lat="37.61235" lon="-122.49387">
        <ele>11.4</ele>
      </trkpt>
      <trkpt lat="37.61203" lon="-122.49435">
        <ele>8.7</ele>
      </trkpt>
      <trkpt lat="37.61172" lon="-122.49484">
        <ele>8.1</ele>
      </trkpt>
      <trkpt lat="37.61141" lon="-122.49533">
        <ele>5.5</ele>
      </trkpt>
      <trkpt lat="37.61128" lon="-122.49548">
        <ele>5.5</ele>
      </trkpt>
      <trkpt lat="37.61099" lon="-122.49575">
        <ele>4.7</ele>
      </trkpt>
      <trkpt lat="37.61112" lon="-122.49613">
        <ele>4.8</ele>
      </trkpt>
      <trkpt lat="37.61084" lon="-122.49628">
        <ele>4.2</ele>
      </trkpt>
      <trkpt lat="37.61065" lon="-122.49579">
        <ele>4.5</ele>
      </trkpt>
      <trkpt lat="37.61065" lon="-122.49579">
        <ele>4.5</ele>
      </trkpt>
      <trkpt lat="37.61057" lon="-122.49566">
        <ele>5.1</ele>
      </trkpt>
      <trkpt lat="37.61055" lon="-122.4956">
        <ele>5.3</ele>
      </trkpt>
      <trkpt lat="37.61035" lon="-122.49508">
        <ele>7.7</ele>
      </trkpt>
      <trkpt lat="37.60977" lon="-122.4958">
        <ele>7.7</ele>
      </trkpt>
      <trkpt lat="37.60919" lon="-122.49651">
        <ele>7.8</ele>
      </trkpt>
      <trkpt lat="37.60914" lon="-122.49656">
        <ele>7.7</ele>
      </trkpt>
      <trkpt lat="37.60867" lon="-122.49688">
        <ele>6.9</ele>
      </trkpt>
      <trkpt lat="37.60866" lon="-122.49693">
        <ele>6.8</ele>
      </trkpt>
      <trkpt lat="37.60864" lon="-122.49695">
        <ele>6.8</ele>
      </trkpt>
      <trkpt lat="37.60847" lon="-122.49692">
        <ele>6.5</ele>
      </trkpt>
      <trkpt lat="37.60834" lon="-122.49687">
        <ele>6.3</ele>
      </trkpt>
      <trkpt lat="37.60806" lon="-122.49762">
        <ele>5.4</ele>
      </trkpt>
      <trkpt lat="37.60782" lon="-122.49773">
        <ele>6.6</ele>
      </trkpt>
      <trkpt lat="37.6078" lon="-122.49771">
        <ele>6.6</ele>
      </trkpt>
      <trkpt lat="37.60779" lon="-122.49768">
        <ele>6.5</ele>
      </trkpt>
      <trkpt lat="37.60781" lon="-122.49762">
        <ele>6.3</ele>
      </trkpt>
      <trkpt lat="37.60781" lon="-122.49759">
        <ele>6.3</ele>
      </trkpt>
      <trkpt lat="37.60779" lon="-122.49755">
        <ele>6.4</ele>
      </trkpt>
      <trkpt lat="37.60777" lon="-122.49755">
        <ele>6.5</ele>
      </trkpt>
      <trkpt lat="37.60735" lon="-122.49795">
        <ele>10.4</ele>
      </trkpt>
      <trkpt lat="37.60733" lon="-122.49798">
        <ele>10.8</ele>
      </trkpt>
      <trkpt lat="37.60733" lon="-122.49826">
        <ele>12.1</ele>
      </trkpt>
      <trkpt lat="37.60732" lon="-122.49828">
        <ele>12.5</ele>
      </trkpt>
      <trkpt lat="37.6073" lon="-122.49828">
        <ele>13.0</ele>
      </trkpt>
      <trkpt lat="37.60729" lon="-122.49824">
        <ele>13.0</ele>
      </trkpt>
      <trkpt lat="37.60724" lon="-122.49806">
        <ele>12.8</ele>
      </trkpt>
      <trkpt lat="37.60723" lon="-122.49805">
        <ele>13.0</ele>
      </trkpt>
      <trkpt lat="37.60721" lon="-122.49806">
        <ele>13.4</ele>
      </trkpt>
      <trkpt lat="37.60721" lon="-122.49829">
        <ele>15.5</ele>
      </trkpt>
      <trkpt lat="37.60721" lon="-122.49831">
        <ele>15.7</ele>
      </trkpt>
      <trkpt lat="37.60718" lon="-122.49831">
        <ele>16.4</ele>
      </trkpt>
      <trkpt lat="37.60712" lon="-122.49809">
        <ele>15.5</ele>
      </trkpt>
      <trkpt lat="37.6071" lon="-122.49809">
        <ele>15.8</ele>
      </trkpt>
      <trkpt lat="37.60709" lon="-122.49811">
        <ele>16.2</ele>
      </trkpt>
      <trkpt lat="37.60709" lon="-122.49831">
        <ele>18.6</ele>
      </trkpt>
      <trkpt lat="37.60709" lon="-122.49834">
        <ele>18.9</ele>
      </trkpt>
      <trkpt lat="37.60708" lon="-122.49834">
        <ele>19.2</ele>
      </trkpt>
      <trkpt lat="37.60706" lon="-122.4983">
        <ele>19.2</ele>
      </trkpt>
      <trkpt lat="37.607" lon="-122.49812">
        <ele>18.2</ele>
      </trkpt>
      <trkpt lat="37.60699" lon="-122.49811">
        <ele>18.3</ele>
      </trkpt>
      <trkpt lat="37.60698" lon="-122.49811">
        <ele>18.5</ele>
      </trkpt>
      <trkpt lat="37.60697" lon="-122.49815">
        <ele>19.5</ele>
      </trkpt>
      <trkpt lat="37.60698" lon="-122.49837">
        <ele>22.3</ele>
      </trkpt>
      <trkpt lat="37.60697" lon="-122.49839">
        <ele>22.7</ele>
      </trkpt>
      <trkpt lat="37.60694" lon="-122.49837">
        <ele>23.4</ele>
      </trkpt>
      <trkpt lat="37.60689" lon="-122.49813">
        <ele>21.1</ele>
      </trkpt>
      <trkpt lat="37.60687" lon="-122.49813">
        <ele>21.6</ele>
      </trkpt>
      <trkpt lat="37.60686" lon="-122.49816">
        <ele>22.3</ele>
      </trkpt>
      <trkpt lat="37.60688" lon="-122.49838">
        <ele>25.2</ele>
      </trkpt>
      <trkpt lat="37.60688" lon="-122.49839">
        <ele>25.3</ele>
      </trkpt>
      <trkpt lat="37.60687" lon="-122.49839">
        <ele>25.6</ele>
      </trkpt>
      <trkpt lat="37.60685" lon="-122.49835">
        <ele>25.8</ele>
      </trkpt>
      <trkpt lat="37.60677" lon="-122.4981">
        <ele>23.8</ele>
      </trkpt>
      <trkpt lat="37.60675" lon="-122.49808">
        <ele>24.1</ele>
      </trkpt>
      <trkpt lat="37.60673" lon="-122.4981">
        <ele>25.2</ele>
      </trkpt>
      <trkpt lat="37.60675" lon="-122.4983">
        <ele>28.0</ele>
      </trkpt>
      <trkpt lat="37.60672" lon="-122.49831">
        <ele>29.2</ele>
      </trkpt>
      <trkpt lat="37.60665" lon="-122.49826">
        <ele>30.7</ele>
      </trkpt>
      <trkpt lat="37.6066" lon="-122.49825">
        <ele>32.4</ele>
      </trkpt>
      <trkpt lat="37.6066" lon="-122.49825">
        <ele>32.4</ele>
      </trkpt>
      <trkpt lat="37.60649" lon="-122.49826">
        <ele>36.5</ele>
      </trkpt>
      <trkpt lat="37.60599" lon="-122.4985">
        <ele>44.5</ele>
      </trkpt>
      <trkpt lat="37.60572" lon="-122.49859">
        <ele>50.1</ele>
      </trkpt>
      <trkpt lat="37.60542" lon="-122.49867">
        <ele>46.0</ele>
      </trkpt>
      <trkpt lat="37.60513" lon="-122.49872">
        <ele>43.2</ele>
      </trkpt>
      <trkpt lat="37.60498" lon="-122.49878">
        <ele>37.8</ele>
      </trkpt>
      <trkpt lat="37.60493" lon="-122.4988">
        <ele>36.4</ele>
      </trkpt>
      <trkpt lat="37.60491" lon="-122.49881">
        <ele>35.8</ele>
      </trkpt>
      <trkpt lat="37.60491" lon="-122.49884">
        <ele>35.6</ele>
      </trkpt>
      <trkpt lat="37.60495" lon="-122.49892">
        <ele>36.3</ele>
      </trkpt>
      <trkpt lat="37.60497" lon="-122.49897">
        <ele>36.9</ele>
      </trkpt>
      <trkpt lat="37.60497" lon="-122.49903">
        <ele>37.1</ele>
      </trkpt>
      <trkpt lat="37.60494" lon="-122.49907">
        <ele>36.1</ele>
      </trkpt>
      <trkpt lat="37.60484" lon="-122.49918">
        <ele>32.2</ele>
      </trkpt>
      <trkpt lat="37.60482" lon="-122.49923">
        <ele>31.5</ele>
      </trkpt>
      <trkpt lat="37.60474" lon="-122.49961">
        <ele>30.1</ele>
      </trkpt>
      <trkpt lat="37.60473" lon="-122.49963">
        <ele>29.6</ele>
      </trkpt>
      <trkpt lat="37.60471" lon="-122.49963">
        <ele>28.8</ele>
      </trkpt>
      <trkpt lat="37.60469" lon="-122.49962">
        <ele>28.1</ele>
      </trkpt>
      <trkpt lat="37.60467" lon="-122.49955">
        <ele>27.8</ele>
      </trkpt>
      <trkpt lat="37.60466" lon="-122.49945">
        <ele>27.4</ele>
      </trkpt>
      <trkpt lat="37.60467" lon="-122.49923">
        <ele>26.5</ele>
      </trkpt>
      <trkpt lat="37.60466" lon="-122.4992">
        <ele>26.0</ele>
      </trkpt>
      <trkpt lat="37.60464" lon="-122.49915">
        <ele>25.1</ele>
      </trkpt>
      <trkpt lat="37.60461" lon="-122.49912">
        <ele>24.2</ele>
      </trkpt>
      <trkpt lat="37.60452" lon="-122.49907">
        <ele>22.5</ele>
      </trkpt>
      <trkpt lat="37.60437" lon="-122.49901">
        <ele>22.4</ele>
      </trkpt>
      <trkpt lat="37.60377" lon="-122.4989">
        <ele>19.2</ele>
      </trkpt>
      <trkpt lat="37.60307" lon="-122.49872">
        <ele>14.4</ele>
      </trkpt>
      <trkpt lat="37.60281" lon="-122.49868">
        <ele>11.1</ele>
      </trkpt>
      <trkpt lat="37.60281" lon="-122.49868">
        <ele>11.1</ele>
      </trkpt>
      <trkpt lat="37.60237" lon="-122.4986">
        <ele>6.3</ele>
      </trkpt>
      <trkpt lat="37.60211" lon="-122.49857">
        <ele>5.6</ele>
      </trkpt>
      <trkpt lat="37.60163" lon="-122.49863">
        <ele>7.1</ele>
      </trkpt>
      <trkpt lat="37.60154" lon="-122.49868">
        <ele>6.7</ele>
      </trkpt>
      <trkpt lat="37.6015" lon="-122.49872">
        <ele>6.3</ele>
      </trkpt>
      <trkpt lat="37.60146" lon="-122.49877">
        <ele>5.6</ele>
      </trkpt>
      <trkpt lat="37.60137" lon="-122.49903">
        <ele>4.4</ele>
      </trkpt>
      <trkpt lat="37.60135" lon="-122.49907">
        <ele>4.2</ele>
      </trkpt>
      <trkpt lat="37.60132" lon="-122.49911">
        <ele>4.2</ele>
      </trkpt>
      <trkpt lat="37.60127" lon="-122.49914">
        <ele>4.4</ele>
      </trkpt>
      <trkpt lat="37.60118" lon="-122.49919">
        <ele>4.8</ele>
      </trkpt>
      <trkpt lat="37.60111" lon="-122.49921">
        <ele>5.8</ele>
      </trkpt>
      <trkpt lat="37.6008" lon="-122.49928">
        <ele>9.4</ele>
      </trkpt>
      <trkpt lat="37.60067" lon="-122.49932">
        <ele>9.0</ele>
      </trkpt>
      <trkpt lat="37.6004" lon="-122.49946">
        <ele>7.2</ele>
      </trkpt>
      <trkpt lat="37.60031" lon="-122.49952">
        <ele>6.8</ele>
      </trkpt>
      <trkpt lat="37.60018" lon="-122.49964">
        <ele>5.9</ele>
      </trkpt>
      <trkpt lat="37.59971" lon="-122.50017">
        <ele>5.6</ele>
      </trkpt>
      <trkpt lat="37.59943" lon="-122.50045">
        <ele>4.3</ele>
      </trkpt>
      <trkpt lat="37.5993" lon="-122.50061">
        <ele>4.0</ele>
      </trkpt>
      <trkpt lat="37.59922" lon="-122.50077">
        <ele>4.1</ele>
      </trkpt>
      <trkpt lat="37.59904" lon="-122.50098">
        <ele>4.3</ele>
      </trkpt>
      <trkpt lat="37.59897" lon="-122.50106">
        <ele>4.3</ele>
      </trkpt>
      <trkpt lat="37.59887" lon="-122.50116">
        <ele>4.3</ele>
      </trkpt>
      <trkpt lat="37.59879" lon="-122.50121">
        <ele>4.3</ele>
      </trkpt>
      <trkpt lat="37.59866" lon="-122.50134">
        <ele>4.3</ele>
      </trkpt>
      <trkpt lat="37.59849" lon="-122.50158">
        <ele>5.2</ele>
      </trkpt>
      <trkpt lat="37.59844" lon="-122.50164">
        <ele>5.4</ele>
      </trkpt>
      <trkpt lat="37.59834" lon="-122.50174">
        <ele>5.9</ele>
      </trkpt>
      <trkpt lat="37.5983" lon="-122.50178">
        <ele>6.2</ele>
      </trkpt>
      <trkpt lat="37.59825" lon="-122.50187">
        <ele>6.6</ele>
      </trkpt>
      <trkpt lat="37.59823" lon="-122.50194">
        <ele>6.8</ele>
      </trkpt>
      <trkpt lat="37.59822" lon="-122.50211">
        <ele>7.0</ele>
      </trkpt>
      <trkpt lat="37.59824" lon="-122.50222">
        <ele>7.2</ele>
      </trkpt>
      <trkpt lat="37.59824" lon="-122.50224">
        <ele>7.2</ele>
      </trkpt>
      <trkpt lat="37.59823" lon="-122.50227">
        <ele>7.3</ele>
      </trkpt>
      <trkpt lat="37.59812" lon="-122.50233">
        <ele>7.7</ele>
      </trkpt>
      <trkpt lat="37.59808" lon="-122.50237">
        <ele>7.8</ele>
      </trkpt>
      <trkpt lat="37.59788" lon="-122.50261">
        <ele>8.3</ele>
      </trkpt>
      <trkpt lat="37.5977" lon="-122.50277">
        <ele>8.4</ele>
      </trkpt>
      <trkpt lat="37.59757" lon="-122.50294">
        <ele>8.5</ele>
      </trkpt>
      <trkpt lat="37.59738" lon="-122.50314">
        <ele>8.3</ele>
      </trkpt>
      <trkpt lat="37.59727" lon="-122.50332">
        <ele>8.1</ele>
      </trkpt>
      <trkpt lat="37.59725" lon="-122.50338">
        <ele>8.2</ele>
      </trkpt>
      <trkpt lat="37.59725" lon="-122.50341">
        <ele>8.2</ele>
      </trkpt>
      <trkpt lat="37.59726" lon="-122.50346">
        <ele>8.3</ele>
      </trkpt>
      <trkpt lat="37.59721" lon="-122.50352">
        <ele>8.1</ele>
      </trkpt>
      <trkpt lat="37.59716" lon="-122.50352">
        <ele>8.0</ele>
      </trkpt>
      <trkpt lat="37.59714" lon="-122.50353">
        <ele>8.0</ele>
      </trkpt>
      <trkpt lat="37.59714" lon="-122.50356">
        <ele>8.0</ele>
      </trkpt>
      <trkpt lat="37.59712" lon="-122.50358">
        <ele>8.0</ele>
      </trkpt>
      <trkpt lat="37.59708" lon="-122.50362">
        <ele>7.9</ele>
      </trkpt>
      <trkpt lat="37.59705" lon="-122.50362">
        <ele>7.7</ele>
      </trkpt>
      <trkpt lat="37.59703" lon="-122.5036">
        <ele>7.6</ele>
      </trkpt>
      <trkpt lat="37.59679" lon="-122.50324">
        <ele>5.7</ele>
      </trkpt>
      <trkpt lat="37.59666" lon="-122.50309">
        <ele>5.7</ele>
      </trkpt>
      <trkpt lat="37.5963" lon="-122.50346">
        <ele>5.7</ele>
      </trkpt>
      <trkpt lat="37.59594" lon="-122.50384">
        <ele>5.7</ele>
      </trkpt>
      <trkpt lat="37.59594" lon="-122.50384">
        <ele>5.7</ele>
      </trkpt>
      <trkpt lat="37.59537" lon="-122.50442">
        <ele>5.7</ele>
      </trkpt>
      <trkpt lat="37.59481" lon="-122.50504">
        <ele>6.9</ele>
      </trkpt>
      <trkpt lat="37.59447" lon="-122.50539">
        <ele>7.6</ele>
      </trkpt>
      <trkpt lat="37.59428" lon="-122.50558">
        <ele>8.1</ele>
      </trkpt>
      <trkpt lat="37.59417" lon="-122.50568">
        <ele>7.9</ele>
      </trkpt>
      <trkpt lat="37.59397" lon="-122.50579">
        <ele>6.9</ele>
      </trkpt>
      <trkpt lat="37.59383" lon="-122.50585">
        <ele>5.9</ele>
      </trkpt>
      <trkpt lat="37.59366" lon="-122.50588">
        <ele>5.2</ele>
      </trkpt>
      <trkpt lat="37.59351" lon="-122.5059">
        <ele>4.0</ele>
      </trkpt>
      <trkpt lat="37.5933" lon="-122.50588">
        <ele>3.3</ele>
      </trkpt>
      <trkpt lat="37.59316" lon="-122.50585">
        <ele>4.7</ele>
      </trkpt>
      <trkpt lat="37.59299" lon="-122.50578">
        <ele>8.3</ele>
      </trkpt>
      <trkpt lat="37.59285" lon="-122.5057">
        <ele>11.1</ele>
      </trkpt>
      <trkpt lat="37.59259" lon="-122.50548">
        <ele>11.5</ele>
      </trkpt>
      <trkpt lat="37.59207" lon="-122.50504">
        <ele>20.4</ele>
      </trkpt>
      <trkpt lat="37.59156" lon="-122.50459">
        <ele>27.3</ele>
      </trkpt>
      <trkpt lat="37.59118" lon="-122.50427">
        <ele>33.0</ele>
      </trkpt>
      <trkpt lat="37.591" lon="-122.50413">
        <ele>32.9</ele>
      </trkpt>
      <trkpt lat="37.59089" lon="-122.50405">
        <ele>32.9</ele>
      </trkpt>
      <trkpt lat="37.59076" lon="-122.50398">
        <ele>33.4</ele>
      </trkpt>
      <trkpt lat="37.5906" lon="-122.50393">
        <ele>33.9</ele>
      </trkpt>
      <trkpt lat="37.59051" lon="-122.5039">
        <ele>33.8</ele>
      </trkpt>
      <trkpt lat="37.59037" lon="-122.50389">
        <ele>34.1</ele>
      </trkpt>
      <trkpt lat="37.59025" lon="-122.5039">
        <ele>34.2</ele>
      </trkpt>
      <trkpt lat="37.59007" lon="-122.50395">
        <ele>34.8</ele>
      </trkpt>
      <trkpt lat="37.58988" lon="-122.50405">
        <ele>37.6</ele>
      </trkpt>
      <trkpt lat="37.58971" lon="-122.50418">
        <ele>40.5</ele>
      </trkpt>
      <trkpt lat="37.58932" lon="-122.50461">
        <ele>41.7</ele>
      </trkpt>
      <trkpt lat="37.58893" lon="-122.50504">
        <ele>48.4</ele>
      </trkpt>
      <trkpt lat="37.58878" lon="-122.50518">
        <ele>50.8</ele>
      </trkpt>
      <trkpt lat="37.58866" lon="-122.50526">
        <ele>51.7</ele>
      </trkpt>
      <trkpt lat="37.58852" lon="-122.50532">
        <ele>51.9</ele>
      </trkpt>
      <trkpt lat="37.58838" lon="-122.50536">
        <ele>51.4</ele>
      </trkpt>
      <trkpt lat="37.58826" lon="-122.50537">
        <ele>50.8</ele>
      </trkpt>
      <trkpt lat="37.5881" lon="-122.50536">
        <ele>49.8</ele>
      </trkpt>
      <trkpt lat="37.58797" lon="-122.50533">
        <ele>49.1</ele>
      </trkpt>
      <trkpt lat="37.58785" lon="-122.50527">
        <ele>50.1</ele>
      </trkpt>
      <trkpt lat="37.58773" lon="-122.50521">
        <ele>53.9</ele>
      </trkpt>
      <trkpt lat="37.58759" lon="-122.50509">
        <ele>55.6</ele>
      </trkpt>
      <trkpt lat="37.58693" lon="-122.50446">
        <ele>64.8</ele>
      </trkpt>
      <trkpt lat="37.58682" lon="-122.50438">
        <ele>65.5</ele>
      </trkpt>
      <trkpt lat="37.58672" lon="-122.50432">
        <ele>66.4</ele>
      </trkpt>
      <trkpt lat="37.58662" lon="-122.50427">
        <ele>67.8</ele>
      </trkpt>
      <trkpt lat="37.58645" lon="-122.50422">
        <ele>72.3</ele>
      </trkpt>
      <trkpt lat="37.58634" lon="-122.50421">
        <ele>74.5</ele>
      </trkpt>
      <trkpt lat="37.58623" lon="-122.50422">
        <ele>75.5</ele>
      </trkpt>
      <trkpt lat="37.58606" lon="-122.50427">
        <ele>76.2</ele>
      </trkpt>
      <trkpt lat="37.58595" lon="-122.50432">
        <ele>76.4</ele>
      </trkpt>
      <trkpt lat="37.58585" lon="-122.5044">
        <ele>76.4</ele>
      </trkpt>
      <trkpt lat="37.58575" lon="-122.5045">
        <ele>75.8</ele>
      </trkpt>
      <trkpt lat="37.58566" lon="-122.50461">
        <ele>75.3</ele>
      </trkpt>
      <trkpt lat="37.58558" lon="-122.50473">
        <ele>75.3</ele>
      </trkpt>
      <trkpt lat="37.58553" lon="-122.50486">
        <ele>76.9</ele>
      </trkpt>
      <trkpt lat="37.58547" lon="-122.50504">
        <ele>79.3</ele>
      </trkpt>
      <trkpt lat="37.58539" lon="-122.50537">
        <ele>80.0</ele>
      </trkpt>
      <trkpt lat="37.58522" lon="-122.50617">
        <ele>84.7</ele>
      </trkpt>
      <trkpt lat="37.58505" lon="-122.50698">
        <ele>89.2</ele>
      </trkpt>
      <trkpt lat="37.58503" lon="-122.5072">
        <ele>93.8</ele>
      </trkpt>
      <trkpt lat="37.58494" lon="-122.50758">
        <ele>95.5</ele>
      </trkpt>
      <trkpt lat="37.58494" lon="-122.50758">
        <ele>95.5</ele>
      </trkpt>
      <trkpt lat="37.58499" lon="-122.50761">
        <ele>96.8</ele>
      </trkpt>
      <trkpt lat="37.58501" lon="-122.50765">
        <ele>97.6</ele>
      </trkpt>
      <trkpt lat="37.58502" lon="-122.50772">
        <ele>98.1</ele>
      </trkpt>
      <trkpt lat="37.58498" lon="-122.50809">
        <ele>96.6</ele>
      </trkpt>
      <trkpt lat="37.58498" lon="-122.50809">
        <ele>96.6</ele>
      </trkpt>
      <trkpt lat="37.58497" lon="-122.50822">
        <ele>96.2</ele>
      </trkpt>
      <trkpt lat="37.58496" lon="-122.50837">
        <ele>96.2</ele>
      </trkpt>
      <trkpt lat="37.58497" lon="-122.50852">
        <ele>98.1</ele>
      </trkpt>
      <trkpt lat="37.58502" lon="-122.50877">
        <ele>103.2</ele>
      </trkpt>
      <trkpt lat="37.58508" lon="-122.50903">
        <ele>103.9</ele>
      </trkpt>
      <trkpt lat="37.58519" lon="-122.50944">
        <ele>105.1</ele>
      </trkpt>
      <trkpt lat="37.58531" lon="-122.50987">
        <ele>111.1</ele>
      </trkpt>
      <trkpt lat="37.58543" lon="-122.51044">
        <ele>112.1</ele>
      </trkpt>
      <trkpt lat="37.58545" lon="-122.51055">
        <ele>114.0</ele>
      </trkpt>
      <trkpt lat="37.58545" lon="-122.51068">
        <ele>116.5</ele>
      </trkpt>
      <trkpt lat="37.58544" lon="-122.51087">
        <ele>117.9</ele>
      </trkpt>
      <trkpt lat="37.58538" lon="-122.51165">
        <ele>117.6</ele>
      </trkpt>
      <trkpt lat="37.58532" lon="-122.51243">
        <ele>124.7</ele>
      </trkpt>
      <trkpt lat="37.58526" lon="-122.51321">
        <ele>130.6</ele>
      </trkpt>
      <trkpt lat="37.58519" lon="-122.51402">
        <ele>134.8</ele>
      </trkpt>
      <trkpt lat="37.58514" lon="-122.51424">
        <ele>138.9</ele>
      </trkpt>
      <trkpt lat="37.58508" lon="-122.51445">
        <ele>140.3</ele>
      </trkpt>
      <trkpt lat="37.58498" lon="-122.51466">
        <ele>141.2</ele>
      </trkpt>
      <trkpt lat="37.58485" lon="-122.51485">
        <ele>142.8</ele>
      </trkpt>
      <trkpt lat="37.58471" lon="-122.515">
        <ele>143.0</ele>
      </trkpt>
      <trkpt lat="37.58462" lon="-122.51507">
        <ele>142.6</ele>
      </trkpt>
      <trkpt lat="37.58455" lon="-122.51511">
        <ele>142.5</ele>
      </trkpt>
      <trkpt lat="37.58448" lon="-122.51514">
        <ele>142.4</ele>
      </trkpt>
      <trkpt lat="37.58428" lon="-122.51521">
        <ele>141.9</ele>
      </trkpt>
      <trkpt lat="37.58417" lon="-122.51522">
        <ele>141.7</ele>
      </trkpt>
      <trkpt lat="37.58403" lon="-122.51523">
        <ele>141.2</ele>
      </trkpt>
      <trkpt lat="37.58339" lon="-122.51514">
        <ele>139.8</ele>
      </trkpt>
      <trkpt lat="37.58271" lon="-122.51511">
        <ele>134.2</ele>
      </trkpt>
      <trkpt lat="37.58236" lon="-122.51512">
        <ele>131.9</ele>
      </trkpt>
      <trkpt lat="37.58161" lon="-122.51522">
        <ele>127.1</ele>
      </trkpt>
      <trkpt lat="37.58155" lon="-122.51523">
        <ele>127.1</ele>
      </trkpt>
      <trkpt lat="37.58145" lon="-122.51528">
        <ele>126.8</ele>
      </trkpt>
      <trkpt lat="37.58145" lon="-122.51528">
        <ele>126.8</ele>
      </trkpt>
      <trkpt lat="37.58137" lon="-122.51536">
        <ele>126.0</ele>
      </trkpt>
      <trkpt lat="37.58117" lon="-122.51565">
        <ele>119.6</ele>
      </trkpt>
      <trkpt lat="37.58106" lon="-122.51579">
        <ele>119.0</ele>
      </trkpt>
      <trkpt lat="37.58093" lon="-122.51593">
        <ele>118.4</ele>
      </trkpt>
      <trkpt lat="37.58079" lon="-122.51603">
        <ele>117.8</ele>
      </trkpt>
      <trkpt lat="37.58062" lon="-122.51613">
        <ele>116.4</ele>
      </trkpt>
      <trkpt lat="37.58008" lon="-122.51635">
        <ele>109.6</ele>
      </trkpt>
      <trkpt lat="37.57996" lon="-122.51641">
        <ele>108.4</ele>
      </trkpt>
      <trkpt lat="37.57965" lon="-122.51658">
        <ele>103.5</ele>
      </trkpt>
      <trkpt lat="37.57965" lon="-122.51658">
        <ele>103.5</ele>
      </trkpt>
      <trkpt lat="37.57953" lon="-122.51666">
        <ele>103.4</ele>
      </trkpt>
      <trkpt lat="37.57924" lon="-122.5168">
        <ele>103.6</ele>
      </trkpt>
      <trkpt lat="37.57897" lon="-122.51693">
        <ele>103.0</ele>
      </trkpt>
      <trkpt lat="37.5788" lon="-122.51696">
        <ele>103.0</ele>
      </trkpt>
      <trkpt lat="37.57866" lon="-122.51695">
        <ele>102.8</ele>
      </trkpt>
      <trkpt lat="37.57846" lon="-122.5169">
        <ele>102.8</ele>
      </trkpt>
      <trkpt lat="37.57802" lon="-122.51676">
        <ele>96.4</ele>
      </trkpt>
      <trkpt lat="37.57793" lon="-122.51674">
        <ele>96.5</ele>
      </trkpt>
      <trkpt lat="37.57775" lon="-122.51672">
        <ele>96.2</ele>
      </trkpt>
      <trkpt lat="37.57749" lon="-122.51671">
        <ele>95.6</ele>
      </trkpt>
      <trkpt lat="37.57701" lon="-122.51671">
        <ele>88.2</ele>
      </trkpt>
      <trkpt lat="37.57678" lon="-122.51672">
        <ele>88.0</ele>
      </trkpt>
      <trkpt lat="37.57645" lon="-122.51677">
        <ele>87.2</ele>
      </trkpt>
      <trkpt lat="37.57625" lon="-122.51682">
        <ele>83.9</ele>
      </trkpt>
      <trkpt lat="37.57605" lon="-122.5169">
        <ele>81.5</ele>
      </trkpt>
      <trkpt lat="37.57584" lon="-122.51701">
        <ele>81.5</ele>
      </trkpt>
      <trkpt lat="37.57574" lon="-122.51707">
        <ele>81.7</ele>
      </trkpt>
      <trkpt lat="37.5756" lon="-122.51716">
        <ele>82.0</ele>
      </trkpt>
      <trkpt lat="37.57538" lon="-122.51734">
        <ele>82.3</ele>
      </trkpt>
      <trkpt lat="37.57482" lon="-122.5178">
        <ele>82.4</ele>
      </trkpt>
      <trkpt lat="37.57467" lon="-122.51789">
        <ele>82.4</ele>
      </trkpt>
      <trkpt lat="37.5745" lon="-122.51795">
        <ele>81.5</ele>
      </trkpt>
      <trkpt lat="37.57444" lon="-122.51796">
        <ele>80.9</ele>
      </trkpt>
      <trkpt lat="37.57425" lon="-122.51797">
        <ele>80.2</ele>
      </trkpt>
      <trkpt lat="37.57408" lon="-122.51794">
        <ele>81.2</ele>
      </trkpt>
      <trkpt lat="37.57392" lon="-122.51788">
        <ele>80.8</ele>
      </trkpt>
      <trkpt lat="37.57384" lon="-122.51784">
        <ele>81.0</ele>
      </trkpt>
      <trkpt lat="37.57371" lon="-122.51775">
        <ele>81.6</ele>
      </trkpt>
      <trkpt lat="37.57365" lon="-122.51769">
        <ele>81.9</ele>
      </trkpt>
      <trkpt lat="37.57365" lon="-122.51769">
        <ele>81.9</ele>
      </trkpt>
      <trkpt lat="37.57358" lon="-122.51762">
        <ele>81.7</ele>
      </trkpt>
      <trkpt lat="37.57343" lon="-122.51743">
        <ele>81.1</ele>
      </trkpt>
      <trkpt lat="37.57321" lon="-122.51709">
        <ele>81.1</ele>
      </trkpt>
      <trkpt lat="37.57313" lon="-122.51699">
        <ele>80.9</ele>
      </trkpt>
      <trkpt lat="37.57287" lon="-122.51675">
        <ele>81.9</ele>
      </trkpt>
      <trkpt lat="37.57287" lon="-122.51675">
        <ele>81.9</ele>
      </trkpt>
      <trkpt lat="37.57283" lon="-122.5167">
        <ele>82.8</ele>
      </trkpt>
      <trkpt lat="37.5725" lon="-122.51646">
        <ele>77.1</ele>
      </trkpt>
      <trkpt lat="37.57248" lon="-122.51646">
        <ele>76.7</ele>
      </trkpt>
      <trkpt lat="37.57248" lon="-122.51646">
        <ele>76.7</ele>
      </trkpt>
      <trkpt lat="37.57244" lon="-122.51644">
        <ele>75.8</ele>
      </trkpt>
      <trkpt lat="37.57238" lon="-122.51659">
        <ele>75.3</ele>
      </trkpt>
      <trkpt lat="37.57234" lon="-122.51662">
        <ele>74.1</ele>
      </trkpt>
      <trkpt lat="37.57231" lon="-122.51663">
        <ele>73.2</ele>
      </trkpt>
      <trkpt lat="37.57227" lon="-122.51662">
        <ele>72.4</ele>
      </trkpt>
      <trkpt lat="37.5722" lon="-122.51655">
        <ele>71.3</ele>
      </trkpt>
      <trkpt lat="37.57207" lon="-122.51634">
        <ele>71.0</ele>
      </trkpt>
      <trkpt lat="37.572" lon="-122.51621">
        <ele>72.2</ele>
      </trkpt>
      <trkpt lat="37.57194" lon="-122.51612">
        <ele>73.3</ele>
      </trkpt>
      <trkpt lat="37.57185" lon="-122.51603">
        <ele>73.5</ele>
      </trkpt>
      <trkpt lat="37.57177" lon="-122.516">
        <ele>72.1</ele>
      </trkpt>
      <trkpt lat="37.57169" lon="-122.51598">
        <ele>71.4</ele>
      </trkpt>
      <trkpt lat="37.5716" lon="-122.51598">
        <ele>71.1</ele>
      </trkpt>
      <trkpt lat="37.57108" lon="-122.51607">
        <ele>72.1</ele>
      </trkpt>
      <trkpt lat="37.57097" lon="-122.5161">
        <ele>72.1</ele>
      </trkpt>
      <trkpt lat="37.57071" lon="-122.5162">
        <ele>71.6</ele>
      </trkpt>
      <trkpt lat="37.57068" lon="-122.5162">
        <ele>71.6</ele>
      </trkpt>
      <trkpt lat="37.57064" lon="-122.51618">
        <ele>72.1</ele>
      </trkpt>
      <trkpt lat="37.5706" lon="-122.51613">
        <ele>73.0</ele>
      </trkpt>
      <trkpt lat="37.57059" lon="-122.51607">
        <ele>74.3</ele>
      </trkpt>
      <trkpt lat="37.57059" lon="-122.51593">
        <ele>80.7</ele>
      </trkpt>
      <trkpt lat="37.5705" lon="-122.51591">
        <ele>82.0</ele>
      </trkpt>
      <trkpt lat="37.5702" lon="-122.51582">
        <ele>75.3</ele>
      </trkpt>
      <trkpt lat="37.57002" lon="-122.51573">
        <ele>68.2</ele>
      </trkpt>
      <trkpt lat="37.56982" lon="-122.51561">
        <ele>67.2</ele>
      </trkpt>
      <trkpt lat="37.56968" lon="-122.51551">
        <ele>66.6</ele>
      </trkpt>
      <trkpt lat="37.56963" lon="-122.51546">
        <ele>66.7</ele>
      </trkpt>
      <trkpt lat="37.56954" lon="-122.51536">
        <ele>68.2</ele>
      </trkpt>
      <trkpt lat="37.56903" lon="-122.51492">
        <ele>70.2</ele>
      </trkpt>
      <trkpt lat="37.56853" lon="-122.51449">
        <ele>59.6</ele>
      </trkpt>
      <trkpt lat="37.56825" lon="-122.51426">
        <ele>54.6</ele>
      </trkpt>
      <trkpt lat="37.56794" lon="-122.51405">
        <ele>56.9</ele>
      </trkpt>
      <trkpt lat="37.56768" lon="-122.51389">
        <ele>54.5</ele>
      </trkpt>
      <trkpt lat="37.56712" lon="-122.51365">
        <ele>59.3</ele>
      </trkpt>
      <trkpt lat="37.56627" lon="-122.51329">
        <ele>51.2</ele>
      </trkpt>
      <trkpt lat="37.56557" lon="-122.51298">
        <ele>35.3</ele>
      </trkpt>
      <trkpt lat="37.56513" lon="-122.51281">
        <ele>34.1</ele>
      </trkpt>
      <trkpt lat="37.56469" lon="-122.51264">
        <ele>36.9</ele>
      </trkpt>
      <trkpt lat="37.56455" lon="-122.5126">
        <ele>37.7</ele>
      </trkpt>
      <trkpt lat="37.56442" lon="-122.51258">
        <ele>41.6</ele>
      </trkpt>
      <trkpt lat="37.56428" lon="-122.51257">
        <ele>44.0</ele>
      </trkpt>
      <trkpt lat="37.56405" lon="-122.51257">
        <ele>44.5</ele>
      </trkpt>
      <trkpt lat="37.56389" lon="-122.51259">
        <ele>44.6</ele>
      </trkpt>
      <trkpt lat="37.56376" lon="-122.51262">
        <ele>44.2</ele>
      </trkpt>
      <trkpt lat="37.56363" lon="-122.51266">
        <ele>43.1</ele>
      </trkpt>
      <trkpt lat="37.56351" lon="-122.51272">
        <ele>41.8</ele>
      </trkpt>
      <trkpt lat="37.56324" lon="-122.51289">
        <ele>41.1</ele>
      </trkpt>
      <trkpt lat="37.56298" lon="-122.51309">
        <ele>42.6</ele>
      </trkpt>
      <trkpt lat="37.56271" lon="-122.51333">
        <ele>48.9</ele>
      </trkpt>
      <trkpt lat="37.56262" lon="-122.5134">
        <ele>50.3</ele>
      </trkpt>
      <trkpt lat="37.56262" lon="-122.5134">
        <ele>50.3</ele>
      </trkpt>
      <trkpt lat="37.56262" lon="-122.5134">
        <ele>50.3</ele>
      </trkpt>
      <trkpt lat="37.56245" lon="-122.5135">
        <ele>50.0</ele>
      </trkpt>
      <trkpt lat="37.56231" lon="-122.51357">
        <ele>46.0</ele>
      </trkpt>
      <trkpt lat="37.56204" lon="-122.51363">
        <ele>44.3</ele>
      </trkpt>
      <trkpt lat="37.56192" lon="-122.51363">
        <ele>44.3</ele>
      </trkpt>
      <trkpt lat="37.56179" lon="-122.51361">
        <ele>44.5</ele>
      </trkpt>
      <trkpt lat="37.56163" lon="-122.51355">
        <ele>44.6</ele>
      </trkpt>
      <trkpt lat="37.56083" lon="-122.51317">
        <ele>45.0</ele>
      </trkpt>
      <trkpt lat="37.5607" lon="-122.51311">
        <ele>44.9</ele>
      </trkpt>
      <trkpt lat="37.56056" lon="-122.51309">
        <ele>44.1</ele>
      </trkpt>
      <trkpt lat="37.56044" lon="-122.51309">
        <ele>43.8</ele>
      </trkpt>
      <trkpt lat="37.56031" lon="-122.51309">
        <ele>43.5</ele>
      </trkpt>
      <trkpt lat="37.56018" lon="-122.51313">
        <ele>43.0</ele>
      </trkpt>
      <trkpt lat="37.56003" lon="-122.51319">
        <ele>42.8</ele>
      </trkpt>
      <trkpt lat="37.55989" lon="-122.51328">
        <ele>42.5</ele>
      </trkpt>
      <trkpt lat="37.55977" lon="-122.51339">
        <ele>41.7</ele>
      </trkpt>
      <trkpt lat="37.55966" lon="-122.51354">
        <ele>40.3</ele>
      </trkpt>
      <trkpt lat="37.55924" lon="-122.51419">
        <ele>40.1</ele>
      </trkpt>
      <trkpt lat="37.55911" lon="-122.51435">
        <ele>40.6</ele>
      </trkpt>
      <trkpt lat="37.55899" lon="-122.51446">
        <ele>41.0</ele>
      </trkpt>
      <trkpt lat="37.55884" lon="-122.51454">
        <ele>41.6</ele>
      </trkpt>
      <trkpt lat="37.55871" lon="-122.5146">
        <ele>38.9</ele>
      </trkpt>
      <trkpt lat="37.55858" lon="-122.51463">
        <ele>36.8</ele>
      </trkpt>
      <trkpt lat="37.55834" lon="-122.51462">
        <ele>37.2</ele>
      </trkpt>
      <trkpt lat="37.55817" lon="-122.51457">
        <ele>38.2</ele>
      </trkpt>
      <trkpt lat="37.55795" lon="-122.51446">
        <ele>39.1</ele>
      </trkpt>
      <trkpt lat="37.55785" lon="-122.51439">
        <ele>40.0</ele>
      </trkpt>
      <trkpt lat="37.55769" lon="-122.51425">
        <ele>41.4</ele>
      </trkpt>
      <trkpt lat="37.55762" lon="-122.51416">
        <ele>43.1</ele>
      </trkpt>
      <trkpt lat="37.55719" lon="-122.51357">
        <ele>43.1</ele>
      </trkpt>
      <trkpt lat="37.55709" lon="-122.51344">
        <ele>39.4</ele>
      </trkpt>
      <trkpt lat="37.55698" lon="-122.51333">
        <ele>37.5</ele>
      </trkpt>
      <trkpt lat="37.55685" lon="-122.51324">
        <ele>38.1</ele>
      </trkpt>
      <trkpt lat="37.5566" lon="-122.51309">
        <ele>41.9</ele>
      </trkpt>
      <trkpt lat="37.5565" lon="-122.51304">
        <ele>42.8</ele>
      </trkpt>
      <trkpt lat="37.55636" lon="-122.51298">
        <ele>47.4</ele>
      </trkpt>
      <trkpt lat="37.55615" lon="-122.51292">
        <ele>42.5</ele>
      </trkpt>
      <trkpt lat="37.55591" lon="-122.51286">
        <ele>36.6</ele>
      </trkpt>
      <trkpt lat="37.55506" lon="-122.51271">
        <ele>30.3</ele>
      </trkpt>
      <trkpt lat="37.5542" lon="-122.51255">
        <ele>30.5</ele>
      </trkpt>
      <trkpt lat="37.55334" lon="-122.5124">
        <ele>24.0</ele>
      </trkpt>
      <trkpt lat="37.55334" lon="-122.5124">
        <ele>24.0</ele>
      </trkpt>
      <trkpt lat="37.55254" lon="-122.51226">
        <ele>17.7</ele>
      </trkpt>
      <trkpt lat="37.55174" lon="-122.51212">
        <ele>20.7</ele>
      </trkpt>
      <trkpt lat="37.55094" lon="-122.51198">
        <ele>20.9</ele>
      </trkpt>
      <trkpt lat="37.5506" lon="-122.51193">
        <ele>20.6</ele>
      </trkpt>
      <trkpt lat="37.55027" lon="-122.51191">
        <ele>18.9</ele>
      </trkpt>
      <trkpt lat="37.54999" lon="-122.51189">
        <ele>16.7</ele>
      </trkpt>
      <trkpt lat="37.54971" lon="-122.51191">
        <ele>16.4</ele>
      </trkpt>
      <trkpt lat="37.54939" lon="-122.51195">
        <ele>17.7</ele>
      </trkpt>
      <trkpt lat="37.54905" lon="-122.51202">
        <ele>19.1</ele>
      </trkpt>
      <trkpt lat="37.54876" lon="-122.51209">
        <ele>17.1</ele>
      </trkpt>
      <trkpt lat="37.54845" lon="-122.5122">
        <ele>15.2</ele>
      </trkpt>
      <trkpt lat="37.54816" lon="-122.51231">
        <ele>13.8</ele>
      </trkpt>
      <trkpt lat="37.54784" lon="-122.51248">
        <ele>12.6</ele>
      </trkpt>
      <trkpt lat="37.54755" lon="-122.51265">
        <ele>11.3</ele>
      </trkpt>
      <trkpt lat="37.54724" lon="-122.51285">
        <ele>10.0</ele>
      </trkpt>
      <trkpt lat="37.54671" lon="-122.51323">
        <ele>12.2</ele>
      </trkpt>
      <trkpt lat="37.54618" lon="-122.5136">
        <ele>16.0</ele>
      </trkpt>
      <trkpt lat="37.5457" lon="-122.51393">
        <ele>19.4</ele>
      </trkpt>
      <trkpt lat="37.54522" lon="-122.51426">
        <ele>20.6</ele>
      </trkpt>
      <trkpt lat="37.54522" lon="-122.51427">
        <ele>20.6</ele>
      </trkpt>
      <trkpt lat="37.54509" lon="-122.51436">
        <ele>21.5</ele>
      </trkpt>
      <trkpt lat="37.54443" lon="-122.51481">
        <ele>28.4</ele>
      </trkpt>
      <trkpt lat="37.54429" lon="-122.51491">
        <ele>29.0</ele>
      </trkpt>
      <trkpt lat="37.54428" lon="-122.51492">
        <ele>29.1</ele>
      </trkpt>
      <trkpt lat="37.54364" lon="-122.51535">
        <ele>31.3</ele>
      </trkpt>
      <trkpt lat="37.5436" lon="-122.51538">
        <ele>31.3</ele>
      </trkpt>
      <trkpt lat="37.5431" lon="-122.51572">
        <ele>31.0</ele>
      </trkpt>
      <trkpt lat="37.54302" lon="-122.51576">
        <ele>30.8</ele>
      </trkpt>
      <trkpt lat="37.54293" lon="-122.51582">
        <ele>30.5</ele>
      </trkpt>
      <trkpt lat="37.54274" lon="-122.51592">
        <ele>28.9</ele>
      </trkpt>
      <trkpt lat="37.5426" lon="-122.51599">
        <ele>29.1</ele>
      </trkpt>
      <trkpt lat="37.54252" lon="-122.51602">
        <ele>29.1</ele>
      </trkpt>
      <trkpt lat="37.54237" lon="-122.51608">
        <ele>29.3</ele>
      </trkpt>
      <trkpt lat="37.54227" lon="-122.51611">
        <ele>29.4</ele>
      </trkpt>
      <trkpt lat="37.54215" lon="-122.51615">
        <ele>29.5</ele>
      </trkpt>
      <trkpt lat="37.54214" lon="-122.51616">
        <ele>29.4</ele>
      </trkpt>
      <trkpt lat="37.54209" lon="-122.51617">
        <ele>29.5</ele>
      </trkpt>
      <trkpt lat="37.54204" lon="-122.51618">
        <ele>29.5</ele>
      </trkpt>
      <trkpt lat="37.54199" lon="-122.5162">
        <ele>29.3</ele>
      </trkpt>
      <trkpt lat="37.54196" lon="-122.5162">
        <ele>29.3</ele>
      </trkpt>
      <trkpt lat="37.54177" lon="-122.51626">
        <ele>28.4</ele>
      </trkpt>
      <trkpt lat="37.54166" lon="-122.51629">
        <ele>28.0</ele>
      </trkpt>
      <trkpt lat="37.54153" lon="-122.51633">
        <ele>27.9</ele>
      </trkpt>
      <trkpt lat="37.5415" lon="-122.51633">
        <ele>28.0</ele>
      </trkpt>
      <trkpt lat="37.54144" lon="-122.51635">
        <ele>28.0</ele>
      </trkpt>
      <trkpt lat="37.54136" lon="-122.51637">
        <ele>28.2</ele>
      </trkpt>
      <trkpt lat="37.54105" lon="-122.51646">
        <ele>28.7</ele>
      </trkpt>
      <trkpt lat="37.54099" lon="-122.51648">
        <ele>28.7</ele>
      </trkpt>
      <trkpt lat="37.54091" lon="-122.51651">
        <ele>28.6</ele>
      </trkpt>
      <trkpt lat="37.54078" lon="-122.51656">
        <ele>28.3</ele>
      </trkpt>
      <trkpt lat="37.54076" lon="-122.51656">
        <ele>28.4</ele>
      </trkpt>
      <trkpt lat="37.54042" lon="-122.51666">
        <ele>26.9</ele>
      </trkpt>
      <trkpt lat="37.54039" lon="-122.51667">
        <ele>26.8</ele>
      </trkpt>
      <trkpt lat="37.54028" lon="-122.5167">
        <ele>26.5</ele>
      </trkpt>
      <trkpt lat="37.53994" lon="-122.51679">
        <ele>26.8</ele>
      </trkpt>
      <trkpt lat="37.53959" lon="-122.51689">
        <ele>28.1</ele>
      </trkpt>
      <trkpt lat="37.53949" lon="-122.51692">
        <ele>28.4</ele>
      </trkpt>
      <trkpt lat="37.53941" lon="-122.51695">
        <ele>28.6</ele>
      </trkpt>
      <trkpt lat="37.53811" lon="-122.51731">
        <ele>28.0</ele>
      </trkpt>
      <trkpt lat="37.53803" lon="-122.51734">
        <ele>27.7</ele>
      </trkpt>
      <trkpt lat="37.53798" lon="-122.51735">
        <ele>27.6</ele>
      </trkpt>
      <trkpt lat="37.53784" lon="-122.51739">
        <ele>27.1</ele>
      </trkpt>
      <trkpt lat="37.53776" lon="-122.51741">
        <ele>26.9</ele>
      </trkpt>
      <trkpt lat="37.53765" lon="-122.51744">
        <ele>26.4</ele>
      </trkpt>
      <trkpt lat="37.53764" lon="-122.51744">
        <ele>26.4</ele>
      </trkpt>
      <trkpt lat="37.53761" lon="-122.51745">
        <ele>26.3</ele>
      </trkpt>
      <trkpt lat="37.5376" lon="-122.51745">
        <ele>26.3</ele>
      </trkpt>
      <trkpt lat="37.53758" lon="-122.51745">
        <ele>26.2</ele>
      </trkpt>
      <trkpt lat="37.53743" lon="-122.5175">
        <ele>25.7</ele>
      </trkpt>
      <trkpt lat="37.5373" lon="-122.51753">
        <ele>25.2</ele>
      </trkpt>
      <trkpt lat="37.53707" lon="-122.5176">
        <ele>24.7</ele>
      </trkpt>
      <trkpt lat="37.53666" lon="-122.5177">
        <ele>25.5</ele>
      </trkpt>
      <trkpt lat="37.53655" lon="-122.51773">
        <ele>26.6</ele>
      </trkpt>
      <trkpt lat="37.53654" lon="-122.51773">
        <ele>26.6</ele>
      </trkpt>
      <trkpt lat="37.53617" lon="-122.51782">
        <ele>26.2</ele>
      </trkpt>
      <trkpt lat="37.53612" lon="-122.51782">
        <ele>26.0</ele>
      </trkpt>
      <trkpt lat="37.53598" lon="-122.51785">
        <ele>25.2</ele>
      </trkpt>
      <trkpt lat="37.53583" lon="-122.51787">
        <ele>25.7</ele>
      </trkpt>
      <trkpt lat="37.53572" lon="-122.51789">
        <ele>26.4</ele>
      </trkpt>
      <trkpt lat="37.53556" lon="-122.5179">
        <ele>27.8</ele>
      </trkpt>
      <trkpt lat="37.53552" lon="-122.51791">
        <ele>28.2</ele>
      </trkpt>
      <trkpt lat="37.5355" lon="-122.51791">
        <ele>28.3</ele>
      </trkpt>
      <trkpt lat="37.53549" lon="-122.51791">
        <ele>28.4</ele>
      </trkpt>
      <trkpt lat="37.53545" lon="-122.51792">
        <ele>28.8</ele>
      </trkpt>
      <trkpt lat="37.53532" lon="-122.51793">
        <ele>29.4</ele>
      </trkpt>
      <trkpt lat="37.53532" lon="-122.51793">
        <ele>29.4</ele>
      </trkpt>
      <trkpt lat="37.53527" lon="-122.51777">
        <ele>28.6</ele>
      </trkpt>
      <trkpt lat="37.53526" lon="-122.51774">
        <ele>28.6</ele>
      </trkpt>
      <trkpt lat="37.53525" lon="-122.51771">
        <ele>28.6</ele>
      </trkpt>
      <trkpt lat="37.53523" lon="-122.51765">
        <ele>28.9</ele>
      </trkpt>
      <trkpt lat="37.53514" lon="-122.51761">
        <ele>29.8</ele>
      </trkpt>
      <trkpt lat="37.53498" lon="-122.51754">
        <ele>31.0</ele>
      </trkpt>
      <trkpt lat="37.5348" lon="-122.5175">
        <ele>32.8</ele>
      </trkpt>
      <trkpt lat="37.53473" lon="-122.51749">
        <ele>33.4</ele>
      </trkpt>
      <trkpt lat="37.53427" lon="-122.51743">
        <ele>35.6</ele>
      </trkpt>
      <trkpt lat="37.53398" lon="-122.5174">
        <ele>35.8</ele>
      </trkpt>
      <trkpt lat="37.53391" lon="-122.5174">
        <ele>36.0</ele>
      </trkpt>
      <trkpt lat="37.53387" lon="-122.51739">
        <ele>36.2</ele>
      </trkpt>
      <trkpt lat="37.53373" lon="-122.51738">
        <ele>36.3</ele>
      </trkpt>
      <trkpt lat="37.53368" lon="-122.51737">
        <ele>36.4</ele>
      </trkpt>
      <trkpt lat="37.53367" lon="-122.51737">
        <ele>36.3</ele>
      </trkpt>
      <trkpt lat="37.53366" lon="-122.51737">
        <ele>36.3</ele>
      </trkpt>
      <trkpt lat="37.53363" lon="-122.51736">
        <ele>36.3</ele>
      </trkpt>
      <trkpt lat="37.53352" lon="-122.51734">
        <ele>36.2</ele>
      </trkpt>
      <trkpt lat="37.53348" lon="-122.51733">
        <ele>36.0</ele>
      </trkpt>
      <trkpt lat="37.53325" lon="-122.51729">
        <ele>35.0</ele>
      </trkpt>
      <trkpt lat="37.53321" lon="-122.51728">
        <ele>35.0</ele>
      </trkpt>
      <trkpt lat="37.5332" lon="-122.51728">
        <ele>34.9</ele>
      </trkpt>
      <trkpt lat="37.53318" lon="-122.51727">
        <ele>34.9</ele>
      </trkpt>
      <trkpt lat="37.53317" lon="-122.51726">
        <ele>35.0</ele>
      </trkpt>
      <trkpt lat="37.53313" lon="-122.51724">
        <ele>35.1</ele>
      </trkpt>
      <trkpt lat="37.53303" lon="-122.51717">
        <ele>35.5</ele>
      </trkpt>
      <trkpt lat="37.533" lon="-122.51715">
        <ele>35.6</ele>
      </trkpt>
      <trkpt lat="37.53296" lon="-122.51713">
        <ele>35.7</ele>
      </trkpt>
      <trkpt lat="37.53294" lon="-122.51712">
        <ele>35.8</ele>
      </trkpt>
      <trkpt lat="37.53287" lon="-122.51709">
        <ele>36.0</ele>
      </trkpt>
      <trkpt lat="37.53285" lon="-122.51708">
        <ele>36.2</ele>
      </trkpt>
      <trkpt lat="37.53284" lon="-122.51708">
        <ele>36.1</ele>
      </trkpt>
      <trkpt lat="37.53262" lon="-122.51699">
        <ele>36.5</ele>
      </trkpt>
      <trkpt lat="37.5325" lon="-122.51694">
        <ele>36.1</ele>
      </trkpt>
      <trkpt lat="37.53224" lon="-122.51682">
        <ele>35.1</ele>
      </trkpt>
      <trkpt lat="37.53221" lon="-122.51681">
        <ele>34.9</ele>
      </trkpt>
      <trkpt lat="37.53216" lon="-122.51679">
        <ele>34.6</ele>
      </trkpt>
      <trkpt lat="37.53204" lon="-122.51673">
        <ele>33.9</ele>
      </trkpt>
      <trkpt lat="37.53192" lon="-122.51666">
        <ele>33.6</ele>
      </trkpt>
      <trkpt lat="37.53172" lon="-122.51654">
        <ele>31.3</ele>
      </trkpt>
      <trkpt lat="37.53138" lon="-122.51635">
        <ele>29.3</ele>
      </trkpt>
      <trkpt lat="37.53135" lon="-122.51634">
        <ele>29.2</ele>
      </trkpt>
      <trkpt lat="37.53132" lon="-122.51633">
        <ele>29.1</ele>
      </trkpt>
      <trkpt lat="37.53129" lon="-122.51632">
        <ele>29.1</ele>
      </trkpt>
      <trkpt lat="37.53126" lon="-122.51632">
        <ele>28.9</ele>
      </trkpt>
      <trkpt lat="37.53123" lon="-122.51632">
        <ele>28.8</ele>
      </trkpt>
      <trkpt lat="37.53118" lon="-122.51632">
        <ele>28.5</ele>
      </trkpt>
      <trkpt lat="37.53109" lon="-122.51634">
        <ele>27.6</ele>
      </trkpt>
      <trkpt lat="37.53102" lon="-122.51635">
        <ele>26.9</ele>
      </trkpt>
      <trkpt lat="37.53096" lon="-122.51635">
        <ele>26.3</ele>
      </trkpt>
      <trkpt lat="37.53092" lon="-122.51635">
        <ele>25.8</ele>
      </trkpt>
      <trkpt lat="37.53087" lon="-122.51634">
        <ele>25.3</ele>
      </trkpt>
      <trkpt lat="37.53083" lon="-122.51632">
        <ele>24.8</ele>
      </trkpt>
      <trkpt lat="37.53079" lon="-122.5163">
        <ele>24.2</ele>
      </trkpt>
      <trkpt lat="37.53065" lon="-122.51619">
        <ele>22.6</ele>
      </trkpt>
      <trkpt lat="37.53052" lon="-122.51608">
        <ele>22.3</ele>
      </trkpt>
      <trkpt lat="37.53045" lon="-122.51602">
        <ele>22.3</ele>
      </trkpt>
      <trkpt lat="37.53037" lon="-122.51594">
        <ele>22.3</ele>
      </trkpt>
      <trkpt lat="37.53035" lon="-122.51592">
        <ele>22.3</ele>
      </trkpt>
      <trkpt lat="37.53023" lon="-122.51581">
        <ele>22.5</ele>
      </trkpt>
      <trkpt lat="37.53017" lon="-122.51575">
        <ele>22.5</ele>
      </trkpt>
      <trkpt lat="37.52992" lon="-122.51551">
        <ele>22.2</ele>
      </trkpt>
      <trkpt lat="37.52988" lon="-122.51547">
        <ele>22.1</ele>
      </trkpt>
      <trkpt lat="37.52982" lon="-122.51541">
        <ele>22.1</ele>
      </trkpt>
      <trkpt lat="37.52976" lon="-122.51535">
        <ele>22.1</ele>
      </trkpt>
      <trkpt lat="37.52975" lon="-122.51533">
        <ele>22.1</ele>
      </trkpt>
      <trkpt lat="37.52964" lon="-122.51522">
        <ele>21.9</ele>
      </trkpt>
      <trkpt lat="37.5295" lon="-122.51508">
        <ele>22.0</ele>
      </trkpt>
      <trkpt lat="37.52933" lon="-122.51491">
        <ele>22.3</ele>
      </trkpt>
      <trkpt lat="37.52929" lon="-122.51487">
        <ele>22.0</ele>
      </trkpt>
      <trkpt lat="37.52915" lon="-122.51475">
        <ele>21.0</ele>
      </trkpt>
      <trkpt lat="37.52914" lon="-122.51474">
        <ele>20.9</ele>
      </trkpt>
      <trkpt lat="37.52911" lon="-122.51471">
        <ele>20.7</ele>
      </trkpt>
      <trkpt lat="37.52907" lon="-122.51467">
        <ele>20.5</ele>
      </trkpt>
      <trkpt lat="37.52896" lon="-122.51458">
        <ele>20.1</ele>
      </trkpt>
      <trkpt lat="37.52894" lon="-122.51455">
        <ele>20.1</ele>
      </trkpt>
      <trkpt lat="37.52892" lon="-122.51454">
        <ele>20.0</ele>
      </trkpt>
      <trkpt lat="37.52883" lon="-122.51445">
        <ele>19.9</ele>
      </trkpt>
      <trkpt lat="37.52875" lon="-122.51436">
        <ele>20.1</ele>
      </trkpt>
      <trkpt lat="37.52874" lon="-122.51435">
        <ele>20.1</ele>
      </trkpt>
      <trkpt lat="37.52873" lon="-122.51434">
        <ele>20.2</ele>
      </trkpt>
      <trkpt lat="37.52871" lon="-122.51432">
        <ele>20.2</ele>
      </trkpt>
      <trkpt lat="37.52854" lon="-122.51417">
        <ele>20.3</ele>
      </trkpt>
      <trkpt lat="37.52845" lon="-122.51407">
        <ele>20.2</ele>
      </trkpt>
      <trkpt lat="37.52837" lon="-122.51399">
        <ele>20.2</ele>
      </trkpt>
      <trkpt lat="37.52833" lon="-122.51395">
        <ele>20.3</ele>
      </trkpt>
      <trkpt lat="37.52786" lon="-122.51347">
        <ele>20.7</ele>
      </trkpt>
      <trkpt lat="37.52769" lon="-122.51329">
        <ele>20.9</ele>
      </trkpt>
      <trkpt lat="37.52758" lon="-122.51317">
        <ele>20.6</ele>
      </trkpt>
      <trkpt lat="37.52754" lon="-122.51313">
        <ele>20.4</ele>
      </trkpt>
      <trkpt lat="37.52748" lon="-122.51306">
        <ele>20.4</ele>
      </trkpt>
      <trkpt lat="37.52743" lon="-122.51302">
        <ele>20.1</ele>
      </trkpt>
      <trkpt lat="37.52715" lon="-122.51275">
        <ele>19.5</ele>
      </trkpt>
      <trkpt lat="37.52708" lon="-122.51269">
        <ele>19.4</ele>
      </trkpt>
      <trkpt lat="37.52702" lon="-122.51262">
        <ele>19.9</ele>
      </trkpt>
      <trkpt lat="37.5266" lon="-122.51218">
        <ele>19.8</ele>
      </trkpt>
      <trkpt lat="37.52649" lon="-122.51207">
        <ele>20.1</ele>
      </trkpt>
      <trkpt lat="37.52649" lon="-122.51207">
        <ele>20.1</ele>
      </trkpt>
      <trkpt lat="37.52644" lon="-122.5121">
        <ele>19.8</ele>
      </trkpt>
      <trkpt lat="37.52642" lon="-122.51212">
        <ele>19.6</ele>
      </trkpt>
      <trkpt lat="37.52627" lon="-122.51221">
        <ele>19.1</ele>
      </trkpt>
      <trkpt lat="37.52627" lon="-122.51221">
        <ele>19.1</ele>
      </trkpt>
      <trkpt lat="37.52614" lon="-122.51208">
        <ele>19.1</ele>
      </trkpt>
      <trkpt lat="37.52607" lon="-122.51201">
        <ele>19.1</ele>
      </trkpt>
      <trkpt lat="37.52606" lon="-122.512">
        <ele>19.1</ele>
      </trkpt>
      <trkpt lat="37.52569" lon="-122.51164">
        <ele>19.5</ele>
      </trkpt>
      <trkpt lat="37.52545" lon="-122.51141">
        <ele>19.3</ele>
      </trkpt>
      <trkpt lat="37.52545" lon="-122.51141">
        <ele>19.3</ele>
      </trkpt>
      <trkpt lat="37.52532" lon="-122.51128">
        <ele>19.3</ele>
      </trkpt>
      <trkpt lat="37.52517" lon="-122.51113">
        <ele>19.1</ele>
      </trkpt>
      <trkpt lat="37.525" lon="-122.51096">
        <ele>19.3</ele>
      </trkpt>
      <trkpt lat="37.5249" lon="-122.51084">
        <ele>19.2</ele>
      </trkpt>
      <trkpt lat="37.52489" lon="-122.51084">
        <ele>19.2</ele>
      </trkpt>
      <trkpt lat="37.52482" lon="-122.51075">
        <ele>19.2</ele>
      </trkpt>
      <trkpt lat="37.52464" lon="-122.51058">
        <ele>19.4</ele>
      </trkpt>
      <trkpt lat="37.52444" lon="-122.51039">
        <ele>19.6</ele>
      </trkpt>
      <trkpt lat="37.52444" lon="-122.51039">
        <ele>19.6</ele>
      </trkpt>
      <trkpt lat="37.5242" lon="-122.51056">
        <ele>19.1</ele>
      </trkpt>
      <trkpt lat="37.52404" lon="-122.51067">
        <ele>18.8</ele>
      </trkpt>
      <trkpt lat="37.52359" lon="-122.51097">
        <ele>18.0</ele>
      </trkpt>
      <trkpt lat="37.52357" lon="-122.51099">
        <ele>18.0</ele>
      </trkpt>
      <trkpt lat="37.52309" lon="-122.51131">
        <ele>16.9</ele>
      </trkpt>
      <trkpt lat="37.52304" lon="-122.51135">
        <ele>16.7</ele>
      </trkpt>
      <trkpt lat="37.52299" lon="-122.51138">
        <ele>16.6</ele>
      </trkpt>
      <trkpt lat="37.52293" lon="-122.51142">
        <ele>16.5</ele>
      </trkpt>
      <trkpt lat="37.52281" lon="-122.5115">
        <ele>16.5</ele>
      </trkpt>
      <trkpt lat="37.52279" lon="-122.51152">
        <ele>16.5</ele>
      </trkpt>
      <trkpt lat="37.52265" lon="-122.51161">
        <ele>16.7</ele>
      </trkpt>
      <trkpt lat="37.52262" lon="-122.51163">
        <ele>16.7</ele>
      </trkpt>
      <trkpt lat="37.5225" lon="-122.51172">
        <ele>17.1</ele>
      </trkpt>
      <trkpt lat="37.52241" lon="-122.51178">
        <ele>17.4</ele>
      </trkpt>
      <trkpt lat="37.52234" lon="-122.51182">
        <ele>17.6</ele>
      </trkpt>
      <trkpt lat="37.52229" lon="-122.51186">
        <ele>17.8</ele>
      </trkpt>
      <trkpt lat="37.52196" lon="-122.51207">
        <ele>17.9</ele>
      </trkpt>
      <trkpt lat="37.52188" lon="-122.51212">
        <ele>18.0</ele>
      </trkpt>
      <trkpt lat="37.5218" lon="-122.51218">
        <ele>18.1</ele>
      </trkpt>
      <trkpt lat="37.52169" lon="-122.51225">
        <ele>18.1</ele>
      </trkpt>
      <trkpt lat="37.52164" lon="-122.51228">
        <ele>18.0</ele>
      </trkpt>
      <trkpt lat="37.52159" lon="-122.51231">
        <ele>17.9</ele>
      </trkpt>
      <trkpt lat="37.52143" lon="-122.51242">
        <ele>18.1</ele>
      </trkpt>
      <trkpt lat="37.52142" lon="-122.51242">
        <ele>18.1</ele>
      </trkpt>
      <trkpt lat="37.5214" lon="-122.51243">
        <ele>18.1</ele>
      </trkpt>
      <trkpt lat="37.52139" lon="-122.51244">
        <ele>18.2</ele>
      </trkpt>
      <trkpt lat="37.5212" lon="-122.51248">
        <ele>18.2</ele>
      </trkpt>
      <trkpt lat="37.5212" lon="-122.51248">
        <ele>18.2</ele>
      </trkpt>
      <trkpt lat="37.52115" lon="-122.51239">
        <ele>18.3</ele>
      </trkpt>
      <trkpt lat="37.52078" lon="-122.51157">
        <ele>19.3</ele>
      </trkpt>
      <trkpt lat="37.52077" lon="-122.51154">
        <ele>19.3</ele>
      </trkpt>
      <trkpt lat="37.52074" lon="-122.51149">
        <ele>19.4</ele>
      </trkpt>
      <trkpt lat="37.5207" lon="-122.51143">
        <ele>19.6</ele>
      </trkpt>
      <trkpt lat="37.52065" lon="-122.51131">
        <ele>20.0</ele>
      </trkpt>
      <trkpt lat="37.52063" lon="-122.51129">
        <ele>20.1</ele>
      </trkpt>
      <trkpt lat="37.52059" lon="-122.51123">
        <ele>20.2</ele>
      </trkpt>
      <trkpt lat="37.52057" lon="-122.51118">
        <ele>20.3</ele>
      </trkpt>
      <trkpt lat="37.52049" lon="-122.51109">
        <ele>20.4</ele>
      </trkpt>
      <trkpt lat="37.52048" lon="-122.51108">
        <ele>20.4</ele>
      </trkpt>
      <trkpt lat="37.51999" lon="-122.5105">
        <ele>20.0</ele>
      </trkpt>
      <trkpt lat="37.51986" lon="-122.51035">
        <ele>20.0</ele>
      </trkpt>
      <trkpt lat="37.51976" lon="-122.51023">
        <ele>20.0</ele>
      </trkpt>
      <trkpt lat="37.5196" lon="-122.51004">
        <ele>19.7</ele>
      </trkpt>
      <trkpt lat="37.51951" lon="-122.50994">
        <ele>19.7</ele>
      </trkpt>
      <trkpt lat="37.51947" lon="-122.50989">
        <ele>19.7</ele>
      </trkpt>
      <trkpt lat="37.51934" lon="-122.50973">
        <ele>19.7</ele>
      </trkpt>
      <trkpt lat="37.51921" lon="-122.50958">
        <ele>19.6</ele>
      </trkpt>
      <trkpt lat="37.51919" lon="-122.50956">
        <ele>19.6</ele>
      </trkpt>
      <trkpt lat="37.51908" lon="-122.50942">
        <ele>19.6</ele>
      </trkpt>
      <trkpt lat="37.51899" lon="-122.50932">
        <ele>19.4</ele>
      </trkpt>
      <trkpt lat="37.5171" lon="-122.50711">
        <ele>19.6</ele>
      </trkpt>
      <trkpt lat="37.51701" lon="-122.507">
        <ele>19.2</ele>
      </trkpt>
      <trkpt lat="37.51697" lon="-122.50695">
        <ele>19.0</ele>
      </trkpt>
      <trkpt lat="37.51616" lon="-122.506">
        <ele>16.6</ele>
      </trkpt>
      <trkpt lat="37.51526" lon="-122.50494">
        <ele>15.7</ele>
      </trkpt>
      <trkpt lat="37.51513" lon="-122.50479">
        <ele>15.3</ele>
      </trkpt>
      <trkpt lat="37.51511" lon="-122.50477">
        <ele>15.2</ele>
      </trkpt>
      <trkpt lat="37.51504" lon="-122.50468">
        <ele>14.9</ele>
      </trkpt>
      <trkpt lat="37.51341" lon="-122.50278">
        <ele>13.2</ele>
      </trkpt>
      <trkpt lat="37.51328" lon="-122.50263">
        <ele>12.8</ele>
      </trkpt>
      <trkpt lat="37.51326" lon="-122.5026">
        <ele>12.8</ele>
      </trkpt>
      <trkpt lat="37.51319" lon="-122.50252">
        <ele>12.7</ele>
      </trkpt>
      <trkpt lat="37.51289" lon="-122.50216">
        <ele>12.1</ele>
      </trkpt>
      <trkpt lat="37.51236" lon="-122.50154">
        <ele>11.5</ele>
      </trkpt>
      <trkpt lat="37.5121" lon="-122.50124">
        <ele>11.1</ele>
      </trkpt>
      <trkpt lat="37.51193" lon="-122.50104">
        <ele>10.7</ele>
      </trkpt>
      <trkpt lat="37.51183" lon="-122.50093">
        <ele>10.5</ele>
      </trkpt>
      <trkpt lat="37.5117" lon="-122.50077">
        <ele>10.2</ele>
      </trkpt>
      <trkpt lat="37.51161" lon="-122.50066">
        <ele>10.3</ele>
      </trkpt>
      <trkpt lat="37.5113" lon="-122.5003">
        <ele>10.1</ele>
      </trkpt>
      <trkpt lat="37.51122" lon="-122.5002">
        <ele>10.0</ele>
      </trkpt>
      <trkpt lat="37.50967" lon="-122.49838">
        <ele>10.0</ele>
      </trkpt>
      <trkpt lat="37.50957" lon="-122.49827">
        <ele>9.9</ele>
      </trkpt>
      <trkpt lat="37.50947" lon="-122.49815">
        <ele>9.7</ele>
      </trkpt>
      <trkpt lat="37.50668" lon="-122.49486">
        <ele>7.0</ele>
      </trkpt>
      <trkpt lat="37.50627" lon="-122.49439">
        <ele>6.6</ele>
      </trkpt>
      <trkpt lat="37.50547" lon="-122.49345">
        <ele>5.6</ele>
      </trkpt>
      <trkpt lat="37.50539" lon="-122.49334">
        <ele>5.6</ele>
      </trkpt>
      <trkpt lat="37.50533" lon="-122.49324">
        <ele>5.5</ele>
      </trkpt>
      <trkpt lat="37.50524" lon="-122.49305">
        <ele>5.6</ele>
      </trkpt>
      <trkpt lat="37.50516" lon="-122.49288">
        <ele>5.5</ele>
      </trkpt>
      <trkpt lat="37.50516" lon="-122.49288">
        <ele>5.5</ele>
      </trkpt>
      <trkpt lat="37.5052" lon="-122.4927">
        <ele>5.9</ele>
      </trkpt>
      <trkpt lat="37.50521" lon="-122.49269">
        <ele>6.0</ele>
      </trkpt>
      <trkpt lat="37.50533" lon="-122.49239">
        <ele>6.4</ele>
      </trkpt>
      <trkpt lat="37.50541" lon="-122.4921">
        <ele>6.3</ele>
      </trkpt>
      <trkpt lat="37.50551" lon="-122.49155">
        <ele>6.3</ele>
      </trkpt>
      <trkpt lat="37.50552" lon="-122.49148">
        <ele>6.5</ele>
      </trkpt>
      <trkpt lat="37.50566" lon="-122.49076">
        <ele>6.9</ele>
      </trkpt>
      <trkpt lat="37.50576" lon="-122.49014">
        <ele>6.8</ele>
      </trkpt>
      <trkpt lat="37.50576" lon="-122.49014">
        <ele>6.8</ele>
      </trkpt>
      <trkpt lat="37.50538" lon="-122.48873">
        <ele>7.2</ele>
      </trkpt>
      <trkpt lat="37.50538" lon="-122.48872">
        <ele>7.2</ele>
      </trkpt>
      <trkpt lat="37.50537" lon="-122.48867">
        <ele>7.2</ele>
      </trkpt>
      <trkpt lat="37.50536" lon="-122.48863">
        <ele>7.2</ele>
      </trkpt>
      <trkpt lat="37.50535" lon="-122.48858">
        <ele>7.3</ele>
      </trkpt>
      <trkpt lat="37.50533" lon="-122.48854">
        <ele>7.3</ele>
      </trkpt>
      <trkpt lat="37.50514" lon="-122.4879">
        <ele>7.0</ele>
      </trkpt>
      <trkpt lat="37.50512" lon="-122.48785">
        <ele>6.8</ele>
      </trkpt>
      <trkpt lat="37.50511" lon="-122.48783">
        <ele>6.8</ele>
      </trkpt>
      <trkpt lat="37.50508" lon="-122.48779">
        <ele>6.6</ele>
      </trkpt>
      <trkpt lat="37.50504" lon="-122.48775">
        <ele>6.6</ele>
      </trkpt>
      <trkpt lat="37.50501" lon="-122.48772">
        <ele>6.5</ele>
      </trkpt>
      <trkpt lat="37.50492" lon="-122.48767">
        <ele>6.3</ele>
      </trkpt>
      <trkpt lat="37.50488" lon="-122.48765">
        <ele>6.2</ele>
      </trkpt>
      <trkpt lat="37.50482" lon="-122.48764">
        <ele>6.0</ele>
      </trkpt>
      <trkpt lat="37.50474" lon="-122.48762">
        <ele>5.7</ele>
      </trkpt>
      <trkpt lat="37.50472" lon="-122.48761">
        <ele>5.6</ele>
      </trkpt>
      <trkpt lat="37.50469" lon="-122.4876">
        <ele>5.5</ele>
      </trkpt>
      <trkpt lat="37.50456" lon="-122.48756">
        <ele>5.1</ele>
      </trkpt>
      <trkpt lat="37.50456" lon="-122.48756">
        <ele>5.1</ele>
      </trkpt>
      <trkpt lat="37.50464" lon="-122.48737">
        <ele>5.3</ele>
      </trkpt>
      <trkpt lat="37.50479" lon="-122.48697">
        <ele>5.7</ele>
      </trkpt>
      <trkpt lat="37.50481" lon="-122.48691">
        <ele>5.7</ele>
      </trkpt>
      <trkpt lat="37.50485" lon="-122.48682">
        <ele>5.7</ele>
      </trkpt>
      <trkpt lat="37.50494" lon="-122.48658">
        <ele>5.7</ele>
      </trkpt>
      <trkpt lat="37.50498" lon="-122.48646">
        <ele>5.5</ele>
      </trkpt>
      <trkpt lat="37.50498" lon="-122.48646">
        <ele>5.5</ele>
      </trkpt>
      <trkpt lat="37.50491" lon="-122.48643">
        <ele>5.2</ele>
      </trkpt>
      <trkpt lat="37.50488" lon="-122.48641">
        <ele>5.1</ele>
      </trkpt>
      <trkpt lat="37.50455" lon="-122.48621">
        <ele>4.4</ele>
      </trkpt>
      <trkpt lat="37.50447" lon="-122.48617">
        <ele>4.2</ele>
      </trkpt>
      <trkpt lat="37.50439" lon="-122.48612">
        <ele>4.0</ele>
      </trkpt>
      <trkpt lat="37.50411" lon="-122.48594">
        <ele>3.9</ele>
      </trkpt>
      <trkpt lat="37.50407" lon="-122.48592">
        <ele>3.8</ele>
      </trkpt>
      <trkpt lat="37.50394" lon="-122.48582">
        <ele>3.3</ele>
      </trkpt>
      <trkpt lat="37.50389" lon="-122.48575">
        <ele>3.2</ele>
      </trkpt>
      <trkpt lat="37.50381" lon="-122.48562">
        <ele>2.9</ele>
      </trkpt>
      <trkpt lat="37.50374" lon="-122.48546">
        <ele>3.0</ele>
      </trkpt>
      <trkpt lat="37.50374" lon="-122.48545">
        <ele>3.0</ele>
      </trkpt>
      <trkpt lat="37.50364" lon="-122.48523">
        <ele>2.2</ele>
      </trkpt>
      <trkpt lat="37.50359" lon="-122.48508">
        <ele>2.7</ele>
      </trkpt>
      <trkpt lat="37.50357" lon="-122.48501">
        <ele>2.7</ele>
      </trkpt>
      <trkpt lat="37.50356" lon="-122.48488">
        <ele>2.5</ele>
      </trkpt>
      <trkpt lat="37.50356" lon="-122.4848">
        <ele>2.6</ele>
      </trkpt>
      <trkpt lat="37.50355" lon="-122.48479">
        <ele>2.6</ele>
      </trkpt>
      <trkpt lat="37.50352" lon="-122.48462">
        <ele>2.6</ele>
      </trkpt>
      <trkpt lat="37.50352" lon="-122.48459">
        <ele>2.6</ele>
      </trkpt>
      <trkpt lat="37.50352" lon="-122.48453">
        <ele>2.5</ele>
      </trkpt>
      <trkpt lat="37.50353" lon="-122.48418">
        <ele>3.6</ele>
      </trkpt>
      <trkpt lat="37.50354" lon="-122.48404">
        <ele>4.1</ele>
      </trkpt>
      <trkpt lat="37.50354" lon="-122.48398">
        <ele>4.3</ele>
      </trkpt>
      <trkpt lat="37.50355" lon="-122.48394">
        <ele>4.4</ele>
      </trkpt>
      <trkpt lat="37.50355" lon="-122.48391">
        <ele>4.4</ele>
      </trkpt>
      <trkpt lat="37.50355" lon="-122.48387">
        <ele>4.5</ele>
      </trkpt>
      <trkpt lat="37.50356" lon="-122.48373">
        <ele>4.7</ele>
      </trkpt>
      <trkpt lat="37.50358" lon="-122.48357">
        <ele>4.9</ele>
      </trkpt>
      <trkpt lat="37.5036" lon="-122.48347">
        <ele>5.2</ele>
      </trkpt>
      <trkpt lat="37.50361" lon="-122.48341">
        <ele>5.3</ele>
      </trkpt>
      <trkpt lat="37.50362" lon="-122.48338">
        <ele>5.3</ele>
      </trkpt>
      <trkpt lat="37.50363" lon="-122.48335">
        <ele>5.4</ele>
      </trkpt>
      <trkpt lat="37.50365" lon="-122.48328">
        <ele>5.7</ele>
      </trkpt>
      <trkpt lat="37.50371" lon="-122.48314">
        <ele>6.3</ele>
      </trkpt>
      <trkpt lat="37.50376" lon="-122.48303">
        <ele>6.7</ele>
      </trkpt>
      <trkpt lat="37.50378" lon="-122.48298">
        <ele>6.9</ele>
      </trkpt>
      <trkpt lat="37.50378" lon="-122.48297">
        <ele>6.9</ele>
      </trkpt>
      <trkpt lat="37.50379" lon="-122.48295">
        <ele>7.0</ele>
      </trkpt>
      <trkpt lat="37.5038" lon="-122.48294">
        <ele>7.1</ele>
      </trkpt>
      <trkpt lat="37.50381" lon="-122.48292">
        <ele>7.1</ele>
      </trkpt>
      <trkpt lat="37.50384" lon="-122.48286">
        <ele>7.3</ele>
      </trkpt>
      <trkpt lat="37.50387" lon="-122.48281">
        <ele>7.5</ele>
      </trkpt>
      <trkpt lat="37.5039" lon="-122.48276">
        <ele>7.7</ele>
      </trkpt>
      <trkpt lat="37.50392" lon="-122.48273">
        <ele>7.8</ele>
      </trkpt>
      <trkpt lat="37.50393" lon="-122.48272">
        <ele>7.9</ele>
      </trkpt>
      <trkpt lat="37.50416" lon="-122.48243">
        <ele>8.7</ele>
      </trkpt>
      <trkpt lat="37.50425" lon="-122.48232">
        <ele>8.7</ele>
      </trkpt>
      <trkpt lat="37.50425" lon="-122.48232">
        <ele>8.7</ele>
      </trkpt>
      <trkpt lat="37.50422" lon="-122.4823">
        <ele>8.6</ele>
      </trkpt>
      <trkpt lat="37.50419" lon="-122.48224">
        <ele>8.5</ele>
      </trkpt>
      <trkpt lat="37.50419" lon="-122.48222">
        <ele>8.5</ele>
      </trkpt>
      <trkpt lat="37.50417" lon="-122.48217">
        <ele>8.4</ele>
      </trkpt>
      <trkpt lat="37.50416" lon="-122.48216">
        <ele>8.3</ele>
      </trkpt>
      <trkpt lat="37.50415" lon="-122.48214">
        <ele>8.3</ele>
      </trkpt>
      <trkpt lat="37.50415" lon="-122.48213">
        <ele>8.3</ele>
      </trkpt>
      <trkpt lat="37.50405" lon="-122.48189">
        <ele>7.9</ele>
      </trkpt>
      <trkpt lat="37.504" lon="-122.48176">
        <ele>8.0</ele>
      </trkpt>
      <trkpt lat="37.50396" lon="-122.48163">
        <ele>8.3</ele>
      </trkpt>
      <trkpt lat="37.50396" lon="-122.48153">
        <ele>8.4</ele>
      </trkpt>
      <trkpt lat="37.50395" lon="-122.4815">
        <ele>8.4</ele>
      </trkpt>
      <trkpt lat="37.50393" lon="-122.48143">
        <ele>8.5</ele>
      </trkpt>
      <trkpt lat="37.50391" lon="-122.48138">
        <ele>8.5</ele>
      </trkpt>
      <trkpt lat="37.50389" lon="-122.48131">
        <ele>8.6</ele>
      </trkpt>
      <trkpt lat="37.50387" lon="-122.48119">
        <ele>8.7</ele>
      </trkpt>
      <trkpt lat="37.50387" lon="-122.48111">
        <ele>8.8</ele>
      </trkpt>
      <trkpt lat="37.50384" lon="-122.48081">
        <ele>9.1</ele>
      </trkpt>
      <trkpt lat="37.50383" lon="-122.48076">
        <ele>9.1</ele>
      </trkpt>
      <trkpt lat="37.50378" lon="-122.4802">
        <ele>9.6</ele>
      </trkpt>
      <trkpt lat="37.50375" lon="-122.47989">
        <ele>9.7</ele>
      </trkpt>
      <trkpt lat="37.50374" lon="-122.47985">
        <ele>9.7</ele>
      </trkpt>
      <trkpt lat="37.50372" lon="-122.47964">
        <ele>9.8</ele>
      </trkpt>
      <trkpt lat="37.50365" lon="-122.4794">
        <ele>9.8</ele>
      </trkpt>
      <trkpt lat="37.50356" lon="-122.47911">
        <ele>9.6</ele>
      </trkpt>
      <trkpt lat="37.50343" lon="-122.47873">
        <ele>9.4</ele>
      </trkpt>
      <trkpt lat="37.50338" lon="-122.47862">
        <ele>9.3</ele>
      </trkpt>
      <trkpt lat="37.50337" lon="-122.4786">
        <ele>9.3</ele>
      </trkpt>
      <trkpt lat="37.50332" lon="-122.47849">
        <ele>8.8</ele>
      </trkpt>
      <trkpt lat="37.50329" lon="-122.47843">
        <ele>8.7</ele>
      </trkpt>
      <trkpt lat="37.50328" lon="-122.47843">
        <ele>8.7</ele>
      </trkpt>
      <trkpt lat="37.50319" lon="-122.47828">
        <ele>8.2</ele>
      </trkpt>
      <trkpt lat="37.50316" lon="-122.47824">
        <ele>8.1</ele>
      </trkpt>
      <trkpt lat="37.50291" lon="-122.47795">
        <ele>8.0</ele>
      </trkpt>
      <trkpt lat="37.50291" lon="-122.47795">
        <ele>8.0</ele>
      </trkpt>
      <trkpt lat="37.50292" lon="-122.4779">
        <ele>8.1</ele>
      </trkpt>
      <trkpt lat="37.50292" lon="-122.47786">
        <ele>8.2</ele>
      </trkpt>
      <trkpt lat="37.50292" lon="-122.47785">
        <ele>8.2</ele>
      </trkpt>
      <trkpt lat="37.50291" lon="-122.47783">
        <ele>8.2</ele>
      </trkpt>
      <trkpt lat="37.5029" lon="-122.47781">
        <ele>8.2</ele>
      </trkpt>
      <trkpt lat="37.50289" lon="-122.47779">
        <ele>8.1</ele>
      </trkpt>
      <trkpt lat="37.50285" lon="-122.47773">
        <ele>8.1</ele>
      </trkpt>
      <trkpt lat="37.50281" lon="-122.47767">
        <ele>8.0</ele>
      </trkpt>
      <trkpt lat="37.50278" lon="-122.47759">
        <ele>8.0</ele>
      </trkpt>
      <trkpt lat="37.50274" lon="-122.47748">
        <ele>8.0</ele>
      </trkpt>
      <trkpt lat="37.50266" lon="-122.4772">
        <ele>8.2</ele>
      </trkpt>
      <trkpt lat="37.50264" lon="-122.4771">
        <ele>8.3</ele>
      </trkpt>
      <trkpt lat="37.50263" lon="-122.47707">
        <ele>8.3</ele>
      </trkpt>
      <trkpt lat="37.50262" lon="-122.47705">
        <ele>8.3</ele>
      </trkpt>
      <trkpt lat="37.50261" lon="-122.47695">
        <ele>8.5</ele>
      </trkpt>
      <trkpt lat="37.50256" lon="-122.47683">
        <ele>8.4</ele>
      </trkpt>
      <trkpt lat="37.50251" lon="-122.47674">
        <ele>8.3</ele>
      </trkpt>
      <trkpt lat="37.50246" lon="-122.47659">
        <ele>8.4</ele>
      </trkpt>
      <trkpt lat="37.50245" lon="-122.47656">
        <ele>8.4</ele>
      </trkpt>
      <trkpt lat="37.50242" lon="-122.47645">
        <ele>8.3</ele>
      </trkpt>
      <trkpt lat="37.50241" lon="-122.47643">
        <ele>8.3</ele>
      </trkpt>
      <trkpt lat="37.50237" lon="-122.47632">
        <ele>8.3</ele>
      </trkpt>
      <trkpt lat="37.50211" lon="-122.47572">
        <ele>8.1</ele>
      </trkpt>
      <trkpt lat="37.50203" lon="-122.47548">
        <ele>8.2</ele>
      </trkpt>
      <trkpt lat="37.50192" lon="-122.47502">
        <ele>8.4</ele>
      </trkpt>
      <trkpt lat="37.50184" lon="-122.47477">
        <ele>8.4</ele>
      </trkpt>
      <trkpt lat="37.50172" lon="-122.47451">
        <ele>8.1</ele>
      </trkpt>
      <trkpt lat="37.50159" lon="-122.47421">
        <ele>7.6</ele>
      </trkpt>
      <trkpt lat="37.50152" lon="-122.47399">
        <ele>7.3</ele>
      </trkpt>
      <trkpt lat="37.50145" lon="-122.47374">
        <ele>6.4</ele>
      </trkpt>
      <trkpt lat="37.50138" lon="-122.47355">
        <ele>5.5</ele>
      </trkpt>
      <trkpt lat="37.50135" lon="-122.47347">
        <ele>5.1</ele>
      </trkpt>
      <trkpt lat="37.5013" lon="-122.47334">
        <ele>4.6</ele>
      </trkpt>
      <trkpt lat="37.50129" lon="-122.47331">
        <ele>4.5</ele>
      </trkpt>
      <trkpt lat="37.50125" lon="-122.47312">
        <ele>4.1</ele>
      </trkpt>
      <trkpt lat="37.50123" lon="-122.47306">
        <ele>3.8</ele>
      </trkpt>
      <trkpt lat="37.50121" lon="-122.4729">
        <ele>3.7</ele>
      </trkpt>
      <trkpt lat="37.50121" lon="-122.47283">
        <ele>3.8</ele>
      </trkpt>
      <trkpt lat="37.5012" lon="-122.47267">
        <ele>3.8</ele>
      </trkpt>
      <trkpt lat="37.50118" lon="-122.47254">
        <ele>3.8</ele>
      </trkpt>
      <trkpt lat="37.50104" lon="-122.4722">
        <ele>3.3</ele>
      </trkpt>
      <trkpt lat="37.501" lon="-122.4721">
        <ele>3.1</ele>
      </trkpt>
      <trkpt lat="37.50099" lon="-122.47205">
        <ele>3.2</ele>
      </trkpt>
      <trkpt lat="37.50099" lon="-122.47199">
        <ele>3.2</ele>
      </trkpt>
      <trkpt lat="37.50101" lon="-122.47194">
        <ele>3.3</ele>
      </trkpt>
      <trkpt lat="37.50102" lon="-122.4719">
        <ele>3.3</ele>
      </trkpt>
      <trkpt lat="37.50107" lon="-122.47184">
        <ele>3.5</ele>
      </trkpt>
      <trkpt lat="37.50114" lon="-122.47174">
        <ele>4.0</ele>
      </trkpt>
      <trkpt lat="37.50117" lon="-122.47167">
        <ele>4.1</ele>
      </trkpt>
      <trkpt lat="37.50118" lon="-122.4716">
        <ele>4.1</ele>
      </trkpt>
      <trkpt lat="37.50118" lon="-122.47156">
        <ele>4.1</ele>
      </trkpt>
      <trkpt lat="37.50119" lon="-122.47154">
        <ele>4.2</ele>
      </trkpt>
      <trkpt lat="37.50119" lon="-122.47148">
        <ele>4.2</ele>
      </trkpt>
      <trkpt lat="37.50118" lon="-122.47141">
        <ele>4.1</ele>
      </trkpt>
      <trkpt lat="37.50116" lon="-122.47133">
        <ele>4.0</ele>
      </trkpt>
      <trkpt lat="37.50111" lon="-122.47119">
        <ele>3.9</ele>
      </trkpt>
      <trkpt lat="37.50101" lon="-122.47089">
        <ele>4.3</ele>
      </trkpt>
      <trkpt lat="37.50091" lon="-122.4706">
        <ele>4.1</ele>
      </trkpt>
      <trkpt lat="37.50087" lon="-122.4705">
        <ele>4.3</ele>
      </trkpt>
      <trkpt lat="37.50079" lon="-122.47028">
        <ele>3.7</ele>
      </trkpt>
      <trkpt lat="37.50058" lon="-122.46973">
        <ele>5.2</ele>
      </trkpt>
      <trkpt lat="37.50038" lon="-122.46922">
        <ele>5.3</ele>
      </trkpt>
      <trkpt lat="37.50028" lon="-122.46897">
        <ele>5.6</ele>
      </trkpt>
      <trkpt lat="37.50019" lon="-122.46874">
        <ele>6.2</ele>
      </trkpt>
      <trkpt lat="37.50012" lon="-122.46856">
        <ele>5.8</ele>
      </trkpt>
      <trkpt lat="37.5" lon="-122.46829">
        <ele>5.9</ele>
      </trkpt>
      <trkpt lat="37.4999" lon="-122.46806">
        <ele>6.3</ele>
      </trkpt>
      <trkpt lat="37.49985" lon="-122.46794">
        <ele>6.6</ele>
      </trkpt>
      <trkpt lat="37.49978" lon="-122.46782">
        <ele>7.0</ele>
      </trkpt>
      <trkpt lat="37.49973" lon="-122.46772">
        <ele>7.1</ele>
      </trkpt>
      <trkpt lat="37.49967" lon="-122.46767">
        <ele>7.0</ele>
      </trkpt>
      <trkpt lat="37.49967" lon="-122.46766">
        <ele>7.0</ele>
      </trkpt>
      <trkpt lat="37.49962" lon="-122.4676">
        <ele>7.1</ele>
      </trkpt>
      <trkpt lat="37.49958" lon="-122.46755">
        <ele>7.2</ele>
      </trkpt>
      <trkpt lat="37.4995" lon="-122.46743">
        <ele>7.2</ele>
      </trkpt>
      <trkpt lat="37.49947" lon="-122.46736">
        <ele>7.3</ele>
      </trkpt>
      <trkpt lat="37.49944" lon="-122.46724">
        <ele>7.7</ele>
      </trkpt>
      <trkpt lat="37.49943" lon="-122.46722">
        <ele>7.7</ele>
      </trkpt>
      <trkpt lat="37.49939" lon="-122.46701">
        <ele>8.4</ele>
      </trkpt>
      <trkpt lat="37.49935" lon="-122.46692">
        <ele>8.6</ele>
      </trkpt>
      <trkpt lat="37.49927" lon="-122.46678">
        <ele>8.7</ele>
      </trkpt>
      <trkpt lat="37.49906" lon="-122.46642">
        <ele>9.1</ele>
      </trkpt>
      <trkpt lat="37.49896" lon="-122.46624">
        <ele>9.3</ele>
      </trkpt>
      <trkpt lat="37.49895" lon="-122.46624">
        <ele>9.2</ele>
      </trkpt>
      <trkpt lat="37.49891" lon="-122.46616">
        <ele>9.2</ele>
      </trkpt>
      <trkpt lat="37.49886" lon="-122.46608">
        <ele>9.2</ele>
      </trkpt>
      <trkpt lat="37.49885" lon="-122.46606">
        <ele>9.2</ele>
      </trkpt>
      <trkpt lat="37.49842" lon="-122.46537">
        <ele>9.4</ele>
      </trkpt>
      <trkpt lat="37.49826" lon="-122.46512">
        <ele>9.4</ele>
      </trkpt>
      <trkpt lat="37.49798" lon="-122.46465">
        <ele>9.3</ele>
      </trkpt>
      <trkpt lat="37.49796" lon="-122.46462">
        <ele>9.3</ele>
      </trkpt>
      <trkpt lat="37.49777" lon="-122.4643">
        <ele>9.3</ele>
      </trkpt>
      <trkpt lat="37.49758" lon="-122.46397">
        <ele>9.3</ele>
      </trkpt>
      <trkpt lat="37.49738" lon="-122.46361">
        <ele>9.0</ele>
      </trkpt>
      <trkpt lat="37.49732" lon="-122.46345">
        <ele>8.8</ele>
      </trkpt>
      <trkpt lat="37.49725" lon="-122.46322">
        <ele>8.4</ele>
      </trkpt>
      <trkpt lat="37.49722" lon="-122.46312">
        <ele>8.3</ele>
      </trkpt>
      <trkpt lat="37.49721" lon="-122.46308">
        <ele>8.1</ele>
      </trkpt>
      <trkpt lat="37.49716" lon="-122.46292">
        <ele>7.6</ele>
      </trkpt>
      <trkpt lat="37.49713" lon="-122.46285">
        <ele>7.5</ele>
      </trkpt>
      <trkpt lat="37.49706" lon="-122.46271">
        <ele>7.3</ele>
      </trkpt>
      <trkpt lat="37.49695" lon="-122.46254">
        <ele>7.0</ele>
      </trkpt>
      <trkpt lat="37.49689" lon="-122.46244">
        <ele>7.0</ele>
      </trkpt>
      <trkpt lat="37.49688" lon="-122.46239">
        <ele>6.9</ele>
      </trkpt>
      <trkpt lat="37.49689" lon="-122.46233">
        <ele>6.9</ele>
      </trkpt>
      <trkpt lat="37.4969" lon="-122.46227">
        <ele>6.9</ele>
      </trkpt>
      <trkpt lat="37.4969" lon="-122.46223">
        <ele>6.9</ele>
      </trkpt>
      <trkpt lat="37.49689" lon="-122.46219">
        <ele>6.9</ele>
      </trkpt>
      <trkpt lat="37.49683" lon="-122.4621">
        <ele>6.9</ele>
      </trkpt>
      <trkpt lat="37.49679" lon="-122.46204">
        <ele>6.9</ele>
      </trkpt>
      <trkpt lat="37.49662" lon="-122.46179">
        <ele>7.6</ele>
      </trkpt>
      <trkpt lat="37.49662" lon="-122.46179">
        <ele>7.6</ele>
      </trkpt>
      <trkpt lat="37.49645" lon="-122.462">
        <ele>7.8</ele>
      </trkpt>
      <trkpt lat="37.49584" lon="-122.46278">
        <ele>5.4</ele>
      </trkpt>
      <trkpt lat="37.49584" lon="-122.46278">
        <ele>5.4</ele>
      </trkpt>
      <trkpt lat="37.49569" lon="-122.46264">
        <ele>5.3</ele>
      </trkpt>
      <trkpt lat="37.49567" lon="-122.46262">
        <ele>5.3</ele>
      </trkpt>
      <trkpt lat="37.49565" lon="-122.4626">
        <ele>5.3</ele>
      </trkpt>
      <trkpt lat="37.49534" lon="-122.46227">
        <ele>5.4</ele>
      </trkpt>
      <trkpt lat="37.49532" lon="-122.46225">
        <ele>5.4</ele>
      </trkpt>
      <trkpt lat="37.4953" lon="-122.46222">
        <ele>5.4</ele>
      </trkpt>
      <trkpt lat="37.49528" lon="-122.46218">
        <ele>5.5</ele>
      </trkpt>
      <trkpt lat="37.49527" lon="-122.46216">
        <ele>5.5</ele>
      </trkpt>
      <trkpt lat="37.4948" lon="-122.46166">
        <ele>6.0</ele>
      </trkpt>
      <trkpt lat="37.49472" lon="-122.46156">
        <ele>6.0</ele>
      </trkpt>
      <trkpt lat="37.49466" lon="-122.46149">
        <ele>6.1</ele>
      </trkpt>
      <trkpt lat="37.49394" lon="-122.46068">
        <ele>6.8</ele>
      </trkpt>
      <trkpt lat="37.49388" lon="-122.46061">
        <ele>7.2</ele>
      </trkpt>
      <trkpt lat="37.49387" lon="-122.46059">
        <ele>7.3</ele>
      </trkpt>
      <trkpt lat="37.49383" lon="-122.46054">
        <ele>7.5</ele>
      </trkpt>
      <trkpt lat="37.4938" lon="-122.4605">
        <ele>7.6</ele>
      </trkpt>
      <trkpt lat="37.49377" lon="-122.46046">
        <ele>7.6</ele>
      </trkpt>
      <trkpt lat="37.49359" lon="-122.46018">
        <ele>7.4</ele>
      </trkpt>
      <trkpt lat="37.49356" lon="-122.46011">
        <ele>7.3</ele>
      </trkpt>
      <trkpt lat="37.49353" lon="-122.46001">
        <ele>7.2</ele>
      </trkpt>
      <trkpt lat="37.49352" lon="-122.45997">
        <ele>7.1</ele>
      </trkpt>
      <trkpt lat="37.49352" lon="-122.45997">
        <ele>7.1</ele>
      </trkpt>
      <trkpt lat="37.49335" lon="-122.45979">
        <ele>7.2</ele>
      </trkpt>
      <trkpt lat="37.49333" lon="-122.45978">
        <ele>7.2</ele>
      </trkpt>
      <trkpt lat="37.49326" lon="-122.45968">
        <ele>7.3</ele>
      </trkpt>
      <trkpt lat="37.4932" lon="-122.45959">
        <ele>7.3</ele>
      </trkpt>
      <trkpt lat="37.49313" lon="-122.45943">
        <ele>7.4</ele>
      </trkpt>
      <trkpt lat="37.49313" lon="-122.45943">
        <ele>7.4</ele>
      </trkpt>
      <trkpt lat="37.49297" lon="-122.45942">
        <ele>7.5</ele>
      </trkpt>
      <trkpt lat="37.4929" lon="-122.45935">
        <ele>7.6</ele>
      </trkpt>
      <trkpt lat="37.4928" lon="-122.45924">
        <ele>7.6</ele>
      </trkpt>
      <trkpt lat="37.49252" lon="-122.45889">
        <ele>7.8</ele>
      </trkpt>
      <trkpt lat="37.49251" lon="-122.45888">
        <ele>7.8</ele>
      </trkpt>
      <trkpt lat="37.49238" lon="-122.45874">
        <ele>7.8</ele>
      </trkpt>
      <trkpt lat="37.49238" lon="-122.45873">
        <ele>7.8</ele>
      </trkpt>
      <trkpt lat="37.49225" lon="-122.45857">
        <ele>7.8</ele>
      </trkpt>
      <trkpt lat="37.49212" lon="-122.4584">
        <ele>7.8</ele>
      </trkpt>
      <trkpt lat="37.49206" lon="-122.45833">
        <ele>7.8</ele>
      </trkpt>
      <trkpt lat="37.49198" lon="-122.45829">
        <ele>7.7</ele>
      </trkpt>
      <trkpt lat="37.49189" lon="-122.45825">
        <ele>7.6</ele>
      </trkpt>
      <trkpt lat="37.49183" lon="-122.45818">
        <ele>7.6</ele>
      </trkpt>
      <trkpt lat="37.4917" lon="-122.45802">
        <ele>7.8</ele>
      </trkpt>
      <trkpt lat="37.49165" lon="-122.45797">
        <ele>7.8</ele>
      </trkpt>
      <trkpt lat="37.49158" lon="-122.45785">
        <ele>7.8</ele>
      </trkpt>
      <trkpt lat="37.49158" lon="-122.45784">
        <ele>7.8</ele>
      </trkpt>
      <trkpt lat="37.49152" lon="-122.45764">
        <ele>8.1</ele>
      </trkpt>
      <trkpt lat="37.49149" lon="-122.45761">
        <ele>8.1</ele>
      </trkpt>
      <trkpt lat="37.49132" lon="-122.45746">
        <ele>8.1</ele>
      </trkpt>
      <trkpt lat="37.49117" lon="-122.45738">
        <ele>8.1</ele>
      </trkpt>
      <trkpt lat="37.49114" lon="-122.45735">
        <ele>8.0</ele>
      </trkpt>
      <trkpt lat="37.49111" lon="-122.45731">
        <ele>8.0</ele>
      </trkpt>
      <trkpt lat="37.49109" lon="-122.45713">
        <ele>8.1</ele>
      </trkpt>
      <trkpt lat="37.49108" lon="-122.45706">
        <ele>8.1</ele>
      </trkpt>
      <trkpt lat="37.49106" lon="-122.45704">
        <ele>8.0</ele>
      </trkpt>
      <trkpt lat="37.49106" lon="-122.45703">
        <ele>8.0</ele>
      </trkpt>
      <trkpt lat="37.49102" lon="-122.45698">
        <ele>7.9</ele>
      </trkpt>
      <trkpt lat="37.49099" lon="-122.45696">
        <ele>7.8</ele>
      </trkpt>
      <trkpt lat="37.49057" lon="-122.45656">
        <ele>6.7</ele>
      </trkpt>
      <trkpt lat="37.49033" lon="-122.45638">
        <ele>6.2</ele>
      </trkpt>
      <trkpt lat="37.49025" lon="-122.45633">
        <ele>5.9</ele>
      </trkpt>
      <trkpt lat="37.49017" lon="-122.45628">
        <ele>5.9</ele>
      </trkpt>
      <trkpt lat="37.49002" lon="-122.45618">
        <ele>5.6</ele>
      </trkpt>
      <trkpt lat="37.49002" lon="-122.45617">
        <ele>5.6</ele>
      </trkpt>
      <trkpt lat="37.49001" lon="-122.45617">
        <ele>5.6</ele>
      </trkpt>
      <trkpt lat="37.48985" lon="-122.45606">
        <ele>5.5</ele>
      </trkpt>
      <trkpt lat="37.48963" lon="-122.45592">
        <ele>5.3</ele>
      </trkpt>
      <trkpt lat="37.48959" lon="-122.45585">
        <ele>5.3</ele>
      </trkpt>
      <trkpt lat="37.48957" lon="-122.45578">
        <ele>5.4</ele>
      </trkpt>
      <trkpt lat="37.4896" lon="-122.45564">
        <ele>5.6</ele>
      </trkpt>
      <trkpt lat="37.4896" lon="-122.45552">
        <ele>5.7</ele>
      </trkpt>
      <trkpt lat="37.48957" lon="-122.45547">
        <ele>5.7</ele>
      </trkpt>
      <trkpt lat="37.4894" lon="-122.45529">
        <ele>5.9</ele>
      </trkpt>
      <trkpt lat="37.48936" lon="-122.45526">
        <ele>6.0</ele>
      </trkpt>
      <trkpt lat="37.48922" lon="-122.45515">
        <ele>6.1</ele>
      </trkpt>
      <trkpt lat="37.48921" lon="-122.45515">
        <ele>6.1</ele>
      </trkpt>
      <trkpt lat="37.4892" lon="-122.45514">
        <ele>6.1</ele>
      </trkpt>
      <trkpt lat="37.48904" lon="-122.45506">
        <ele>6.0</ele>
      </trkpt>
      <trkpt lat="37.48902" lon="-122.45504">
        <ele>6.0</ele>
      </trkpt>
      <trkpt lat="37.4889" lon="-122.45492">
        <ele>6.3</ele>
      </trkpt>
      <trkpt lat="37.48834" lon="-122.45435">
        <ele>7.5</ele>
      </trkpt>
      <trkpt lat="37.48806" lon="-122.45407">
        <ele>8.1</ele>
      </trkpt>
      <trkpt lat="37.48792" lon="-122.45393">
        <ele>8.2</ele>
      </trkpt>
      <trkpt lat="37.48778" lon="-122.4538">
        <ele>8.4</ele>
      </trkpt>
      <trkpt lat="37.48777" lon="-122.4538">
        <ele>8.4</ele>
      </trkpt>
      <trkpt lat="37.48762" lon="-122.45367">
        <ele>8.5</ele>
      </trkpt>
      <trkpt lat="37.4875" lon="-122.45356">
        <ele>8.8</ele>
      </trkpt>
      <trkpt lat="37.48747" lon="-122.45354">
        <ele>8.8</ele>
      </trkpt>
      <trkpt lat="37.48718" lon="-122.45329">
        <ele>8.9</ele>
      </trkpt>
      <trkpt lat="37.48673" lon="-122.45291">
        <ele>9.3</ele>
      </trkpt>
      <trkpt lat="37.48658" lon="-122.45279">
        <ele>9.3</ele>
      </trkpt>
      <trkpt lat="37.48658" lon="-122.45278">
        <ele>9.3</ele>
      </trkpt>
      <trkpt lat="37.48643" lon="-122.45266">
        <ele>9.3</ele>
      </trkpt>
      <trkpt lat="37.48598" lon="-122.45228">
        <ele>9.8</ele>
      </trkpt>
      <trkpt lat="37.48568" lon="-122.45203">
        <ele>10.0</ele>
      </trkpt>
      <trkpt lat="37.48558" lon="-122.45194">
        <ele>10.1</ele>
      </trkpt>
      <trkpt lat="37.48557" lon="-122.45194">
        <ele>10.1</ele>
      </trkpt>
      <trkpt lat="37.48553" lon="-122.45193">
        <ele>10.2</ele>
      </trkpt>
      <trkpt lat="37.48549" lon="-122.45191">
        <ele>10.2</ele>
      </trkpt>
      <trkpt lat="37.48546" lon="-122.45191">
        <ele>10.2</ele>
      </trkpt>
      <trkpt lat="37.48542" lon="-122.4519">
        <ele>10.2</ele>
      </trkpt>
      <trkpt lat="37.48537" lon="-122.45197">
        <ele>10.0</ele>
      </trkpt>
      <trkpt lat="37.48535" lon="-122.45204">
        <ele>9.9</ele>
      </trkpt>
      <trkpt lat="37.48534" lon="-122.45206">
        <ele>9.8</ele>
      </trkpt>
      <trkpt lat="37.48531" lon="-122.45215">
        <ele>9.5</ele>
      </trkpt>
      <trkpt lat="37.48527" lon="-122.45228">
        <ele>9.3</ele>
      </trkpt>
      <trkpt lat="37.48521" lon="-122.45238">
        <ele>9.2</ele>
      </trkpt>
      <trkpt lat="37.48515" lon="-122.45244">
        <ele>9.1</ele>
      </trkpt>
      <trkpt lat="37.48513" lon="-122.45247">
        <ele>9.0</ele>
      </trkpt>
      <trkpt lat="37.48504" lon="-122.4525">
        <ele>8.9</ele>
      </trkpt>
      <trkpt lat="37.48491" lon="-122.45251">
        <ele>8.8</ele>
      </trkpt>
      <trkpt lat="37.48463" lon="-122.45247">
        <ele>8.7</ele>
      </trkpt>
      <trkpt lat="37.48462" lon="-122.45247">
        <ele>8.7</ele>
      </trkpt>
      <trkpt lat="37.48445" lon="-122.45243">
        <ele>8.6</ele>
      </trkpt>
      <trkpt lat="37.48429" lon="-122.45238">
        <ele>8.6</ele>
      </trkpt>
      <trkpt lat="37.48428" lon="-122.45238">
        <ele>8.6</ele>
      </trkpt>
      <trkpt lat="37.48411" lon="-122.45229">
        <ele>8.7</ele>
      </trkpt>
      <trkpt lat="37.48402" lon="-122.45224">
        <ele>8.7</ele>
      </trkpt>
      <trkpt lat="37.48394" lon="-122.4522">
        <ele>8.8</ele>
      </trkpt>
      <trkpt lat="37.48344" lon="-122.45197">
        <ele>8.8</ele>
      </trkpt>
      <trkpt lat="37.48327" lon="-122.45189">
        <ele>8.8</ele>
      </trkpt>
      <trkpt lat="37.48319" lon="-122.45185">
        <ele>8.9</ele>
      </trkpt>
      <trkpt lat="37.4831" lon="-122.45181">
        <ele>8.9</ele>
      </trkpt>
      <trkpt lat="37.48307" lon="-122.45179">
        <ele>8.8</ele>
      </trkpt>
      <trkpt lat="37.48297" lon="-122.45179">
        <ele>8.7</ele>
      </trkpt>
      <trkpt lat="37.48286" lon="-122.45186">
        <ele>8.6</ele>
      </trkpt>
      <trkpt lat="37.48278" lon="-122.45185">
        <ele>8.5</ele>
      </trkpt>
      <trkpt lat="37.48276" lon="-122.45184">
        <ele>8.4</ele>
      </trkpt>
      <trkpt lat="37.4827" lon="-122.45181">
        <ele>8.4</ele>
      </trkpt>
      <trkpt lat="37.48261" lon="-122.45172">
        <ele>8.5</ele>
      </trkpt>
      <trkpt lat="37.4825" lon="-122.4516">
        <ele>8.6</ele>
      </trkpt>
      <trkpt lat="37.48241" lon="-122.45155">
        <ele>8.5</ele>
      </trkpt>
      <trkpt lat="37.48235" lon="-122.45153">
        <ele>8.5</ele>
      </trkpt>
      <trkpt lat="37.48226" lon="-122.45153">
        <ele>8.5</ele>
      </trkpt>
      <trkpt lat="37.48213" lon="-122.45152">
        <ele>8.2</ele>
      </trkpt>
      <trkpt lat="37.48194" lon="-122.45147">
        <ele>8.4</ele>
      </trkpt>
      <trkpt lat="37.48193" lon="-122.45147">
        <ele>8.4</ele>
      </trkpt>
      <trkpt lat="37.48176" lon="-122.4514">
        <ele>8.3</ele>
      </trkpt>
      <trkpt lat="37.4816" lon="-122.45132">
        <ele>8.3</ele>
      </trkpt>
      <trkpt lat="37.48155" lon="-122.4513">
        <ele>8.2</ele>
      </trkpt>
      <trkpt lat="37.48145" lon="-122.45123">
        <ele>8.4</ele>
      </trkpt>
      <trkpt lat="37.48144" lon="-122.45122">
        <ele>8.4</ele>
      </trkpt>
      <trkpt lat="37.4814" lon="-122.45117">
        <ele>8.4</ele>
      </trkpt>
      <trkpt lat="37.48137" lon="-122.4511">
        <ele>8.5</ele>
      </trkpt>
      <trkpt lat="37.48138" lon="-122.45105">
        <ele>8.5</ele>
      </trkpt>
      <trkpt lat="37.48139" lon="-122.45102">
        <ele>8.6</ele>
      </trkpt>
      <trkpt lat="37.48142" lon="-122.45099">
        <ele>8.7</ele>
      </trkpt>
      <trkpt lat="37.48152" lon="-122.45093">
        <ele>9.1</ele>
      </trkpt>
      <trkpt lat="37.48155" lon="-122.45092">
        <ele>9.2</ele>
      </trkpt>
      <trkpt lat="37.48162" lon="-122.45089">
        <ele>9.3</ele>
      </trkpt>
      <trkpt lat="37.4817" lon="-122.4508">
        <ele>9.6</ele>
      </trkpt>
      <trkpt lat="37.48179" lon="-122.45062">
        <ele>10.1</ele>
      </trkpt>
      <trkpt lat="37.48179" lon="-122.45061">
        <ele>10.1</ele>
      </trkpt>
      <trkpt lat="37.48187" lon="-122.4504">
        <ele>10.7</ele>
      </trkpt>
      <trkpt lat="37.48191" lon="-122.45027">
        <ele>11.0</ele>
      </trkpt>
      <trkpt lat="37.48195" lon="-122.4502">
        <ele>11.2</ele>
      </trkpt>
      <trkpt lat="37.48205" lon="-122.45001">
        <ele>11.7</ele>
      </trkpt>
      <trkpt lat="37.48209" lon="-122.44995">
        <ele>11.9</ele>
      </trkpt>
      <trkpt lat="37.4821" lon="-122.44986">
        <ele>12.1</ele>
      </trkpt>
      <trkpt lat="37.48212" lon="-122.44981">
        <ele>12.3</ele>
      </trkpt>
      <trkpt lat="37.48212" lon="-122.44981">
        <ele>12.3</ele>
      </trkpt>
      <trkpt lat="37.48209" lon="-122.44978">
        <ele>12.2</ele>
      </trkpt>
      <trkpt lat="37.48208" lon="-122.44977">
        <ele>12.2</ele>
      </trkpt>
      <trkpt lat="37.48195" lon="-122.44971">
        <ele>12.0</ele>
      </trkpt>
      <trkpt lat="37.48186" lon="-122.44967">
        <ele>11.9</ele>
      </trkpt>
      <trkpt lat="37.48178" lon="-122.44966">
        <ele>11.8</ele>
      </trkpt>
      <trkpt lat="37.4816" lon="-122.44964">
        <ele>11.6</ele>
      </trkpt>
      <trkpt lat="37.48135" lon="-122.44962">
        <ele>11.4</ele>
      </trkpt>
      <trkpt lat="37.48127" lon="-122.44953">
        <ele>11.5</ele>
      </trkpt>
      <trkpt lat="37.48117" lon="-122.44942">
        <ele>11.5</ele>
      </trkpt>
      <trkpt lat="37.48114" lon="-122.44937">
        <ele>11.6</ele>
      </trkpt>
      <trkpt lat="37.48105" lon="-122.44923">
        <ele>11.7</ele>
      </trkpt>
      <trkpt lat="37.48102" lon="-122.44921">
        <ele>11.8</ele>
      </trkpt>
      <trkpt lat="37.48091" lon="-122.44911">
        <ele>11.8</ele>
      </trkpt>
      <trkpt lat="37.48087" lon="-122.4491">
        <ele>11.8</ele>
      </trkpt>
      <trkpt lat="37.48078" lon="-122.44908">
        <ele>11.8</ele>
      </trkpt>
      <trkpt lat="37.48068" lon="-122.44908">
        <ele>11.7</ele>
      </trkpt>
      <trkpt lat="37.48066" lon="-122.44908">
        <ele>11.7</ele>
      </trkpt>
      <trkpt lat="37.4805" lon="-122.44911">
        <ele>11.4</ele>
      </trkpt>
      <trkpt lat="37.48017" lon="-122.44927">
        <ele>10.7</ele>
      </trkpt>
      <trkpt lat="37.48013" lon="-122.44929">
        <ele>10.6</ele>
      </trkpt>
      <trkpt lat="37.48002" lon="-122.44935">
        <ele>10.3</ele>
      </trkpt>
      <trkpt lat="37.48" lon="-122.44935">
        <ele>10.3</ele>
      </trkpt>
      <trkpt lat="37.47994" lon="-122.44934">
        <ele>10.3</ele>
      </trkpt>
      <trkpt lat="37.47985" lon="-122.4493">
        <ele>10.2</ele>
      </trkpt>
      <trkpt lat="37.47968" lon="-122.44915">
        <ele>10.2</ele>
      </trkpt>
      <trkpt lat="37.47957" lon="-122.44905">
        <ele>10.2</ele>
      </trkpt>
      <trkpt lat="37.47954" lon="-122.44902">
        <ele>10.2</ele>
      </trkpt>
      <trkpt lat="37.4793" lon="-122.44878">
        <ele>10.3</ele>
      </trkpt>
      <trkpt lat="37.47926" lon="-122.44874">
        <ele>10.3</ele>
      </trkpt>
      <trkpt lat="37.47922" lon="-122.44872">
        <ele>10.3</ele>
      </trkpt>
      <trkpt lat="37.47874" lon="-122.44852">
        <ele>9.8</ele>
      </trkpt>
      <trkpt lat="37.47857" lon="-122.44845">
        <ele>9.8</ele>
      </trkpt>
      <trkpt lat="37.4785" lon="-122.44842">
        <ele>9.7</ele>
      </trkpt>
      <trkpt lat="37.47842" lon="-122.44833">
        <ele>9.7</ele>
      </trkpt>
      <trkpt lat="37.47834" lon="-122.44824">
        <ele>9.7</ele>
      </trkpt>
      <trkpt lat="37.47828" lon="-122.44819">
        <ele>9.7</ele>
      </trkpt>
      <trkpt lat="37.47815" lon="-122.44804">
        <ele>9.7</ele>
      </trkpt>
      <trkpt lat="37.47811" lon="-122.44799">
        <ele>9.6</ele>
      </trkpt>
      <trkpt lat="37.478" lon="-122.4479">
        <ele>9.6</ele>
      </trkpt>
      <trkpt lat="37.47785" lon="-122.44778">
        <ele>9.5</ele>
      </trkpt>
      <trkpt lat="37.47768" lon="-122.44763">
        <ele>9.4</ele>
      </trkpt>
      <trkpt lat="37.47736" lon="-122.44753">
        <ele>9.1</ele>
      </trkpt>
      <trkpt lat="37.4773" lon="-122.44751">
        <ele>9.1</ele>
      </trkpt>
      <trkpt lat="37.47718" lon="-122.44755">
        <ele>8.8</ele>
      </trkpt>
      <trkpt lat="37.47684" lon="-122.44766">
        <ele>8.1</ele>
      </trkpt>
      <trkpt lat="37.47678" lon="-122.44766">
        <ele>8.0</ele>
      </trkpt>
      <trkpt lat="37.47672" lon="-122.44764">
        <ele>7.9</ele>
      </trkpt>
      <trkpt lat="37.47666" lon="-122.44761">
        <ele>7.7</ele>
      </trkpt>
      <trkpt lat="37.47664" lon="-122.44759">
        <ele>7.7</ele>
      </trkpt>
      <trkpt lat="37.47652" lon="-122.4475">
        <ele>7.6</ele>
      </trkpt>
      <trkpt lat="37.4764" lon="-122.44739">
        <ele>7.4</ele>
      </trkpt>
      <trkpt lat="37.47637" lon="-122.44736">
        <ele>7.4</ele>
      </trkpt>
      <trkpt lat="37.47621" lon="-122.44724">
        <ele>7.3</ele>
      </trkpt>
      <trkpt lat="37.47605" lon="-122.44713">
        <ele>6.8</ele>
      </trkpt>
      <trkpt lat="37.47589" lon="-122.44703">
        <ele>6.5</ele>
      </trkpt>
      <trkpt lat="37.47581" lon="-122.44698">
        <ele>6.3</ele>
      </trkpt>
      <trkpt lat="37.47573" lon="-122.44693">
        <ele>6.1</ele>
      </trkpt>
      <trkpt lat="37.47572" lon="-122.44692">
        <ele>6.2</ele>
      </trkpt>
      <trkpt lat="37.47566" lon="-122.44687">
        <ele>6.3</ele>
      </trkpt>
      <trkpt lat="37.47562" lon="-122.44683">
        <ele>6.3</ele>
      </trkpt>
      <trkpt lat="37.47559" lon="-122.4468">
        <ele>6.2</ele>
      </trkpt>
      <trkpt lat="37.47556" lon="-122.44676">
        <ele>6.3</ele>
      </trkpt>
      <trkpt lat="37.47552" lon="-122.44673">
        <ele>6.4</ele>
      </trkpt>
      <trkpt lat="37.47543" lon="-122.44668">
        <ele>6.5</ele>
      </trkpt>
      <trkpt lat="37.47526" lon="-122.44658">
        <ele>6.8</ele>
      </trkpt>
      <trkpt lat="37.47504" lon="-122.44646">
        <ele>6.8</ele>
      </trkpt>
      <trkpt lat="37.47461" lon="-122.44624">
        <ele>6.6</ele>
      </trkpt>
      <trkpt lat="37.47427" lon="-122.44607">
        <ele>6.4</ele>
      </trkpt>
      <trkpt lat="37.47419" lon="-122.44603">
        <ele>6.4</ele>
      </trkpt>
      <trkpt lat="37.47408" lon="-122.44599">
        <ele>6.3</ele>
      </trkpt>
      <trkpt lat="37.47403" lon="-122.44599">
        <ele>6.3</ele>
      </trkpt>
      <trkpt lat="37.47399" lon="-122.446">
        <ele>6.3</ele>
      </trkpt>
      <trkpt lat="37.47395" lon="-122.44603">
        <ele>6.3</ele>
      </trkpt>
      <trkpt lat="37.47388" lon="-122.4461">
        <ele>6.3</ele>
      </trkpt>
      <trkpt lat="37.47375" lon="-122.44625">
        <ele>6.4</ele>
      </trkpt>
      <trkpt lat="37.47361" lon="-122.4464">
        <ele>6.5</ele>
      </trkpt>
      <trkpt lat="37.47347" lon="-122.44654">
        <ele>6.6</ele>
      </trkpt>
      <trkpt lat="37.47334" lon="-122.44669">
        <ele>6.6</ele>
      </trkpt>
      <trkpt lat="37.4732" lon="-122.44684">
        <ele>6.7</ele>
      </trkpt>
      <trkpt lat="37.47308" lon="-122.44696">
        <ele>6.8</ele>
      </trkpt>
      <trkpt lat="37.47304" lon="-122.44697">
        <ele>6.8</ele>
      </trkpt>
      <trkpt lat="37.473" lon="-122.44697">
        <ele>6.8</ele>
      </trkpt>
      <trkpt lat="37.47298" lon="-122.44697">
        <ele>6.8</ele>
      </trkpt>
      <trkpt lat="37.47295" lon="-122.44696">
        <ele>6.8</ele>
      </trkpt>
      <trkpt lat="37.47293" lon="-122.44694">
        <ele>6.8</ele>
      </trkpt>
      <trkpt lat="37.47291" lon="-122.44693">
        <ele>6.8</ele>
      </trkpt>
      <trkpt lat="37.4729" lon="-122.44692">
        <ele>6.9</ele>
      </trkpt>
      <trkpt lat="37.47288" lon="-122.44689">
        <ele>6.9</ele>
      </trkpt>
      <trkpt lat="37.4728" lon="-122.44676">
        <ele>6.9</ele>
      </trkpt>
      <trkpt lat="37.47274" lon="-122.44667">
        <ele>6.9</ele>
      </trkpt>
      <trkpt lat="37.47267" lon="-122.4466">
        <ele>6.9</ele>
      </trkpt>
      <trkpt lat="37.47256" lon="-122.44651">
        <ele>6.9</ele>
      </trkpt>
      <trkpt lat="37.47252" lon="-122.44648">
        <ele>6.9</ele>
      </trkpt>
      <trkpt lat="37.47237" lon="-122.44636">
        <ele>6.9</ele>
      </trkpt>
      <trkpt lat="37.47231" lon="-122.44632">
        <ele>6.9</ele>
      </trkpt>
      <trkpt lat="37.47204" lon="-122.44618">
        <ele>6.9</ele>
      </trkpt>
      <trkpt lat="37.47199" lon="-122.44616">
        <ele>6.9</ele>
      </trkpt>
      <trkpt lat="37.47178" lon="-122.44609">
        <ele>7.2</ele>
      </trkpt>
      <trkpt lat="37.47169" lon="-122.44607">
        <ele>7.2</ele>
      </trkpt>
      <trkpt lat="37.4714" lon="-122.446">
        <ele>7.5</ele>
      </trkpt>
      <trkpt lat="37.47117" lon="-122.44594">
        <ele>7.8</ele>
      </trkpt>
      <trkpt lat="37.47116" lon="-122.44593">
        <ele>7.8</ele>
      </trkpt>
      <trkpt lat="37.4711" lon="-122.4459">
        <ele>7.9</ele>
      </trkpt>
      <trkpt lat="37.47102" lon="-122.44584">
        <ele>7.9</ele>
      </trkpt>
      <trkpt lat="37.47098" lon="-122.44578">
        <ele>7.9</ele>
      </trkpt>
      <trkpt lat="37.47097" lon="-122.44578">
        <ele>8.0</ele>
      </trkpt>
      <trkpt lat="37.47097" lon="-122.44578">
        <ele>8.0</ele>
      </trkpt>
      <trkpt lat="37.47095" lon="-122.44573">
        <ele>8.0</ele>
      </trkpt>
      <trkpt lat="37.47093" lon="-122.4457">
        <ele>8.0</ele>
      </trkpt>
      <trkpt lat="37.4709" lon="-122.44565">
        <ele>8.1</ele>
      </trkpt>
      <trkpt lat="37.4709" lon="-122.44565">
        <ele>8.1</ele>
      </trkpt>
      <trkpt lat="37.47086" lon="-122.44562">
        <ele>8.2</ele>
      </trkpt>
      <trkpt lat="37.47083" lon="-122.4456">
        <ele>8.2</ele>
      </trkpt>
      <trkpt lat="37.47079" lon="-122.44558">
        <ele>8.2</ele>
      </trkpt>
      <trkpt lat="37.47075" lon="-122.44556">
        <ele>8.2</ele>
      </trkpt>
      <trkpt lat="37.4707" lon="-122.44556">
        <ele>8.2</ele>
      </trkpt>
      <trkpt lat="37.47056" lon="-122.44556">
        <ele>8.3</ele>
      </trkpt>
      <trkpt lat="37.47035" lon="-122.44557">
        <ele>8.5</ele>
      </trkpt>
      <trkpt lat="37.47029" lon="-122.44558">
        <ele>8.5</ele>
      </trkpt>
      <trkpt lat="37.47024" lon="-122.44558">
        <ele>8.6</ele>
      </trkpt>
      <trkpt lat="37.47021" lon="-122.44557">
        <ele>8.7</ele>
      </trkpt>
      <trkpt lat="37.47017" lon="-122.44556">
        <ele>8.7</ele>
      </trkpt>
      <trkpt lat="37.47003" lon="-122.44551">
        <ele>8.7</ele>
      </trkpt>
      <trkpt lat="37.47" lon="-122.44549">
        <ele>8.8</ele>
      </trkpt>
      <trkpt lat="37.46983" lon="-122.44542">
        <ele>8.8</ele>
      </trkpt>
      <trkpt lat="37.46953" lon="-122.44529">
        <ele>9.1</ele>
      </trkpt>
      <trkpt lat="37.46895" lon="-122.4451">
        <ele>9.5</ele>
      </trkpt>
      <trkpt lat="37.46862" lon="-122.44498">
        <ele>9.3</ele>
      </trkpt>
      <trkpt lat="37.46846" lon="-122.44493">
        <ele>9.5</ele>
      </trkpt>
      <trkpt lat="37.46844" lon="-122.44492">
        <ele>9.5</ele>
      </trkpt>
      <trkpt lat="37.46842" lon="-122.44491">
        <ele>9.6</ele>
      </trkpt>
      <trkpt lat="37.46801" lon="-122.44478">
        <ele>10.1</ele>
      </trkpt>
      <trkpt lat="37.46764" lon="-122.44467">
        <ele>10.6</ele>
      </trkpt>
      <trkpt lat="37.46754" lon="-122.44468">
        <ele>10.4</ele>
      </trkpt>
      <trkpt lat="37.46743" lon="-122.44466">
        <ele>10.3</ele>
      </trkpt>
      <trkpt lat="37.46725" lon="-122.44461">
        <ele>11.0</ele>
      </trkpt>
      <trkpt lat="37.46714" lon="-122.44455">
        <ele>11.3</ele>
      </trkpt>
      <trkpt lat="37.46695" lon="-122.44448">
        <ele>11.4</ele>
      </trkpt>
      <trkpt lat="37.46687" lon="-122.44445">
        <ele>11.5</ele>
      </trkpt>
      <trkpt lat="37.46675" lon="-122.44442">
        <ele>11.7</ele>
      </trkpt>
      <trkpt lat="37.46672" lon="-122.44442">
        <ele>11.7</ele>
      </trkpt>
      <trkpt lat="37.4667" lon="-122.44441">
        <ele>11.8</ele>
      </trkpt>
      <trkpt lat="37.46661" lon="-122.4444">
        <ele>11.9</ele>
      </trkpt>
      <trkpt lat="37.46652" lon="-122.44441">
        <ele>12.0</ele>
      </trkpt>
      <trkpt lat="37.4665" lon="-122.44441">
        <ele>12.0</ele>
      </trkpt>
      <trkpt lat="37.46644" lon="-122.44442">
        <ele>12.0</ele>
      </trkpt>
      <trkpt lat="37.46632" lon="-122.44439">
        <ele>12.0</ele>
      </trkpt>
      <trkpt lat="37.46616" lon="-122.44438">
        <ele>12.3</ele>
      </trkpt>
      <trkpt lat="37.46611" lon="-122.44438">
        <ele>12.3</ele>
      </trkpt>
      <trkpt lat="37.46568" lon="-122.44443">
        <ele>12.5</ele>
      </trkpt>
      <trkpt lat="37.46539" lon="-122.44446">
        <ele>12.7</ele>
      </trkpt>
      <trkpt lat="37.46537" lon="-122.44447">
        <ele>12.7</ele>
      </trkpt>
      <trkpt lat="37.46536" lon="-122.44447">
        <ele>12.7</ele>
      </trkpt>
      <trkpt lat="37.46536" lon="-122.44449">
        <ele>12.6</ele>
      </trkpt>
      <trkpt lat="37.46535" lon="-122.4445">
        <ele>12.6</ele>
      </trkpt>
      <trkpt lat="37.46535" lon="-122.44452">
        <ele>12.5</ele>
      </trkpt>
      <trkpt lat="37.46536" lon="-122.44457">
        <ele>12.4</ele>
      </trkpt>
      <trkpt lat="37.46537" lon="-122.44462">
        <ele>12.3</ele>
      </trkpt>
      <trkpt lat="37.46537" lon="-122.44462">
        <ele>12.3</ele>
      </trkpt>
      <trkpt lat="37.4652" lon="-122.44463">
        <ele>12.2</ele>
      </trkpt>
      <trkpt lat="37.46519" lon="-122.44463">
        <ele>12.2</ele>
      </trkpt>
      <trkpt lat="37.46517" lon="-122.44462">
        <ele>12.3</ele>
      </trkpt>
      <trkpt lat="37.46516" lon="-122.44462">
        <ele>12.3</ele>
      </trkpt>
      <trkpt lat="37.46516" lon="-122.44462">
        <ele>12.3</ele>
      </trkpt>
      <trkpt lat="37.46515" lon="-122.44461">
        <ele>12.4</ele>
      </trkpt>
      <trkpt lat="37.46514" lon="-122.44461">
        <ele>12.4</ele>
      </trkpt>
      <trkpt lat="37.46513" lon="-122.44459">
        <ele>12.5</ele>
      </trkpt>
      <trkpt lat="37.46513" lon="-122.44457">
        <ele>12.5</ele>
      </trkpt>
      <trkpt lat="37.46512" lon="-122.44456">
        <ele>12.6</ele>
      </trkpt>
      <trkpt lat="37.46512" lon="-122.44453">
        <ele>12.6</ele>
      </trkpt>
      <trkpt lat="37.46511" lon="-122.44451">
        <ele>12.7</ele>
      </trkpt>
      <trkpt lat="37.4651" lon="-122.44446">
        <ele>12.7</ele>
      </trkpt>
      <trkpt lat="37.46509" lon="-122.44441">
        <ele>12.8</ele>
      </trkpt>
      <trkpt lat="37.46508" lon="-122.44433">
        <ele>13.0</ele>
      </trkpt>
      <trkpt lat="37.46507" lon="-122.44428">
        <ele>13.1</ele>
      </trkpt>
      <trkpt lat="37.46505" lon="-122.44408">
        <ele>13.3</ele>
      </trkpt>
      <trkpt lat="37.46505" lon="-122.44402">
        <ele>13.3</ele>
      </trkpt>
      <trkpt lat="37.46504" lon="-122.44393">
        <ele>13.4</ele>
      </trkpt>
      <trkpt lat="37.46492" lon="-122.44276">
        <ele>14.5</ele>
      </trkpt>
      <trkpt lat="37.46489" lon="-122.44243">
        <ele>14.6</ele>
      </trkpt>
      <trkpt lat="37.46488" lon="-122.44232">
        <ele>14.6</ele>
      </trkpt>
      <trkpt lat="37.46487" lon="-122.44226">
        <ele>14.7</ele>
      </trkpt>
      <trkpt lat="37.46487" lon="-122.44222">
        <ele>14.8</ele>
      </trkpt>
      <trkpt lat="37.46485" lon="-122.44202">
        <ele>14.9</ele>
      </trkpt>
      <trkpt lat="37.46485" lon="-122.44199">
        <ele>14.9</ele>
      </trkpt>
      <trkpt lat="37.46484" lon="-122.44191">
        <ele>14.9</ele>
      </trkpt>
      <trkpt lat="37.46483" lon="-122.44182">
        <ele>15.1</ele>
      </trkpt>
      <trkpt lat="37.46475" lon="-122.44098">
        <ele>15.2</ele>
      </trkpt>
      <trkpt lat="37.46475" lon="-122.44095">
        <ele>15.2</ele>
      </trkpt>
      <trkpt lat="37.46474" lon="-122.44089">
        <ele>15.2</ele>
      </trkpt>
      <trkpt lat="37.46474" lon="-122.44086">
        <ele>15.2</ele>
      </trkpt>
      <trkpt lat="37.46473" lon="-122.44082">
        <ele>15.2</ele>
      </trkpt>
      <trkpt lat="37.46473" lon="-122.44079">
        <ele>15.2</ele>
      </trkpt>
      <trkpt lat="37.46473" lon="-122.44076">
        <ele>15.2</ele>
      </trkpt>
      <trkpt lat="37.46472" lon="-122.44074">
        <ele>15.2</ele>
      </trkpt>
      <trkpt lat="37.46472" lon="-122.44067">
        <ele>15.2</ele>
      </trkpt>
      <trkpt lat="37.46472" lon="-122.44066">
        <ele>15.2</ele>
      </trkpt>
      <trkpt lat="37.46469" lon="-122.44034">
        <ele>15.2</ele>
      </trkpt>
      <trkpt lat="37.46469" lon="-122.44029">
        <ele>15.2</ele>
      </trkpt>
      <trkpt lat="37.46467" lon="-122.44019">
        <ele>15.3</ele>
      </trkpt>
      <trkpt lat="37.46466" lon="-122.4401">
        <ele>15.3</ele>
      </trkpt>
      <trkpt lat="37.46462" lon="-122.43962">
        <ele>15.5</ele>
      </trkpt>
      <trkpt lat="37.46461" lon="-122.43958">
        <ele>15.5</ele>
      </trkpt>
      <trkpt lat="37.46461" lon="-122.43957">
        <ele>15.5</ele>
      </trkpt>
      <trkpt lat="37.46459" lon="-122.43938">
        <ele>15.6</ele>
      </trkpt>
      <trkpt lat="37.46459" lon="-122.43933">
        <ele>15.6</ele>
      </trkpt>
      <trkpt lat="37.46459" lon="-122.43927">
        <ele>15.6</ele>
      </trkpt>
      <trkpt lat="37.46459" lon="-122.43926">
        <ele>15.6</ele>
      </trkpt>
      <trkpt lat="37.46458" lon="-122.43923">
        <ele>15.6</ele>
      </trkpt>
      <trkpt lat="37.46455" lon="-122.43883">
        <ele>16.0</ele>
      </trkpt>
      <trkpt lat="37.46454" lon="-122.43873">
        <ele>16.1</ele>
      </trkpt>
      <trkpt lat="37.46454" lon="-122.43865">
        <ele>16.1</ele>
      </trkpt>
      <trkpt lat="37.46453" lon="-122.43862">
        <ele>16.1</ele>
      </trkpt>
      <trkpt lat="37.46453" lon="-122.43859">
        <ele>16.1</ele>
      </trkpt>
      <trkpt lat="37.46453" lon="-122.43858">
        <ele>16.1</ele>
      </trkpt>
      <trkpt lat="37.46453" lon="-122.43856">
        <ele>16.1</ele>
      </trkpt>
      <trkpt lat="37.4645" lon="-122.43825">
        <ele>16.3</ele>
      </trkpt>
      <trkpt lat="37.4645" lon="-122.43823">
        <ele>16.3</ele>
      </trkpt>
      <trkpt lat="37.46449" lon="-122.43814">
        <ele>16.4</ele>
      </trkpt>
      <trkpt lat="37.46448" lon="-122.43802">
        <ele>16.4</ele>
      </trkpt>
      <trkpt lat="37.46447" lon="-122.43789">
        <ele>16.4</ele>
      </trkpt>
      <trkpt lat="37.46446" lon="-122.43782">
        <ele>16.5</ele>
      </trkpt>
      <trkpt lat="37.46446" lon="-122.43776">
        <ele>16.6</ele>
      </trkpt>
      <trkpt lat="37.46446" lon="-122.43775">
        <ele>16.6</ele>
      </trkpt>
      <trkpt lat="37.46441" lon="-122.43729">
        <ele>16.7</ele>
      </trkpt>
      <trkpt lat="37.4644" lon="-122.43719">
        <ele>16.8</ele>
      </trkpt>
      <trkpt lat="37.46439" lon="-122.43712">
        <ele>16.9</ele>
      </trkpt>
      <trkpt lat="37.46435" lon="-122.43671">
        <ele>17.1</ele>
      </trkpt>
      <trkpt lat="37.46435" lon="-122.43664">
        <ele>17.2</ele>
      </trkpt>
      <trkpt lat="37.46434" lon="-122.43657">
        <ele>17.3</ele>
      </trkpt>
      <trkpt lat="37.46431" lon="-122.43623">
        <ele>17.4</ele>
      </trkpt>
      <trkpt lat="37.46431" lon="-122.43622">
        <ele>17.4</ele>
      </trkpt>
      <trkpt lat="37.4643" lon="-122.4361">
        <ele>17.5</ele>
      </trkpt>
      <trkpt lat="37.46429" lon="-122.43609">
        <ele>17.6</ele>
      </trkpt>
      <trkpt lat="37.46429" lon="-122.43602">
        <ele>17.6</ele>
      </trkpt>
      <trkpt lat="37.46428" lon="-122.43595">
        <ele>17.6</ele>
      </trkpt>
      <trkpt lat="37.46428" lon="-122.4359">
        <ele>17.6</ele>
      </trkpt>
      <trkpt lat="37.46426" lon="-122.43567">
        <ele>17.7</ele>
      </trkpt>
      <trkpt lat="37.46426" lon="-122.43564">
        <ele>17.7</ele>
      </trkpt>
      <trkpt lat="37.46425" lon="-122.43554">
        <ele>17.8</ele>
      </trkpt>
      <trkpt lat="37.46424" lon="-122.43544">
        <ele>17.9</ele>
      </trkpt>
      <trkpt lat="37.46424" lon="-122.4354">
        <ele>17.9</ele>
      </trkpt>
      <trkpt lat="37.46422" lon="-122.43523">
        <ele>18.0</ele>
      </trkpt>
      <trkpt lat="37.46421" lon="-122.43516">
        <ele>18.1</ele>
      </trkpt>
      <trkpt lat="37.46419" lon="-122.43494">
        <ele>18.2</ele>
      </trkpt>
      <trkpt lat="37.46417" lon="-122.43471">
        <ele>18.4</ele>
      </trkpt>
      <trkpt lat="37.46416" lon="-122.43468">
        <ele>18.4</ele>
      </trkpt>
      <trkpt lat="37.46416" lon="-122.43461">
        <ele>18.4</ele>
      </trkpt>
      <trkpt lat="37.46413" lon="-122.43437">
        <ele>18.6</ele>
      </trkpt>
      <trkpt lat="37.46412" lon="-122.43423">
        <ele>18.8</ele>
      </trkpt>
      <trkpt lat="37.46411" lon="-122.43403">
        <ele>19.0</ele>
      </trkpt>
      <trkpt lat="37.46409" lon="-122.43384">
        <ele>19.2</ele>
      </trkpt>
      <trkpt lat="37.46409" lon="-122.43383">
        <ele>19.2</ele>
      </trkpt>
      <trkpt lat="37.46409" lon="-122.43376">
        <ele>19.3</ele>
      </trkpt>
      <trkpt lat="37.46409" lon="-122.43375">
        <ele>19.3</ele>
      </trkpt>
      <trkpt lat="37.46409" lon="-122.43374">
        <ele>19.3</ele>
      </trkpt>
      <trkpt lat="37.46409" lon="-122.43365">
        <ele>19.4</ele>
      </trkpt>
      <trkpt lat="37.46408" lon="-122.43359">
        <ele>19.4</ele>
      </trkpt>
      <trkpt lat="37.46407" lon="-122.43348">
        <ele>19.5</ele>
      </trkpt>
      <trkpt lat="37.46407" lon="-122.43345">
        <ele>19.5</ele>
      </trkpt>
      <trkpt lat="37.46406" lon="-122.43338">
        <ele>19.6</ele>
      </trkpt>
      <trkpt lat="37.46405" lon="-122.43328">
        <ele>19.7</ele>
      </trkpt>
      <trkpt lat="37.46399" lon="-122.43265">
        <ele>20.1</ele>
      </trkpt>
      <trkpt lat="37.46399" lon="-122.43261">
        <ele>20.2</ele>
      </trkpt>
      <trkpt lat="37.46398" lon="-122.43251">
        <ele>20.3</ele>
      </trkpt>
      <trkpt lat="37.46398" lon="-122.43251">
        <ele>20.3</ele>
      </trkpt>
      <trkpt lat="37.46401" lon="-122.43251">
        <ele>20.3</ele>
      </trkpt>
      <trkpt lat="37.46406" lon="-122.4325">
        <ele>20.2</ele>
      </trkpt>
      <trkpt lat="37.46412" lon="-122.43249">
        <ele>20.1</ele>
      </trkpt>
      <trkpt lat="37.46414" lon="-122.43249">
        <ele>20.1</ele>
      </trkpt>
      <trkpt lat="37.46416" lon="-122.43249">
        <ele>20.1</ele>
      </trkpt>
      <trkpt lat="37.46434" lon="-122.43246">
        <ele>20.0</ele>
      </trkpt>
      <trkpt lat="37.46452" lon="-122.43243">
        <ele>19.8</ele>
      </trkpt>
      <trkpt lat="37.46452" lon="-122.43243">
        <ele>19.8</ele>
      </trkpt>
      <trkpt lat="37.46456" lon="-122.43262">
        <ele>19.7</ele>
      </trkpt>
      <trkpt lat="37.46457" lon="-122.43267">
        <ele>19.7</ele>
      </trkpt>
      <trkpt lat="37.46457" lon="-122.43267">
        <ele>19.7</ele>
      </trkpt>
      <trkpt lat="37.46485" lon="-122.43262">
        <ele>19.4</ele>
      </trkpt>
      <trkpt lat="37.46485" lon="-122.43261">
        <ele>19.4</ele>
      </trkpt>
      <trkpt lat="37.46527" lon="-122.43254">
        <ele>18.6</ele>
      </trkpt>
      <trkpt lat="37.4653" lon="-122.43252">
        <ele>18.5</ele>
      </trkpt>
      <trkpt lat="37.46532" lon="-122.43248">
        <ele>18.5</ele>
      </trkpt>
      <trkpt lat="37.46536" lon="-122.43237">
        <ele>18.5</ele>
      </trkpt>
      <trkpt lat="37.46492" lon="-122.43243">
        <ele>19.4</ele>
      </trkpt>
      <trkpt lat="37.46447" lon="-122.4325">
        <ele>19.8</ele>
      </trkpt>
      <trkpt lat="37.46396" lon="-122.43259">
        <ele>20.2</ele>
      </trkpt>
      <trkpt lat="37.46404" lon="-122.43348">
        <ele>19.5</ele>
      </trkpt>
      <trkpt lat="37.46413" lon="-122.43437">
        <ele>18.6</ele>
      </trkpt>
      <trkpt lat="37.46405" lon="-122.43437">
        <ele>18.8</ele>
      </trkpt>
      <trkpt lat="37.46399" lon="-122.43434">
        <ele>18.8</ele>
      </trkpt>
      <trkpt lat="37.46381" lon="-122.43437">
        <ele>18.9</ele>
      </trkpt>
      <trkpt lat="37.46367" lon="-122.43441">
        <ele>19.1</ele>
      </trkpt>
      <trkpt lat="37.46302" lon="-122.4345">
        <ele>19.4</ele>
      </trkpt>
      <trkpt lat="37.46302" lon="-122.4345">
        <ele>19.4</ele>
      </trkpt>
      <trkpt lat="37.46285" lon="-122.43454">
        <ele>19.4</ele>
      </trkpt>
      <trkpt lat="37.46224" lon="-122.43463">
        <ele>19.8</ele>
      </trkpt>
      <trkpt lat="37.46164" lon="-122.43473">
        <ele>20.4</ele>
      </trkpt>
      <trkpt lat="37.46104" lon="-122.43482">
        <ele>20.7</ele>
      </trkpt>
      <trkpt lat="37.4609" lon="-122.43482">
        <ele>20.9</ele>
      </trkpt>
      <trkpt lat="37.46073" lon="-122.43481">
        <ele>21.0</ele>
      </trkpt>
      <trkpt lat="37.46014" lon="-122.43485">
        <ele>21.4</ele>
      </trkpt>
      <trkpt lat="37.45985" lon="-122.43483">
        <ele>21.6</ele>
      </trkpt>
      <trkpt lat="37.45919" lon="-122.43472">
        <ele>22.1</ele>
      </trkpt>
      <trkpt lat="37.45901" lon="-122.43458">
        <ele>22.3</ele>
      </trkpt>
      <trkpt lat="37.45863" lon="-122.43441">
        <ele>22.7</ele>
      </trkpt>
      <trkpt lat="37.45834" lon="-122.43431">
        <ele>22.9</ele>
      </trkpt>
      <trkpt lat="37.45794" lon="-122.43411">
        <ele>23.3</ele>
      </trkpt>
      <trkpt lat="37.4577" lon="-122.43411">
        <ele>23.4</ele>
      </trkpt>
      <trkpt lat="37.45746" lon="-122.43392">
        <ele>23.7</ele>
      </trkpt>
      <trkpt lat="37.45723" lon="-122.43385">
        <ele>23.8</ele>
      </trkpt>
      <trkpt lat="37.45706" lon="-122.43362">
        <ele>24.1</ele>
      </trkpt>
      <trkpt lat="37.45668" lon="-122.43339">
        <ele>24.4</ele>
      </trkpt>
      <trkpt lat="37.4564" lon="-122.43323">
        <ele>24.6</ele>
      </trkpt>
      <trkpt lat="37.4563" lon="-122.43322">
        <ele>24.6</ele>
      </trkpt>
      <trkpt lat="37.4561" lon="-122.43322">
        <ele>24.7</ele>
      </trkpt>
      <trkpt lat="37.45578" lon="-122.43304">
        <ele>24.9</ele>
      </trkpt>
      <trkpt lat="37.45556" lon="-122.43277">
        <ele>25.2</ele>
      </trkpt>
      <trkpt lat="37.45551" lon="-122.43273">
        <ele>25.2</ele>
      </trkpt>
      <trkpt lat="37.4554" lon="-122.43267">
        <ele>25.4</ele>
      </trkpt>
      <trkpt lat="37.45495" lon="-122.43241">
        <ele>25.8</ele>
      </trkpt>
      <trkpt lat="37.45453" lon="-122.43238">
        <ele>25.8</ele>
      </trkpt>
      <trkpt lat="37.45434" lon="-122.43226">
        <ele>26.0</ele>
      </trkpt>
      <trkpt lat="37.45384" lon="-122.43179">
        <ele>26.2</ele>
      </trkpt>
      <trkpt lat="37.45364" lon="-122.43153">
        <ele>26.5</ele>
      </trkpt>
      <trkpt lat="37.45363" lon="-122.43153">
        <ele>26.5</ele>
      </trkpt>
      <trkpt lat="37.45345" lon="-122.43158">
        <ele>26.5</ele>
      </trkpt>
      <trkpt lat="37.45334" lon="-122.43152">
        <ele>26.5</ele>
      </trkpt>
      <trkpt lat="37.45305" lon="-122.43147">
        <ele>26.5</ele>
      </trkpt>
      <trkpt lat="37.45236" lon="-122.43111">
        <ele>26.8</ele>
      </trkpt>
      <trkpt lat="37.45167" lon="-122.43075">
        <ele>26.8</ele>
      </trkpt>
      <trkpt lat="37.45141" lon="-122.43064">
        <ele>27.0</ele>
      </trkpt>
      <trkpt lat="37.45074" lon="-122.43026">
        <ele>27.5</ele>
      </trkpt>
      <trkpt lat="37.45007" lon="-122.42988">
        <ele>28.0</ele>
      </trkpt>
      <trkpt lat="37.44945" lon="-122.42954">
        <ele>28.5</ele>
      </trkpt>
      <trkpt lat="37.44913" lon="-122.42938">
        <ele>28.7</ele>
      </trkpt>
      <trkpt lat="37.44865" lon="-122.42919">
        <ele>28.9</ele>
      </trkpt>
      <trkpt lat="37.44803" lon="-122.42901">
        <ele>29.2</ele>
      </trkpt>
      <trkpt lat="37.44772" lon="-122.42894">
        <ele>29.3</ele>
      </trkpt>
      <trkpt lat="37.44721" lon="-122.42885">
        <ele>29.3</ele>
      </trkpt>
      <trkpt lat="37.44669" lon="-122.42876">
        <ele>29.2</ele>
      </trkpt>
      <trkpt lat="37.44661" lon="-122.42863">
        <ele>29.3</ele>
      </trkpt>
      <trkpt lat="37.44581" lon="-122.42852">
        <ele>28.9</ele>
      </trkpt>
      <trkpt lat="37.44501" lon="-122.42842">
        <ele>28.9</ele>
      </trkpt>
      <trkpt lat="37.4442" lon="-122.42831">
        <ele>28.6</ele>
      </trkpt>
      <trkpt lat="37.44341" lon="-122.42821">
        <ele>28.9</ele>
      </trkpt>
      <trkpt lat="37.44261" lon="-122.4281">
        <ele>29.1</ele>
      </trkpt>
      <trkpt lat="37.44181" lon="-122.428">
        <ele>28.6</ele>
      </trkpt>
      <trkpt lat="37.441" lon="-122.42789">
        <ele>26.3</ele>
      </trkpt>
      <trkpt lat="37.44021" lon="-122.42779">
        <ele>25.2</ele>
      </trkpt>
      <trkpt lat="37.43941" lon="-122.42768">
        <ele>25.2</ele>
      </trkpt>
      <trkpt lat="37.43858" lon="-122.42757">
        <ele>26.4</ele>
      </trkpt>
      <trkpt lat="37.43775" lon="-122.42745">
        <ele>27.8</ele>
      </trkpt>
      <trkpt lat="37.43726" lon="-122.42738">
        <ele>28.4</ele>
      </trkpt>
      <trkpt lat="37.43677" lon="-122.42731">
        <ele>29.5</ele>
      </trkpt>
      <trkpt lat="37.43593" lon="-122.42719">
        <ele>31.2</ele>
      </trkpt>
      <trkpt lat="37.43508" lon="-122.42708">
        <ele>32.6</ele>
      </trkpt>
      <trkpt lat="37.43423" lon="-122.42697">
        <ele>33.8</ele>
      </trkpt>
      <trkpt lat="37.43339" lon="-122.42686">
        <ele>34.1</ele>
      </trkpt>
      <trkpt lat="37.43276" lon="-122.42679">
        <ele>34.3</ele>
      </trkpt>
      <trkpt lat="37.43212" lon="-122.42671">
        <ele>34.7</ele>
      </trkpt>
      <trkpt lat="37.43137" lon="-122.42666">
        <ele>34.0</ele>
      </trkpt>
      <trkpt lat="37.43063" lon="-122.42663">
        <ele>33.1</ele>
      </trkpt>
      <trkpt lat="37.42989" lon="-122.4266">
        <ele>32.3</ele>
      </trkpt>
      <trkpt lat="37.42915" lon="-122.42657">
        <ele>31.7</ele>
      </trkpt>
      <trkpt lat="37.42842" lon="-122.42654">
        <ele>31.3</ele>
      </trkpt>
      <trkpt lat="37.42768" lon="-122.42651">
        <ele>31.1</ele>
      </trkpt>
      <trkpt lat="37.42684" lon="-122.42647">
        <ele>31.3</ele>
      </trkpt>
      <trkpt lat="37.426" lon="-122.42643">
        <ele>32.9</ele>
      </trkpt>
      <trkpt lat="37.42517" lon="-122.4264">
        <ele>34.3</ele>
      </trkpt>
      <trkpt lat="37.42433" lon="-122.42636">
        <ele>36.8</ele>
      </trkpt>
      <trkpt lat="37.42388" lon="-122.42631">
        <ele>37.7</ele>
      </trkpt>
      <trkpt lat="37.42343" lon="-122.42624">
        <ele>39.0</ele>
      </trkpt>
      <trkpt lat="37.42268" lon="-122.42607">
        <ele>39.5</ele>
      </trkpt>
      <trkpt lat="37.42238" lon="-122.42599">
        <ele>39.6</ele>
      </trkpt>
      <trkpt lat="37.42162" lon="-122.42576">
        <ele>41.4</ele>
      </trkpt>
      <trkpt lat="37.42086" lon="-122.42553">
        <ele>42.3</ele>
      </trkpt>
      <trkpt lat="37.42006" lon="-122.42527">
        <ele>43.5</ele>
      </trkpt>
      <trkpt lat="37.41926" lon="-122.42501">
        <ele>42.0</ele>
      </trkpt>
      <trkpt lat="37.41845" lon="-122.42475">
        <ele>40.8</ele>
      </trkpt>
      <trkpt lat="37.41765" lon="-122.42449">
        <ele>39.1</ele>
      </trkpt>
      <trkpt lat="37.41685" lon="-122.42423">
        <ele>38.7</ele>
      </trkpt>
      <trkpt lat="37.41605" lon="-122.42397">
        <ele>41.0</ele>
      </trkpt>
      <trkpt lat="37.41525" lon="-122.42371">
        <ele>42.9</ele>
      </trkpt>
      <trkpt lat="37.41444" lon="-122.42345">
        <ele>44.5</ele>
      </trkpt>
      <trkpt lat="37.41364" lon="-122.42319">
        <ele>46.6</ele>
      </trkpt>
      <trkpt lat="37.41283" lon="-122.42293">
        <ele>47.6</ele>
      </trkpt>
      <trkpt lat="37.41202" lon="-122.42267">
        <ele>51.4</ele>
      </trkpt>
      <trkpt lat="37.41121" lon="-122.42242">
        <ele>50.0</ele>
      </trkpt>
      <trkpt lat="37.4104" lon="-122.42216">
        <ele>49.9</ele>
      </trkpt>
      <trkpt lat="37.4096" lon="-122.42189">
        <ele>50.1</ele>
      </trkpt>
      <trkpt lat="37.4088" lon="-122.42163">
        <ele>52.2</ele>
      </trkpt>
      <trkpt lat="37.40801" lon="-122.42137">
        <ele>51.1</ele>
      </trkpt>
      <trkpt lat="37.40721" lon="-122.42111">
        <ele>50.8</ele>
      </trkpt>
      <trkpt lat="37.40661" lon="-122.4209">
        <ele>48.2</ele>
      </trkpt>
      <trkpt lat="37.40602" lon="-122.42069">
        <ele>47.8</ele>
      </trkpt>
      <trkpt lat="37.40544" lon="-122.4205">
        <ele>47.2</ele>
      </trkpt>
      <trkpt lat="37.40486" lon="-122.42031">
        <ele>43.1</ele>
      </trkpt>
      <trkpt lat="37.40487" lon="-122.42021">
        <ele>43.8</ele>
      </trkpt>
      <trkpt lat="37.4047" lon="-122.41919">
        <ele>47.9</ele>
      </trkpt>
      <trkpt lat="37.40454" lon="-122.41817">
        <ele>48.5</ele>
      </trkpt>
      <trkpt lat="37.40437" lon="-122.41715">
        <ele>51.1</ele>
      </trkpt>
      <trkpt lat="37.40425" lon="-122.41652">
        <ele>54.1</ele>
      </trkpt>
      <trkpt lat="37.40412" lon="-122.41589">
        <ele>56.4</ele>
      </trkpt>
      <trkpt lat="37.40409" lon="-122.41536">
        <ele>57.5</ele>
      </trkpt>
      <trkpt lat="37.40415" lon="-122.41477">
        <ele>58.5</ele>
      </trkpt>
      <trkpt lat="37.40416" lon="-122.41432">
        <ele>60.6</ele>
      </trkpt>
      <trkpt lat="37.40415" lon="-122.41402">
        <ele>62.7</ele>
      </trkpt>
      <trkpt lat="37.40405" lon="-122.41378">
        <ele>64.1</ele>
      </trkpt>
      <trkpt lat="37.40328" lon="-122.41329">
        <ele>57.3</ele>
      </trkpt>
      <trkpt lat="37.40251" lon="-122.41281">
        <ele>49.5</ele>
      </trkpt>
      <trkpt lat="37.40173" lon="-122.41233">
        <ele>52.8</ele>
      </trkpt>
      <trkpt lat="37.40096" lon="-122.41184">
        <ele>58.9</ele>
      </trkpt>
      <trkpt lat="37.40019" lon="-122.41136">
        <ele>61.0</ele>
      </trkpt>
      <trkpt lat="37.3995" lon="-122.41091">
        <ele>67.0</ele>
      </trkpt>
      <trkpt lat="37.39881" lon="-122.41045">
        <ele>68.2</ele>
      </trkpt>
      <trkpt lat="37.39811" lon="-122.41">
        <ele>71.4</ele>
      </trkpt>
      <trkpt lat="37.39742" lon="-122.40955">
        <ele>77.6</ele>
      </trkpt>
      <trkpt lat="37.39665" lon="-122.40913">
        <ele>82.5</ele>
      </trkpt>
      <trkpt lat="37.39588" lon="-122.40871">
        <ele>78.6</ele>
      </trkpt>
      <trkpt lat="37.3951" lon="-122.4083">
        <ele>72.0</ele>
      </trkpt>
      <trkpt lat="37.39433" lon="-122.40788">
        <ele>80.4</ele>
      </trkpt>
      <trkpt lat="37.39367" lon="-122.40739">
        <ele>82.3</ele>
      </trkpt>
      <trkpt lat="37.393" lon="-122.4069">
        <ele>82.8</ele>
      </trkpt>
      <trkpt lat="37.39229" lon="-122.40652">
        <ele>82.6</ele>
      </trkpt>
      <trkpt lat="37.39159" lon="-122.40615">
        <ele>80.3</ele>
      </trkpt>
      <trkpt lat="37.39088" lon="-122.40577">
        <ele>73.9</ele>
      </trkpt>
      <trkpt lat="37.39018" lon="-122.4054">
        <ele>72.0</ele>
      </trkpt>
      <trkpt lat="37.38946" lon="-122.40512">
        <ele>69.5</ele>
      </trkpt>
      <trkpt lat="37.38862" lon="-122.40497">
        <ele>66.1</ele>
      </trkpt>
      <trkpt lat="37.38824" lon="-122.40501">
        <ele>65.2</ele>
      </trkpt>
      <trkpt lat="37.38779" lon="-122.40514">
        <ele>60.6</ele>
      </trkpt>
      <trkpt lat="37.38733" lon="-122.40526">
        <ele>59.4</ele>
      </trkpt>
      <trkpt lat="37.3871" lon="-122.40527">
        <ele>59.0</ele>
      </trkpt>
      <trkpt lat="37.38662" lon="-122.40508">
        <ele>59.9</ele>
      </trkpt>
      <trkpt lat="37.38614" lon="-122.40489">
        <ele>60.3</ele>
      </trkpt>
      <trkpt lat="37.38606" lon="-122.40528">
        <ele>58.4</ele>
      </trkpt>
      <trkpt lat="37.38532" lon="-122.40507">
        <ele>59.7</ele>
      </trkpt>
      <trkpt lat="37.38457" lon="-122.40487">
        <ele>60.3</ele>
      </trkpt>
      <trkpt lat="37.38374" lon="-122.40466">
        <ele>59.6</ele>
      </trkpt>
      <trkpt lat="37.38298" lon="-122.40453">
        <ele>39.7</ele>
      </trkpt>
      <trkpt lat="37.38229" lon="-122.40444">
        <ele>48.4</ele>
      </trkpt>
      <trkpt lat="37.38197" lon="-122.40441">
        <ele>49.5</ele>
      </trkpt>
      <trkpt lat="37.38116" lon="-122.40435">
        <ele>52.2</ele>
      </trkpt>
      <trkpt lat="37.38057" lon="-122.40435">
        <ele>54.9</ele>
      </trkpt>
      <trkpt lat="37.38011" lon="-122.40433">
        <ele>58.7</ele>
      </trkpt>
      <trkpt lat="37.37965" lon="-122.40432">
        <ele>58.1</ele>
      </trkpt>
      <trkpt lat="37.37884" lon="-122.40421">
        <ele>51.8</ele>
      </trkpt>
      <trkpt lat="37.37802" lon="-122.40413">
        <ele>56.2</ele>
      </trkpt>
      <trkpt lat="37.37719" lon="-122.40404">
        <ele>59.0</ele>
      </trkpt>
      <trkpt lat="37.37636" lon="-122.40396">
        <ele>57.6</ele>
      </trkpt>
      <trkpt lat="37.37554" lon="-122.40387">
        <ele>53.8</ele>
      </trkpt>
      <trkpt lat="37.37471" lon="-122.40379">
        <ele>54.1</ele>
      </trkpt>
      <trkpt lat="37.37434" lon="-122.40376">
        <ele>56.1</ele>
      </trkpt>
      <trkpt lat="37.37417" lon="-122.40376">
        <ele>56.5</ele>
      </trkpt>
      <trkpt lat="37.37383" lon="-122.4038">
        <ele>56.3</ele>
      </trkpt>
      <trkpt lat="37.37365" lon="-122.40384">
        <ele>55.1</ele>
      </trkpt>
      <trkpt lat="37.37346" lon="-122.40389">
        <ele>53.4</ele>
      </trkpt>
      <trkpt lat="37.37308" lon="-122.40403">
        <ele>51.9</ele>
      </trkpt>
      <trkpt lat="37.3726" lon="-122.40425">
        <ele>54.2</ele>
      </trkpt>
      <trkpt lat="37.37212" lon="-122.40448">
        <ele>57.7</ele>
      </trkpt>
      <trkpt lat="37.37173" lon="-122.40464">
        <ele>57.6</ele>
      </trkpt>
      <trkpt lat="37.37131" lon="-122.40477">
        <ele>55.7</ele>
      </trkpt>
      <trkpt lat="37.37111" lon="-122.40482">
        <ele>54.3</ele>
      </trkpt>
      <trkpt lat="37.37071" lon="-122.40488">
        <ele>54.4</ele>
      </trkpt>
      <trkpt lat="37.37008" lon="-122.40491">
        <ele>55.2</ele>
      </trkpt>
      <trkpt lat="37.36925" lon="-122.40488">
        <ele>54.9</ele>
      </trkpt>
      <trkpt lat="37.36842" lon="-122.40486">
        <ele>54.2</ele>
      </trkpt>
      <trkpt lat="37.3676" lon="-122.40484">
        <ele>49.1</ele>
      </trkpt>
      <trkpt lat="37.367" lon="-122.40481">
        <ele>49.4</ele>
      </trkpt>
      <trkpt lat="37.36679" lon="-122.4048">
        <ele>49.6</ele>
      </trkpt>
      <trkpt lat="37.36659" lon="-122.40476">
        <ele>49.6</ele>
      </trkpt>
      <trkpt lat="37.36619" lon="-122.40465">
        <ele>52.5</ele>
      </trkpt>
      <trkpt lat="37.36572" lon="-122.40449">
        <ele>57.9</ele>
      </trkpt>
      <trkpt lat="37.36549" lon="-122.40439">
        <ele>59.4</ele>
      </trkpt>
      <trkpt lat="37.36505" lon="-122.40415">
        <ele>59.0</ele>
      </trkpt>
      <trkpt lat="37.36484" lon="-122.40402">
        <ele>59.8</ele>
      </trkpt>
      <trkpt lat="37.36463" lon="-122.40387">
        <ele>62.0</ele>
      </trkpt>
      <trkpt lat="37.36437" lon="-122.40366">
        <ele>65.3</ele>
      </trkpt>
      <trkpt lat="37.36404" lon="-122.40335">
        <ele>65.9</ele>
      </trkpt>
      <trkpt lat="37.36364" lon="-122.40294">
        <ele>66.3</ele>
      </trkpt>
      <trkpt lat="37.36323" lon="-122.40253">
        <ele>73.4</ele>
      </trkpt>
      <trkpt lat="37.36253" lon="-122.40182">
        <ele>74.1</ele>
      </trkpt>
      <trkpt lat="37.36184" lon="-122.40111">
        <ele>61.5</ele>
      </trkpt>
      <trkpt lat="37.36114" lon="-122.40039">
        <ele>50.0</ele>
      </trkpt>
      <trkpt lat="37.36044" lon="-122.39968">
        <ele>44.7</ele>
      </trkpt>
      <trkpt lat="37.36024" lon="-122.39947">
        <ele>44.0</ele>
      </trkpt>
      <trkpt lat="37.36006" lon="-122.39924">
        <ele>43.5</ele>
      </trkpt>
      <trkpt lat="37.35968" lon="-122.39869">
        <ele>41.2</ele>
      </trkpt>
      <trkpt lat="37.35929" lon="-122.39813">
        <ele>37.0</ele>
      </trkpt>
      <trkpt lat="37.35905" lon="-122.39786">
        <ele>34.9</ele>
      </trkpt>
      <trkpt lat="37.35881" lon="-122.39764">
        <ele>32.7</ele>
      </trkpt>
      <trkpt lat="37.35856" lon="-122.39746">
        <ele>30.2</ele>
      </trkpt>
      <trkpt lat="37.35843" lon="-122.39737">
        <ele>28.6</ele>
      </trkpt>
      <trkpt lat="37.35814" lon="-122.39722">
        <ele>25.8</ele>
      </trkpt>
      <trkpt lat="37.35785" lon="-122.3971">
        <ele>26.3</ele>
      </trkpt>
      <trkpt lat="37.3576" lon="-122.39703">
        <ele>26.7</ele>
      </trkpt>
      <trkpt lat="37.35733" lon="-122.39698">
        <ele>27.2</ele>
      </trkpt>
      <trkpt lat="37.3572" lon="-122.39697">
        <ele>27.4</ele>
      </trkpt>
      <trkpt lat="37.35696" lon="-122.39697">
        <ele>27.8</ele>
      </trkpt>
      <trkpt lat="37.35671" lon="-122.39699">
        <ele>28.2</ele>
      </trkpt>
      <trkpt lat="37.35641" lon="-122.39705">
        <ele>28.8</ele>
      </trkpt>
      <trkpt lat="37.35614" lon="-122.39713">
        <ele>36.8</ele>
      </trkpt>
      <trkpt lat="37.35594" lon="-122.39721">
        <ele>39.9</ele>
      </trkpt>
      <trkpt lat="37.35575" lon="-122.39731">
        <ele>42.6</ele>
      </trkpt>
      <trkpt lat="37.35535" lon="-122.39757">
        <ele>47.3</ele>
      </trkpt>
      <trkpt lat="37.35487" lon="-122.39791">
        <ele>47.3</ele>
      </trkpt>
      <trkpt lat="37.35439" lon="-122.39825">
        <ele>47.0</ele>
      </trkpt>
      <trkpt lat="37.35422" lon="-122.39836">
        <ele>48.9</ele>
      </trkpt>
      <trkpt lat="37.35405" lon="-122.39845">
        <ele>53.4</ele>
      </trkpt>
      <trkpt lat="37.35385" lon="-122.39854">
        <ele>61.8</ele>
      </trkpt>
      <trkpt lat="37.35364" lon="-122.39862">
        <ele>64.6</ele>
      </trkpt>
      <trkpt lat="37.35345" lon="-122.39867">
        <ele>65.2</ele>
      </trkpt>
      <trkpt lat="37.35326" lon="-122.39871">
        <ele>65.3</ele>
      </trkpt>
      <trkpt lat="37.35307" lon="-122.39873">
        <ele>65.4</ele>
      </trkpt>
      <trkpt lat="37.35286" lon="-122.39873">
        <ele>66.4</ele>
      </trkpt>
      <trkpt lat="37.35218" lon="-122.3987">
        <ele>73.4</ele>
      </trkpt>
      <trkpt lat="37.35151" lon="-122.39867">
        <ele>77.6</ele>
      </trkpt>
      <trkpt lat="37.35132" lon="-122.39865">
        <ele>77.3</ele>
      </trkpt>
      <trkpt lat="37.35114" lon="-122.39862">
        <ele>77.5</ele>
      </trkpt>
      <trkpt lat="37.35077" lon="-122.39852">
        <ele>80.7</ele>
      </trkpt>
      <trkpt lat="37.35059" lon="-122.39844">
        <ele>80.6</ele>
      </trkpt>
      <trkpt lat="37.35041" lon="-122.39835">
        <ele>80.3</ele>
      </trkpt>
      <trkpt lat="37.35022" lon="-122.39823">
        <ele>80.6</ele>
      </trkpt>
      <trkpt lat="37.34979" lon="-122.39793">
        <ele>86.5</ele>
      </trkpt>
      <trkpt lat="37.34938" lon="-122.39768">
        <ele>91.5</ele>
      </trkpt>
      <trkpt lat="37.34894" lon="-122.39748">
        <ele>93.5</ele>
      </trkpt>
      <trkpt lat="37.34872" lon="-122.3974">
        <ele>95.4</ele>
      </trkpt>
      <trkpt lat="37.34853" lon="-122.39734">
        <ele>97.2</ele>
      </trkpt>
      <trkpt lat="37.34791" lon="-122.39719">
        <ele>106.1</ele>
      </trkpt>
      <trkpt lat="37.34729" lon="-122.39704">
        <ele>110.0</ele>
      </trkpt>
      <trkpt lat="37.34704" lon="-122.39696">
        <ele>110.7</ele>
      </trkpt>
      <trkpt lat="37.34679" lon="-122.39688">
        <ele>113.1</ele>
      </trkpt>
      <trkpt lat="37.34641" lon="-122.39669">
        <ele>117.6</ele>
      </trkpt>
      <trkpt lat="37.34621" lon="-122.39658">
        <ele>117.6</ele>
      </trkpt>
      <trkpt lat="37.34602" lon="-122.39646">
        <ele>117.5</ele>
      </trkpt>
      <trkpt lat="37.34583" lon="-122.39632">
        <ele>116.7</ele>
      </trkpt>
      <trkpt lat="37.34546" lon="-122.39602">
        <ele>116.6</ele>
      </trkpt>
      <trkpt lat="37.34507" lon="-122.39566">
        <ele>117.7</ele>
      </trkpt>
      <trkpt lat="37.34468" lon="-122.3953">
        <ele>120.3</ele>
      </trkpt>
      <trkpt lat="37.34441" lon="-122.39508">
        <ele>121.2</ele>
      </trkpt>
      <trkpt lat="37.34426" lon="-122.39498">
        <ele>121.3</ele>
      </trkpt>
      <trkpt lat="37.34398" lon="-122.39482">
        <ele>120.5</ele>
      </trkpt>
      <trkpt lat="37.34382" lon="-122.39475">
        <ele>120.0</ele>
      </trkpt>
      <trkpt lat="37.34366" lon="-122.39469">
        <ele>119.3</ele>
      </trkpt>
      <trkpt lat="37.34337" lon="-122.39462">
        <ele>118.6</ele>
      </trkpt>
      <trkpt lat="37.34322" lon="-122.39459">
        <ele>120.6</ele>
      </trkpt>
      <trkpt lat="37.34292" lon="-122.39457">
        <ele>125.2</ele>
      </trkpt>
      <trkpt lat="37.34277" lon="-122.39457">
        <ele>126.6</ele>
      </trkpt>
      <trkpt lat="37.34263" lon="-122.39458">
        <ele>127.2</ele>
      </trkpt>
      <trkpt lat="37.34248" lon="-122.39461">
        <ele>127.1</ele>
      </trkpt>
      <trkpt lat="37.34195" lon="-122.39474">
        <ele>129.4</ele>
      </trkpt>
      <trkpt lat="37.34141" lon="-122.39488">
        <ele>132.0</ele>
      </trkpt>
      <trkpt lat="37.34112" lon="-122.39494">
        <ele>132.5</ele>
      </trkpt>
      <trkpt lat="37.34081" lon="-122.39496">
        <ele>133.3</ele>
      </trkpt>
      <trkpt lat="37.34049" lon="-122.39496">
        <ele>133.5</ele>
      </trkpt>
      <trkpt lat="37.34034" lon="-122.39494">
        <ele>133.8</ele>
      </trkpt>
      <trkpt lat="37.34003" lon="-122.39488">
        <ele>140.8</ele>
      </trkpt>
      <trkpt lat="37.3392" lon="-122.39464">
        <ele>146.0</ele>
      </trkpt>
      <trkpt lat="37.33838" lon="-122.3944">
        <ele>146.4</ele>
      </trkpt>
      <trkpt lat="37.33755" lon="-122.39415">
        <ele>139.2</ele>
      </trkpt>
      <trkpt lat="37.33672" lon="-122.39391">
        <ele>127.9</ele>
      </trkpt>
      <trkpt lat="37.3359" lon="-122.39367">
        <ele>125.8</ele>
      </trkpt>
      <trkpt lat="37.33507" lon="-122.39343">
        <ele>122.4</ele>
      </trkpt>
      <trkpt lat="37.33424" lon="-122.39319">
        <ele>112.3</ele>
      </trkpt>
      <trkpt lat="37.33342" lon="-122.39295">
        <ele>105.8</ele>
      </trkpt>
      <trkpt lat="37.33308" lon="-122.39283">
        <ele>101.6</ele>
      </trkpt>
      <trkpt lat="37.33291" lon="-122.39275">
        <ele>101.3</ele>
      </trkpt>
      <trkpt lat="37.33275" lon="-122.39265">
        <ele>101.2</ele>
      </trkpt>
      <trkpt lat="37.33246" lon="-122.39243">
        <ele>101.0</ele>
      </trkpt>
      <trkpt lat="37.33216" lon="-122.39218">
        <ele>97.9</ele>
      </trkpt>
      <trkpt lat="37.33172" lon="-122.39175">
        <ele>90.5</ele>
      </trkpt>
      <trkpt lat="37.33146" lon="-122.39152">
        <ele>89.5</ele>
      </trkpt>
      <trkpt lat="37.33134" lon="-122.39143">
        <ele>89.0</ele>
      </trkpt>
      <trkpt lat="37.3312" lon="-122.39135">
        <ele>88.7</ele>
      </trkpt>
      <trkpt lat="37.33106" lon="-122.39129">
        <ele>88.4</ele>
      </trkpt>
      <trkpt lat="37.33093" lon="-122.39124">
        <ele>87.3</ele>
      </trkpt>
      <trkpt lat="37.33079" lon="-122.39121">
        <ele>86.5</ele>
      </trkpt>
      <trkpt lat="37.33063" lon="-122.3912">
        <ele>86.1</ele>
      </trkpt>
      <trkpt lat="37.33048" lon="-122.39121">
        <ele>86.3</ele>
      </trkpt>
      <trkpt lat="37.33033" lon="-122.39123">
        <ele>86.2</ele>
      </trkpt>
      <trkpt lat="37.33018" lon="-122.39126">
        <ele>85.1</ele>
      </trkpt>
      <trkpt lat="37.33003" lon="-122.39132">
        <ele>85.8</ele>
      </trkpt>
      <trkpt lat="37.32988" lon="-122.39139">
        <ele>86.0</ele>
      </trkpt>
      <trkpt lat="37.32974" lon="-122.39149">
        <ele>86.0</ele>
      </trkpt>
      <trkpt lat="37.3296" lon="-122.3916">
        <ele>85.8</ele>
      </trkpt>
      <trkpt lat="37.32948" lon="-122.39172">
        <ele>84.9</ele>
      </trkpt>
      <trkpt lat="37.32935" lon="-122.39186">
        <ele>80.8</ele>
      </trkpt>
      <trkpt lat="37.32925" lon="-122.39201">
        <ele>77.2</ele>
      </trkpt>
      <trkpt lat="37.32915" lon="-122.39218">
        <ele>74.8</ele>
      </trkpt>
      <trkpt lat="37.32907" lon="-122.39236">
        <ele>74.7</ele>
      </trkpt>
      <trkpt lat="37.329" lon="-122.39255">
        <ele>74.5</ele>
      </trkpt>
      <trkpt lat="37.32894" lon="-122.39274">
        <ele>74.1</ele>
      </trkpt>
      <trkpt lat="37.32891" lon="-122.39293">
        <ele>74.3</ele>
      </trkpt>
      <trkpt lat="37.32888" lon="-122.39312">
        <ele>72.6</ele>
      </trkpt>
      <trkpt lat="37.32887" lon="-122.39329">
        <ele>70.1</ele>
      </trkpt>
      <trkpt lat="37.32888" lon="-122.39347">
        <ele>70.3</ele>
      </trkpt>
      <trkpt lat="37.32892" lon="-122.39386">
        <ele>72.2</ele>
      </trkpt>
      <trkpt lat="37.32907" lon="-122.39494">
        <ele>64.9</ele>
      </trkpt>
      <trkpt lat="37.32908" lon="-122.39515">
        <ele>64.2</ele>
      </trkpt>
      <trkpt lat="37.32906" lon="-122.39537">
        <ele>63.7</ele>
      </trkpt>
      <trkpt lat="37.32904" lon="-122.39558">
        <ele>62.5</ele>
      </trkpt>
      <trkpt lat="37.329" lon="-122.39581">
        <ele>54.4</ele>
      </trkpt>
      <trkpt lat="37.32894" lon="-122.39603">
        <ele>49.6</ele>
      </trkpt>
      <trkpt lat="37.32887" lon="-122.39624">
        <ele>49.1</ele>
      </trkpt>
      <trkpt lat="37.32879" lon="-122.39644">
        <ele>48.8</ele>
      </trkpt>
      <trkpt lat="37.32871" lon="-122.39661">
        <ele>49.2</ele>
      </trkpt>
      <trkpt lat="37.32862" lon="-122.39678">
        <ele>50.7</ele>
      </trkpt>
      <trkpt lat="37.32852" lon="-122.39693">
        <ele>51.7</ele>
      </trkpt>
      <trkpt lat="37.32841" lon="-122.39707">
        <ele>51.6</ele>
      </trkpt>
      <trkpt lat="37.3283" lon="-122.3972">
        <ele>51.5</ele>
      </trkpt>
      <trkpt lat="37.32818" lon="-122.39732">
        <ele>50.5</ele>
      </trkpt>
      <trkpt lat="37.32805" lon="-122.39743">
        <ele>49.6</ele>
      </trkpt>
      <trkpt lat="37.32743" lon="-122.39786">
        <ele>42.7</ele>
      </trkpt>
      <trkpt lat="37.3268" lon="-122.3983">
        <ele>35.8</ele>
      </trkpt>
      <trkpt lat="37.32618" lon="-122.39873">
        <ele>32.2</ele>
      </trkpt>
      <trkpt lat="37.32574" lon="-122.39904">
        <ele>29.4</ele>
      </trkpt>
      <trkpt lat="37.32531" lon="-122.39935">
        <ele>25.8</ele>
      </trkpt>
      <trkpt lat="37.32467" lon="-122.3998">
        <ele>19.0</ele>
      </trkpt>
      <trkpt lat="37.32403" lon="-122.40024">
        <ele>12.9</ele>
      </trkpt>
      <trkpt lat="37.32357" lon="-122.40053">
        <ele>9.7</ele>
      </trkpt>
      <trkpt lat="37.32311" lon="-122.40081">
        <ele>7.6</ele>
      </trkpt>
      <trkpt lat="37.32264" lon="-122.40108">
        <ele>5.8</ele>
      </trkpt>
      <trkpt lat="37.32217" lon="-122.40134">
        <ele>4.2</ele>
      </trkpt>
      <trkpt lat="37.32172" lon="-122.40157">
        <ele>4.5</ele>
      </trkpt>
      <trkpt lat="37.32127" lon="-122.4018">
        <ele>7.3</ele>
      </trkpt>
      <trkpt lat="37.32059" lon="-122.4021">
        <ele>11.5</ele>
      </trkpt>
      <trkpt lat="37.32029" lon="-122.40223">
        <ele>13.4</ele>
      </trkpt>
      <trkpt lat="37.31954" lon="-122.40252">
        <ele>20.1</ele>
      </trkpt>
      <trkpt lat="37.3191" lon="-122.40266">
        <ele>25.8</ele>
      </trkpt>
      <trkpt lat="37.31866" lon="-122.4028">
        <ele>26.5</ele>
      </trkpt>
      <trkpt lat="37.31803" lon="-122.40298">
        <ele>38.6</ele>
      </trkpt>
      <trkpt lat="37.31746" lon="-122.4031">
        <ele>42.0</ele>
      </trkpt>
      <trkpt lat="37.3169" lon="-122.40323">
        <ele>50.3</ele>
      </trkpt>
      <trkpt lat="37.31632" lon="-122.40333">
        <ele>51.3</ele>
      </trkpt>
      <trkpt lat="37.31543" lon="-122.40345">
        <ele>63.5</ele>
      </trkpt>
      <trkpt lat="37.31454" lon="-122.40357">
        <ele>56.8</ele>
      </trkpt>
      <trkpt lat="37.31365" lon="-122.40369">
        <ele>53.9</ele>
      </trkpt>
      <trkpt lat="37.31276" lon="-122.40381">
        <ele>54.8</ele>
      </trkpt>
      <trkpt lat="37.31187" lon="-122.40393">
        <ele>43.0</ele>
      </trkpt>
      <trkpt lat="37.31097" lon="-122.40406">
        <ele>42.6</ele>
      </trkpt>
      <trkpt lat="37.31008" lon="-122.40418">
        <ele>43.7</ele>
      </trkpt>
      <trkpt lat="37.30925" lon="-122.40429">
        <ele>41.6</ele>
      </trkpt>
      <trkpt lat="37.30842" lon="-122.4044">
        <ele>49.8</ele>
      </trkpt>
      <trkpt lat="37.3076" lon="-122.40451">
        <ele>55.1</ele>
      </trkpt>
      <trkpt lat="37.30674" lon="-122.4046">
        <ele>54.6</ele>
      </trkpt>
      <trkpt lat="37.30647" lon="-122.40462">
        <ele>54.5</ele>
      </trkpt>
      <trkpt lat="37.30587" lon="-122.40465">
        <ele>51.7</ele>
      </trkpt>
      <trkpt lat="37.30507" lon="-122.40465">
        <ele>49.7</ele>
      </trkpt>
      <trkpt lat="37.30427" lon="-122.40465">
        <ele>46.1</ele>
      </trkpt>
      <trkpt lat="37.30347" lon="-122.40466">
        <ele>37.6</ele>
      </trkpt>
      <trkpt lat="37.30267" lon="-122.40466">
        <ele>30.0</ele>
      </trkpt>
      <trkpt lat="37.30187" lon="-122.40467">
        <ele>13.4</ele>
      </trkpt>
      <trkpt lat="37.30107" lon="-122.40467">
        <ele>13.1</ele>
      </trkpt>
      <trkpt lat="37.30021" lon="-122.40467">
        <ele>11.7</ele>
      </trkpt>
      <trkpt lat="37.29935" lon="-122.40466">
        <ele>7.8</ele>
      </trkpt>
      <trkpt lat="37.29888" lon="-122.40468">
        <ele>9.0</ele>
      </trkpt>
      <trkpt lat="37.29866" lon="-122.40471">
        <ele>12.0</ele>
      </trkpt>
      <trkpt lat="37.29845" lon="-122.40474">
        <ele>13.3</ele>
      </trkpt>
      <trkpt lat="37.29824" lon="-122.40479">
        <ele>17.1</ele>
      </trkpt>
      <trkpt lat="37.29807" lon="-122.40484">
        <ele>16.3</ele>
      </trkpt>
      <trkpt lat="37.29786" lon="-122.40491">
        <ele>16.4</ele>
      </trkpt>
      <trkpt lat="37.29748" lon="-122.40507">
        <ele>21.7</ele>
      </trkpt>
      <trkpt lat="37.2969" lon="-122.40538">
        <ele>28.7</ele>
      </trkpt>
      <trkpt lat="37.29655" lon="-122.4056">
        <ele>31.7</ele>
      </trkpt>
      <trkpt lat="37.29616" lon="-122.40582">
        <ele>32.8</ele>
      </trkpt>
      <trkpt lat="37.29579" lon="-122.406">
        <ele>37.1</ele>
      </trkpt>
      <trkpt lat="37.29539" lon="-122.40617">
        <ele>43.7</ele>
      </trkpt>
      <trkpt lat="37.29498" lon="-122.40629">
        <ele>45.7</ele>
      </trkpt>
      <trkpt lat="37.29459" lon="-122.40637">
        <ele>44.6</ele>
      </trkpt>
      <trkpt lat="37.29439" lon="-122.40639">
        <ele>44.4</ele>
      </trkpt>
      <trkpt lat="37.29399" lon="-122.40641">
        <ele>44.5</ele>
      </trkpt>
      <trkpt lat="37.29377" lon="-122.4064">
        <ele>44.6</ele>
      </trkpt>
      <trkpt lat="37.29333" lon="-122.40633">
        <ele>44.8</ele>
      </trkpt>
      <trkpt lat="37.29292" lon="-122.40622">
        <ele>45.7</ele>
      </trkpt>
      <trkpt lat="37.29272" lon="-122.40616">
        <ele>45.6</ele>
      </trkpt>
      <trkpt lat="37.29211" lon="-122.40593">
        <ele>36.2</ele>
      </trkpt>
      <trkpt lat="37.2915" lon="-122.4057">
        <ele>33.7</ele>
      </trkpt>
      <trkpt lat="37.29089" lon="-122.40547">
        <ele>32.1</ele>
      </trkpt>
      <trkpt lat="37.29018" lon="-122.40519">
        <ele>35.1</ele>
      </trkpt>
      <trkpt lat="37.28946" lon="-122.40492">
        <ele>36.8</ele>
      </trkpt>
      <trkpt lat="37.28922" lon="-122.40483">
        <ele>36.6</ele>
      </trkpt>
      <trkpt lat="37.28901" lon="-122.40477">
        <ele>36.7</ele>
      </trkpt>
      <trkpt lat="37.28856" lon="-122.40469">
        <ele>36.6</ele>
      </trkpt>
      <trkpt lat="37.28834" lon="-122.40466">
        <ele>39.2</ele>
      </trkpt>
      <trkpt lat="37.28791" lon="-122.40464">
        <ele>41.5</ele>
      </trkpt>
      <trkpt lat="37.2875" lon="-122.40466">
        <ele>38.6</ele>
      </trkpt>
      <trkpt lat="37.28708" lon="-122.40472">
        <ele>37.7</ele>
      </trkpt>
      <trkpt lat="37.28685" lon="-122.40477">
        <ele>37.8</ele>
      </trkpt>
      <trkpt lat="37.28644" lon="-122.4049">
        <ele>39.5</ele>
      </trkpt>
      <trkpt lat="37.28624" lon="-122.40497">
        <ele>39.6</ele>
      </trkpt>
      <trkpt lat="37.28602" lon="-122.40507">
        <ele>41.8</ele>
      </trkpt>
      <trkpt lat="37.28581" lon="-122.40518">
        <ele>41.4</ele>
      </trkpt>
      <trkpt lat="37.28542" lon="-122.40541">
        <ele>32.8</ele>
      </trkpt>
      <trkpt lat="37.28465" lon="-122.40595">
        <ele>39.6</ele>
      </trkpt>
      <trkpt lat="37.28387" lon="-122.40649">
        <ele>48.8</ele>
      </trkpt>
      <trkpt lat="37.2831" lon="-122.40703">
        <ele>39.5</ele>
      </trkpt>
      <trkpt lat="37.28264" lon="-122.40731">
        <ele>45.8</ele>
      </trkpt>
      <trkpt lat="37.28221" lon="-122.40754">
        <ele>53.2</ele>
      </trkpt>
      <trkpt lat="37.28198" lon="-122.40764">
        <ele>55.2</ele>
      </trkpt>
      <trkpt lat="37.28176" lon="-122.40774">
        <ele>55.3</ele>
      </trkpt>
      <trkpt lat="37.28131" lon="-122.40791">
        <ele>56.5</ele>
      </trkpt>
      <trkpt lat="37.28084" lon="-122.40804">
        <ele>55.0</ele>
      </trkpt>
      <trkpt lat="37.28037" lon="-122.40815">
        <ele>46.2</ele>
      </trkpt>
      <trkpt lat="37.28013" lon="-122.40818">
        <ele>44.8</ele>
      </trkpt>
      <trkpt lat="37.27967" lon="-122.40823">
        <ele>42.6</ele>
      </trkpt>
      <trkpt lat="37.27921" lon="-122.40825">
        <ele>40.9</ele>
      </trkpt>
      <trkpt lat="37.27852" lon="-122.40821">
        <ele>36.9</ele>
      </trkpt>
      <trkpt lat="37.27783" lon="-122.40818">
        <ele>36.1</ele>
      </trkpt>
      <trkpt lat="37.27715" lon="-122.40814">
        <ele>30.0</ele>
      </trkpt>
      <trkpt lat="37.2766" lon="-122.40813">
        <ele>28.4</ele>
      </trkpt>
      <trkpt lat="37.27634" lon="-122.40815">
        <ele>20.7</ele>
      </trkpt>
      <trkpt lat="37.27606" lon="-122.40818">
        <ele>17.1</ele>
      </trkpt>
      <trkpt lat="37.27555" lon="-122.40827">
        <ele>16.7</ele>
      </trkpt>
      <trkpt lat="37.27527" lon="-122.40833">
        <ele>15.3</ele>
      </trkpt>
      <trkpt lat="37.2746" lon="-122.4085">
        <ele>9.0</ele>
      </trkpt>
      <trkpt lat="37.27392" lon="-122.40867">
        <ele>9.4</ele>
      </trkpt>
      <trkpt lat="37.27312" lon="-122.40888">
        <ele>11.9</ele>
      </trkpt>
      <trkpt lat="37.27232" lon="-122.40908">
        <ele>12.7</ele>
      </trkpt>
      <trkpt lat="37.27152" lon="-122.40929">
        <ele>12.7</ele>
      </trkpt>
      <trkpt lat="37.27072" lon="-122.40949">
        <ele>12.9</ele>
      </trkpt>
      <trkpt lat="37.26991" lon="-122.4097">
        <ele>13.0</ele>
      </trkpt>
      <trkpt lat="37.26948" lon="-122.40983">
        <ele>13.0</ele>
      </trkpt>
      <trkpt lat="37.26888" lon="-122.41004">
        <ele>11.8</ele>
      </trkpt>
      <trkpt lat="37.2685" lon="-122.41021">
        <ele>10.1</ele>
      </trkpt>
      <trkpt lat="37.26812" lon="-122.4104">
        <ele>11.0</ele>
      </trkpt>
      <trkpt lat="37.2677" lon="-122.41065">
        <ele>10.9</ele>
      </trkpt>
      <trkpt lat="37.26727" lon="-122.41092">
        <ele>10.4</ele>
      </trkpt>
      <trkpt lat="37.26684" lon="-122.41119">
        <ele>11.0</ele>
      </trkpt>
      <trkpt lat="37.26635" lon="-122.41144">
        <ele>11.8</ele>
      </trkpt>
      <trkpt lat="37.26586" lon="-122.41169">
        <ele>12.5</ele>
      </trkpt>
      <trkpt lat="37.26556" lon="-122.41183">
        <ele>13.0</ele>
      </trkpt>
      <trkpt lat="37.26507" lon="-122.412">
        <ele>13.0</ele>
      </trkpt>
      <trkpt lat="37.26487" lon="-122.41206">
        <ele>13.0</ele>
      </trkpt>
      <trkpt lat="37.26407" lon="-122.4122">
        <ele>13.3</ele>
      </trkpt>
      <trkpt lat="37.26347" lon="-122.41232">
        <ele>13.0</ele>
      </trkpt>
      <trkpt lat="37.26288" lon="-122.41245">
        <ele>13.0</ele>
      </trkpt>
      <trkpt lat="37.26217" lon="-122.41262">
        <ele>13.0</ele>
      </trkpt>
      <trkpt lat="37.26163" lon="-122.41276">
        <ele>13.0</ele>
      </trkpt>
      <trkpt lat="37.26108" lon="-122.4129">
        <ele>13.1</ele>
      </trkpt>
      <trkpt lat="37.26053" lon="-122.41302">
        <ele>13.4</ele>
      </trkpt>
      <trkpt lat="37.26019" lon="-122.41308">
        <ele>13.5</ele>
      </trkpt>
      <trkpt lat="37.25962" lon="-122.41321">
        <ele>15.2</ele>
      </trkpt>
      <trkpt lat="37.25905" lon="-122.41333">
        <ele>14.9</ele>
      </trkpt>
      <trkpt lat="37.25828" lon="-122.41352">
        <ele>13.4</ele>
      </trkpt>
      <trkpt lat="37.25747" lon="-122.41369">
        <ele>13.4</ele>
      </trkpt>
      <trkpt lat="37.25665" lon="-122.41387">
        <ele>13.5</ele>
      </trkpt>
      <trkpt lat="37.25584" lon="-122.41405">
        <ele>13.4</ele>
      </trkpt>
      <trkpt lat="37.25555" lon="-122.41412">
        <ele>13.4</ele>
      </trkpt>
      <trkpt lat="37.25473" lon="-122.41437">
        <ele>15.0</ele>
      </trkpt>
      <trkpt lat="37.25417" lon="-122.41456">
        <ele>14.2</ele>
      </trkpt>
      <trkpt lat="37.25367" lon="-122.41477">
        <ele>15.9</ele>
      </trkpt>
      <trkpt lat="37.25337" lon="-122.41491">
        <ele>17.0</ele>
      </trkpt>
      <trkpt lat="37.25255" lon="-122.41531">
        <ele>16.8</ele>
      </trkpt>
      <trkpt lat="37.25172" lon="-122.41571">
        <ele>17.0</ele>
      </trkpt>
      <trkpt lat="37.25089" lon="-122.41611">
        <ele>14.7</ele>
      </trkpt>
      <trkpt lat="37.25006" lon="-122.41651">
        <ele>10.0</ele>
      </trkpt>
      <trkpt lat="37.24955" lon="-122.41675">
        <ele>8.6</ele>
      </trkpt>
      <trkpt lat="37.24903" lon="-122.417">
        <ele>7.3</ele>
      </trkpt>
      <trkpt lat="37.24855" lon="-122.41719">
        <ele>6.0</ele>
      </trkpt>
      <trkpt lat="37.24831" lon="-122.41727">
        <ele>5.4</ele>
      </trkpt>
      <trkpt lat="37.24784" lon="-122.41741">
        <ele>4.8</ele>
      </trkpt>
      <trkpt lat="37.24748" lon="-122.41749">
        <ele>5.2</ele>
      </trkpt>
      <trkpt lat="37.24748" lon="-122.41749">
        <ele>5.2</ele>
      </trkpt>
      <trkpt lat="37.24696" lon="-122.4176">
        <ele>6.5</ele>
      </trkpt>
      <trkpt lat="37.24649" lon="-122.41767">
        <ele>7.4</ele>
      </trkpt>
      <trkpt lat="37.24566" lon="-122.41774">
        <ele>8.5</ele>
      </trkpt>
      <trkpt lat="37.24483" lon="-122.41781">
        <ele>9.1</ele>
      </trkpt>
      <trkpt lat="37.244" lon="-122.41787">
        <ele>10.3</ele>
      </trkpt>
      <trkpt lat="37.24317" lon="-122.41794">
        <ele>10.8</ele>
      </trkpt>
      <trkpt lat="37.24234" lon="-122.41801">
        <ele>11.2</ele>
      </trkpt>
      <trkpt lat="37.24216" lon="-122.41802">
        <ele>11.1</ele>
      </trkpt>
      <trkpt lat="37.24179" lon="-122.418">
        <ele>11.0</ele>
      </trkpt>
      <trkpt lat="37.24139" lon="-122.41795">
        <ele>10.7</ele>
      </trkpt>
      <trkpt lat="37.24099" lon="-122.41786">
        <ele>10.7</ele>
      </trkpt>
      <trkpt lat="37.24059" lon="-122.41772">
        <ele>10.6</ele>
      </trkpt>
      <trkpt lat="37.2402" lon="-122.41755">
        <ele>10.7</ele>
      </trkpt>
      <trkpt lat="37.23984" lon="-122.41736">
        <ele>10.7</ele>
      </trkpt>
      <trkpt lat="37.23947" lon="-122.41712">
        <ele>10.9</ele>
      </trkpt>
      <trkpt lat="37.23928" lon="-122.41698">
        <ele>11.2</ele>
      </trkpt>
      <trkpt lat="37.23871" lon="-122.41653">
        <ele>11.0</ele>
      </trkpt>
      <trkpt lat="37.23815" lon="-122.41609">
        <ele>10.6</ele>
      </trkpt>
      <trkpt lat="37.23798" lon="-122.41597">
        <ele>10.6</ele>
      </trkpt>
      <trkpt lat="37.2376" lon="-122.41575">
        <ele>10.5</ele>
      </trkpt>
      <trkpt lat="37.23743" lon="-122.41566">
        <ele>10.8</ele>
      </trkpt>
      <trkpt lat="37.23725" lon="-122.41559">
        <ele>11.1</ele>
      </trkpt>
      <trkpt lat="37.2369" lon="-122.41547">
        <ele>11.3</ele>
      </trkpt>
      <trkpt lat="37.23655" lon="-122.41539">
        <ele>11.8</ele>
      </trkpt>
      <trkpt lat="37.23577" lon="-122.41527">
        <ele>13.8</ele>
      </trkpt>
      <trkpt lat="37.23499" lon="-122.41515">
        <ele>14.1</ele>
      </trkpt>
      <trkpt lat="37.2346" lon="-122.41508">
        <ele>14.2</ele>
      </trkpt>
      <trkpt lat="37.23422" lon="-122.41497">
        <ele>14.3</ele>
      </trkpt>
      <trkpt lat="37.23374" lon="-122.41479">
        <ele>15.2</ele>
      </trkpt>
      <trkpt lat="37.23336" lon="-122.41462">
        <ele>14.1</ele>
      </trkpt>
      <trkpt lat="37.23296" lon="-122.4144">
        <ele>13.0</ele>
      </trkpt>
      <trkpt lat="37.23255" lon="-122.41415">
        <ele>10.8</ele>
      </trkpt>
      <trkpt lat="37.23226" lon="-122.41392">
        <ele>10.7</ele>
      </trkpt>
      <trkpt lat="37.23187" lon="-122.41361">
        <ele>9.5</ele>
      </trkpt>
      <trkpt lat="37.23121" lon="-122.41305">
        <ele>11.1</ele>
      </trkpt>
      <trkpt lat="37.23056" lon="-122.41249">
        <ele>12.2</ele>
      </trkpt>
      <trkpt lat="37.2299" lon="-122.41194">
        <ele>14.3</ele>
      </trkpt>
      <trkpt lat="37.2299" lon="-122.41194">
        <ele>14.3</ele>
      </trkpt>
      <trkpt lat="37.22923" lon="-122.41137">
        <ele>12.5</ele>
      </trkpt>
      <trkpt lat="37.22856" lon="-122.4108">
        <ele>12.2</ele>
      </trkpt>
      <trkpt lat="37.22787" lon="-122.41023">
        <ele>11.7</ele>
      </trkpt>
      <trkpt lat="37.22719" lon="-122.40966">
        <ele>10.8</ele>
      </trkpt>
      <trkpt lat="37.22664" lon="-122.40919">
        <ele>10.0</ele>
      </trkpt>
      <trkpt lat="37.2261" lon="-122.40873">
        <ele>9.5</ele>
      </trkpt>
      <trkpt lat="37.22555" lon="-122.40827">
        <ele>11.6</ele>
      </trkpt>
      <trkpt lat="37.22498" lon="-122.40779">
        <ele>12.1</ele>
      </trkpt>
      <trkpt lat="37.2244" lon="-122.40732">
        <ele>13.0</ele>
      </trkpt>
      <trkpt lat="37.22406" lon="-122.40706">
        <ele>13.1</ele>
      </trkpt>
      <trkpt lat="37.2237" lon="-122.40683">
        <ele>13.2</ele>
      </trkpt>
      <trkpt lat="37.22334" lon="-122.40664">
        <ele>13.7</ele>
      </trkpt>
      <trkpt lat="37.22297" lon="-122.40649">
        <ele>15.4</ele>
      </trkpt>
      <trkpt lat="37.22244" lon="-122.40633">
        <ele>18.8</ele>
      </trkpt>
      <trkpt lat="37.22209" lon="-122.40624">
        <ele>19.0</ele>
      </trkpt>
      <trkpt lat="37.22173" lon="-122.40618">
        <ele>19.0</ele>
      </trkpt>
      <trkpt lat="37.2212" lon="-122.40614">
        <ele>19.1</ele>
      </trkpt>
      <trkpt lat="37.22073" lon="-122.40614">
        <ele>19.0</ele>
      </trkpt>
      <trkpt lat="37.21996" lon="-122.40617">
        <ele>17.7</ele>
      </trkpt>
      <trkpt lat="37.21919" lon="-122.40619">
        <ele>16.5</ele>
      </trkpt>
      <trkpt lat="37.21842" lon="-122.40622">
        <ele>15.7</ele>
      </trkpt>
      <trkpt lat="37.21766" lon="-122.40625">
        <ele>15.3</ele>
      </trkpt>
      <trkpt lat="37.21689" lon="-122.40627">
        <ele>15.4</ele>
      </trkpt>
      <trkpt lat="37.21631" lon="-122.40629">
        <ele>15.1</ele>
      </trkpt>
      <trkpt lat="37.21574" lon="-122.4063">
        <ele>14.1</ele>
      </trkpt>
      <trkpt lat="37.21538" lon="-122.40628">
        <ele>13.8</ele>
      </trkpt>
      <trkpt lat="37.21482" lon="-122.40623">
        <ele>14.3</ele>
      </trkpt>
      <trkpt lat="37.21441" lon="-122.40616">
        <ele>16.3</ele>
      </trkpt>
      <trkpt lat="37.21382" lon="-122.40604">
        <ele>17.0</ele>
      </trkpt>
      <trkpt lat="37.21325" lon="-122.40587">
        <ele>18.1</ele>
      </trkpt>
      <trkpt lat="37.21304" lon="-122.4058">
        <ele>18.7</ele>
      </trkpt>
      <trkpt lat="37.21266" lon="-122.40565">
        <ele>20.5</ele>
      </trkpt>
      <trkpt lat="37.21219" lon="-122.40543">
        <ele>22.0</ele>
      </trkpt>
      <trkpt lat="37.21145" lon="-122.40508">
        <ele>25.2</ele>
      </trkpt>
      <trkpt lat="37.21072" lon="-122.40473">
        <ele>26.8</ele>
      </trkpt>
      <trkpt lat="37.20999" lon="-122.40438">
        <ele>27.0</ele>
      </trkpt>
      <trkpt lat="37.20925" lon="-122.40404">
        <ele>26.2</ele>
      </trkpt>
      <trkpt lat="37.20852" lon="-122.40369">
        <ele>24.1</ele>
      </trkpt>
      <trkpt lat="37.20781" lon="-122.40338">
        <ele>22.5</ele>
      </trkpt>
      <trkpt lat="37.2071" lon="-122.40305">
        <ele>19.7</ele>
      </trkpt>
      <trkpt lat="37.20638" lon="-122.40272">
        <ele>16.1</ele>
      </trkpt>
      <trkpt lat="37.20567" lon="-122.40239">
        <ele>12.9</ele>
      </trkpt>
      <trkpt lat="37.2049" lon="-122.40203">
        <ele>13.4</ele>
      </trkpt>
      <trkpt lat="37.20412" lon="-122.40167">
        <ele>18.2</ele>
      </trkpt>
      <trkpt lat="37.20335" lon="-122.40131">
        <ele>22.4</ele>
      </trkpt>
      <trkpt lat="37.203" lon="-122.40115">
        <ele>22.9</ele>
      </trkpt>
      <trkpt lat="37.20249" lon="-122.40099">
        <ele>22.5</ele>
      </trkpt>
      <trkpt lat="37.20233" lon="-122.40095">
        <ele>22.3</ele>
      </trkpt>
      <trkpt lat="37.20201" lon="-122.40089">
        <ele>21.7</ele>
      </trkpt>
      <trkpt lat="37.20115" lon="-122.40081">
        <ele>21.7</ele>
      </trkpt>
      <trkpt lat="37.20089" lon="-122.40079">
        <ele>21.7</ele>
      </trkpt>
      <trkpt lat="37.20008" lon="-122.40074">
        <ele>21.8</ele>
      </trkpt>
      <trkpt lat="37.19927" lon="-122.40068">
        <ele>23.5</ele>
      </trkpt>
      <trkpt lat="37.19879" lon="-122.40064">
        <ele>24.4</ele>
      </trkpt>
      <trkpt lat="37.1983" lon="-122.4006">
        <ele>24.6</ele>
      </trkpt>
      <trkpt lat="37.19791" lon="-122.40053">
        <ele>24.9</ele>
      </trkpt>
      <trkpt lat="37.19749" lon="-122.40044">
        <ele>25.1</ele>
      </trkpt>
      <trkpt lat="37.19705" lon="-122.4003">
        <ele>24.9</ele>
      </trkpt>
      <trkpt lat="37.19683" lon="-122.40023">
        <ele>24.7</ele>
      </trkpt>
      <trkpt lat="37.19638" lon="-122.40005">
        <ele>24.2</ele>
      </trkpt>
      <trkpt lat="37.19594" lon="-122.39983">
        <ele>22.8</ele>
      </trkpt>
      <trkpt lat="37.19572" lon="-122.39971">
        <ele>22.1</ele>
      </trkpt>
      <trkpt lat="37.19525" lon="-122.39941">
        <ele>20.7</ele>
      </trkpt>
      <trkpt lat="37.19503" lon="-122.39926">
        <ele>19.9</ele>
      </trkpt>
      <trkpt lat="37.1944" lon="-122.3988">
        <ele>16.7</ele>
      </trkpt>
      <trkpt lat="37.19378" lon="-122.39834">
        <ele>13.1</ele>
      </trkpt>
      <trkpt lat="37.19315" lon="-122.39786">
        <ele>10.5</ele>
      </trkpt>
      <trkpt lat="37.19308" lon="-122.3978">
        <ele>10.2</ele>
      </trkpt>
      <trkpt lat="37.19251" lon="-122.39737">
        <ele>7.9</ele>
      </trkpt>
      <trkpt lat="37.19195" lon="-122.39693">
        <ele>10.7</ele>
      </trkpt>
      <trkpt lat="37.19184" lon="-122.39716">
        <ele>8.0</ele>
      </trkpt>
      <trkpt lat="37.19169" lon="-122.3973">
        <ele>0.7</ele>
      </trkpt>
      <trkpt lat="37.19157" lon="-122.39736">
        <ele>0.0</ele>
      </trkpt>
      <trkpt lat="37.19145" lon="-122.39736">
        <ele>0.0</ele>
      </trkpt>
      <trkpt lat="37.19138" lon="-122.39733">
        <ele>0.0</ele>
      </trkpt>
      <trkpt lat="37.19138" lon="-122.39733">
        <ele>0.0</ele>
      </trkpt>
      <trkpt lat="37.19066" lon="-122.39701">
        <ele>0.0</ele>
      </trkpt>
      <trkpt lat="37.19002" lon="-122.39674">
        <ele>0.0</ele>
      </trkpt>
      <trkpt lat="37.18982" lon="-122.39671">
        <ele>0.0</ele>
      </trkpt>
      <trkpt lat="37.1895" lon="-122.39675">
        <ele>0.0</ele>
      </trkpt>
      <trkpt lat="37.189" lon="-122.39683">
        <ele>1.1</ele>
      </trkpt>
      <trkpt lat="37.18842" lon="-122.39686">
        <ele>8.3</ele>
      </trkpt>
      <trkpt lat="37.18809" lon="-122.39682">
        <ele>10.8</ele>
      </trkpt>
      <trkpt lat="37.18791" lon="-122.39678">
        <ele>11.2</ele>
      </trkpt>
      <trkpt lat="37.18736" lon="-122.39664">
        <ele>11.3</ele>
      </trkpt>
      <trkpt lat="37.18681" lon="-122.39649">
        <ele>11.5</ele>
      </trkpt>
      <trkpt lat="37.18638" lon="-122.3964">
        <ele>11.3</ele>
      </trkpt>
      <trkpt lat="37.18583" lon="-122.39626">
        <ele>11.5</ele>
      </trkpt>
      <trkpt lat="37.18564" lon="-122.39619">
        <ele>11.3</ele>
      </trkpt>
      <trkpt lat="37.1852" lon="-122.39596">
        <ele>11.4</ele>
      </trkpt>
      <trkpt lat="37.18478" lon="-122.39565">
        <ele>11.3</ele>
      </trkpt>
      <trkpt lat="37.18452" lon="-122.39544">
        <ele>11.2</ele>
      </trkpt>
      <trkpt lat="37.18419" lon="-122.3952">
        <ele>11.3</ele>
      </trkpt>
      <trkpt lat="37.18369" lon="-122.39481">
        <ele>11.8</ele>
      </trkpt>
      <trkpt lat="37.1835" lon="-122.39464">
        <ele>11.9</ele>
      </trkpt>
      <trkpt lat="37.18329" lon="-122.39443">
        <ele>12.0</ele>
      </trkpt>
      <trkpt lat="37.18324" lon="-122.39437">
        <ele>12.0</ele>
      </trkpt>
      <trkpt lat="37.18324" lon="-122.39437">
        <ele>12.0</ele>
      </trkpt>
      <trkpt lat="37.18317" lon="-122.39427">
        <ele>12.0</ele>
      </trkpt>
      <trkpt lat="37.183" lon="-122.394">
        <ele>12.2</ele>
      </trkpt>
      <trkpt lat="37.18292" lon="-122.39379">
        <ele>12.7</ele>
      </trkpt>
      <trkpt lat="37.1829" lon="-122.39367">
        <ele>12.8</ele>
      </trkpt>
      <trkpt lat="37.18291" lon="-122.39352">
        <ele>12.8</ele>
      </trkpt>
      <trkpt lat="37.18298" lon="-122.3933">
        <ele>13.0</ele>
      </trkpt>
      <trkpt lat="37.18325" lon="-122.39283">
        <ele>13.7</ele>
      </trkpt>
      <trkpt lat="37.18351" lon="-122.39236">
        <ele>13.9</ele>
      </trkpt>
      <trkpt lat="37.18367" lon="-122.39198">
        <ele>14.2</ele>
      </trkpt>
      <trkpt lat="37.18393" lon="-122.39135">
        <ele>14.8</ele>
      </trkpt>
      <trkpt lat="37.18401" lon="-122.39117">
        <ele>15.2</ele>
      </trkpt>
      <trkpt lat="37.18417" lon="-122.39088">
        <ele>15.7</ele>
      </trkpt>
      <trkpt lat="37.18429" lon="-122.39069">
        <ele>16.0</ele>
      </trkpt>
      <trkpt lat="37.18451" lon="-122.39051">
        <ele>16.9</ele>
      </trkpt>
      <trkpt lat="37.18459" lon="-122.39046">
        <ele>17.2</ele>
      </trkpt>
      <trkpt lat="37.18444" lon="-122.39005">
        <ele>16.8</ele>
      </trkpt>
      <trkpt lat="37.18431" lon="-122.38958">
        <ele>16.7</ele>
      </trkpt>
      <trkpt lat="37.18422" lon="-122.3891">
        <ele>16.6</ele>
      </trkpt>
      <trkpt lat="37.18418" lon="-122.38885">
        <ele>16.2</ele>
      </trkpt>
      <trkpt lat="37.18408" lon="-122.38785">
        <ele>15.9</ele>
      </trkpt>
      <trkpt lat="37.18398" lon="-122.38685">
        <ele>15.3</ele>
      </trkpt>
      <trkpt lat="37.18391" lon="-122.38601">
        <ele>15.5</ele>
      </trkpt>
      <trkpt lat="37.18384" lon="-122.38516">
        <ele>16.9</ele>
      </trkpt>
      <trkpt lat="37.18378" lon="-122.38445">
        <ele>17.6</ele>
      </trkpt>
      <trkpt lat="37.18371" lon="-122.38374">
        <ele>17.7</ele>
      </trkpt>
      <trkpt lat="37.18361" lon="-122.38304">
        <ele>17.5</ele>
      </trkpt>
      <trkpt lat="37.18355" lon="-122.38267">
        <ele>17.9</ele>
      </trkpt>
      <trkpt lat="37.18341" lon="-122.38199">
        <ele>19.0</ele>
      </trkpt>
      <trkpt lat="37.18325" lon="-122.38138">
        <ele>21.9</ele>
      </trkpt>
      <trkpt lat="37.18309" lon="-122.38082">
        <ele>23.1</ele>
      </trkpt>
      <trkpt lat="37.18289" lon="-122.38023">
        <ele>23.5</ele>
      </trkpt>
      <trkpt lat="37.18268" lon="-122.37964">
        <ele>24.2</ele>
      </trkpt>
      <trkpt lat="37.18247" lon="-122.37915">
        <ele>25.2</ele>
      </trkpt>
      <trkpt lat="37.18235" lon="-122.37887">
        <ele>25.1</ele>
      </trkpt>
      <trkpt lat="37.18205" lon="-122.37828">
        <ele>24.4</ele>
      </trkpt>
      <trkpt lat="37.18158" lon="-122.37742">
        <ele>27.8</ele>
      </trkpt>
      <trkpt lat="37.18112" lon="-122.37657">
        <ele>29.0</ele>
      </trkpt>
      <trkpt lat="37.18065" lon="-122.37571">
        <ele>30.9</ele>
      </trkpt>
      <trkpt lat="37.18019" lon="-122.37485">
        <ele>31.6</ele>
      </trkpt>
      <trkpt lat="37.17972" lon="-122.374">
        <ele>29.9</ele>
      </trkpt>
      <trkpt lat="37.17925" lon="-122.37314">
        <ele>28.3</ele>
      </trkpt>
      <trkpt lat="37.17879" lon="-122.37229">
        <ele>26.1</ele>
      </trkpt>
      <trkpt lat="37.17832" lon="-122.37143">
        <ele>26.9</ele>
      </trkpt>
      <trkpt lat="37.17785" lon="-122.37057">
        <ele>24.6</ele>
      </trkpt>
      <trkpt lat="37.17739" lon="-122.36972">
        <ele>29.5</ele>
      </trkpt>
      <trkpt lat="37.17692" lon="-122.36886">
        <ele>31.9</ele>
      </trkpt>
      <trkpt lat="37.17645" lon="-122.36801">
        <ele>31.9</ele>
      </trkpt>
      <trkpt lat="37.17608" lon="-122.36733">
        <ele>32.2</ele>
      </trkpt>
      <trkpt lat="37.17571" lon="-122.36666">
        <ele>31.6</ele>
      </trkpt>
      <trkpt lat="37.17533" lon="-122.36599">
        <ele>24.9</ele>
      </trkpt>
      <trkpt lat="37.17506" lon="-122.36553">
        <ele>27.2</ele>
      </trkpt>
      <trkpt lat="37.17477" lon="-122.36512">
        <ele>30.8</ele>
      </trkpt>
      <trkpt lat="37.17444" lon="-122.36475">
        <ele>33.5</ele>
      </trkpt>
      <trkpt lat="37.17409" lon="-122.36441">
        <ele>33.6</ele>
      </trkpt>
      <trkpt lat="37.1737" lon="-122.36409">
        <ele>34.0</ele>
      </trkpt>
      <trkpt lat="37.17351" lon="-122.36395">
        <ele>34.5</ele>
      </trkpt>
      <trkpt lat="37.1733" lon="-122.36382">
        <ele>33.3</ele>
      </trkpt>
      <trkpt lat="37.1731" lon="-122.3637">
        <ele>31.9</ele>
      </trkpt>
      <trkpt lat="37.17289" lon="-122.36359">
        <ele>31.2</ele>
      </trkpt>
      <trkpt lat="37.17245" lon="-122.3634">
        <ele>29.7</ele>
      </trkpt>
      <trkpt lat="37.17162" lon="-122.36307">
        <ele>27.1</ele>
      </trkpt>
      <trkpt lat="37.17079" lon="-122.36274">
        <ele>28.2</ele>
      </trkpt>
      <trkpt lat="37.16996" lon="-122.36241">
        <ele>28.3</ele>
      </trkpt>
      <trkpt lat="37.16924" lon="-122.36212">
        <ele>27.0</ele>
      </trkpt>
      <trkpt lat="37.16852" lon="-122.36182">
        <ele>25.5</ele>
      </trkpt>
      <trkpt lat="37.16776" lon="-122.36152">
        <ele>21.9</ele>
      </trkpt>
      <trkpt lat="37.16731" lon="-122.36136">
        <ele>19.9</ele>
      </trkpt>
      <trkpt lat="37.16677" lon="-122.36115">
        <ele>15.9</ele>
      </trkpt>
      <trkpt lat="37.16622" lon="-122.36094">
        <ele>11.2</ele>
      </trkpt>
      <trkpt lat="37.16595" lon="-122.36083">
        <ele>8.9</ele>
      </trkpt>
      <trkpt lat="37.16549" lon="-122.36065">
        <ele>5.1</ele>
      </trkpt>
      <trkpt lat="37.16504" lon="-122.36048">
        <ele>5.1</ele>
      </trkpt>
      <trkpt lat="37.16441" lon="-122.3602">
        <ele>5.1</ele>
      </trkpt>
      <trkpt lat="37.16393" lon="-122.35995">
        <ele>5.3</ele>
      </trkpt>
      <trkpt lat="37.16344" lon="-122.35966">
        <ele>8.6</ele>
      </trkpt>
      <trkpt lat="37.16279" lon="-122.35922">
        <ele>9.2</ele>
      </trkpt>
      <trkpt lat="37.16215" lon="-122.35877">
        <ele>15.1</ele>
      </trkpt>
      <trkpt lat="37.16151" lon="-122.35833">
        <ele>14.6</ele>
      </trkpt>
      <trkpt lat="37.16087" lon="-122.35789">
        <ele>10.1</ele>
      </trkpt>
      <trkpt lat="37.16023" lon="-122.35745">
        <ele>18.5</ele>
      </trkpt>
      <trkpt lat="37.1596" lon="-122.35704">
        <ele>18.9</ele>
      </trkpt>
      <trkpt lat="37.15893" lon="-122.35658">
        <ele>19.4</ele>
      </trkpt>
      <trkpt lat="37.15827" lon="-122.35612">
        <ele>21.2</ele>
      </trkpt>
      <trkpt lat="37.15761" lon="-122.35567">
        <ele>22.7</ele>
      </trkpt>
      <trkpt lat="37.15689" lon="-122.35511">
        <ele>25.3</ele>
      </trkpt>
      <trkpt lat="37.15642" lon="-122.35472">
        <ele>26.6</ele>
      </trkpt>
      <trkpt lat="37.15595" lon="-122.35432">
        <ele>26.2</ele>
      </trkpt>
      <trkpt lat="37.15556" lon="-122.35396">
        <ele>25.6</ele>
      </trkpt>
      <trkpt lat="37.15556" lon="-122.35396">
        <ele>25.6</ele>
      </trkpt>
      <trkpt lat="37.15487" lon="-122.35332">
        <ele>28.1</ele>
      </trkpt>
      <trkpt lat="37.15418" lon="-122.35268">
        <ele>28.7</ele>
      </trkpt>
      <trkpt lat="37.15358" lon="-122.35212">
        <ele>28.7</ele>
      </trkpt>
      <trkpt lat="37.15299" lon="-122.35156">
        <ele>27.7</ele>
      </trkpt>
      <trkpt lat="37.15239" lon="-122.351">
        <ele>27.5</ele>
      </trkpt>
      <trkpt lat="37.15179" lon="-122.35044">
        <ele>28.1</ele>
      </trkpt>
      <trkpt lat="37.1512" lon="-122.34988">
        <ele>29.8</ele>
      </trkpt>
      <trkpt lat="37.15098" lon="-122.34966">
        <ele>30.4</ele>
      </trkpt>
      <trkpt lat="37.15077" lon="-122.34943">
        <ele>30.3</ele>
      </trkpt>
      <trkpt lat="37.15058" lon="-122.34922">
        <ele>30.5</ele>
      </trkpt>
      <trkpt lat="37.15039" lon="-122.34899">
        <ele>30.5</ele>
      </trkpt>
      <trkpt lat="37.15022" lon="-122.34876">
        <ele>30.6</ele>
      </trkpt>
      <trkpt lat="37.14986" lon="-122.34825">
        <ele>30.3</ele>
      </trkpt>
      <trkpt lat="37.14969" lon="-122.34797">
        <ele>29.7</ele>
      </trkpt>
      <trkpt lat="37.14953" lon="-122.3477">
        <ele>27.9</ele>
      </trkpt>
      <trkpt lat="37.14939" lon="-122.34743">
        <ele>26.0</ele>
      </trkpt>
      <trkpt lat="37.14914" lon="-122.3469">
        <ele>20.5</ele>
      </trkpt>
      <trkpt lat="37.14901" lon="-122.34661">
        <ele>16.2</ele>
      </trkpt>
      <trkpt lat="37.14939" lon="-122.3463">
        <ele>15.2</ele>
      </trkpt>
      <trkpt lat="37.14968" lon="-122.34626">
        <ele>16.1</ele>
      </trkpt>
      <trkpt lat="37.15014" lon="-122.34631">
        <ele>17.0</ele>
      </trkpt>
      <trkpt lat="37.15093" lon="-122.34651">
        <ele>22.7</ele>
      </trkpt>
      <trkpt lat="37.15173" lon="-122.34671">
        <ele>23.7</ele>
      </trkpt>
      <trkpt lat="37.15237" lon="-122.34677">
        <ele>23.6</ele>
      </trkpt>
      <trkpt lat="37.15321" lon="-122.3469">
        <ele>30.8</ele>
      </trkpt>
      <trkpt lat="37.15392" lon="-122.3471">
        <ele>34.1</ele>
      </trkpt>
      <trkpt lat="37.15467" lon="-122.34728">
        <ele>41.5</ele>
      </trkpt>
      <trkpt lat="37.15484" lon="-122.34735">
        <ele>42.8</ele>
      </trkpt>
      <trkpt lat="37.15496" lon="-122.34761">
        <ele>44.2</ele>
      </trkpt>
      <trkpt lat="37.15505" lon="-122.34791">
        <ele>44.7</ele>
      </trkpt>
      <trkpt lat="37.15517" lon="-122.34815">
        <ele>44.6</ele>
      </trkpt>
      <trkpt lat="37.15524" lon="-122.34824">
        <ele>44.6</ele>
      </trkpt>
      <trkpt lat="37.15536" lon="-122.34829">
        <ele>44.7</ele>
      </trkpt>
      <trkpt lat="37.1556" lon="-122.3483">
        <ele>45.1</ele>
      </trkpt>
      <trkpt lat="37.15559" lon="-122.34796">
        <ele>45.4</ele>
      </trkpt>
      <trkpt lat="37.15574" lon="-122.34785">
        <ele>45.6</ele>
      </trkpt>
      <trkpt lat="37.15576" lon="-122.34775">
        <ele>45.7</ele>
      </trkpt>
      <trkpt lat="37.15572" lon="-122.34765">
        <ele>45.6</ele>
      </trkpt>
      <trkpt lat="37.15557" lon="-122.34759">
        <ele>45.4</ele>
      </trkpt>
      <trkpt lat="37.15549" lon="-122.34761">
        <ele>45.3</ele>
      </trkpt>
      <trkpt lat="37.15554" lon="-122.34748">
        <ele>45.3</ele>
      </trkpt>
      <trkpt lat="37.15555" lon="-122.34736">
        <ele>45.3</ele>
      </trkpt>
      <trkpt lat="37.15555" lon="-122.34723">
        <ele>44.9</ele>
      </trkpt>
    </trkseg>
  </trk>
</gpx>
