<?xml version="1.0" encoding="UTF-8"?>
<gpx xmlns:gpxdata="http://www.cluetrust.com/XML/GPXDATA/1/0" xmlns:xsi="http://www.w3.org/2001/XMLSchema-instance" xmlns="http://www.topografix.com/GPX/1/1" version="1.1" creator="http://ridewithgps.com/" xsi:schemaLocation="http://www.topografix.com/GPX/1/1 http://www.topografix.com/GPX/1/1/gpx.xsd http://www.cluetrust.com/XML/GPXDATA/1/0 http://www.cluetrust.com/Schemas/gpxdata10.xsd">
  <metadata>
    <name>Day 5 - Cambria to Santa Maria</name>
    <link href="https://ridewithgps.com/routes/56930976">
      <text>Day 5 - Cambria to Santa Maria</text>
    </link>
    <time>2026-08-30T14:21:29Z</time>
  </metadata>
  <wpt lat="35.154179" lon="-120.665779">
    <name>Dinosaur Caves Park</name>
    <cmt>generic</cmt>
    <sym>Dot</sym>
    <type>generic</type>
  </wpt>
  <wpt lat="34.979115" lon="-120.433124">
    <name>2100 North Broadway</name>
    <cmt>generic</cmt>
    <sym>Dot</sym>
    <type>generic</type>
  </wpt>
  <wpt lat="35.56854" lon="-121.10419">
    <name>Left</name>
    <cmt>Turn left onto Windsor Blvd</cmt>
    <desc>Turn left onto Windsor Blvd</desc>
    <sym>Dot</sym>
    <type>Dot</type>
  </wpt>
  <wpt lat="35.56876" lon="-121.10405">
    <name>Right</name>
    <cmt>Turn right onto Santa Rosa Creek Trail</cmt>
    <desc>Turn right onto Santa Rosa Creek Trail</desc>
    <sym>Dot</sym>
    <type>Dot</type>
  </wpt>
  <wpt lat="35.56364" lon="-121.0969">
    <name>Right</name>
    <cmt>Keep right to stay on Santa Rosa Creek Trail</cmt>
    <desc>Keep right to stay on Santa Rosa Creek Trail</desc>
    <sym>Dot</sym>
    <type>Dot</type>
  </wpt>
  <wpt lat="35.56439" lon="-121.09581">
    <name>Right</name>
    <cmt>Turn right onto Main St</cmt>
    <desc>Turn right onto Main St</desc>
    <sym>Dot</sym>
    <type>Dot</type>
  </wpt>
  <wpt lat="35.55129" lon="-121.07165">
    <name>Left</name>
    <cmt>Turn left onto CA-1 S</cmt>
    <desc>Turn left onto CA-1 S</desc>
    <sym>Dot</sym>
    <type>Dot</type>
  </wpt>
  <wpt lat="35.44992" lon="-120.91786">
    <name>Right</name>
    <cmt>Turn right onto N Ocean Ave</cmt>
    <desc>Turn right onto N Ocean Ave</desc>
    <sym>Dot</sym>
    <type>Dot</type>
  </wpt>
  <wpt lat="35.44216" lon="-120.89114">
    <name>Left</name>
    <cmt>Turn left onto 13th St</cmt>
    <desc>Turn left onto 13th St</desc>
    <sym>Dot</sym>
    <type>Dot</type>
  </wpt>
  <wpt lat="35.43652" lon="-120.88617">
    <name>Slight Right</name>
    <cmt>Slight right onto Ocean Blvd</cmt>
    <desc>Slight right onto Ocean Blvd</desc>
    <sym>Dot</sym>
    <type>Dot</type>
  </wpt>
  <wpt lat="35.42146" lon="-120.87708">
    <name>Right</name>
    <cmt>Turn right onto Chaney Ave</cmt>
    <desc>Turn right onto Chaney Ave</desc>
    <sym>Dot</sym>
    <type>Dot</type>
  </wpt>
  <wpt lat="35.42126" lon="-120.87755">
    <name>Left</name>
    <cmt>Turn left onto CA-1 S</cmt>
    <desc>Turn left onto CA-1 S</desc>
    <sym>Dot</sym>
    <type>Dot</type>
  </wpt>
  <wpt lat="35.40422" lon="-120.86782">
    <name>Right</name>
    <cmt>Turn right onto Yerba Buena St</cmt>
    <desc>Turn right onto Yerba Buena St</desc>
    <sym>Dot</sym>
    <type>Dot</type>
  </wpt>
  <wpt lat="35.40374" lon="-120.86852">
    <name>Left</name>
    <cmt>Turn left onto Beachcomber Dr</cmt>
    <desc>Turn left onto Beachcomber Dr</desc>
    <sym>Dot</sym>
    <type>Dot</type>
  </wpt>
  <wpt lat="35.39837" lon="-120.86497">
    <name>Left</name>
    <cmt>Beachcomber Dr turns slightly left and becomes Java St</cmt>
    <desc>Beachcomber Dr turns slightly left and becomes Java St</desc>
    <sym>Dot</sym>
    <type>Dot</type>
  </wpt>
  <wpt lat="35.39861" lon="-120.86443">
    <name>Right</name>
    <cmt>Turn right onto Sandalwood Ave</cmt>
    <desc>Turn right onto Sandalwood Ave</desc>
    <sym>Dot</sym>
    <type>Dot</type>
  </wpt>
  <wpt lat="35.39261" lon="-120.86303">
    <name>Left</name>
    <cmt>Turn left onto Azure St</cmt>
    <desc>Turn left onto Azure St</desc>
    <sym>Dot</sym>
    <type>Dot</type>
  </wpt>
  <wpt lat="35.39284" lon="-120.86138">
    <name>Right</name>
    <cmt>Turn right onto Coral Ave</cmt>
    <desc>Turn right onto Coral Ave</desc>
    <sym>Dot</sym>
    <type>Dot</type>
  </wpt>
  <wpt lat="35.3919" lon="-120.86051">
    <name>Slight Right</name>
    <cmt>Slight right</cmt>
    <desc>Slight right</desc>
    <sym>Dot</sym>
    <type>Dot</type>
  </wpt>
  <wpt lat="35.39171" lon="-120.86045">
    <name>Straight</name>
    <cmt>Continue straight</cmt>
    <desc>Continue straight</desc>
    <sym>Dot</sym>
    <type>Dot</type>
  </wpt>
  <wpt lat="35.38964" lon="-120.86001">
    <name>Right</name>
    <cmt>Turn right</cmt>
    <desc>Turn right</desc>
    <sym>Dot</sym>
    <type>Dot</type>
  </wpt>
  <wpt lat="35.38845" lon="-120.86031">
    <name>Left</name>
    <cmt>Turn left</cmt>
    <desc>Turn left</desc>
    <sym>Dot</sym>
    <type>Dot</type>
  </wpt>
  <wpt lat="35.38851" lon="-120.86007">
    <name>Right</name>
    <cmt>Turn right</cmt>
    <desc>Turn right</desc>
    <sym>Dot</sym>
    <type>Dot</type>
  </wpt>
  <wpt lat="35.38827" lon="-120.85921">
    <name>Left</name>
    <cmt>Turn left</cmt>
    <desc>Turn left</desc>
    <sym>Dot</sym>
    <type>Dot</type>
  </wpt>
  <wpt lat="35.37997" lon="-120.85664">
    <name>Right</name>
    <cmt>Turn right onto Atascadero Rd</cmt>
    <desc>Turn right onto Atascadero Rd</desc>
    <sym>Dot</sym>
    <type>Dot</type>
  </wpt>
  <wpt lat="35.37929" lon="-120.86198">
    <name>Straight</name>
    <cmt>Continue onto Embarcadero</cmt>
    <desc>Continue onto Embarcadero</desc>
    <sym>Dot</sym>
    <type>Dot</type>
  </wpt>
  <wpt lat="35.37245" lon="-120.86029">
    <name>Right</name>
    <cmt>Turn right</cmt>
    <desc>Turn right</desc>
    <sym>Dot</sym>
    <type>Dot</type>
  </wpt>
  <wpt lat="35.37048" lon="-120.86463">
    <name>Uturn</name>
    <cmt>Make a U-turn at Coleman Dr</cmt>
    <desc>Make a U-turn at Coleman Dr</desc>
    <sym>Dot</sym>
    <type>Dot</type>
  </wpt>
  <wpt lat="35.372165" lon="-120.85959">
    <name>Generic</name>
    <cmt>First Filipino landing</cmt>
    <desc>First Filipino landing</desc>
    <sym>Dot</sym>
    <type>Dot</type>
  </wpt>
  <wpt lat="35.37195" lon="-120.85882">
    <name>Right</name>
    <cmt>Turn right</cmt>
    <desc>Turn right</desc>
    <sym>Dot</sym>
    <type>Dot</type>
  </wpt>
  <wpt lat="35.37038" lon="-120.85636">
    <name>Slight Left</name>
    <cmt>Slight left</cmt>
    <desc>Slight left</desc>
    <sym>Dot</sym>
    <type>Dot</type>
  </wpt>
  <wpt lat="35.36944" lon="-120.85509">
    <name>Left</name>
    <cmt>Turn left</cmt>
    <desc>Turn left</desc>
    <sym>Dot</sym>
    <type>Dot</type>
  </wpt>
  <wpt lat="35.3688" lon="-120.85428">
    <name>Right</name>
    <cmt>Turn right onto Embarcadero</cmt>
    <desc>Turn right onto Embarcadero</desc>
    <sym>Dot</sym>
    <type>Dot</type>
  </wpt>
  <wpt lat="35.3679" lon="-120.85366">
    <name>Right</name>
    <cmt>Turn right to stay on Embarcadero</cmt>
    <desc>Turn right to stay on Embarcadero</desc>
    <sym>Dot</sym>
    <type>Dot</type>
  </wpt>
  <wpt lat="35.36678" lon="-120.85347">
    <name>Left</name>
    <cmt>Turn left onto Harbor St</cmt>
    <desc>Turn left onto Harbor St</desc>
    <sym>Dot</sym>
    <type>Dot</type>
  </wpt>
  <wpt lat="35.36687" lon="-120.85112">
    <name>Right</name>
    <cmt>Turn right onto Morro Ave</cmt>
    <desc>Turn right onto Morro Ave</desc>
    <sym>Dot</sym>
    <type>Dot</type>
  </wpt>
  <wpt lat="35.3659" lon="-120.85114">
    <name>Left</name>
    <cmt>Turn left onto Morro Bay Blvd</cmt>
    <desc>Turn left onto Morro Bay Blvd</desc>
    <sym>Dot</sym>
    <type>Dot</type>
  </wpt>
  <wpt lat="35.36635" lon="-120.84117">
    <name>Right</name>
    <cmt>At the traffic circle, continue straight to stay on Morro Bay Blvd</cmt>
    <desc>At the traffic circle, continue straight to stay on Morro Bay Blvd</desc>
    <sym>Dot</sym>
    <type>Dot</type>
  </wpt>
  <wpt lat="35.36651" lon="-120.8407">
    <name>Slight Right</name>
    <cmt>Slight right onto Quintana Rd</cmt>
    <desc>Slight right onto Quintana Rd</desc>
    <sym>Dot</sym>
    <type>Dot</type>
  </wpt>
  <wpt lat="35.36221" lon="-120.82424">
    <name>Right</name>
    <cmt>Turn right onto S Bay Blvd</cmt>
    <desc>Turn right onto S Bay Blvd</desc>
    <sym>Dot</sym>
    <type>Dot</type>
  </wpt>
  <wpt lat="35.3101" lon="-120.82542">
    <name>Left</name>
    <cmt>Turn left onto Los Osos Valley Rd</cmt>
    <desc>Turn left onto Los Osos Valley Rd</desc>
    <sym>Dot</sym>
    <type>Dot</type>
  </wpt>
  <wpt lat="35.24196" lon="-120.67666">
    <name>Right</name>
    <cmt>Turn right onto S Higuera St</cmt>
    <desc>Turn right onto S Higuera St</desc>
    <sym>Dot</sym>
    <type>Dot</type>
  </wpt>
  <wpt lat="35.2232" lon="-120.69297">
    <name>Right</name>
    <cmt>Turn right onto Ontario Rd</cmt>
    <desc>Turn right onto Ontario Rd</desc>
    <sym>Dot</sym>
    <type>Dot</type>
  </wpt>
  <wpt lat="35.22339" lon="-120.69327">
    <name>Left</name>
    <cmt>Turn left to stay on Ontario Rd</cmt>
    <desc>Turn left to stay on Ontario Rd</desc>
    <sym>Dot</sym>
    <type>Dot</type>
  </wpt>
  <wpt lat="35.18108" lon="-120.70419">
    <name>Left</name>
    <cmt>Turn left onto Avila Beach Dr</cmt>
    <desc>Turn left onto Avila Beach Dr</desc>
    <sym>Dot</sym>
    <type>Dot</type>
  </wpt>
  <wpt lat="35.17969" lon="-120.70048">
    <name>Right</name>
    <cmt>At the traffic circle, take the 1st exit onto Shell Beach Rd</cmt>
    <desc>At the traffic circle, take the 1st exit onto Shell Beach Rd</desc>
    <sym>Dot</sym>
    <type>Dot</type>
  </wpt>
  <wpt lat="35.15519" lon="-120.66583">
    <name>Straight</name>
    <cmt>Continue onto Price St</cmt>
    <desc>Continue onto Price St</desc>
    <sym>Dot</sym>
    <type>Dot</type>
  </wpt>
  <wpt lat="35.15456" lon="-120.66495">
    <name>Right</name>
    <cmt>Turn right</cmt>
    <desc>Turn right</desc>
    <sym>Dot</sym>
    <type>Dot</type>
  </wpt>
  <wpt lat="35.154339" lon="-120.66526">
    <name>Generic</name>
    <cmt>Stop for a break</cmt>
    <desc>Stop for a break</desc>
    <sym>Dot</sym>
    <type>Dot</type>
  </wpt>
  <wpt lat="35.15456" lon="-120.66495">
    <name>Right</name>
    <cmt>Turn right toward California Coastal Trail</cmt>
    <desc>Turn right toward California Coastal Trail</desc>
    <sym>Dot</sym>
    <type>Dot</type>
  </wpt>
  <wpt lat="35.15395" lon="-120.66313">
    <name>Left</name>
    <cmt>Turn left onto California Coastal Trail</cmt>
    <desc>Turn left onto California Coastal Trail</desc>
    <sym>Dot</sym>
    <type>Dot</type>
  </wpt>
  <wpt lat="35.15401" lon="-120.6631">
    <name>Right</name>
    <cmt>Turn right onto Price St</cmt>
    <desc>Turn right onto Price St</desc>
    <sym>Dot</sym>
    <type>Dot</type>
  </wpt>
  <wpt lat="35.14634" lon="-120.64493">
    <name>Right</name>
    <cmt>Turn right onto Dolliver St</cmt>
    <desc>Turn right onto Dolliver St</desc>
    <sym>Dot</sym>
    <type>Dot</type>
  </wpt>
  <wpt lat="35.14067" lon="-120.64137">
    <name>Right</name>
    <cmt>Turn right onto Pomeroy Ave</cmt>
    <desc>Turn right onto Pomeroy Ave</desc>
    <sym>Dot</sym>
    <type>Dot</type>
  </wpt>
  <wpt lat="35.140057" lon="-120.64221">
    <name>Generic</name>
    <cmt>Stop for Splash Cafe</cmt>
    <desc>Stop for Splash Cafe</desc>
    <sym>Dot</sym>
    <type>Dot</type>
  </wpt>
  <wpt lat="35.13628" lon="-120.63792">
    <name>Right</name>
    <cmt>Turn right onto CA-1 S/​Dolliver St</cmt>
    <desc>Turn right onto CA-1 S/​Dolliver St</desc>
    <sym>Dot</sym>
    <type>Dot</type>
  </wpt>
  <wpt lat="35.12191" lon="-120.62983">
    <name>Left</name>
    <cmt>Turn left onto W Grand Ave</cmt>
    <desc>Turn left onto W Grand Ave</desc>
    <sym>Dot</sym>
    <type>Dot</type>
  </wpt>
  <wpt lat="35.12049" lon="-120.60046">
    <name>Right</name>
    <cmt>Turn right onto S Elm St</cmt>
    <desc>Turn right onto S Elm St</desc>
    <sym>Dot</sym>
    <type>Dot</type>
  </wpt>
  <wpt lat="35.11274" lon="-120.60054">
    <name>Left</name>
    <cmt>Turn left onto Fair Oaks Ave</cmt>
    <desc>Turn left onto Fair Oaks Ave</desc>
    <sym>Dot</sym>
    <type>Dot</type>
  </wpt>
  <wpt lat="35.11635" lon="-120.58269">
    <name>Right</name>
    <cmt>Turn right onto Valley Rd</cmt>
    <desc>Turn right onto Valley Rd</desc>
    <sym>Dot</sym>
    <type>Dot</type>
  </wpt>
  <wpt lat="35.07185" lon="-120.51662">
    <name>Straight</name>
    <cmt>Continue onto N Thompson Ave</cmt>
    <desc>Continue onto N Thompson Ave</desc>
    <sym>Dot</sym>
    <type>Dot</type>
  </wpt>
  <wpt lat="35.04292" lon="-120.47607">
    <name>Right</name>
    <cmt>Turn right onto W Tefft St</cmt>
    <desc>Turn right onto W Tefft St</desc>
    <sym>Dot</sym>
    <type>Dot</type>
  </wpt>
  <wpt lat="35.02896" lon="-120.49629">
    <name>Left</name>
    <cmt>Turn left onto Orchard Rd</cmt>
    <desc>Turn left onto Orchard Rd</desc>
    <sym>Dot</sym>
    <type>Dot</type>
  </wpt>
  <wpt lat="35.00317" lon="-120.45723">
    <name>Straight</name>
    <cmt>Continue onto Joshua St</cmt>
    <desc>Continue onto Joshua St</desc>
    <sym>Dot</sym>
    <type>Dot</type>
  </wpt>
  <wpt lat="35.00799" lon="-120.44897">
    <name>Straight</name>
    <cmt>Continue onto Hutton Rd</cmt>
    <desc>Continue onto Hutton Rd</desc>
    <sym>Dot</sym>
    <type>Dot</type>
  </wpt>
  <wpt lat="34.99398" lon="-120.43533">
    <name>Slight Left</name>
    <cmt>Slight left</cmt>
    <desc>Slight left</desc>
    <sym>Dot</sym>
    <type>Dot</type>
  </wpt>
  <wpt lat="34.98686" lon="-120.43516">
    <name>Left</name>
    <cmt>Turn left onto Preisker Ln</cmt>
    <desc>Turn left onto Preisker Ln</desc>
    <sym>Dot</sym>
    <type>Dot</type>
  </wpt>
  <wpt lat="34.975862" lon="-120.434472">
    <name>Fairfield Inn and Suites by Marriott</name>
    <cmt>lodging</cmt>
    <sym>Dot</sym>
    <type>shelter</type>
  </wpt>
  <wpt lat="34.655876" lon="-120.45874">
    <name>Embassy Suites by Hilton Lompoc Central Coast</name>
    <cmt>lodging</cmt>
    <sym>Dot</sym>
    <type>shelter</type>
  </wpt>
  <wpt lat="34.97894682400886" lon="-120.4329179788208">
    <name>2061 Roemer Court</name>
    <cmt>generic</cmt>
    <sym>Dot</sym>
    <type>generic</type>
  </wpt>
  <trk>
    <name>Day 5 - Cambria to Santa Maria</name>
    <trkseg>
      <trkpt lat="35.568998" lon="-121.10528">
        <ele>10.1</ele>
      </trkpt>
      <trkpt lat="35.56898" lon="-121.10521">
        <ele>9.6</ele>
      </trkpt>
      <trkpt lat="35.5689" lon="-121.10501">
        <ele>9.0</ele>
      </trkpt>
      <trkpt lat="35.56872" lon="-121.10467">
        <ele>7.0</ele>
      </trkpt>
      <trkpt lat="35.56871" lon="-121.10463">
        <ele>6.9</ele>
      </trkpt>
      <trkpt lat="35.56861" lon="-121.10442">
        <ele>6.8</ele>
      </trkpt>
      <trkpt lat="35.56854" lon="-121.10419">
        <ele>6.8</ele>
      </trkpt>
      <trkpt lat="35.56854" lon="-121.10419">
        <ele>6.8</ele>
      </trkpt>
      <trkpt lat="35.56876" lon="-121.10405">
        <ele>6.8</ele>
      </trkpt>
      <trkpt lat="35.56876" lon="-121.10405">
        <ele>6.8</ele>
      </trkpt>
      <trkpt lat="35.56864" lon="-121.10366">
        <ele>6.8</ele>
      </trkpt>
      <trkpt lat="35.5685" lon="-121.10333">
        <ele>6.8</ele>
      </trkpt>
      <trkpt lat="35.56848" lon="-121.10328">
        <ele>6.8</ele>
      </trkpt>
      <trkpt lat="35.56839" lon="-121.10309">
        <ele>6.8</ele>
      </trkpt>
      <trkpt lat="35.56828" lon="-121.10291">
        <ele>6.8</ele>
      </trkpt>
      <trkpt lat="35.56822" lon="-121.10281">
        <ele>6.8</ele>
      </trkpt>
      <trkpt lat="35.56811" lon="-121.10253">
        <ele>6.8</ele>
      </trkpt>
      <trkpt lat="35.56808" lon="-121.10245">
        <ele>6.8</ele>
      </trkpt>
      <trkpt lat="35.56801" lon="-121.10234">
        <ele>6.8</ele>
      </trkpt>
      <trkpt lat="35.56793" lon="-121.10222">
        <ele>6.8</ele>
      </trkpt>
      <trkpt lat="35.56785" lon="-121.10207">
        <ele>6.8</ele>
      </trkpt>
      <trkpt lat="35.56779" lon="-121.10199">
        <ele>6.8</ele>
      </trkpt>
      <trkpt lat="35.56771" lon="-121.10189">
        <ele>6.8</ele>
      </trkpt>
      <trkpt lat="35.56756" lon="-121.10168">
        <ele>6.8</ele>
      </trkpt>
      <trkpt lat="35.56732" lon="-121.10136">
        <ele>6.8</ele>
      </trkpt>
      <trkpt lat="35.56712" lon="-121.10109">
        <ele>6.8</ele>
      </trkpt>
      <trkpt lat="35.56695" lon="-121.10084">
        <ele>6.8</ele>
      </trkpt>
      <trkpt lat="35.56683" lon="-121.10068">
        <ele>6.8</ele>
      </trkpt>
      <trkpt lat="35.56673" lon="-121.10055">
        <ele>6.8</ele>
      </trkpt>
      <trkpt lat="35.56651" lon="-121.10034">
        <ele>6.8</ele>
      </trkpt>
      <trkpt lat="35.5663" lon="-121.10009">
        <ele>6.8</ele>
      </trkpt>
      <trkpt lat="35.56606" lon="-121.09976">
        <ele>6.8</ele>
      </trkpt>
      <trkpt lat="35.56604" lon="-121.09973">
        <ele>6.8</ele>
      </trkpt>
      <trkpt lat="35.56593" lon="-121.09961">
        <ele>6.8</ele>
      </trkpt>
      <trkpt lat="35.56581" lon="-121.09942">
        <ele>7.2</ele>
      </trkpt>
      <trkpt lat="35.5657" lon="-121.09926">
        <ele>7.6</ele>
      </trkpt>
      <trkpt lat="35.56558" lon="-121.09913">
        <ele>7.4</ele>
      </trkpt>
      <trkpt lat="35.56536" lon="-121.09891">
        <ele>7.8</ele>
      </trkpt>
      <trkpt lat="35.56524" lon="-121.09878">
        <ele>8.0</ele>
      </trkpt>
      <trkpt lat="35.56516" lon="-121.09868">
        <ele>7.8</ele>
      </trkpt>
      <trkpt lat="35.56494" lon="-121.0984">
        <ele>7.2</ele>
      </trkpt>
      <trkpt lat="35.56486" lon="-121.09829">
        <ele>7.2</ele>
      </trkpt>
      <trkpt lat="35.56469" lon="-121.09802">
        <ele>7.0</ele>
      </trkpt>
      <trkpt lat="35.56461" lon="-121.09791">
        <ele>7.0</ele>
      </trkpt>
      <trkpt lat="35.56456" lon="-121.09786">
        <ele>7.0</ele>
      </trkpt>
      <trkpt lat="35.56445" lon="-121.09778">
        <ele>7.1</ele>
      </trkpt>
      <trkpt lat="35.56438" lon="-121.09772">
        <ele>7.1</ele>
      </trkpt>
      <trkpt lat="35.56428" lon="-121.0976">
        <ele>6.9</ele>
      </trkpt>
      <trkpt lat="35.56427" lon="-121.09759">
        <ele>6.9</ele>
      </trkpt>
      <trkpt lat="35.56419" lon="-121.09748">
        <ele>6.8</ele>
      </trkpt>
      <trkpt lat="35.56412" lon="-121.09743">
        <ele>6.8</ele>
      </trkpt>
      <trkpt lat="35.56405" lon="-121.09738">
        <ele>6.8</ele>
      </trkpt>
      <trkpt lat="35.56401" lon="-121.09737">
        <ele>6.9</ele>
      </trkpt>
      <trkpt lat="35.56396" lon="-121.09734">
        <ele>7.0</ele>
      </trkpt>
      <trkpt lat="35.56394" lon="-121.0973">
        <ele>7.0</ele>
      </trkpt>
      <trkpt lat="35.56387" lon="-121.09721">
        <ele>6.9</ele>
      </trkpt>
      <trkpt lat="35.56381" lon="-121.09712">
        <ele>6.8</ele>
      </trkpt>
      <trkpt lat="35.56377" lon="-121.09708">
        <ele>6.8</ele>
      </trkpt>
      <trkpt lat="35.56365" lon="-121.09699">
        <ele>6.8</ele>
      </trkpt>
      <trkpt lat="35.56363" lon="-121.09697">
        <ele>6.8</ele>
      </trkpt>
      <trkpt lat="35.56362" lon="-121.09694">
        <ele>6.8</ele>
      </trkpt>
      <trkpt lat="35.56363" lon="-121.09692">
        <ele>6.8</ele>
      </trkpt>
      <trkpt lat="35.56363" lon="-121.09692">
        <ele>6.8</ele>
      </trkpt>
      <trkpt lat="35.56364" lon="-121.0969">
        <ele>6.8</ele>
      </trkpt>
      <trkpt lat="35.56364" lon="-121.0969">
        <ele>6.8</ele>
      </trkpt>
      <trkpt lat="35.56368" lon="-121.09682">
        <ele>6.8</ele>
      </trkpt>
      <trkpt lat="35.5637" lon="-121.09674">
        <ele>6.8</ele>
      </trkpt>
      <trkpt lat="35.56375" lon="-121.09661">
        <ele>6.8</ele>
      </trkpt>
      <trkpt lat="35.56375" lon="-121.09653">
        <ele>6.8</ele>
      </trkpt>
      <trkpt lat="35.56377" lon="-121.09647">
        <ele>6.8</ele>
      </trkpt>
      <trkpt lat="35.56382" lon="-121.09641">
        <ele>6.8</ele>
      </trkpt>
      <trkpt lat="35.5639" lon="-121.09634">
        <ele>6.8</ele>
      </trkpt>
      <trkpt lat="35.56398" lon="-121.09627">
        <ele>6.8</ele>
      </trkpt>
      <trkpt lat="35.56401" lon="-121.09624">
        <ele>6.8</ele>
      </trkpt>
      <trkpt lat="35.56403" lon="-121.09621">
        <ele>6.8</ele>
      </trkpt>
      <trkpt lat="35.56408" lon="-121.09615">
        <ele>6.8</ele>
      </trkpt>
      <trkpt lat="35.56413" lon="-121.09609">
        <ele>6.9</ele>
      </trkpt>
      <trkpt lat="35.56417" lon="-121.09601">
        <ele>7.1</ele>
      </trkpt>
      <trkpt lat="35.5642" lon="-121.09594">
        <ele>7.5</ele>
      </trkpt>
      <trkpt lat="35.56422" lon="-121.09592">
        <ele>7.7</ele>
      </trkpt>
      <trkpt lat="35.56422" lon="-121.09592">
        <ele>7.7</ele>
      </trkpt>
      <trkpt lat="35.56422" lon="-121.09591">
        <ele>7.8</ele>
      </trkpt>
      <trkpt lat="35.56425" lon="-121.0959">
        <ele>8.0</ele>
      </trkpt>
      <trkpt lat="35.56428" lon="-121.0959">
        <ele>8.3</ele>
      </trkpt>
      <trkpt lat="35.5643" lon="-121.09588">
        <ele>8.6</ele>
      </trkpt>
      <trkpt lat="35.56439" lon="-121.09581">
        <ele>9.9</ele>
      </trkpt>
      <trkpt lat="35.56439" lon="-121.09581">
        <ele>9.9</ele>
      </trkpt>
      <trkpt lat="35.56429" lon="-121.09566">
        <ele>9.8</ele>
      </trkpt>
      <trkpt lat="35.56418" lon="-121.09549">
        <ele>9.8</ele>
      </trkpt>
      <trkpt lat="35.56415" lon="-121.09545">
        <ele>9.8</ele>
      </trkpt>
      <trkpt lat="35.5641" lon="-121.09536">
        <ele>9.7</ele>
      </trkpt>
      <trkpt lat="35.56403" lon="-121.09524">
        <ele>9.5</ele>
      </trkpt>
      <trkpt lat="35.56394" lon="-121.0951">
        <ele>9.7</ele>
      </trkpt>
      <trkpt lat="35.56392" lon="-121.09506">
        <ele>9.9</ele>
      </trkpt>
      <trkpt lat="35.56382" lon="-121.09488">
        <ele>11.1</ele>
      </trkpt>
      <trkpt lat="35.56378" lon="-121.09481">
        <ele>11.3</ele>
      </trkpt>
      <trkpt lat="35.56374" lon="-121.09472">
        <ele>11.7</ele>
      </trkpt>
      <trkpt lat="35.56365" lon="-121.09452">
        <ele>14.2</ele>
      </trkpt>
      <trkpt lat="35.56362" lon="-121.09445">
        <ele>15.5</ele>
      </trkpt>
      <trkpt lat="35.56353" lon="-121.09425">
        <ele>18.4</ele>
      </trkpt>
      <trkpt lat="35.56347" lon="-121.09416">
        <ele>19.0</ele>
      </trkpt>
      <trkpt lat="35.56344" lon="-121.09411">
        <ele>19.3</ele>
      </trkpt>
      <trkpt lat="35.56335" lon="-121.09387">
        <ele>20.9</ele>
      </trkpt>
      <trkpt lat="35.56327" lon="-121.09368">
        <ele>21.7</ele>
      </trkpt>
      <trkpt lat="35.56321" lon="-121.09349">
        <ele>22.0</ele>
      </trkpt>
      <trkpt lat="35.56309" lon="-121.09313">
        <ele>21.9</ele>
      </trkpt>
      <trkpt lat="35.5631" lon="-121.09302">
        <ele>22.5</ele>
      </trkpt>
      <trkpt lat="35.56305" lon="-121.09283">
        <ele>22.6</ele>
      </trkpt>
      <trkpt lat="35.56297" lon="-121.0925">
        <ele>22.3</ele>
      </trkpt>
      <trkpt lat="35.56296" lon="-121.09248">
        <ele>22.1</ele>
      </trkpt>
      <trkpt lat="35.56291" lon="-121.09222">
        <ele>20.9</ele>
      </trkpt>
      <trkpt lat="35.56291" lon="-121.09219">
        <ele>20.8</ele>
      </trkpt>
      <trkpt lat="35.56286" lon="-121.09197">
        <ele>19.5</ele>
      </trkpt>
      <trkpt lat="35.56284" lon="-121.09181">
        <ele>18.9</ele>
      </trkpt>
      <trkpt lat="35.56284" lon="-121.09181">
        <ele>18.9</ele>
      </trkpt>
      <trkpt lat="35.56283" lon="-121.09176">
        <ele>18.8</ele>
      </trkpt>
      <trkpt lat="35.5628" lon="-121.09156">
        <ele>18.6</ele>
      </trkpt>
      <trkpt lat="35.56277" lon="-121.09132">
        <ele>19.3</ele>
      </trkpt>
      <trkpt lat="35.56272" lon="-121.0908">
        <ele>22.2</ele>
      </trkpt>
      <trkpt lat="35.56271" lon="-121.09054">
        <ele>23.2</ele>
      </trkpt>
      <trkpt lat="35.56271" lon="-121.09053">
        <ele>23.3</ele>
      </trkpt>
      <trkpt lat="35.5627" lon="-121.0902">
        <ele>23.7</ele>
      </trkpt>
      <trkpt lat="35.5627" lon="-121.08984">
        <ele>23.8</ele>
      </trkpt>
      <trkpt lat="35.56271" lon="-121.08969">
        <ele>23.9</ele>
      </trkpt>
      <trkpt lat="35.56271" lon="-121.08957">
        <ele>23.7</ele>
      </trkpt>
      <trkpt lat="35.56273" lon="-121.08942">
        <ele>23.5</ele>
      </trkpt>
      <trkpt lat="35.56278" lon="-121.08883">
        <ele>22.9</ele>
      </trkpt>
      <trkpt lat="35.56282" lon="-121.08847">
        <ele>22.4</ele>
      </trkpt>
      <trkpt lat="35.56283" lon="-121.08841">
        <ele>22.3</ele>
      </trkpt>
      <trkpt lat="35.56283" lon="-121.08839">
        <ele>22.3</ele>
      </trkpt>
      <trkpt lat="35.56292" lon="-121.08795">
        <ele>21.9</ele>
      </trkpt>
      <trkpt lat="35.56296" lon="-121.08773">
        <ele>21.2</ele>
      </trkpt>
      <trkpt lat="35.56299" lon="-121.08761">
        <ele>20.9</ele>
      </trkpt>
      <trkpt lat="35.56309" lon="-121.08709">
        <ele>19.5</ele>
      </trkpt>
      <trkpt lat="35.56313" lon="-121.08691">
        <ele>19.4</ele>
      </trkpt>
      <trkpt lat="35.5632" lon="-121.08658">
        <ele>19.4</ele>
      </trkpt>
      <trkpt lat="35.56323" lon="-121.08643">
        <ele>19.8</ele>
      </trkpt>
      <trkpt lat="35.56337" lon="-121.08556">
        <ele>21.7</ele>
      </trkpt>
      <trkpt lat="35.56341" lon="-121.08535">
        <ele>22.2</ele>
      </trkpt>
      <trkpt lat="35.56354" lon="-121.08471">
        <ele>21.8</ele>
      </trkpt>
      <trkpt lat="35.56355" lon="-121.08464">
        <ele>21.6</ele>
      </trkpt>
      <trkpt lat="35.56362" lon="-121.08427">
        <ele>21.6</ele>
      </trkpt>
      <trkpt lat="35.56365" lon="-121.08415">
        <ele>22.0</ele>
      </trkpt>
      <trkpt lat="35.56368" lon="-121.08396">
        <ele>22.4</ele>
      </trkpt>
      <trkpt lat="35.56371" lon="-121.08386">
        <ele>22.8</ele>
      </trkpt>
      <trkpt lat="35.56379" lon="-121.08345">
        <ele>23.1</ele>
      </trkpt>
      <trkpt lat="35.56384" lon="-121.08323">
        <ele>23.0</ele>
      </trkpt>
      <trkpt lat="35.56387" lon="-121.08311">
        <ele>23.0</ele>
      </trkpt>
      <trkpt lat="35.56397" lon="-121.08268">
        <ele>23.1</ele>
      </trkpt>
      <trkpt lat="35.56398" lon="-121.08262">
        <ele>23.0</ele>
      </trkpt>
      <trkpt lat="35.56405" lon="-121.0824">
        <ele>22.4</ele>
      </trkpt>
      <trkpt lat="35.56418" lon="-121.08197">
        <ele>19.7</ele>
      </trkpt>
      <trkpt lat="35.56432" lon="-121.08153">
        <ele>18.2</ele>
      </trkpt>
      <trkpt lat="35.56445" lon="-121.08124">
        <ele>17.8</ele>
      </trkpt>
      <trkpt lat="35.56456" lon="-121.08107">
        <ele>18.8</ele>
      </trkpt>
      <trkpt lat="35.56475" lon="-121.08091">
        <ele>21.6</ele>
      </trkpt>
      <trkpt lat="35.56491" lon="-121.08079">
        <ele>23.1</ele>
      </trkpt>
      <trkpt lat="35.565" lon="-121.08071">
        <ele>23.3</ele>
      </trkpt>
      <trkpt lat="35.56502" lon="-121.0807">
        <ele>23.3</ele>
      </trkpt>
      <trkpt lat="35.56515" lon="-121.08056">
        <ele>22.6</ele>
      </trkpt>
      <trkpt lat="35.5652" lon="-121.0805">
        <ele>22.2</ele>
      </trkpt>
      <trkpt lat="35.56531" lon="-121.08038">
        <ele>21.5</ele>
      </trkpt>
      <trkpt lat="35.5655" lon="-121.0801">
        <ele>20.6</ele>
      </trkpt>
      <trkpt lat="35.56552" lon="-121.08008">
        <ele>20.7</ele>
      </trkpt>
      <trkpt lat="35.56561" lon="-121.07995">
        <ele>20.3</ele>
      </trkpt>
      <trkpt lat="35.56566" lon="-121.07987">
        <ele>19.8</ele>
      </trkpt>
      <trkpt lat="35.56573" lon="-121.07976">
        <ele>19.1</ele>
      </trkpt>
      <trkpt lat="35.56578" lon="-121.07968">
        <ele>18.6</ele>
      </trkpt>
      <trkpt lat="35.56582" lon="-121.07962">
        <ele>18.4</ele>
      </trkpt>
      <trkpt lat="35.56587" lon="-121.07955">
        <ele>18.2</ele>
      </trkpt>
      <trkpt lat="35.56589" lon="-121.07951">
        <ele>18.1</ele>
      </trkpt>
      <trkpt lat="35.56596" lon="-121.0794">
        <ele>18.0</ele>
      </trkpt>
      <trkpt lat="35.56601" lon="-121.07929">
        <ele>17.9</ele>
      </trkpt>
      <trkpt lat="35.56608" lon="-121.07914">
        <ele>18.0</ele>
      </trkpt>
      <trkpt lat="35.56619" lon="-121.07888">
        <ele>18.5</ele>
      </trkpt>
      <trkpt lat="35.56624" lon="-121.07873">
        <ele>18.9</ele>
      </trkpt>
      <trkpt lat="35.56632" lon="-121.07841">
        <ele>19.6</ele>
      </trkpt>
      <trkpt lat="35.56634" lon="-121.07831">
        <ele>19.7</ele>
      </trkpt>
      <trkpt lat="35.56641" lon="-121.07803">
        <ele>20.4</ele>
      </trkpt>
      <trkpt lat="35.56644" lon="-121.07788">
        <ele>20.9</ele>
      </trkpt>
      <trkpt lat="35.56644" lon="-121.07787">
        <ele>20.9</ele>
      </trkpt>
      <trkpt lat="35.56647" lon="-121.07775">
        <ele>21.4</ele>
      </trkpt>
      <trkpt lat="35.56652" lon="-121.07752">
        <ele>22.1</ele>
      </trkpt>
      <trkpt lat="35.56655" lon="-121.0774">
        <ele>22.6</ele>
      </trkpt>
      <trkpt lat="35.56663" lon="-121.07703">
        <ele>22.9</ele>
      </trkpt>
      <trkpt lat="35.56666" lon="-121.07691">
        <ele>23.0</ele>
      </trkpt>
      <trkpt lat="35.56668" lon="-121.07682">
        <ele>23.4</ele>
      </trkpt>
      <trkpt lat="35.56669" lon="-121.07673">
        <ele>23.5</ele>
      </trkpt>
      <trkpt lat="35.5667" lon="-121.07658">
        <ele>23.4</ele>
      </trkpt>
      <trkpt lat="35.56669" lon="-121.07645">
        <ele>22.8</ele>
      </trkpt>
      <trkpt lat="35.56667" lon="-121.07633">
        <ele>22.5</ele>
      </trkpt>
      <trkpt lat="35.56664" lon="-121.07624">
        <ele>22.4</ele>
      </trkpt>
      <trkpt lat="35.56663" lon="-121.0762">
        <ele>22.4</ele>
      </trkpt>
      <trkpt lat="35.5666" lon="-121.07611">
        <ele>22.5</ele>
      </trkpt>
      <trkpt lat="35.56658" lon="-121.07604">
        <ele>22.6</ele>
      </trkpt>
      <trkpt lat="35.56657" lon="-121.07603">
        <ele>22.6</ele>
      </trkpt>
      <trkpt lat="35.5665" lon="-121.07587">
        <ele>22.6</ele>
      </trkpt>
      <trkpt lat="35.56641" lon="-121.07565">
        <ele>22.0</ele>
      </trkpt>
      <trkpt lat="35.56631" lon="-121.07542">
        <ele>19.5</ele>
      </trkpt>
      <trkpt lat="35.5662" lon="-121.07524">
        <ele>17.9</ele>
      </trkpt>
      <trkpt lat="35.56609" lon="-121.07504">
        <ele>17.4</ele>
      </trkpt>
      <trkpt lat="35.56602" lon="-121.07491">
        <ele>17.1</ele>
      </trkpt>
      <trkpt lat="35.56599" lon="-121.07486">
        <ele>17.0</ele>
      </trkpt>
      <trkpt lat="35.56588" lon="-121.07468">
        <ele>17.4</ele>
      </trkpt>
      <trkpt lat="35.56584" lon="-121.07462">
        <ele>17.6</ele>
      </trkpt>
      <trkpt lat="35.56574" lon="-121.07446">
        <ele>18.0</ele>
      </trkpt>
      <trkpt lat="35.56573" lon="-121.07445">
        <ele>18.1</ele>
      </trkpt>
      <trkpt lat="35.56565" lon="-121.07433">
        <ele>18.4</ele>
      </trkpt>
      <trkpt lat="35.56562" lon="-121.07428">
        <ele>18.6</ele>
      </trkpt>
      <trkpt lat="35.56558" lon="-121.07422">
        <ele>19.7</ele>
      </trkpt>
      <trkpt lat="35.56554" lon="-121.07417">
        <ele>20.9</ele>
      </trkpt>
      <trkpt lat="35.56552" lon="-121.07415">
        <ele>21.7</ele>
      </trkpt>
      <trkpt lat="35.5655" lon="-121.07412">
        <ele>22.7</ele>
      </trkpt>
      <trkpt lat="35.56549" lon="-121.07412">
        <ele>22.9</ele>
      </trkpt>
      <trkpt lat="35.56545" lon="-121.07407">
        <ele>25.0</ele>
      </trkpt>
      <trkpt lat="35.56536" lon="-121.074">
        <ele>29.2</ele>
      </trkpt>
      <trkpt lat="35.56535" lon="-121.07399">
        <ele>29.7</ele>
      </trkpt>
      <trkpt lat="35.56525" lon="-121.07394">
        <ele>32.5</ele>
      </trkpt>
      <trkpt lat="35.5652" lon="-121.07391">
        <ele>34.1</ele>
      </trkpt>
      <trkpt lat="35.56518" lon="-121.0739">
        <ele>34.7</ele>
      </trkpt>
      <trkpt lat="35.56501" lon="-121.07385">
        <ele>36.8</ele>
      </trkpt>
      <trkpt lat="35.56496" lon="-121.07383">
        <ele>37.5</ele>
      </trkpt>
      <trkpt lat="35.56483" lon="-121.0738">
        <ele>37.2</ele>
      </trkpt>
      <trkpt lat="35.56477" lon="-121.07379">
        <ele>36.4</ele>
      </trkpt>
      <trkpt lat="35.56454" lon="-121.0737">
        <ele>35.4</ele>
      </trkpt>
      <trkpt lat="35.56434" lon="-121.0736">
        <ele>33.6</ele>
      </trkpt>
      <trkpt lat="35.56416" lon="-121.07351">
        <ele>35.8</ele>
      </trkpt>
      <trkpt lat="35.56394" lon="-121.07344">
        <ele>37.1</ele>
      </trkpt>
      <trkpt lat="35.56381" lon="-121.07342">
        <ele>36.6</ele>
      </trkpt>
      <trkpt lat="35.56379" lon="-121.07341">
        <ele>36.8</ele>
      </trkpt>
      <trkpt lat="35.56367" lon="-121.07339">
        <ele>36.6</ele>
      </trkpt>
      <trkpt lat="35.56363" lon="-121.07337">
        <ele>36.9</ele>
      </trkpt>
      <trkpt lat="35.56349" lon="-121.07331">
        <ele>37.4</ele>
      </trkpt>
      <trkpt lat="35.56347" lon="-121.07331">
        <ele>37.2</ele>
      </trkpt>
      <trkpt lat="35.56329" lon="-121.07322">
        <ele>37.2</ele>
      </trkpt>
      <trkpt lat="35.56322" lon="-121.07318">
        <ele>37.5</ele>
      </trkpt>
      <trkpt lat="35.56313" lon="-121.07314">
        <ele>37.7</ele>
      </trkpt>
      <trkpt lat="35.5631" lon="-121.07313">
        <ele>37.8</ele>
      </trkpt>
      <trkpt lat="35.56294" lon="-121.07306">
        <ele>38.6</ele>
      </trkpt>
      <trkpt lat="35.56279" lon="-121.07301">
        <ele>39.3</ele>
      </trkpt>
      <trkpt lat="35.56261" lon="-121.07296">
        <ele>40.3</ele>
      </trkpt>
      <trkpt lat="35.56259" lon="-121.07296">
        <ele>40.3</ele>
      </trkpt>
      <trkpt lat="35.56243" lon="-121.07292">
        <ele>41.7</ele>
      </trkpt>
      <trkpt lat="35.56242" lon="-121.07292">
        <ele>41.7</ele>
      </trkpt>
      <trkpt lat="35.56224" lon="-121.07289">
        <ele>42.7</ele>
      </trkpt>
      <trkpt lat="35.56223" lon="-121.07289">
        <ele>42.7</ele>
      </trkpt>
      <trkpt lat="35.56207" lon="-121.07287">
        <ele>43.4</ele>
      </trkpt>
      <trkpt lat="35.56188" lon="-121.07285">
        <ele>44.5</ele>
      </trkpt>
      <trkpt lat="35.56152" lon="-121.0728">
        <ele>46.1</ele>
      </trkpt>
      <trkpt lat="35.56149" lon="-121.0728">
        <ele>46.3</ele>
      </trkpt>
      <trkpt lat="35.5613" lon="-121.07277">
        <ele>47.8</ele>
      </trkpt>
      <trkpt lat="35.56117" lon="-121.07276">
        <ele>48.3</ele>
      </trkpt>
      <trkpt lat="35.56102" lon="-121.07274">
        <ele>48.6</ele>
      </trkpt>
      <trkpt lat="35.5609" lon="-121.07274">
        <ele>48.5</ele>
      </trkpt>
      <trkpt lat="35.56079" lon="-121.07273">
        <ele>48.5</ele>
      </trkpt>
      <trkpt lat="35.56065" lon="-121.07274">
        <ele>48.5</ele>
      </trkpt>
      <trkpt lat="35.56056" lon="-121.07275">
        <ele>48.5</ele>
      </trkpt>
      <trkpt lat="35.56045" lon="-121.07277">
        <ele>48.5</ele>
      </trkpt>
      <trkpt lat="35.56029" lon="-121.0728">
        <ele>49.0</ele>
      </trkpt>
      <trkpt lat="35.56027" lon="-121.0728">
        <ele>49.1</ele>
      </trkpt>
      <trkpt lat="35.56011" lon="-121.07283">
        <ele>49.2</ele>
      </trkpt>
      <trkpt lat="35.55988" lon="-121.07288">
        <ele>48.8</ele>
      </trkpt>
      <trkpt lat="35.55964" lon="-121.07292">
        <ele>48.6</ele>
      </trkpt>
      <trkpt lat="35.55956" lon="-121.07294">
        <ele>48.4</ele>
      </trkpt>
      <trkpt lat="35.55949" lon="-121.07295">
        <ele>48.3</ele>
      </trkpt>
      <trkpt lat="35.55933" lon="-121.07296">
        <ele>48.4</ele>
      </trkpt>
      <trkpt lat="35.55922" lon="-121.07296">
        <ele>48.8</ele>
      </trkpt>
      <trkpt lat="35.55908" lon="-121.07296">
        <ele>49.1</ele>
      </trkpt>
      <trkpt lat="35.55884" lon="-121.07296">
        <ele>49.1</ele>
      </trkpt>
      <trkpt lat="35.55832" lon="-121.07293">
        <ele>50.0</ele>
      </trkpt>
      <trkpt lat="35.55796" lon="-121.07291">
        <ele>54.4</ele>
      </trkpt>
      <trkpt lat="35.55794" lon="-121.07291">
        <ele>54.4</ele>
      </trkpt>
      <trkpt lat="35.55776" lon="-121.0729">
        <ele>54.9</ele>
      </trkpt>
      <trkpt lat="35.55753" lon="-121.07289">
        <ele>55.1</ele>
      </trkpt>
      <trkpt lat="35.55682" lon="-121.07284">
        <ele>56.5</ele>
      </trkpt>
      <trkpt lat="35.55672" lon="-121.07284">
        <ele>56.6</ele>
      </trkpt>
      <trkpt lat="35.55665" lon="-121.07284">
        <ele>56.7</ele>
      </trkpt>
      <trkpt lat="35.55652" lon="-121.07284">
        <ele>56.5</ele>
      </trkpt>
      <trkpt lat="35.5565" lon="-121.07284">
        <ele>56.5</ele>
      </trkpt>
      <trkpt lat="35.55647" lon="-121.07284">
        <ele>56.6</ele>
      </trkpt>
      <trkpt lat="35.55635" lon="-121.07285">
        <ele>57.2</ele>
      </trkpt>
      <trkpt lat="35.55634" lon="-121.07285">
        <ele>57.3</ele>
      </trkpt>
      <trkpt lat="35.55633" lon="-121.07286">
        <ele>57.4</ele>
      </trkpt>
      <trkpt lat="35.55625" lon="-121.07287">
        <ele>58.1</ele>
      </trkpt>
      <trkpt lat="35.55611" lon="-121.0729">
        <ele>59.4</ele>
      </trkpt>
      <trkpt lat="35.55572" lon="-121.073">
        <ele>59.8</ele>
      </trkpt>
      <trkpt lat="35.55564" lon="-121.07302">
        <ele>59.7</ele>
      </trkpt>
      <trkpt lat="35.55562" lon="-121.07303">
        <ele>59.7</ele>
      </trkpt>
      <trkpt lat="35.55504" lon="-121.07319">
        <ele>67.0</ele>
      </trkpt>
      <trkpt lat="35.555" lon="-121.07319">
        <ele>67.4</ele>
      </trkpt>
      <trkpt lat="35.55496" lon="-121.0732">
        <ele>67.2</ele>
      </trkpt>
      <trkpt lat="35.55493" lon="-121.07321">
        <ele>67.0</ele>
      </trkpt>
      <trkpt lat="35.55482" lon="-121.07323">
        <ele>66.5</ele>
      </trkpt>
      <trkpt lat="35.55467" lon="-121.07324">
        <ele>66.3</ele>
      </trkpt>
      <trkpt lat="35.55456" lon="-121.07324">
        <ele>66.4</ele>
      </trkpt>
      <trkpt lat="35.55452" lon="-121.07324">
        <ele>66.4</ele>
      </trkpt>
      <trkpt lat="35.5545" lon="-121.07324">
        <ele>66.4</ele>
      </trkpt>
      <trkpt lat="35.55447" lon="-121.07323">
        <ele>66.5</ele>
      </trkpt>
      <trkpt lat="35.55438" lon="-121.07322">
        <ele>66.6</ele>
      </trkpt>
      <trkpt lat="35.5542" lon="-121.07319">
        <ele>67.2</ele>
      </trkpt>
      <trkpt lat="35.55419" lon="-121.07319">
        <ele>67.2</ele>
      </trkpt>
      <trkpt lat="35.55385" lon="-121.07311">
        <ele>70.9</ele>
      </trkpt>
      <trkpt lat="35.55361" lon="-121.07302">
        <ele>73.8</ele>
      </trkpt>
      <trkpt lat="35.55341" lon="-121.07291">
        <ele>75.7</ele>
      </trkpt>
      <trkpt lat="35.5533" lon="-121.07285">
        <ele>75.9</ele>
      </trkpt>
      <trkpt lat="35.55314" lon="-121.07276">
        <ele>76.0</ele>
      </trkpt>
      <trkpt lat="35.55298" lon="-121.07267">
        <ele>76.3</ele>
      </trkpt>
      <trkpt lat="35.55289" lon="-121.07262">
        <ele>76.2</ele>
      </trkpt>
      <trkpt lat="35.55281" lon="-121.07257">
        <ele>76.3</ele>
      </trkpt>
      <trkpt lat="35.55267" lon="-121.07249">
        <ele>76.8</ele>
      </trkpt>
      <trkpt lat="35.55265" lon="-121.07248">
        <ele>76.9</ele>
      </trkpt>
      <trkpt lat="35.55246" lon="-121.07239">
        <ele>76.6</ele>
      </trkpt>
      <trkpt lat="35.55239" lon="-121.07233">
        <ele>76.6</ele>
      </trkpt>
      <trkpt lat="35.55229" lon="-121.07225">
        <ele>77.0</ele>
      </trkpt>
      <trkpt lat="35.55218" lon="-121.07217">
        <ele>77.7</ele>
      </trkpt>
      <trkpt lat="35.55214" lon="-121.07213">
        <ele>78.1</ele>
      </trkpt>
      <trkpt lat="35.55211" lon="-121.0721">
        <ele>78.4</ele>
      </trkpt>
      <trkpt lat="35.55201" lon="-121.07198">
        <ele>79.5</ele>
      </trkpt>
      <trkpt lat="35.55198" lon="-121.07193">
        <ele>80.0</ele>
      </trkpt>
      <trkpt lat="35.5519" lon="-121.07181">
        <ele>80.9</ele>
      </trkpt>
      <trkpt lat="35.55183" lon="-121.07171">
        <ele>81.4</ele>
      </trkpt>
      <trkpt lat="35.55174" lon="-121.07157">
        <ele>82.0</ele>
      </trkpt>
      <trkpt lat="35.55169" lon="-121.07152">
        <ele>82.2</ele>
      </trkpt>
      <trkpt lat="35.55164" lon="-121.0715">
        <ele>82.2</ele>
      </trkpt>
      <trkpt lat="35.55158" lon="-121.07149">
        <ele>82.1</ele>
      </trkpt>
      <trkpt lat="35.55153" lon="-121.07149">
        <ele>81.9</ele>
      </trkpt>
      <trkpt lat="35.55148" lon="-121.07151">
        <ele>81.6</ele>
      </trkpt>
      <trkpt lat="35.55147" lon="-121.07151">
        <ele>81.5</ele>
      </trkpt>
      <trkpt lat="35.55135" lon="-121.07159">
        <ele>80.9</ele>
      </trkpt>
      <trkpt lat="35.55129" lon="-121.07165">
        <ele>80.9</ele>
      </trkpt>
      <trkpt lat="35.55129" lon="-121.07165">
        <ele>80.9</ele>
      </trkpt>
      <trkpt lat="35.55104" lon="-121.07138">
        <ele>82.1</ele>
      </trkpt>
      <trkpt lat="35.55082" lon="-121.07113">
        <ele>83.0</ele>
      </trkpt>
      <trkpt lat="35.55062" lon="-121.07091">
        <ele>83.7</ele>
      </trkpt>
      <trkpt lat="35.55049" lon="-121.07077">
        <ele>84.1</ele>
      </trkpt>
      <trkpt lat="35.55048" lon="-121.07077">
        <ele>84.1</ele>
      </trkpt>
      <trkpt lat="35.55035" lon="-121.07062">
        <ele>84.7</ele>
      </trkpt>
      <trkpt lat="35.55026" lon="-121.07052">
        <ele>85.5</ele>
      </trkpt>
      <trkpt lat="35.55004" lon="-121.07027">
        <ele>84.3</ele>
      </trkpt>
      <trkpt lat="35.54996" lon="-121.07016">
        <ele>81.5</ele>
      </trkpt>
      <trkpt lat="35.54975" lon="-121.06991">
        <ele>73.0</ele>
      </trkpt>
      <trkpt lat="35.54949" lon="-121.06959">
        <ele>67.1</ele>
      </trkpt>
      <trkpt lat="35.54945" lon="-121.06954">
        <ele>66.5</ele>
      </trkpt>
      <trkpt lat="35.54935" lon="-121.06942">
        <ele>66.2</ele>
      </trkpt>
      <trkpt lat="35.54931" lon="-121.06939">
        <ele>66.3</ele>
      </trkpt>
      <trkpt lat="35.54919" lon="-121.06925">
        <ele>67.9</ele>
      </trkpt>
      <trkpt lat="35.54912" lon="-121.06918">
        <ele>68.4</ele>
      </trkpt>
      <trkpt lat="35.54905" lon="-121.06907">
        <ele>68.9</ele>
      </trkpt>
      <trkpt lat="35.54883" lon="-121.06883">
        <ele>67.2</ele>
      </trkpt>
      <trkpt lat="35.54881" lon="-121.06881">
        <ele>67.0</ele>
      </trkpt>
      <trkpt lat="35.54878" lon="-121.06877">
        <ele>67.1</ele>
      </trkpt>
      <trkpt lat="35.54865" lon="-121.06863">
        <ele>67.2</ele>
      </trkpt>
      <trkpt lat="35.54851" lon="-121.06848">
        <ele>67.3</ele>
      </trkpt>
      <trkpt lat="35.54841" lon="-121.06837">
        <ele>66.9</ele>
      </trkpt>
      <trkpt lat="35.54838" lon="-121.06833">
        <ele>67.0</ele>
      </trkpt>
      <trkpt lat="35.54834" lon="-121.06829">
        <ele>66.8</ele>
      </trkpt>
      <trkpt lat="35.54824" lon="-121.06819">
        <ele>65.9</ele>
      </trkpt>
      <trkpt lat="35.54817" lon="-121.06811">
        <ele>65.2</ele>
      </trkpt>
      <trkpt lat="35.54784" lon="-121.06775">
        <ele>62.2</ele>
      </trkpt>
      <trkpt lat="35.54778" lon="-121.06768">
        <ele>62.1</ele>
      </trkpt>
      <trkpt lat="35.5473" lon="-121.06716">
        <ele>60.7</ele>
      </trkpt>
      <trkpt lat="35.54691" lon="-121.06674">
        <ele>59.3</ele>
      </trkpt>
      <trkpt lat="35.54661" lon="-121.0664">
        <ele>50.6</ele>
      </trkpt>
      <trkpt lat="35.54647" lon="-121.06623">
        <ele>47.5</ele>
      </trkpt>
      <trkpt lat="35.54624" lon="-121.06598">
        <ele>45.5</ele>
      </trkpt>
      <trkpt lat="35.54603" lon="-121.06576">
        <ele>44.6</ele>
      </trkpt>
      <trkpt lat="35.54596" lon="-121.06568">
        <ele>44.6</ele>
      </trkpt>
      <trkpt lat="35.54593" lon="-121.06564">
        <ele>44.7</ele>
      </trkpt>
      <trkpt lat="35.54586" lon="-121.06557">
        <ele>45.0</ele>
      </trkpt>
      <trkpt lat="35.54583" lon="-121.06554">
        <ele>45.1</ele>
      </trkpt>
      <trkpt lat="35.54574" lon="-121.06544">
        <ele>45.5</ele>
      </trkpt>
      <trkpt lat="35.54556" lon="-121.06524">
        <ele>45.7</ele>
      </trkpt>
      <trkpt lat="35.54555" lon="-121.06523">
        <ele>45.6</ele>
      </trkpt>
      <trkpt lat="35.54552" lon="-121.0652">
        <ele>45.4</ele>
      </trkpt>
      <trkpt lat="35.54527" lon="-121.06492">
        <ele>41.6</ele>
      </trkpt>
      <trkpt lat="35.54519" lon="-121.06483">
        <ele>40.1</ele>
      </trkpt>
      <trkpt lat="35.54516" lon="-121.0648">
        <ele>39.6</ele>
      </trkpt>
      <trkpt lat="35.54512" lon="-121.06476">
        <ele>39.1</ele>
      </trkpt>
      <trkpt lat="35.54507" lon="-121.06469">
        <ele>38.6</ele>
      </trkpt>
      <trkpt lat="35.54506" lon="-121.06468">
        <ele>38.5</ele>
      </trkpt>
      <trkpt lat="35.54503" lon="-121.06465">
        <ele>38.1</ele>
      </trkpt>
      <trkpt lat="35.54499" lon="-121.06461">
        <ele>37.7</ele>
      </trkpt>
      <trkpt lat="35.54477" lon="-121.06436">
        <ele>35.7</ele>
      </trkpt>
      <trkpt lat="35.54453" lon="-121.06408">
        <ele>32.9</ele>
      </trkpt>
      <trkpt lat="35.5444" lon="-121.06391">
        <ele>32.8</ele>
      </trkpt>
      <trkpt lat="35.5443" lon="-121.06379">
        <ele>32.8</ele>
      </trkpt>
      <trkpt lat="35.54413" lon="-121.06356">
        <ele>32.8</ele>
      </trkpt>
      <trkpt lat="35.54396" lon="-121.0633">
        <ele>32.8</ele>
      </trkpt>
      <trkpt lat="35.54389" lon="-121.06318">
        <ele>32.8</ele>
      </trkpt>
      <trkpt lat="35.54385" lon="-121.06313">
        <ele>32.8</ele>
      </trkpt>
      <trkpt lat="35.54381" lon="-121.06305">
        <ele>32.8</ele>
      </trkpt>
      <trkpt lat="35.54366" lon="-121.06279">
        <ele>32.8</ele>
      </trkpt>
      <trkpt lat="35.54352" lon="-121.06253">
        <ele>33.2</ele>
      </trkpt>
      <trkpt lat="35.54337" lon="-121.06226">
        <ele>33.2</ele>
      </trkpt>
      <trkpt lat="35.54315" lon="-121.06186">
        <ele>32.5</ele>
      </trkpt>
      <trkpt lat="35.54295" lon="-121.06148">
        <ele>31.0</ele>
      </trkpt>
      <trkpt lat="35.54241" lon="-121.06049">
        <ele>28.8</ele>
      </trkpt>
      <trkpt lat="35.54215" lon="-121.05999">
        <ele>27.6</ele>
      </trkpt>
      <trkpt lat="35.542" lon="-121.05972">
        <ele>25.9</ele>
      </trkpt>
      <trkpt lat="35.54185" lon="-121.05944">
        <ele>25.5</ele>
      </trkpt>
      <trkpt lat="35.5417" lon="-121.05918">
        <ele>25.3</ele>
      </trkpt>
      <trkpt lat="35.54154" lon="-121.05894">
        <ele>24.8</ele>
      </trkpt>
      <trkpt lat="35.54138" lon="-121.05868">
        <ele>24.8</ele>
      </trkpt>
      <trkpt lat="35.5412" lon="-121.05844">
        <ele>25.0</ele>
      </trkpt>
      <trkpt lat="35.54102" lon="-121.05821">
        <ele>25.2</ele>
      </trkpt>
      <trkpt lat="35.54084" lon="-121.05798">
        <ele>25.7</ele>
      </trkpt>
      <trkpt lat="35.54066" lon="-121.05776">
        <ele>25.7</ele>
      </trkpt>
      <trkpt lat="35.5402" lon="-121.05717">
        <ele>25.0</ele>
      </trkpt>
      <trkpt lat="35.53976" lon="-121.05663">
        <ele>24.8</ele>
      </trkpt>
      <trkpt lat="35.53825" lon="-121.05475">
        <ele>24.8</ele>
      </trkpt>
      <trkpt lat="35.53812" lon="-121.05459">
        <ele>24.8</ele>
      </trkpt>
      <trkpt lat="35.53736" lon="-121.05365">
        <ele>24.8</ele>
      </trkpt>
      <trkpt lat="35.5371" lon="-121.05333">
        <ele>24.8</ele>
      </trkpt>
      <trkpt lat="35.53699" lon="-121.0532">
        <ele>24.7</ele>
      </trkpt>
      <trkpt lat="35.53687" lon="-121.05308">
        <ele>25.2</ele>
      </trkpt>
      <trkpt lat="35.53677" lon="-121.05298">
        <ele>25.7</ele>
      </trkpt>
      <trkpt lat="35.53668" lon="-121.0529">
        <ele>26.1</ele>
      </trkpt>
      <trkpt lat="35.53662" lon="-121.05284">
        <ele>26.5</ele>
      </trkpt>
      <trkpt lat="35.53649" lon="-121.05272">
        <ele>26.8</ele>
      </trkpt>
      <trkpt lat="35.5364" lon="-121.05264">
        <ele>27.0</ele>
      </trkpt>
      <trkpt lat="35.53631" lon="-121.05256">
        <ele>27.3</ele>
      </trkpt>
      <trkpt lat="35.53626" lon="-121.05252">
        <ele>27.5</ele>
      </trkpt>
      <trkpt lat="35.5362" lon="-121.05247">
        <ele>27.5</ele>
      </trkpt>
      <trkpt lat="35.53612" lon="-121.0524">
        <ele>27.2</ele>
      </trkpt>
      <trkpt lat="35.53598" lon="-121.05228">
        <ele>26.6</ele>
      </trkpt>
      <trkpt lat="35.53573" lon="-121.05209">
        <ele>26.9</ele>
      </trkpt>
      <trkpt lat="35.5356" lon="-121.052">
        <ele>26.5</ele>
      </trkpt>
      <trkpt lat="35.53546" lon="-121.0519">
        <ele>26.4</ele>
      </trkpt>
      <trkpt lat="35.53542" lon="-121.05187">
        <ele>26.4</ele>
      </trkpt>
      <trkpt lat="35.53538" lon="-121.05185">
        <ele>26.6</ele>
      </trkpt>
      <trkpt lat="35.53531" lon="-121.05179">
        <ele>26.6</ele>
      </trkpt>
      <trkpt lat="35.53527" lon="-121.05177">
        <ele>26.6</ele>
      </trkpt>
      <trkpt lat="35.53511" lon="-121.05166">
        <ele>25.5</ele>
      </trkpt>
      <trkpt lat="35.53495" lon="-121.05155">
        <ele>25.0</ele>
      </trkpt>
      <trkpt lat="35.53465" lon="-121.05134">
        <ele>25.2</ele>
      </trkpt>
      <trkpt lat="35.53457" lon="-121.05129">
        <ele>24.8</ele>
      </trkpt>
      <trkpt lat="35.53398" lon="-121.05098">
        <ele>25.1</ele>
      </trkpt>
      <trkpt lat="35.53384" lon="-121.05089">
        <ele>25.0</ele>
      </trkpt>
      <trkpt lat="35.53332" lon="-121.05054">
        <ele>25.3</ele>
      </trkpt>
      <trkpt lat="35.53299" lon="-121.05032">
        <ele>25.5</ele>
      </trkpt>
      <trkpt lat="35.5328" lon="-121.05019">
        <ele>26.1</ele>
      </trkpt>
      <trkpt lat="35.53252" lon="-121.04999">
        <ele>28.5</ele>
      </trkpt>
      <trkpt lat="35.5324" lon="-121.04989">
        <ele>29.1</ele>
      </trkpt>
      <trkpt lat="35.53229" lon="-121.0498">
        <ele>29.3</ele>
      </trkpt>
      <trkpt lat="35.53209" lon="-121.04963">
        <ele>28.8</ele>
      </trkpt>
      <trkpt lat="35.53187" lon="-121.04944">
        <ele>29.7</ele>
      </trkpt>
      <trkpt lat="35.53158" lon="-121.04916">
        <ele>31.2</ele>
      </trkpt>
      <trkpt lat="35.53143" lon="-121.04902">
        <ele>31.7</ele>
      </trkpt>
      <trkpt lat="35.53114" lon="-121.04874">
        <ele>30.8</ele>
      </trkpt>
      <trkpt lat="35.53089" lon="-121.0485">
        <ele>30.8</ele>
      </trkpt>
      <trkpt lat="35.5308" lon="-121.0484">
        <ele>30.7</ele>
      </trkpt>
      <trkpt lat="35.53061" lon="-121.04822">
        <ele>31.3</ele>
      </trkpt>
      <trkpt lat="35.53033" lon="-121.04795">
        <ele>32.7</ele>
      </trkpt>
      <trkpt lat="35.53019" lon="-121.0478">
        <ele>34.5</ele>
      </trkpt>
      <trkpt lat="35.53003" lon="-121.04763">
        <ele>36.5</ele>
      </trkpt>
      <trkpt lat="35.52988" lon="-121.04747">
        <ele>36.9</ele>
      </trkpt>
      <trkpt lat="35.52955" lon="-121.04715">
        <ele>37.6</ele>
      </trkpt>
      <trkpt lat="35.52932" lon="-121.04692">
        <ele>37.4</ele>
      </trkpt>
      <trkpt lat="35.52899" lon="-121.04661">
        <ele>37.6</ele>
      </trkpt>
      <trkpt lat="35.5288" lon="-121.04641">
        <ele>36.8</ele>
      </trkpt>
      <trkpt lat="35.52874" lon="-121.04639">
        <ele>36.9</ele>
      </trkpt>
      <trkpt lat="35.52868" lon="-121.04634">
        <ele>36.9</ele>
      </trkpt>
      <trkpt lat="35.52835" lon="-121.04602">
        <ele>36.7</ele>
      </trkpt>
      <trkpt lat="35.52822" lon="-121.04589">
        <ele>36.7</ele>
      </trkpt>
      <trkpt lat="35.52786" lon="-121.04554">
        <ele>35.3</ele>
      </trkpt>
      <trkpt lat="35.52777" lon="-121.04544">
        <ele>35.0</ele>
      </trkpt>
      <trkpt lat="35.52746" lon="-121.04515">
        <ele>34.8</ele>
      </trkpt>
      <trkpt lat="35.52716" lon="-121.04489">
        <ele>34.8</ele>
      </trkpt>
      <trkpt lat="35.52714" lon="-121.04486">
        <ele>34.8</ele>
      </trkpt>
      <trkpt lat="35.52711" lon="-121.04483">
        <ele>34.8</ele>
      </trkpt>
      <trkpt lat="35.52697" lon="-121.04471">
        <ele>34.8</ele>
      </trkpt>
      <trkpt lat="35.52683" lon="-121.0446">
        <ele>34.8</ele>
      </trkpt>
      <trkpt lat="35.52666" lon="-121.04447">
        <ele>34.8</ele>
      </trkpt>
      <trkpt lat="35.5265" lon="-121.04436">
        <ele>34.8</ele>
      </trkpt>
      <trkpt lat="35.52636" lon="-121.04427">
        <ele>34.8</ele>
      </trkpt>
      <trkpt lat="35.52628" lon="-121.04421">
        <ele>34.8</ele>
      </trkpt>
      <trkpt lat="35.52623" lon="-121.04418">
        <ele>34.8</ele>
      </trkpt>
      <trkpt lat="35.52611" lon="-121.04411">
        <ele>34.8</ele>
      </trkpt>
      <trkpt lat="35.52597" lon="-121.04403">
        <ele>34.8</ele>
      </trkpt>
      <trkpt lat="35.52579" lon="-121.04394">
        <ele>34.8</ele>
      </trkpt>
      <trkpt lat="35.52559" lon="-121.04385">
        <ele>34.8</ele>
      </trkpt>
      <trkpt lat="35.52547" lon="-121.04379">
        <ele>34.8</ele>
      </trkpt>
      <trkpt lat="35.52546" lon="-121.04378">
        <ele>34.8</ele>
      </trkpt>
      <trkpt lat="35.52545" lon="-121.04376">
        <ele>34.8</ele>
      </trkpt>
      <trkpt lat="35.52542" lon="-121.04373">
        <ele>34.8</ele>
      </trkpt>
      <trkpt lat="35.52533" lon="-121.04368">
        <ele>34.8</ele>
      </trkpt>
      <trkpt lat="35.52489" lon="-121.04346">
        <ele>34.8</ele>
      </trkpt>
      <trkpt lat="35.52455" lon="-121.04329">
        <ele>34.8</ele>
      </trkpt>
      <trkpt lat="35.52444" lon="-121.04324">
        <ele>34.8</ele>
      </trkpt>
      <trkpt lat="35.52432" lon="-121.04317">
        <ele>34.8</ele>
      </trkpt>
      <trkpt lat="35.52414" lon="-121.04307">
        <ele>34.8</ele>
      </trkpt>
      <trkpt lat="35.5241" lon="-121.04304">
        <ele>34.8</ele>
      </trkpt>
      <trkpt lat="35.52406" lon="-121.04302">
        <ele>34.8</ele>
      </trkpt>
      <trkpt lat="35.52398" lon="-121.04297">
        <ele>34.8</ele>
      </trkpt>
      <trkpt lat="35.52391" lon="-121.04293">
        <ele>34.8</ele>
      </trkpt>
      <trkpt lat="35.52383" lon="-121.04287">
        <ele>34.8</ele>
      </trkpt>
      <trkpt lat="35.52378" lon="-121.04284">
        <ele>34.8</ele>
      </trkpt>
      <trkpt lat="35.52376" lon="-121.04282">
        <ele>34.8</ele>
      </trkpt>
      <trkpt lat="35.52368" lon="-121.04276">
        <ele>34.8</ele>
      </trkpt>
      <trkpt lat="35.52357" lon="-121.04267">
        <ele>34.8</ele>
      </trkpt>
      <trkpt lat="35.52349" lon="-121.04261">
        <ele>34.8</ele>
      </trkpt>
      <trkpt lat="35.52343" lon="-121.04256">
        <ele>34.8</ele>
      </trkpt>
      <trkpt lat="35.52336" lon="-121.0425">
        <ele>34.8</ele>
      </trkpt>
      <trkpt lat="35.52329" lon="-121.04244">
        <ele>34.8</ele>
      </trkpt>
      <trkpt lat="35.52323" lon="-121.04238">
        <ele>34.8</ele>
      </trkpt>
      <trkpt lat="35.52319" lon="-121.04234">
        <ele>34.8</ele>
      </trkpt>
      <trkpt lat="35.52312" lon="-121.04228">
        <ele>34.8</ele>
      </trkpt>
      <trkpt lat="35.52308" lon="-121.04223">
        <ele>34.8</ele>
      </trkpt>
      <trkpt lat="35.52305" lon="-121.0422">
        <ele>34.8</ele>
      </trkpt>
      <trkpt lat="35.52304" lon="-121.04219">
        <ele>34.8</ele>
      </trkpt>
      <trkpt lat="35.52291" lon="-121.04205">
        <ele>34.8</ele>
      </trkpt>
      <trkpt lat="35.52287" lon="-121.04201">
        <ele>34.8</ele>
      </trkpt>
      <trkpt lat="35.52283" lon="-121.04197">
        <ele>34.8</ele>
      </trkpt>
      <trkpt lat="35.52279" lon="-121.04192">
        <ele>34.8</ele>
      </trkpt>
      <trkpt lat="35.52278" lon="-121.04191">
        <ele>34.8</ele>
      </trkpt>
      <trkpt lat="35.52274" lon="-121.04186">
        <ele>34.8</ele>
      </trkpt>
      <trkpt lat="35.5227" lon="-121.04181">
        <ele>34.8</ele>
      </trkpt>
      <trkpt lat="35.52265" lon="-121.04175">
        <ele>34.8</ele>
      </trkpt>
      <trkpt lat="35.52259" lon="-121.04168">
        <ele>34.8</ele>
      </trkpt>
      <trkpt lat="35.52252" lon="-121.04158">
        <ele>34.8</ele>
      </trkpt>
      <trkpt lat="35.52246" lon="-121.0415">
        <ele>34.8</ele>
      </trkpt>
      <trkpt lat="35.5224" lon="-121.04142">
        <ele>34.8</ele>
      </trkpt>
      <trkpt lat="35.52236" lon="-121.04135">
        <ele>34.8</ele>
      </trkpt>
      <trkpt lat="35.52231" lon="-121.04128">
        <ele>34.8</ele>
      </trkpt>
      <trkpt lat="35.52225" lon="-121.04119">
        <ele>34.8</ele>
      </trkpt>
      <trkpt lat="35.52216" lon="-121.04105">
        <ele>34.8</ele>
      </trkpt>
      <trkpt lat="35.52209" lon="-121.04093">
        <ele>34.8</ele>
      </trkpt>
      <trkpt lat="35.52198" lon="-121.04076">
        <ele>34.8</ele>
      </trkpt>
      <trkpt lat="35.52196" lon="-121.04073">
        <ele>34.8</ele>
      </trkpt>
      <trkpt lat="35.52193" lon="-121.04067">
        <ele>34.8</ele>
      </trkpt>
      <trkpt lat="35.52186" lon="-121.04055">
        <ele>34.8</ele>
      </trkpt>
      <trkpt lat="35.52178" lon="-121.04042">
        <ele>34.8</ele>
      </trkpt>
      <trkpt lat="35.52175" lon="-121.04037">
        <ele>34.8</ele>
      </trkpt>
      <trkpt lat="35.52168" lon="-121.04026">
        <ele>34.8</ele>
      </trkpt>
      <trkpt lat="35.52153" lon="-121.04002">
        <ele>34.8</ele>
      </trkpt>
      <trkpt lat="35.52142" lon="-121.03984">
        <ele>34.8</ele>
      </trkpt>
      <trkpt lat="35.5214" lon="-121.03981">
        <ele>34.8</ele>
      </trkpt>
      <trkpt lat="35.52132" lon="-121.03967">
        <ele>34.8</ele>
      </trkpt>
      <trkpt lat="35.52111" lon="-121.03931">
        <ele>34.8</ele>
      </trkpt>
      <trkpt lat="35.52091" lon="-121.039">
        <ele>34.8</ele>
      </trkpt>
      <trkpt lat="35.52038" lon="-121.03813">
        <ele>34.8</ele>
      </trkpt>
      <trkpt lat="35.52035" lon="-121.03807">
        <ele>34.8</ele>
      </trkpt>
      <trkpt lat="35.52027" lon="-121.03794">
        <ele>34.8</ele>
      </trkpt>
      <trkpt lat="35.51995" lon="-121.0374">
        <ele>34.8</ele>
      </trkpt>
      <trkpt lat="35.51969" lon="-121.03699">
        <ele>34.8</ele>
      </trkpt>
      <trkpt lat="35.51962" lon="-121.03688">
        <ele>34.8</ele>
      </trkpt>
      <trkpt lat="35.51945" lon="-121.0366">
        <ele>34.8</ele>
      </trkpt>
      <trkpt lat="35.51939" lon="-121.0365">
        <ele>34.8</ele>
      </trkpt>
      <trkpt lat="35.51929" lon="-121.03635">
        <ele>34.8</ele>
      </trkpt>
      <trkpt lat="35.51907" lon="-121.03604">
        <ele>34.8</ele>
      </trkpt>
      <trkpt lat="35.51901" lon="-121.03595">
        <ele>34.8</ele>
      </trkpt>
      <trkpt lat="35.51885" lon="-121.03575">
        <ele>34.8</ele>
      </trkpt>
      <trkpt lat="35.51877" lon="-121.03565">
        <ele>34.8</ele>
      </trkpt>
      <trkpt lat="35.51873" lon="-121.0356">
        <ele>34.8</ele>
      </trkpt>
      <trkpt lat="35.51866" lon="-121.03553">
        <ele>34.8</ele>
      </trkpt>
      <trkpt lat="35.51853" lon="-121.03539">
        <ele>34.8</ele>
      </trkpt>
      <trkpt lat="35.51836" lon="-121.03521">
        <ele>34.8</ele>
      </trkpt>
      <trkpt lat="35.51816" lon="-121.03502">
        <ele>35.0</ele>
      </trkpt>
      <trkpt lat="35.518" lon="-121.03486">
        <ele>35.5</ele>
      </trkpt>
      <trkpt lat="35.51686" lon="-121.03379">
        <ele>41.1</ele>
      </trkpt>
      <trkpt lat="35.51672" lon="-121.03366">
        <ele>40.9</ele>
      </trkpt>
      <trkpt lat="35.51657" lon="-121.03353">
        <ele>40.8</ele>
      </trkpt>
      <trkpt lat="35.51643" lon="-121.0334">
        <ele>40.9</ele>
      </trkpt>
      <trkpt lat="35.51632" lon="-121.0333">
        <ele>41.1</ele>
      </trkpt>
      <trkpt lat="35.51587" lon="-121.03288">
        <ele>43.5</ele>
      </trkpt>
      <trkpt lat="35.51582" lon="-121.03284">
        <ele>43.6</ele>
      </trkpt>
      <trkpt lat="35.51551" lon="-121.03255">
        <ele>44.6</ele>
      </trkpt>
      <trkpt lat="35.515" lon="-121.03208">
        <ele>44.8</ele>
      </trkpt>
      <trkpt lat="35.5147" lon="-121.0318">
        <ele>44.8</ele>
      </trkpt>
      <trkpt lat="35.5137" lon="-121.03087">
        <ele>44.8</ele>
      </trkpt>
      <trkpt lat="35.51307" lon="-121.03028">
        <ele>46.3</ele>
      </trkpt>
      <trkpt lat="35.51295" lon="-121.03016">
        <ele>46.8</ele>
      </trkpt>
      <trkpt lat="35.5127" lon="-121.02994">
        <ele>48.8</ele>
      </trkpt>
      <trkpt lat="35.51237" lon="-121.02962">
        <ele>49.0</ele>
      </trkpt>
      <trkpt lat="35.51213" lon="-121.02938">
        <ele>48.9</ele>
      </trkpt>
      <trkpt lat="35.51196" lon="-121.0292">
        <ele>48.1</ele>
      </trkpt>
      <trkpt lat="35.51187" lon="-121.0291">
        <ele>48.1</ele>
      </trkpt>
      <trkpt lat="35.51186" lon="-121.0291">
        <ele>48.1</ele>
      </trkpt>
      <trkpt lat="35.51179" lon="-121.02902">
        <ele>48.2</ele>
      </trkpt>
      <trkpt lat="35.5117" lon="-121.02892">
        <ele>48.5</ele>
      </trkpt>
      <trkpt lat="35.51155" lon="-121.02874">
        <ele>48.9</ele>
      </trkpt>
      <trkpt lat="35.51145" lon="-121.02863">
        <ele>49.1</ele>
      </trkpt>
      <trkpt lat="35.51138" lon="-121.02855">
        <ele>49.2</ele>
      </trkpt>
      <trkpt lat="35.51133" lon="-121.02849">
        <ele>49.4</ele>
      </trkpt>
      <trkpt lat="35.51128" lon="-121.02843">
        <ele>49.6</ele>
      </trkpt>
      <trkpt lat="35.51115" lon="-121.02827">
        <ele>50.2</ele>
      </trkpt>
      <trkpt lat="35.51105" lon="-121.02814">
        <ele>50.6</ele>
      </trkpt>
      <trkpt lat="35.51095" lon="-121.02802">
        <ele>51.3</ele>
      </trkpt>
      <trkpt lat="35.5108" lon="-121.02781">
        <ele>52.6</ele>
      </trkpt>
      <trkpt lat="35.51069" lon="-121.02767">
        <ele>53.5</ele>
      </trkpt>
      <trkpt lat="35.5106" lon="-121.02753">
        <ele>54.3</ele>
      </trkpt>
      <trkpt lat="35.51053" lon="-121.02744">
        <ele>54.8</ele>
      </trkpt>
      <trkpt lat="35.51039" lon="-121.02724">
        <ele>55.3</ele>
      </trkpt>
      <trkpt lat="35.51025" lon="-121.02702">
        <ele>55.7</ele>
      </trkpt>
      <trkpt lat="35.51012" lon="-121.02681">
        <ele>55.9</ele>
      </trkpt>
      <trkpt lat="35.51005" lon="-121.02672">
        <ele>56.0</ele>
      </trkpt>
      <trkpt lat="35.51003" lon="-121.02667">
        <ele>56.1</ele>
      </trkpt>
      <trkpt lat="35.5099" lon="-121.02646">
        <ele>56.5</ele>
      </trkpt>
      <trkpt lat="35.50967" lon="-121.0261">
        <ele>55.9</ele>
      </trkpt>
      <trkpt lat="35.50956" lon="-121.02591">
        <ele>56.0</ele>
      </trkpt>
      <trkpt lat="35.50944" lon="-121.02573">
        <ele>56.2</ele>
      </trkpt>
      <trkpt lat="35.50931" lon="-121.02551">
        <ele>57.2</ele>
      </trkpt>
      <trkpt lat="35.50926" lon="-121.02544">
        <ele>57.2</ele>
      </trkpt>
      <trkpt lat="35.50922" lon="-121.02541">
        <ele>57.1</ele>
      </trkpt>
      <trkpt lat="35.50921" lon="-121.0254">
        <ele>57.0</ele>
      </trkpt>
      <trkpt lat="35.5092" lon="-121.02538">
        <ele>57.0</ele>
      </trkpt>
      <trkpt lat="35.50914" lon="-121.02527">
        <ele>56.9</ele>
      </trkpt>
      <trkpt lat="35.50904" lon="-121.02512">
        <ele>56.9</ele>
      </trkpt>
      <trkpt lat="35.50894" lon="-121.02497">
        <ele>56.9</ele>
      </trkpt>
      <trkpt lat="35.50882" lon="-121.02477">
        <ele>57.0</ele>
      </trkpt>
      <trkpt lat="35.50871" lon="-121.0246">
        <ele>57.1</ele>
      </trkpt>
      <trkpt lat="35.5086" lon="-121.02443">
        <ele>56.9</ele>
      </trkpt>
      <trkpt lat="35.50848" lon="-121.02425">
        <ele>56.9</ele>
      </trkpt>
      <trkpt lat="35.50822" lon="-121.02384">
        <ele>57.5</ele>
      </trkpt>
      <trkpt lat="35.50805" lon="-121.02355">
        <ele>56.8</ele>
      </trkpt>
      <trkpt lat="35.50763" lon="-121.02287">
        <ele>58.7</ele>
      </trkpt>
      <trkpt lat="35.50737" lon="-121.02245">
        <ele>59.8</ele>
      </trkpt>
      <trkpt lat="35.50719" lon="-121.02216">
        <ele>62.8</ele>
      </trkpt>
      <trkpt lat="35.50676" lon="-121.02145">
        <ele>72.3</ele>
      </trkpt>
      <trkpt lat="35.50644" lon="-121.02092">
        <ele>71.8</ele>
      </trkpt>
      <trkpt lat="35.50634" lon="-121.02074">
        <ele>70.9</ele>
      </trkpt>
      <trkpt lat="35.50623" lon="-121.02056">
        <ele>69.6</ele>
      </trkpt>
      <trkpt lat="35.50605" lon="-121.02026">
        <ele>69.0</ele>
      </trkpt>
      <trkpt lat="35.50604" lon="-121.02025">
        <ele>69.0</ele>
      </trkpt>
      <trkpt lat="35.50603" lon="-121.0202">
        <ele>68.7</ele>
      </trkpt>
      <trkpt lat="35.50593" lon="-121.02004">
        <ele>68.5</ele>
      </trkpt>
      <trkpt lat="35.50534" lon="-121.01907">
        <ele>81.2</ele>
      </trkpt>
      <trkpt lat="35.50523" lon="-121.01889">
        <ele>85.5</ele>
      </trkpt>
      <trkpt lat="35.50507" lon="-121.01862">
        <ele>89.1</ele>
      </trkpt>
      <trkpt lat="35.5048" lon="-121.01818">
        <ele>90.9</ele>
      </trkpt>
      <trkpt lat="35.50469" lon="-121.01801">
        <ele>89.7</ele>
      </trkpt>
      <trkpt lat="35.5046" lon="-121.01786">
        <ele>88.1</ele>
      </trkpt>
      <trkpt lat="35.50458" lon="-121.01783">
        <ele>88.0</ele>
      </trkpt>
      <trkpt lat="35.50415" lon="-121.01712">
        <ele>84.8</ele>
      </trkpt>
      <trkpt lat="35.50404" lon="-121.01695">
        <ele>83.6</ele>
      </trkpt>
      <trkpt lat="35.5035" lon="-121.01606">
        <ele>78.9</ele>
      </trkpt>
      <trkpt lat="35.50334" lon="-121.01582">
        <ele>77.8</ele>
      </trkpt>
      <trkpt lat="35.50306" lon="-121.01541">
        <ele>75.3</ele>
      </trkpt>
      <trkpt lat="35.50305" lon="-121.01538">
        <ele>75.1</ele>
      </trkpt>
      <trkpt lat="35.50293" lon="-121.01521">
        <ele>74.3</ele>
      </trkpt>
      <trkpt lat="35.50291" lon="-121.01518">
        <ele>74.2</ele>
      </trkpt>
      <trkpt lat="35.50275" lon="-121.01497">
        <ele>73.4</ele>
      </trkpt>
      <trkpt lat="35.50257" lon="-121.01473">
        <ele>73.5</ele>
      </trkpt>
      <trkpt lat="35.50249" lon="-121.01464">
        <ele>73.8</ele>
      </trkpt>
      <trkpt lat="35.50221" lon="-121.01429">
        <ele>72.2</ele>
      </trkpt>
      <trkpt lat="35.50197" lon="-121.01401">
        <ele>68.8</ele>
      </trkpt>
      <trkpt lat="35.50172" lon="-121.01374">
        <ele>69.0</ele>
      </trkpt>
      <trkpt lat="35.50125" lon="-121.01322">
        <ele>69.2</ele>
      </trkpt>
      <trkpt lat="35.50112" lon="-121.01307">
        <ele>69.1</ele>
      </trkpt>
      <trkpt lat="35.50098" lon="-121.01292">
        <ele>69.0</ele>
      </trkpt>
      <trkpt lat="35.50095" lon="-121.01289">
        <ele>69.0</ele>
      </trkpt>
      <trkpt lat="35.49928" lon="-121.01106">
        <ele>69.9</ele>
      </trkpt>
      <trkpt lat="35.49847" lon="-121.01016">
        <ele>68.0</ele>
      </trkpt>
      <trkpt lat="35.49779" lon="-121.00932">
        <ele>66.9</ele>
      </trkpt>
      <trkpt lat="35.49744" lon="-121.00885">
        <ele>64.1</ele>
      </trkpt>
      <trkpt lat="35.49683" lon="-121.00801">
        <ele>60.4</ele>
      </trkpt>
      <trkpt lat="35.49623" lon="-121.00721">
        <ele>59.3</ele>
      </trkpt>
      <trkpt lat="35.49572" lon="-121.00653">
        <ele>59.5</ele>
      </trkpt>
      <trkpt lat="35.4956" lon="-121.00637">
        <ele>59.6</ele>
      </trkpt>
      <trkpt lat="35.4955" lon="-121.00624">
        <ele>59.5</ele>
      </trkpt>
      <trkpt lat="35.49548" lon="-121.00621">
        <ele>59.4</ele>
      </trkpt>
      <trkpt lat="35.49521" lon="-121.00584">
        <ele>58.6</ele>
      </trkpt>
      <trkpt lat="35.49483" lon="-121.00535">
        <ele>56.5</ele>
      </trkpt>
      <trkpt lat="35.49479" lon="-121.00529">
        <ele>56.2</ele>
      </trkpt>
      <trkpt lat="35.49466" lon="-121.00513">
        <ele>54.9</ele>
      </trkpt>
      <trkpt lat="35.49462" lon="-121.00508">
        <ele>54.6</ele>
      </trkpt>
      <trkpt lat="35.49457" lon="-121.00503">
        <ele>54.5</ele>
      </trkpt>
      <trkpt lat="35.49449" lon="-121.00494">
        <ele>54.5</ele>
      </trkpt>
      <trkpt lat="35.49448" lon="-121.00493">
        <ele>54.5</ele>
      </trkpt>
      <trkpt lat="35.4944" lon="-121.00484">
        <ele>54.6</ele>
      </trkpt>
      <trkpt lat="35.49426" lon="-121.0047">
        <ele>54.4</ele>
      </trkpt>
      <trkpt lat="35.49421" lon="-121.00465">
        <ele>54.1</ele>
      </trkpt>
      <trkpt lat="35.49415" lon="-121.0046">
        <ele>53.5</ele>
      </trkpt>
      <trkpt lat="35.49408" lon="-121.00453">
        <ele>52.9</ele>
      </trkpt>
      <trkpt lat="35.49406" lon="-121.00452">
        <ele>52.7</ele>
      </trkpt>
      <trkpt lat="35.49399" lon="-121.00446">
        <ele>52.2</ele>
      </trkpt>
      <trkpt lat="35.49391" lon="-121.0044">
        <ele>51.6</ele>
      </trkpt>
      <trkpt lat="35.49383" lon="-121.00433">
        <ele>51.4</ele>
      </trkpt>
      <trkpt lat="35.49376" lon="-121.00427">
        <ele>51.4</ele>
      </trkpt>
      <trkpt lat="35.49365" lon="-121.0042">
        <ele>51.2</ele>
      </trkpt>
      <trkpt lat="35.49354" lon="-121.00412">
        <ele>51.0</ele>
      </trkpt>
      <trkpt lat="35.49345" lon="-121.00406">
        <ele>50.9</ele>
      </trkpt>
      <trkpt lat="35.49316" lon="-121.00388">
        <ele>49.6</ele>
      </trkpt>
      <trkpt lat="35.49301" lon="-121.0038">
        <ele>48.9</ele>
      </trkpt>
      <trkpt lat="35.49288" lon="-121.00373">
        <ele>48.1</ele>
      </trkpt>
      <trkpt lat="35.4927" lon="-121.00364">
        <ele>47.9</ele>
      </trkpt>
      <trkpt lat="35.49229" lon="-121.00344">
        <ele>47.8</ele>
      </trkpt>
      <trkpt lat="35.49173" lon="-121.00317">
        <ele>48.1</ele>
      </trkpt>
      <trkpt lat="35.49163" lon="-121.00312">
        <ele>48.0</ele>
      </trkpt>
      <trkpt lat="35.4916" lon="-121.0031">
        <ele>47.9</ele>
      </trkpt>
      <trkpt lat="35.4915" lon="-121.00305">
        <ele>47.5</ele>
      </trkpt>
      <trkpt lat="35.49146" lon="-121.00303">
        <ele>47.4</ele>
      </trkpt>
      <trkpt lat="35.49138" lon="-121.00298">
        <ele>47.1</ele>
      </trkpt>
      <trkpt lat="35.4913" lon="-121.00293">
        <ele>47.1</ele>
      </trkpt>
      <trkpt lat="35.49121" lon="-121.00287">
        <ele>47.0</ele>
      </trkpt>
      <trkpt lat="35.49114" lon="-121.00283">
        <ele>47.1</ele>
      </trkpt>
      <trkpt lat="35.49112" lon="-121.00281">
        <ele>47.2</ele>
      </trkpt>
      <trkpt lat="35.491" lon="-121.00272">
        <ele>47.4</ele>
      </trkpt>
      <trkpt lat="35.49091" lon="-121.00266">
        <ele>47.5</ele>
      </trkpt>
      <trkpt lat="35.49083" lon="-121.0026">
        <ele>47.6</ele>
      </trkpt>
      <trkpt lat="35.49072" lon="-121.00251">
        <ele>48.1</ele>
      </trkpt>
      <trkpt lat="35.49053" lon="-121.00234">
        <ele>48.6</ele>
      </trkpt>
      <trkpt lat="35.49026" lon="-121.0021">
        <ele>47.9</ele>
      </trkpt>
      <trkpt lat="35.48994" lon="-121.0018">
        <ele>48.3</ele>
      </trkpt>
      <trkpt lat="35.48937" lon="-121.00127">
        <ele>46.1</ele>
      </trkpt>
      <trkpt lat="35.48884" lon="-121.00077">
        <ele>44.8</ele>
      </trkpt>
      <trkpt lat="35.48837" lon="-121.00035">
        <ele>45.2</ele>
      </trkpt>
      <trkpt lat="35.48779" lon="-120.99981">
        <ele>46.4</ele>
      </trkpt>
      <trkpt lat="35.48758" lon="-120.99962">
        <ele>45.3</ele>
      </trkpt>
      <trkpt lat="35.48746" lon="-120.99952">
        <ele>45.7</ele>
      </trkpt>
      <trkpt lat="35.48737" lon="-120.99944">
        <ele>46.1</ele>
      </trkpt>
      <trkpt lat="35.487" lon="-120.99915">
        <ele>45.4</ele>
      </trkpt>
      <trkpt lat="35.48679" lon="-120.999">
        <ele>44.5</ele>
      </trkpt>
      <trkpt lat="35.4866" lon="-120.99886">
        <ele>44.2</ele>
      </trkpt>
      <trkpt lat="35.48639" lon="-120.99872">
        <ele>43.6</ele>
      </trkpt>
      <trkpt lat="35.48614" lon="-120.99857">
        <ele>42.5</ele>
      </trkpt>
      <trkpt lat="35.48572" lon="-120.99832">
        <ele>40.0</ele>
      </trkpt>
      <trkpt lat="35.48524" lon="-120.99803">
        <ele>39.5</ele>
      </trkpt>
      <trkpt lat="35.4849" lon="-120.99783">
        <ele>39.2</ele>
      </trkpt>
      <trkpt lat="35.48463" lon="-120.99769">
        <ele>43.8</ele>
      </trkpt>
      <trkpt lat="35.48443" lon="-120.99758">
        <ele>44.8</ele>
      </trkpt>
      <trkpt lat="35.48405" lon="-120.99736">
        <ele>43.8</ele>
      </trkpt>
      <trkpt lat="35.48385" lon="-120.99724">
        <ele>42.8</ele>
      </trkpt>
      <trkpt lat="35.48368" lon="-120.99713">
        <ele>41.0</ele>
      </trkpt>
      <trkpt lat="35.4836" lon="-120.99708">
        <ele>40.4</ele>
      </trkpt>
      <trkpt lat="35.48351" lon="-120.99703">
        <ele>40.3</ele>
      </trkpt>
      <trkpt lat="35.48348" lon="-120.99701">
        <ele>40.4</ele>
      </trkpt>
      <trkpt lat="35.48335" lon="-120.99694">
        <ele>41.1</ele>
      </trkpt>
      <trkpt lat="35.4832" lon="-120.99686">
        <ele>42.4</ele>
      </trkpt>
      <trkpt lat="35.48295" lon="-120.99674">
        <ele>44.9</ele>
      </trkpt>
      <trkpt lat="35.48272" lon="-120.99661">
        <ele>46.4</ele>
      </trkpt>
      <trkpt lat="35.48269" lon="-120.99659">
        <ele>46.6</ele>
      </trkpt>
      <trkpt lat="35.48252" lon="-120.99649">
        <ele>46.5</ele>
      </trkpt>
      <trkpt lat="35.48244" lon="-120.99645">
        <ele>46.1</ele>
      </trkpt>
      <trkpt lat="35.48237" lon="-120.9964">
        <ele>45.9</ele>
      </trkpt>
      <trkpt lat="35.48223" lon="-120.99631">
        <ele>45.4</ele>
      </trkpt>
      <trkpt lat="35.48218" lon="-120.99628">
        <ele>44.9</ele>
      </trkpt>
      <trkpt lat="35.482" lon="-120.99614">
        <ele>43.3</ele>
      </trkpt>
      <trkpt lat="35.48189" lon="-120.99606">
        <ele>42.4</ele>
      </trkpt>
      <trkpt lat="35.48175" lon="-120.99595">
        <ele>40.0</ele>
      </trkpt>
      <trkpt lat="35.48174" lon="-120.99594">
        <ele>39.7</ele>
      </trkpt>
      <trkpt lat="35.48159" lon="-120.99582">
        <ele>35.4</ele>
      </trkpt>
      <trkpt lat="35.48142" lon="-120.99567">
        <ele>34.7</ele>
      </trkpt>
      <trkpt lat="35.48131" lon="-120.99557">
        <ele>34.9</ele>
      </trkpt>
      <trkpt lat="35.48118" lon="-120.99545">
        <ele>34.9</ele>
      </trkpt>
      <trkpt lat="35.48098" lon="-120.99526">
        <ele>33.3</ele>
      </trkpt>
      <trkpt lat="35.48091" lon="-120.9952">
        <ele>32.5</ele>
      </trkpt>
      <trkpt lat="35.48088" lon="-120.99516">
        <ele>32.4</ele>
      </trkpt>
      <trkpt lat="35.48083" lon="-120.99511">
        <ele>32.3</ele>
      </trkpt>
      <trkpt lat="35.48074" lon="-120.99502">
        <ele>31.9</ele>
      </trkpt>
      <trkpt lat="35.48067" lon="-120.99494">
        <ele>32.1</ele>
      </trkpt>
      <trkpt lat="35.48055" lon="-120.99481">
        <ele>32.1</ele>
      </trkpt>
      <trkpt lat="35.48036" lon="-120.99459">
        <ele>30.3</ele>
      </trkpt>
      <trkpt lat="35.4803" lon="-120.99452">
        <ele>30.3</ele>
      </trkpt>
      <trkpt lat="35.48015" lon="-120.99433">
        <ele>30.6</ele>
      </trkpt>
      <trkpt lat="35.4801" lon="-120.99425">
        <ele>30.7</ele>
      </trkpt>
      <trkpt lat="35.47992" lon="-120.99402">
        <ele>30.5</ele>
      </trkpt>
      <trkpt lat="35.47978" lon="-120.99384">
        <ele>31.7</ele>
      </trkpt>
      <trkpt lat="35.47974" lon="-120.99378">
        <ele>32.4</ele>
      </trkpt>
      <trkpt lat="35.47961" lon="-120.99359">
        <ele>33.7</ele>
      </trkpt>
      <trkpt lat="35.4795" lon="-120.99343">
        <ele>33.3</ele>
      </trkpt>
      <trkpt lat="35.47939" lon="-120.99328">
        <ele>31.8</ele>
      </trkpt>
      <trkpt lat="35.47938" lon="-120.99326">
        <ele>31.6</ele>
      </trkpt>
      <trkpt lat="35.4791" lon="-120.99288">
        <ele>28.4</ele>
      </trkpt>
      <trkpt lat="35.47892" lon="-120.99264">
        <ele>26.4</ele>
      </trkpt>
      <trkpt lat="35.47871" lon="-120.99236">
        <ele>24.4</ele>
      </trkpt>
      <trkpt lat="35.47857" lon="-120.99216">
        <ele>24.8</ele>
      </trkpt>
      <trkpt lat="35.47828" lon="-120.99181">
        <ele>23.8</ele>
      </trkpt>
      <trkpt lat="35.47813" lon="-120.99164">
        <ele>23.2</ele>
      </trkpt>
      <trkpt lat="35.47802" lon="-120.99153">
        <ele>22.7</ele>
      </trkpt>
      <trkpt lat="35.4779" lon="-120.99141">
        <ele>22.1</ele>
      </trkpt>
      <trkpt lat="35.47776" lon="-120.99129">
        <ele>21.9</ele>
      </trkpt>
      <trkpt lat="35.47762" lon="-120.99117">
        <ele>21.8</ele>
      </trkpt>
      <trkpt lat="35.47748" lon="-120.99106">
        <ele>21.8</ele>
      </trkpt>
      <trkpt lat="35.47737" lon="-120.99098">
        <ele>21.5</ele>
      </trkpt>
      <trkpt lat="35.47729" lon="-120.99092">
        <ele>21.1</ele>
      </trkpt>
      <trkpt lat="35.47712" lon="-120.99081">
        <ele>20.8</ele>
      </trkpt>
      <trkpt lat="35.47702" lon="-120.99074">
        <ele>20.8</ele>
      </trkpt>
      <trkpt lat="35.47684" lon="-120.99063">
        <ele>20.8</ele>
      </trkpt>
      <trkpt lat="35.47667" lon="-120.99053">
        <ele>20.8</ele>
      </trkpt>
      <trkpt lat="35.47644" lon="-120.99039">
        <ele>21.0</ele>
      </trkpt>
      <trkpt lat="35.47624" lon="-120.99027">
        <ele>21.6</ele>
      </trkpt>
      <trkpt lat="35.47597" lon="-120.9901">
        <ele>22.2</ele>
      </trkpt>
      <trkpt lat="35.47581" lon="-120.98999">
        <ele>22.8</ele>
      </trkpt>
      <trkpt lat="35.47558" lon="-120.98984">
        <ele>24.1</ele>
      </trkpt>
      <trkpt lat="35.47548" lon="-120.98976">
        <ele>24.9</ele>
      </trkpt>
      <trkpt lat="35.47538" lon="-120.98967">
        <ele>26.2</ele>
      </trkpt>
      <trkpt lat="35.47526" lon="-120.98957">
        <ele>26.8</ele>
      </trkpt>
      <trkpt lat="35.47524" lon="-120.98955">
        <ele>26.7</ele>
      </trkpt>
      <trkpt lat="35.47514" lon="-120.98946">
        <ele>26.6</ele>
      </trkpt>
      <trkpt lat="35.47512" lon="-120.98944">
        <ele>26.6</ele>
      </trkpt>
      <trkpt lat="35.47503" lon="-120.98936">
        <ele>26.8</ele>
      </trkpt>
      <trkpt lat="35.47498" lon="-120.98931">
        <ele>27.0</ele>
      </trkpt>
      <trkpt lat="35.47488" lon="-120.98921">
        <ele>26.6</ele>
      </trkpt>
      <trkpt lat="35.47474" lon="-120.98906">
        <ele>24.7</ele>
      </trkpt>
      <trkpt lat="35.47466" lon="-120.98895">
        <ele>24.8</ele>
      </trkpt>
      <trkpt lat="35.47458" lon="-120.98886">
        <ele>25.7</ele>
      </trkpt>
      <trkpt lat="35.47458" lon="-120.98885">
        <ele>25.8</ele>
      </trkpt>
      <trkpt lat="35.47448" lon="-120.98873">
        <ele>26.4</ele>
      </trkpt>
      <trkpt lat="35.47439" lon="-120.9886">
        <ele>26.2</ele>
      </trkpt>
      <trkpt lat="35.47434" lon="-120.98853">
        <ele>25.8</ele>
      </trkpt>
      <trkpt lat="35.47433" lon="-120.98852">
        <ele>25.7</ele>
      </trkpt>
      <trkpt lat="35.47423" lon="-120.98838">
        <ele>24.4</ele>
      </trkpt>
      <trkpt lat="35.47418" lon="-120.98829">
        <ele>23.2</ele>
      </trkpt>
      <trkpt lat="35.47413" lon="-120.98821">
        <ele>22.2</ele>
      </trkpt>
      <trkpt lat="35.47407" lon="-120.98812">
        <ele>21.4</ele>
      </trkpt>
      <trkpt lat="35.47402" lon="-120.98802">
        <ele>21.6</ele>
      </trkpt>
      <trkpt lat="35.47398" lon="-120.98793">
        <ele>22.0</ele>
      </trkpt>
      <trkpt lat="35.47392" lon="-120.98783">
        <ele>21.9</ele>
      </trkpt>
      <trkpt lat="35.47392" lon="-120.98782">
        <ele>22.0</ele>
      </trkpt>
      <trkpt lat="35.47387" lon="-120.98772">
        <ele>21.8</ele>
      </trkpt>
      <trkpt lat="35.47382" lon="-120.98762">
        <ele>21.6</ele>
      </trkpt>
      <trkpt lat="35.47382" lon="-120.98761">
        <ele>21.6</ele>
      </trkpt>
      <trkpt lat="35.47378" lon="-120.98752">
        <ele>21.7</ele>
      </trkpt>
      <trkpt lat="35.47376" lon="-120.98747">
        <ele>21.8</ele>
      </trkpt>
      <trkpt lat="35.47374" lon="-120.98742">
        <ele>21.9</ele>
      </trkpt>
      <trkpt lat="35.47369" lon="-120.98732">
        <ele>21.7</ele>
      </trkpt>
      <trkpt lat="35.47367" lon="-120.98725">
        <ele>21.7</ele>
      </trkpt>
      <trkpt lat="35.47366" lon="-120.98723">
        <ele>21.6</ele>
      </trkpt>
      <trkpt lat="35.47361" lon="-120.98711">
        <ele>21.0</ele>
      </trkpt>
      <trkpt lat="35.47358" lon="-120.98702">
        <ele>20.7</ele>
      </trkpt>
      <trkpt lat="35.47355" lon="-120.98693">
        <ele>20.5</ele>
      </trkpt>
      <trkpt lat="35.47351" lon="-120.9868">
        <ele>20.3</ele>
      </trkpt>
      <trkpt lat="35.47346" lon="-120.98665">
        <ele>20.2</ele>
      </trkpt>
      <trkpt lat="35.47344" lon="-120.98655">
        <ele>20.2</ele>
      </trkpt>
      <trkpt lat="35.47341" lon="-120.98645">
        <ele>19.7</ele>
      </trkpt>
      <trkpt lat="35.47338" lon="-120.98634">
        <ele>19.1</ele>
      </trkpt>
      <trkpt lat="35.47335" lon="-120.9862">
        <ele>18.2</ele>
      </trkpt>
      <trkpt lat="35.47335" lon="-120.98618">
        <ele>18.1</ele>
      </trkpt>
      <trkpt lat="35.47331" lon="-120.98598">
        <ele>16.7</ele>
      </trkpt>
      <trkpt lat="35.47331" lon="-120.98597">
        <ele>16.7</ele>
      </trkpt>
      <trkpt lat="35.47328" lon="-120.98583">
        <ele>16.0</ele>
      </trkpt>
      <trkpt lat="35.47323" lon="-120.9856">
        <ele>15.4</ele>
      </trkpt>
      <trkpt lat="35.47323" lon="-120.98555">
        <ele>15.4</ele>
      </trkpt>
      <trkpt lat="35.47319" lon="-120.98532">
        <ele>15.4</ele>
      </trkpt>
      <trkpt lat="35.47315" lon="-120.98512">
        <ele>15.6</ele>
      </trkpt>
      <trkpt lat="35.47315" lon="-120.9851">
        <ele>15.7</ele>
      </trkpt>
      <trkpt lat="35.47312" lon="-120.98494">
        <ele>15.9</ele>
      </trkpt>
      <trkpt lat="35.47311" lon="-120.9849">
        <ele>15.9</ele>
      </trkpt>
      <trkpt lat="35.47307" lon="-120.98469">
        <ele>15.3</ele>
      </trkpt>
      <trkpt lat="35.47303" lon="-120.98447">
        <ele>13.7</ele>
      </trkpt>
      <trkpt lat="35.47302" lon="-120.98443">
        <ele>13.4</ele>
      </trkpt>
      <trkpt lat="35.473" lon="-120.98429">
        <ele>12.8</ele>
      </trkpt>
      <trkpt lat="35.47298" lon="-120.9842">
        <ele>12.5</ele>
      </trkpt>
      <trkpt lat="35.47294" lon="-120.98405">
        <ele>12.2</ele>
      </trkpt>
      <trkpt lat="35.47292" lon="-120.98399">
        <ele>12.1</ele>
      </trkpt>
      <trkpt lat="35.47289" lon="-120.98386">
        <ele>11.8</ele>
      </trkpt>
      <trkpt lat="35.47278" lon="-120.98351">
        <ele>11.5</ele>
      </trkpt>
      <trkpt lat="35.47273" lon="-120.98335">
        <ele>11.6</ele>
      </trkpt>
      <trkpt lat="35.47266" lon="-120.98317">
        <ele>11.4</ele>
      </trkpt>
      <trkpt lat="35.47261" lon="-120.98304">
        <ele>11.3</ele>
      </trkpt>
      <trkpt lat="35.47253" lon="-120.98285">
        <ele>11.3</ele>
      </trkpt>
      <trkpt lat="35.47246" lon="-120.98269">
        <ele>11.2</ele>
      </trkpt>
      <trkpt lat="35.47241" lon="-120.98259">
        <ele>11.2</ele>
      </trkpt>
      <trkpt lat="35.47236" lon="-120.98248">
        <ele>11.5</ele>
      </trkpt>
      <trkpt lat="35.47232" lon="-120.9824">
        <ele>11.6</ele>
      </trkpt>
      <trkpt lat="35.47217" lon="-120.98213">
        <ele>11.6</ele>
      </trkpt>
      <trkpt lat="35.47214" lon="-120.98208">
        <ele>11.5</ele>
      </trkpt>
      <trkpt lat="35.47208" lon="-120.982">
        <ele>11.3</ele>
      </trkpt>
      <trkpt lat="35.47195" lon="-120.98179">
        <ele>10.3</ele>
      </trkpt>
      <trkpt lat="35.47188" lon="-120.98167">
        <ele>10.1</ele>
      </trkpt>
      <trkpt lat="35.47147" lon="-120.98104">
        <ele>10.3</ele>
      </trkpt>
      <trkpt lat="35.47136" lon="-120.98087">
        <ele>10.5</ele>
      </trkpt>
      <trkpt lat="35.47125" lon="-120.98069">
        <ele>10.6</ele>
      </trkpt>
      <trkpt lat="35.47117" lon="-120.98057">
        <ele>10.7</ele>
      </trkpt>
      <trkpt lat="35.47102" lon="-120.98035">
        <ele>10.9</ele>
      </trkpt>
      <trkpt lat="35.47091" lon="-120.98018">
        <ele>11.2</ele>
      </trkpt>
      <trkpt lat="35.47044" lon="-120.97946">
        <ele>11.2</ele>
      </trkpt>
      <trkpt lat="35.46998" lon="-120.97876">
        <ele>10.1</ele>
      </trkpt>
      <trkpt lat="35.46949" lon="-120.97802">
        <ele>9.1</ele>
      </trkpt>
      <trkpt lat="35.46922" lon="-120.97759">
        <ele>9.3</ele>
      </trkpt>
      <trkpt lat="35.46892" lon="-120.97716">
        <ele>8.1</ele>
      </trkpt>
      <trkpt lat="35.46846" lon="-120.97653">
        <ele>9.1</ele>
      </trkpt>
      <trkpt lat="35.46821" lon="-120.9762">
        <ele>9.6</ele>
      </trkpt>
      <trkpt lat="35.46789" lon="-120.97578">
        <ele>10.4</ele>
      </trkpt>
      <trkpt lat="35.4678" lon="-120.97566">
        <ele>9.5</ele>
      </trkpt>
      <trkpt lat="35.46761" lon="-120.97541">
        <ele>7.2</ele>
      </trkpt>
      <trkpt lat="35.46744" lon="-120.9752">
        <ele>6.8</ele>
      </trkpt>
      <trkpt lat="35.46725" lon="-120.97494">
        <ele>6.8</ele>
      </trkpt>
      <trkpt lat="35.46715" lon="-120.97482">
        <ele>6.8</ele>
      </trkpt>
      <trkpt lat="35.46708" lon="-120.97472">
        <ele>6.8</ele>
      </trkpt>
      <trkpt lat="35.46698" lon="-120.9746">
        <ele>6.8</ele>
      </trkpt>
      <trkpt lat="35.46696" lon="-120.97456">
        <ele>6.8</ele>
      </trkpt>
      <trkpt lat="35.46683" lon="-120.9744">
        <ele>6.8</ele>
      </trkpt>
      <trkpt lat="35.46683" lon="-120.97439">
        <ele>6.8</ele>
      </trkpt>
      <trkpt lat="35.46668" lon="-120.9742">
        <ele>6.8</ele>
      </trkpt>
      <trkpt lat="35.46652" lon="-120.97399">
        <ele>6.8</ele>
      </trkpt>
      <trkpt lat="35.46642" lon="-120.97385">
        <ele>6.8</ele>
      </trkpt>
      <trkpt lat="35.4662" lon="-120.97357">
        <ele>6.8</ele>
      </trkpt>
      <trkpt lat="35.46591" lon="-120.97319">
        <ele>7.8</ele>
      </trkpt>
      <trkpt lat="35.46575" lon="-120.97296">
        <ele>10.4</ele>
      </trkpt>
      <trkpt lat="35.46564" lon="-120.9728">
        <ele>11.4</ele>
      </trkpt>
      <trkpt lat="35.46552" lon="-120.97261">
        <ele>11.9</ele>
      </trkpt>
      <trkpt lat="35.46546" lon="-120.97252">
        <ele>11.9</ele>
      </trkpt>
      <trkpt lat="35.46528" lon="-120.97222">
        <ele>12.4</ele>
      </trkpt>
      <trkpt lat="35.46493" lon="-120.97163">
        <ele>11.5</ele>
      </trkpt>
      <trkpt lat="35.46467" lon="-120.97119">
        <ele>9.7</ele>
      </trkpt>
      <trkpt lat="35.46434" lon="-120.97064">
        <ele>7.6</ele>
      </trkpt>
      <trkpt lat="35.46417" lon="-120.97034">
        <ele>8.9</ele>
      </trkpt>
      <trkpt lat="35.46325" lon="-120.96879">
        <ele>9.8</ele>
      </trkpt>
      <trkpt lat="35.46313" lon="-120.96857">
        <ele>10.1</ele>
      </trkpt>
      <trkpt lat="35.46281" lon="-120.96803">
        <ele>11.7</ele>
      </trkpt>
      <trkpt lat="35.46189" lon="-120.96648">
        <ele>12.6</ele>
      </trkpt>
      <trkpt lat="35.46052" lon="-120.96415">
        <ele>11.0</ele>
      </trkpt>
      <trkpt lat="35.46049" lon="-120.9641">
        <ele>11.1</ele>
      </trkpt>
      <trkpt lat="35.46042" lon="-120.96397">
        <ele>11.4</ele>
      </trkpt>
      <trkpt lat="35.45979" lon="-120.9629">
        <ele>10.7</ele>
      </trkpt>
      <trkpt lat="35.45975" lon="-120.96284">
        <ele>10.7</ele>
      </trkpt>
      <trkpt lat="35.45905" lon="-120.96164">
        <ele>12.8</ele>
      </trkpt>
      <trkpt lat="35.45855" lon="-120.96079">
        <ele>12.7</ele>
      </trkpt>
      <trkpt lat="35.45733" lon="-120.95873">
        <ele>17.4</ele>
      </trkpt>
      <trkpt lat="35.4572" lon="-120.95851">
        <ele>17.9</ele>
      </trkpt>
      <trkpt lat="35.45718" lon="-120.95847">
        <ele>17.9</ele>
      </trkpt>
      <trkpt lat="35.45715" lon="-120.95842">
        <ele>17.8</ele>
      </trkpt>
      <trkpt lat="35.45712" lon="-120.95838">
        <ele>17.7</ele>
      </trkpt>
      <trkpt lat="35.4571" lon="-120.95834">
        <ele>17.6</ele>
      </trkpt>
      <trkpt lat="35.45699" lon="-120.95816">
        <ele>17.0</ele>
      </trkpt>
      <trkpt lat="35.45648" lon="-120.95728">
        <ele>15.5</ele>
      </trkpt>
      <trkpt lat="35.45626" lon="-120.95691">
        <ele>16.0</ele>
      </trkpt>
      <trkpt lat="35.4561" lon="-120.95663">
        <ele>17.4</ele>
      </trkpt>
      <trkpt lat="35.45596" lon="-120.9564">
        <ele>17.8</ele>
      </trkpt>
      <trkpt lat="35.45587" lon="-120.95623">
        <ele>18.2</ele>
      </trkpt>
      <trkpt lat="35.45579" lon="-120.95609">
        <ele>18.5</ele>
      </trkpt>
      <trkpt lat="35.45577" lon="-120.95603">
        <ele>18.6</ele>
      </trkpt>
      <trkpt lat="35.45572" lon="-120.95595">
        <ele>18.6</ele>
      </trkpt>
      <trkpt lat="35.45565" lon="-120.9558">
        <ele>18.6</ele>
      </trkpt>
      <trkpt lat="35.45561" lon="-120.95571">
        <ele>18.5</ele>
      </trkpt>
      <trkpt lat="35.45559" lon="-120.95568">
        <ele>18.4</ele>
      </trkpt>
      <trkpt lat="35.45556" lon="-120.95561">
        <ele>18.4</ele>
      </trkpt>
      <trkpt lat="35.45552" lon="-120.95551">
        <ele>18.5</ele>
      </trkpt>
      <trkpt lat="35.45549" lon="-120.95545">
        <ele>18.5</ele>
      </trkpt>
      <trkpt lat="35.4554" lon="-120.95522">
        <ele>18.9</ele>
      </trkpt>
      <trkpt lat="35.45529" lon="-120.95497">
        <ele>19.2</ele>
      </trkpt>
      <trkpt lat="35.45527" lon="-120.95493">
        <ele>19.1</ele>
      </trkpt>
      <trkpt lat="35.45517" lon="-120.95468">
        <ele>18.7</ele>
      </trkpt>
      <trkpt lat="35.45512" lon="-120.95453">
        <ele>19.0</ele>
      </trkpt>
      <trkpt lat="35.45509" lon="-120.95446">
        <ele>19.1</ele>
      </trkpt>
      <trkpt lat="35.45497" lon="-120.95413">
        <ele>19.7</ele>
      </trkpt>
      <trkpt lat="35.45493" lon="-120.95402">
        <ele>19.9</ele>
      </trkpt>
      <trkpt lat="35.45482" lon="-120.95371">
        <ele>20.8</ele>
      </trkpt>
      <trkpt lat="35.45468" lon="-120.95331">
        <ele>22.5</ele>
      </trkpt>
      <trkpt lat="35.45453" lon="-120.95291">
        <ele>23.3</ele>
      </trkpt>
      <trkpt lat="35.45448" lon="-120.95278">
        <ele>23.4</ele>
      </trkpt>
      <trkpt lat="35.45402" lon="-120.95149">
        <ele>22.3</ele>
      </trkpt>
      <trkpt lat="35.45395" lon="-120.95129">
        <ele>22.7</ele>
      </trkpt>
      <trkpt lat="35.45381" lon="-120.95089">
        <ele>23.6</ele>
      </trkpt>
      <trkpt lat="35.45315" lon="-120.94907">
        <ele>23.3</ele>
      </trkpt>
      <trkpt lat="35.45263" lon="-120.9476">
        <ele>22.6</ele>
      </trkpt>
      <trkpt lat="35.45262" lon="-120.94757">
        <ele>22.5</ele>
      </trkpt>
      <trkpt lat="35.45248" lon="-120.94719">
        <ele>22.4</ele>
      </trkpt>
      <trkpt lat="35.45248" lon="-120.94719">
        <ele>22.4</ele>
      </trkpt>
      <trkpt lat="35.45191" lon="-120.94558">
        <ele>21.9</ele>
      </trkpt>
      <trkpt lat="35.45184" lon="-120.94538">
        <ele>21.6</ele>
      </trkpt>
      <trkpt lat="35.45159" lon="-120.94467">
        <ele>20.9</ele>
      </trkpt>
      <trkpt lat="35.45148" lon="-120.94436">
        <ele>21.1</ele>
      </trkpt>
      <trkpt lat="35.4514" lon="-120.94414">
        <ele>21.2</ele>
      </trkpt>
      <trkpt lat="35.45137" lon="-120.94404">
        <ele>21.4</ele>
      </trkpt>
      <trkpt lat="35.45131" lon="-120.94383">
        <ele>21.7</ele>
      </trkpt>
      <trkpt lat="35.45125" lon="-120.94362">
        <ele>21.8</ele>
      </trkpt>
      <trkpt lat="35.45122" lon="-120.94349">
        <ele>21.8</ele>
      </trkpt>
      <trkpt lat="35.45118" lon="-120.94333">
        <ele>21.8</ele>
      </trkpt>
      <trkpt lat="35.45114" lon="-120.94317">
        <ele>22.0</ele>
      </trkpt>
      <trkpt lat="35.45111" lon="-120.94306">
        <ele>22.2</ele>
      </trkpt>
      <trkpt lat="35.45108" lon="-120.94292">
        <ele>23.1</ele>
      </trkpt>
      <trkpt lat="35.45103" lon="-120.94269">
        <ele>25.3</ele>
      </trkpt>
      <trkpt lat="35.45102" lon="-120.94264">
        <ele>25.9</ele>
      </trkpt>
      <trkpt lat="35.45099" lon="-120.94247">
        <ele>27.5</ele>
      </trkpt>
      <trkpt lat="35.45097" lon="-120.94237">
        <ele>28.2</ele>
      </trkpt>
      <trkpt lat="35.45091" lon="-120.94206">
        <ele>29.5</ele>
      </trkpt>
      <trkpt lat="35.45089" lon="-120.94194">
        <ele>29.9</ele>
      </trkpt>
      <trkpt lat="35.45087" lon="-120.9418">
        <ele>30.1</ele>
      </trkpt>
      <trkpt lat="35.45085" lon="-120.94162">
        <ele>30.0</ele>
      </trkpt>
      <trkpt lat="35.45085" lon="-120.94161">
        <ele>30.1</ele>
      </trkpt>
      <trkpt lat="35.45082" lon="-120.94144">
        <ele>29.7</ele>
      </trkpt>
      <trkpt lat="35.45081" lon="-120.94132">
        <ele>29.7</ele>
      </trkpt>
      <trkpt lat="35.45078" lon="-120.9411">
        <ele>29.5</ele>
      </trkpt>
      <trkpt lat="35.45077" lon="-120.94094">
        <ele>29.7</ele>
      </trkpt>
      <trkpt lat="35.45075" lon="-120.94075">
        <ele>29.6</ele>
      </trkpt>
      <trkpt lat="35.45072" lon="-120.94052">
        <ele>28.0</ele>
      </trkpt>
      <trkpt lat="35.45071" lon="-120.94034">
        <ele>26.3</ele>
      </trkpt>
      <trkpt lat="35.45062" lon="-120.93937">
        <ele>25.8</ele>
      </trkpt>
      <trkpt lat="35.45048" lon="-120.93799">
        <ele>23.7</ele>
      </trkpt>
      <trkpt lat="35.45038" lon="-120.93687">
        <ele>21.7</ele>
      </trkpt>
      <trkpt lat="35.45029" lon="-120.93591">
        <ele>18.6</ele>
      </trkpt>
      <trkpt lat="35.45025" lon="-120.93545">
        <ele>16.6</ele>
      </trkpt>
      <trkpt lat="35.45019" lon="-120.93481">
        <ele>13.1</ele>
      </trkpt>
      <trkpt lat="35.45017" lon="-120.93459">
        <ele>12.8</ele>
      </trkpt>
      <trkpt lat="35.45016" lon="-120.93457">
        <ele>12.8</ele>
      </trkpt>
      <trkpt lat="35.45014" lon="-120.93437">
        <ele>12.6</ele>
      </trkpt>
      <trkpt lat="35.45008" lon="-120.93372">
        <ele>11.8</ele>
      </trkpt>
      <trkpt lat="35.44999" lon="-120.93269">
        <ele>15.1</ele>
      </trkpt>
      <trkpt lat="35.44997" lon="-120.93247">
        <ele>16.3</ele>
      </trkpt>
      <trkpt lat="35.44994" lon="-120.9322">
        <ele>16.6</ele>
      </trkpt>
      <trkpt lat="35.44992" lon="-120.93195">
        <ele>16.7</ele>
      </trkpt>
      <trkpt lat="35.44987" lon="-120.9314">
        <ele>17.2</ele>
      </trkpt>
      <trkpt lat="35.4498" lon="-120.93064">
        <ele>19.6</ele>
      </trkpt>
      <trkpt lat="35.44972" lon="-120.92977">
        <ele>21.9</ele>
      </trkpt>
      <trkpt lat="35.44966" lon="-120.92919">
        <ele>22.2</ele>
      </trkpt>
      <trkpt lat="35.44962" lon="-120.92883">
        <ele>21.6</ele>
      </trkpt>
      <trkpt lat="35.44961" lon="-120.92869">
        <ele>21.5</ele>
      </trkpt>
      <trkpt lat="35.44958" lon="-120.92838">
        <ele>21.2</ele>
      </trkpt>
      <trkpt lat="35.44955" lon="-120.92803">
        <ele>20.9</ele>
      </trkpt>
      <trkpt lat="35.44953" lon="-120.92783">
        <ele>21.0</ele>
      </trkpt>
      <trkpt lat="35.44951" lon="-120.92765">
        <ele>21.4</ele>
      </trkpt>
      <trkpt lat="35.44951" lon="-120.92764">
        <ele>21.5</ele>
      </trkpt>
      <trkpt lat="35.44949" lon="-120.92743">
        <ele>21.9</ele>
      </trkpt>
      <trkpt lat="35.44948" lon="-120.9273">
        <ele>21.8</ele>
      </trkpt>
      <trkpt lat="35.44947" lon="-120.92721">
        <ele>21.7</ele>
      </trkpt>
      <trkpt lat="35.44944" lon="-120.9269">
        <ele>21.3</ele>
      </trkpt>
      <trkpt lat="35.44939" lon="-120.92637">
        <ele>21.6</ele>
      </trkpt>
      <trkpt lat="35.44938" lon="-120.92618">
        <ele>21.5</ele>
      </trkpt>
      <trkpt lat="35.44936" lon="-120.92572">
        <ele>21.4</ele>
      </trkpt>
      <trkpt lat="35.44933" lon="-120.92563">
        <ele>21.1</ele>
      </trkpt>
      <trkpt lat="35.44933" lon="-120.9256">
        <ele>21.1</ele>
      </trkpt>
      <trkpt lat="35.44932" lon="-120.92554">
        <ele>21.0</ele>
      </trkpt>
      <trkpt lat="35.44932" lon="-120.92537">
        <ele>21.0</ele>
      </trkpt>
      <trkpt lat="35.44932" lon="-120.92522">
        <ele>21.0</ele>
      </trkpt>
      <trkpt lat="35.44932" lon="-120.92506">
        <ele>21.1</ele>
      </trkpt>
      <trkpt lat="35.44934" lon="-120.92473">
        <ele>21.2</ele>
      </trkpt>
      <trkpt lat="35.44937" lon="-120.92412">
        <ele>19.9</ele>
      </trkpt>
      <trkpt lat="35.44938" lon="-120.9239">
        <ele>20.0</ele>
      </trkpt>
      <trkpt lat="35.44939" lon="-120.92374">
        <ele>19.9</ele>
      </trkpt>
      <trkpt lat="35.4494" lon="-120.92351">
        <ele>19.3</ele>
      </trkpt>
      <trkpt lat="35.44941" lon="-120.92311">
        <ele>19.3</ele>
      </trkpt>
      <trkpt lat="35.44942" lon="-120.92302">
        <ele>19.5</ele>
      </trkpt>
      <trkpt lat="35.44944" lon="-120.92256">
        <ele>19.3</ele>
      </trkpt>
      <trkpt lat="35.44946" lon="-120.92223">
        <ele>18.5</ele>
      </trkpt>
      <trkpt lat="35.44947" lon="-120.92214">
        <ele>18.3</ele>
      </trkpt>
      <trkpt lat="35.44949" lon="-120.92187">
        <ele>17.6</ele>
      </trkpt>
      <trkpt lat="35.44952" lon="-120.92149">
        <ele>18.0</ele>
      </trkpt>
      <trkpt lat="35.44954" lon="-120.92127">
        <ele>18.3</ele>
      </trkpt>
      <trkpt lat="35.44954" lon="-120.92126">
        <ele>18.3</ele>
      </trkpt>
      <trkpt lat="35.44956" lon="-120.92112">
        <ele>18.6</ele>
      </trkpt>
      <trkpt lat="35.44959" lon="-120.92075">
        <ele>18.9</ele>
      </trkpt>
      <trkpt lat="35.44967" lon="-120.92003">
        <ele>18.9</ele>
      </trkpt>
      <trkpt lat="35.44973" lon="-120.91951">
        <ele>18.7</ele>
      </trkpt>
      <trkpt lat="35.44976" lon="-120.91929">
        <ele>19.0</ele>
      </trkpt>
      <trkpt lat="35.44979" lon="-120.91897">
        <ele>19.3</ele>
      </trkpt>
      <trkpt lat="35.44984" lon="-120.9186">
        <ele>19.7</ele>
      </trkpt>
      <trkpt lat="35.44984" lon="-120.91857">
        <ele>19.7</ele>
      </trkpt>
      <trkpt lat="35.44988" lon="-120.91822">
        <ele>20.0</ele>
      </trkpt>
      <trkpt lat="35.44992" lon="-120.91786">
        <ele>20.3</ele>
      </trkpt>
      <trkpt lat="35.44992" lon="-120.91786">
        <ele>20.3</ele>
      </trkpt>
      <trkpt lat="35.44972" lon="-120.91777">
        <ele>18.9</ele>
      </trkpt>
      <trkpt lat="35.44965" lon="-120.91772">
        <ele>18.5</ele>
      </trkpt>
      <trkpt lat="35.44963" lon="-120.91771">
        <ele>18.3</ele>
      </trkpt>
      <trkpt lat="35.44956" lon="-120.91763">
        <ele>17.9</ele>
      </trkpt>
      <trkpt lat="35.4495" lon="-120.91753">
        <ele>17.4</ele>
      </trkpt>
      <trkpt lat="35.44948" lon="-120.91743">
        <ele>17.1</ele>
      </trkpt>
      <trkpt lat="35.44948" lon="-120.91743">
        <ele>17.1</ele>
      </trkpt>
      <trkpt lat="35.44947" lon="-120.91738">
        <ele>17.0</ele>
      </trkpt>
      <trkpt lat="35.44948" lon="-120.91724">
        <ele>17.1</ele>
      </trkpt>
      <trkpt lat="35.4495" lon="-120.91707">
        <ele>17.3</ele>
      </trkpt>
      <trkpt lat="35.44957" lon="-120.91687">
        <ele>17.9</ele>
      </trkpt>
      <trkpt lat="35.44959" lon="-120.91682">
        <ele>18.0</ele>
      </trkpt>
      <trkpt lat="35.44965" lon="-120.91667">
        <ele>18.5</ele>
      </trkpt>
      <trkpt lat="35.44972" lon="-120.91651">
        <ele>19.1</ele>
      </trkpt>
      <trkpt lat="35.44975" lon="-120.91643">
        <ele>19.4</ele>
      </trkpt>
      <trkpt lat="35.44977" lon="-120.91634">
        <ele>19.6</ele>
      </trkpt>
      <trkpt lat="35.4498" lon="-120.91628">
        <ele>20.0</ele>
      </trkpt>
      <trkpt lat="35.44984" lon="-120.91607">
        <ele>21.0</ele>
      </trkpt>
      <trkpt lat="35.44988" lon="-120.91561">
        <ele>21.8</ele>
      </trkpt>
      <trkpt lat="35.44991" lon="-120.91522">
        <ele>20.4</ele>
      </trkpt>
      <trkpt lat="35.44992" lon="-120.91501">
        <ele>19.0</ele>
      </trkpt>
      <trkpt lat="35.44992" lon="-120.91481">
        <ele>18.1</ele>
      </trkpt>
      <trkpt lat="35.44991" lon="-120.91451">
        <ele>18.0</ele>
      </trkpt>
      <trkpt lat="35.44987" lon="-120.91422">
        <ele>17.9</ele>
      </trkpt>
      <trkpt lat="35.44984" lon="-120.91404">
        <ele>18.2</ele>
      </trkpt>
      <trkpt lat="35.44979" lon="-120.91386">
        <ele>17.9</ele>
      </trkpt>
      <trkpt lat="35.44959" lon="-120.91315">
        <ele>15.3</ele>
      </trkpt>
      <trkpt lat="35.44942" lon="-120.91259">
        <ele>15.5</ele>
      </trkpt>
      <trkpt lat="35.44933" lon="-120.91227">
        <ele>15.5</ele>
      </trkpt>
      <trkpt lat="35.44928" lon="-120.91197">
        <ele>15.6</ele>
      </trkpt>
      <trkpt lat="35.44924" lon="-120.91167">
        <ele>15.9</ele>
      </trkpt>
      <trkpt lat="35.44923" lon="-120.91139">
        <ele>16.4</ele>
      </trkpt>
      <trkpt lat="35.44923" lon="-120.91111">
        <ele>17.2</ele>
      </trkpt>
      <trkpt lat="35.44926" lon="-120.9108">
        <ele>19.0</ele>
      </trkpt>
      <trkpt lat="35.44934" lon="-120.91039">
        <ele>19.9</ele>
      </trkpt>
      <trkpt lat="35.44944" lon="-120.91004">
        <ele>17.7</ele>
      </trkpt>
      <trkpt lat="35.44946" lon="-120.90997">
        <ele>17.2</ele>
      </trkpt>
      <trkpt lat="35.44961" lon="-120.90956">
        <ele>13.9</ele>
      </trkpt>
      <trkpt lat="35.44978" lon="-120.9091">
        <ele>11.4</ele>
      </trkpt>
      <trkpt lat="35.44982" lon="-120.90899">
        <ele>11.2</ele>
      </trkpt>
      <trkpt lat="35.44985" lon="-120.90891">
        <ele>10.9</ele>
      </trkpt>
      <trkpt lat="35.44987" lon="-120.90886">
        <ele>10.7</ele>
      </trkpt>
      <trkpt lat="35.44988" lon="-120.90881">
        <ele>10.3</ele>
      </trkpt>
      <trkpt lat="35.44992" lon="-120.90869">
        <ele>9.6</ele>
      </trkpt>
      <trkpt lat="35.44994" lon="-120.90862">
        <ele>9.2</ele>
      </trkpt>
      <trkpt lat="35.44998" lon="-120.90849">
        <ele>8.5</ele>
      </trkpt>
      <trkpt lat="35.45003" lon="-120.90821">
        <ele>7.5</ele>
      </trkpt>
      <trkpt lat="35.45003" lon="-120.90808">
        <ele>7.1</ele>
      </trkpt>
      <trkpt lat="35.45003" lon="-120.90808">
        <ele>7.1</ele>
      </trkpt>
      <trkpt lat="35.45004" lon="-120.90799">
        <ele>6.9</ele>
      </trkpt>
      <trkpt lat="35.45004" lon="-120.90798">
        <ele>6.8</ele>
      </trkpt>
      <trkpt lat="35.45006" lon="-120.90776">
        <ele>6.2</ele>
      </trkpt>
      <trkpt lat="35.45004" lon="-120.90758">
        <ele>5.8</ele>
      </trkpt>
      <trkpt lat="35.45003" lon="-120.90735">
        <ele>5.3</ele>
      </trkpt>
      <trkpt lat="35.45" lon="-120.90706">
        <ele>4.6</ele>
      </trkpt>
      <trkpt lat="35.44993" lon="-120.9067">
        <ele>3.8</ele>
      </trkpt>
      <trkpt lat="35.44987" lon="-120.9064">
        <ele>3.8</ele>
      </trkpt>
      <trkpt lat="35.44981" lon="-120.9063">
        <ele>3.8</ele>
      </trkpt>
      <trkpt lat="35.44953" lon="-120.90578">
        <ele>3.4</ele>
      </trkpt>
      <trkpt lat="35.4491" lon="-120.90488">
        <ele>2.9</ele>
      </trkpt>
      <trkpt lat="35.44907" lon="-120.90481">
        <ele>3.0</ele>
      </trkpt>
      <trkpt lat="35.44882" lon="-120.90432">
        <ele>3.7</ele>
      </trkpt>
      <trkpt lat="35.44874" lon="-120.90419">
        <ele>3.8</ele>
      </trkpt>
      <trkpt lat="35.44847" lon="-120.90369">
        <ele>4.5</ele>
      </trkpt>
      <trkpt lat="35.44802" lon="-120.90278">
        <ele>5.8</ele>
      </trkpt>
      <trkpt lat="35.44791" lon="-120.90254">
        <ele>6.2</ele>
      </trkpt>
      <trkpt lat="35.44784" lon="-120.90239">
        <ele>5.9</ele>
      </trkpt>
      <trkpt lat="35.44777" lon="-120.90223">
        <ele>5.6</ele>
      </trkpt>
      <trkpt lat="35.44775" lon="-120.9022">
        <ele>5.5</ele>
      </trkpt>
      <trkpt lat="35.44766" lon="-120.90201">
        <ele>5.7</ele>
      </trkpt>
      <trkpt lat="35.44762" lon="-120.90193">
        <ele>5.9</ele>
      </trkpt>
      <trkpt lat="35.44748" lon="-120.90163">
        <ele>7.4</ele>
      </trkpt>
      <trkpt lat="35.44742" lon="-120.9015">
        <ele>8.6</ele>
      </trkpt>
      <trkpt lat="35.44739" lon="-120.90144">
        <ele>9.2</ele>
      </trkpt>
      <trkpt lat="35.44728" lon="-120.90121">
        <ele>11.8</ele>
      </trkpt>
      <trkpt lat="35.44721" lon="-120.90107">
        <ele>13.0</ele>
      </trkpt>
      <trkpt lat="35.44711" lon="-120.90088">
        <ele>14.3</ele>
      </trkpt>
      <trkpt lat="35.44701" lon="-120.90068">
        <ele>15.0</ele>
      </trkpt>
      <trkpt lat="35.44695" lon="-120.90055">
        <ele>15.4</ele>
      </trkpt>
      <trkpt lat="35.44683" lon="-120.90031">
        <ele>16.2</ele>
      </trkpt>
      <trkpt lat="35.44675" lon="-120.90015">
        <ele>16.6</ele>
      </trkpt>
      <trkpt lat="35.44667" lon="-120.89997">
        <ele>16.7</ele>
      </trkpt>
      <trkpt lat="35.44648" lon="-120.89959">
        <ele>16.9</ele>
      </trkpt>
      <trkpt lat="35.44624" lon="-120.89907">
        <ele>17.8</ele>
      </trkpt>
      <trkpt lat="35.44613" lon="-120.89885">
        <ele>17.8</ele>
      </trkpt>
      <trkpt lat="35.44596" lon="-120.89851">
        <ele>17.9</ele>
      </trkpt>
      <trkpt lat="35.44587" lon="-120.89833">
        <ele>18.2</ele>
      </trkpt>
      <trkpt lat="35.44585" lon="-120.89828">
        <ele>18.3</ele>
      </trkpt>
      <trkpt lat="35.44575" lon="-120.89809">
        <ele>18.4</ele>
      </trkpt>
      <trkpt lat="35.44569" lon="-120.89796">
        <ele>18.4</ele>
      </trkpt>
      <trkpt lat="35.44561" lon="-120.8978">
        <ele>18.1</ele>
      </trkpt>
      <trkpt lat="35.44541" lon="-120.89737">
        <ele>18.5</ele>
      </trkpt>
      <trkpt lat="35.44536" lon="-120.89727">
        <ele>18.7</ele>
      </trkpt>
      <trkpt lat="35.44534" lon="-120.89722">
        <ele>18.7</ele>
      </trkpt>
      <trkpt lat="35.44528" lon="-120.8971">
        <ele>18.8</ele>
      </trkpt>
      <trkpt lat="35.44522" lon="-120.89698">
        <ele>18.7</ele>
      </trkpt>
      <trkpt lat="35.44489" lon="-120.89636">
        <ele>19.1</ele>
      </trkpt>
      <trkpt lat="35.44453" lon="-120.89563">
        <ele>21.4</ele>
      </trkpt>
      <trkpt lat="35.44425" lon="-120.89507">
        <ele>22.5</ele>
      </trkpt>
      <trkpt lat="35.44417" lon="-120.89491">
        <ele>22.6</ele>
      </trkpt>
      <trkpt lat="35.44379" lon="-120.89416">
        <ele>24.3</ele>
      </trkpt>
      <trkpt lat="35.44363" lon="-120.89383">
        <ele>25.1</ele>
      </trkpt>
      <trkpt lat="35.44344" lon="-120.89345">
        <ele>25.2</ele>
      </trkpt>
      <trkpt lat="35.44307" lon="-120.89272">
        <ele>24.4</ele>
      </trkpt>
      <trkpt lat="35.4427" lon="-120.89202">
        <ele>23.7</ele>
      </trkpt>
      <trkpt lat="35.44258" lon="-120.8918">
        <ele>23.6</ele>
      </trkpt>
      <trkpt lat="35.44251" lon="-120.89169">
        <ele>23.6</ele>
      </trkpt>
      <trkpt lat="35.44249" lon="-120.89166">
        <ele>23.5</ele>
      </trkpt>
      <trkpt lat="35.44239" lon="-120.89148">
        <ele>23.0</ele>
      </trkpt>
      <trkpt lat="35.44219" lon="-120.89118">
        <ele>23.3</ele>
      </trkpt>
      <trkpt lat="35.44219" lon="-120.89118">
        <ele>23.3</ele>
      </trkpt>
      <trkpt lat="35.44216" lon="-120.89114">
        <ele>23.4</ele>
      </trkpt>
      <trkpt lat="35.44216" lon="-120.89114">
        <ele>23.4</ele>
      </trkpt>
      <trkpt lat="35.44224" lon="-120.89089">
        <ele>24.9</ele>
      </trkpt>
      <trkpt lat="35.44238" lon="-120.89059">
        <ele>22.9</ele>
      </trkpt>
      <trkpt lat="35.44239" lon="-120.89058">
        <ele>22.8</ele>
      </trkpt>
      <trkpt lat="35.44242" lon="-120.8905">
        <ele>22.3</ele>
      </trkpt>
      <trkpt lat="35.44245" lon="-120.89045">
        <ele>22.0</ele>
      </trkpt>
      <trkpt lat="35.44261" lon="-120.89015">
        <ele>20.0</ele>
      </trkpt>
      <trkpt lat="35.44277" lon="-120.8899">
        <ele>19.7</ele>
      </trkpt>
      <trkpt lat="35.44277" lon="-120.8899">
        <ele>19.7</ele>
      </trkpt>
      <trkpt lat="35.44266" lon="-120.88977">
        <ele>16.6</ele>
      </trkpt>
      <trkpt lat="35.44249" lon="-120.88964">
        <ele>13.9</ele>
      </trkpt>
      <trkpt lat="35.44248" lon="-120.88964">
        <ele>13.8</ele>
      </trkpt>
      <trkpt lat="35.44219" lon="-120.88942">
        <ele>12.8</ele>
      </trkpt>
      <trkpt lat="35.44202" lon="-120.88931">
        <ele>12.7</ele>
      </trkpt>
      <trkpt lat="35.44202" lon="-120.8893">
        <ele>12.7</ele>
      </trkpt>
      <trkpt lat="35.44186" lon="-120.88919">
        <ele>12.3</ele>
      </trkpt>
      <trkpt lat="35.44171" lon="-120.88909">
        <ele>11.4</ele>
      </trkpt>
      <trkpt lat="35.4417" lon="-120.88908">
        <ele>11.3</ele>
      </trkpt>
      <trkpt lat="35.44155" lon="-120.88898">
        <ele>10.5</ele>
      </trkpt>
      <trkpt lat="35.44143" lon="-120.88889">
        <ele>10.1</ele>
      </trkpt>
      <trkpt lat="35.44137" lon="-120.88885">
        <ele>10.1</ele>
      </trkpt>
      <trkpt lat="35.44108" lon="-120.88865">
        <ele>9.9</ele>
      </trkpt>
      <trkpt lat="35.44105" lon="-120.88863">
        <ele>9.9</ele>
      </trkpt>
      <trkpt lat="35.44083" lon="-120.88848">
        <ele>9.8</ele>
      </trkpt>
      <trkpt lat="35.44045" lon="-120.88822">
        <ele>10.0</ele>
      </trkpt>
      <trkpt lat="35.44042" lon="-120.8882">
        <ele>10.1</ele>
      </trkpt>
      <trkpt lat="35.44027" lon="-120.88809">
        <ele>10.4</ele>
      </trkpt>
      <trkpt lat="35.44007" lon="-120.88796">
        <ele>10.3</ele>
      </trkpt>
      <trkpt lat="35.43997" lon="-120.88792">
        <ele>10.2</ele>
      </trkpt>
      <trkpt lat="35.4396" lon="-120.88787">
        <ele>9.1</ele>
      </trkpt>
      <trkpt lat="35.43943" lon="-120.88786">
        <ele>8.7</ele>
      </trkpt>
      <trkpt lat="35.43937" lon="-120.88782">
        <ele>8.7</ele>
      </trkpt>
      <trkpt lat="35.43934" lon="-120.88775">
        <ele>8.8</ele>
      </trkpt>
      <trkpt lat="35.4393" lon="-120.88767">
        <ele>8.9</ele>
      </trkpt>
      <trkpt lat="35.43922" lon="-120.8876">
        <ele>9.0</ele>
      </trkpt>
      <trkpt lat="35.43904" lon="-120.88749">
        <ele>8.8</ele>
      </trkpt>
      <trkpt lat="35.43892" lon="-120.88741">
        <ele>8.6</ele>
      </trkpt>
      <trkpt lat="35.43886" lon="-120.88732">
        <ele>8.8</ele>
      </trkpt>
      <trkpt lat="35.43881" lon="-120.88721">
        <ele>9.1</ele>
      </trkpt>
      <trkpt lat="35.43876" lon="-120.88713">
        <ele>9.3</ele>
      </trkpt>
      <trkpt lat="35.43872" lon="-120.88705">
        <ele>9.5</ele>
      </trkpt>
      <trkpt lat="35.43868" lon="-120.887">
        <ele>9.7</ele>
      </trkpt>
      <trkpt lat="35.43864" lon="-120.88697">
        <ele>9.8</ele>
      </trkpt>
      <trkpt lat="35.43859" lon="-120.8869">
        <ele>10.1</ele>
      </trkpt>
      <trkpt lat="35.43852" lon="-120.8869">
        <ele>10.3</ele>
      </trkpt>
      <trkpt lat="35.43829" lon="-120.88679">
        <ele>11.2</ele>
      </trkpt>
      <trkpt lat="35.43821" lon="-120.88676">
        <ele>11.1</ele>
      </trkpt>
      <trkpt lat="35.43788" lon="-120.88661">
        <ele>11.1</ele>
      </trkpt>
      <trkpt lat="35.43779" lon="-120.88658">
        <ele>11.2</ele>
      </trkpt>
      <trkpt lat="35.43778" lon="-120.88657">
        <ele>11.3</ele>
      </trkpt>
      <trkpt lat="35.43774" lon="-120.88656">
        <ele>11.3</ele>
      </trkpt>
      <trkpt lat="35.4376" lon="-120.88657">
        <ele>11.0</ele>
      </trkpt>
      <trkpt lat="35.43748" lon="-120.88658">
        <ele>10.5</ele>
      </trkpt>
      <trkpt lat="35.4373" lon="-120.88662">
        <ele>9.6</ele>
      </trkpt>
      <trkpt lat="35.43724" lon="-120.88663">
        <ele>9.3</ele>
      </trkpt>
      <trkpt lat="35.4372" lon="-120.88665">
        <ele>9.1</ele>
      </trkpt>
      <trkpt lat="35.43707" lon="-120.88668">
        <ele>8.7</ele>
      </trkpt>
      <trkpt lat="35.43703" lon="-120.88668">
        <ele>8.6</ele>
      </trkpt>
      <trkpt lat="35.43699" lon="-120.88668">
        <ele>8.7</ele>
      </trkpt>
      <trkpt lat="35.43695" lon="-120.88667">
        <ele>8.7</ele>
      </trkpt>
      <trkpt lat="35.43693" lon="-120.88666">
        <ele>8.7</ele>
      </trkpt>
      <trkpt lat="35.43689" lon="-120.88664">
        <ele>8.7</ele>
      </trkpt>
      <trkpt lat="35.43685" lon="-120.8866">
        <ele>8.7</ele>
      </trkpt>
      <trkpt lat="35.43676" lon="-120.88648">
        <ele>8.9</ele>
      </trkpt>
      <trkpt lat="35.43658" lon="-120.88624">
        <ele>9.9</ele>
      </trkpt>
      <trkpt lat="35.43652" lon="-120.88617">
        <ele>9.8</ele>
      </trkpt>
      <trkpt lat="35.43652" lon="-120.88617">
        <ele>9.8</ele>
      </trkpt>
      <trkpt lat="35.43638" lon="-120.88602">
        <ele>9.5</ele>
      </trkpt>
      <trkpt lat="35.43629" lon="-120.88592">
        <ele>10.0</ele>
      </trkpt>
      <trkpt lat="35.43624" lon="-120.88588">
        <ele>10.3</ele>
      </trkpt>
      <trkpt lat="35.43619" lon="-120.88585">
        <ele>10.6</ele>
      </trkpt>
      <trkpt lat="35.43612" lon="-120.88584">
        <ele>10.5</ele>
      </trkpt>
      <trkpt lat="35.43601" lon="-120.88581">
        <ele>10.4</ele>
      </trkpt>
      <trkpt lat="35.43589" lon="-120.88579">
        <ele>10.7</ele>
      </trkpt>
      <trkpt lat="35.43571" lon="-120.88577">
        <ele>12.0</ele>
      </trkpt>
      <trkpt lat="35.43553" lon="-120.88575">
        <ele>13.2</ele>
      </trkpt>
      <trkpt lat="35.43535" lon="-120.88573">
        <ele>13.7</ele>
      </trkpt>
      <trkpt lat="35.43518" lon="-120.88571">
        <ele>13.2</ele>
      </trkpt>
      <trkpt lat="35.43481" lon="-120.88566">
        <ele>12.3</ele>
      </trkpt>
      <trkpt lat="35.4347" lon="-120.88564">
        <ele>12.0</ele>
      </trkpt>
      <trkpt lat="35.43441" lon="-120.88555">
        <ele>11.0</ele>
      </trkpt>
      <trkpt lat="35.43429" lon="-120.8855">
        <ele>10.8</ele>
      </trkpt>
      <trkpt lat="35.43376" lon="-120.88531">
        <ele>11.8</ele>
      </trkpt>
      <trkpt lat="35.4336" lon="-120.88525">
        <ele>11.8</ele>
      </trkpt>
      <trkpt lat="35.4334" lon="-120.88521">
        <ele>11.9</ele>
      </trkpt>
      <trkpt lat="35.43313" lon="-120.88514">
        <ele>13.2</ele>
      </trkpt>
      <trkpt lat="35.433" lon="-120.88507">
        <ele>15.1</ele>
      </trkpt>
      <trkpt lat="35.43298" lon="-120.88506">
        <ele>15.4</ele>
      </trkpt>
      <trkpt lat="35.43295" lon="-120.88504">
        <ele>15.6</ele>
      </trkpt>
      <trkpt lat="35.43277" lon="-120.88493">
        <ele>15.4</ele>
      </trkpt>
      <trkpt lat="35.43246" lon="-120.88466">
        <ele>16.4</ele>
      </trkpt>
      <trkpt lat="35.43243" lon="-120.88463">
        <ele>16.3</ele>
      </trkpt>
      <trkpt lat="35.4324" lon="-120.8846">
        <ele>16.2</ele>
      </trkpt>
      <trkpt lat="35.43195" lon="-120.88419">
        <ele>18.2</ele>
      </trkpt>
      <trkpt lat="35.43041" lon="-120.88282">
        <ele>19.1</ele>
      </trkpt>
      <trkpt lat="35.43012" lon="-120.88255">
        <ele>17.9</ele>
      </trkpt>
      <trkpt lat="35.42997" lon="-120.88243">
        <ele>17.7</ele>
      </trkpt>
      <trkpt lat="35.42997" lon="-120.88242">
        <ele>17.7</ele>
      </trkpt>
      <trkpt lat="35.42951" lon="-120.88201">
        <ele>16.3</ele>
      </trkpt>
      <trkpt lat="35.4294" lon="-120.8819">
        <ele>15.7</ele>
      </trkpt>
      <trkpt lat="35.42934" lon="-120.88184">
        <ele>15.2</ele>
      </trkpt>
      <trkpt lat="35.42923" lon="-120.88173">
        <ele>14.2</ele>
      </trkpt>
      <trkpt lat="35.42923" lon="-120.88173">
        <ele>14.2</ele>
      </trkpt>
      <trkpt lat="35.42898" lon="-120.88147">
        <ele>12.7</ele>
      </trkpt>
      <trkpt lat="35.42886" lon="-120.88139">
        <ele>12.8</ele>
      </trkpt>
      <trkpt lat="35.42874" lon="-120.8813">
        <ele>12.8</ele>
      </trkpt>
      <trkpt lat="35.42851" lon="-120.88111">
        <ele>12.8</ele>
      </trkpt>
      <trkpt lat="35.42839" lon="-120.88101">
        <ele>12.8</ele>
      </trkpt>
      <trkpt lat="35.42817" lon="-120.88082">
        <ele>14.5</ele>
      </trkpt>
      <trkpt lat="35.42784" lon="-120.88055">
        <ele>17.6</ele>
      </trkpt>
      <trkpt lat="35.42773" lon="-120.88044">
        <ele>18.7</ele>
      </trkpt>
      <trkpt lat="35.42685" lon="-120.87963">
        <ele>22.5</ele>
      </trkpt>
      <trkpt lat="35.42666" lon="-120.87948">
        <ele>23.6</ele>
      </trkpt>
      <trkpt lat="35.42655" lon="-120.87939">
        <ele>24.1</ele>
      </trkpt>
      <trkpt lat="35.42654" lon="-120.87939">
        <ele>24.1</ele>
      </trkpt>
      <trkpt lat="35.42635" lon="-120.87928">
        <ele>23.9</ele>
      </trkpt>
      <trkpt lat="35.42612" lon="-120.87918">
        <ele>23.7</ele>
      </trkpt>
      <trkpt lat="35.4259" lon="-120.87912">
        <ele>23.4</ele>
      </trkpt>
      <trkpt lat="35.42561" lon="-120.87902">
        <ele>23.0</ele>
      </trkpt>
      <trkpt lat="35.42533" lon="-120.87893">
        <ele>22.4</ele>
      </trkpt>
      <trkpt lat="35.42487" lon="-120.87877">
        <ele>22.0</ele>
      </trkpt>
      <trkpt lat="35.42486" lon="-120.87876">
        <ele>22.1</ele>
      </trkpt>
      <trkpt lat="35.42451" lon="-120.87864">
        <ele>23.4</ele>
      </trkpt>
      <trkpt lat="35.42435" lon="-120.87859">
        <ele>23.9</ele>
      </trkpt>
      <trkpt lat="35.42406" lon="-120.87849">
        <ele>23.8</ele>
      </trkpt>
      <trkpt lat="35.42399" lon="-120.87847">
        <ele>23.7</ele>
      </trkpt>
      <trkpt lat="35.42382" lon="-120.8784">
        <ele>23.6</ele>
      </trkpt>
      <trkpt lat="35.42381" lon="-120.87839">
        <ele>23.6</ele>
      </trkpt>
      <trkpt lat="35.42333" lon="-120.87811">
        <ele>23.4</ele>
      </trkpt>
      <trkpt lat="35.42317" lon="-120.87803">
        <ele>22.7</ele>
      </trkpt>
      <trkpt lat="35.42301" lon="-120.87794">
        <ele>22.3</ele>
      </trkpt>
      <trkpt lat="35.42268" lon="-120.87776">
        <ele>22.0</ele>
      </trkpt>
      <trkpt lat="35.42251" lon="-120.87767">
        <ele>21.2</ele>
      </trkpt>
      <trkpt lat="35.42172" lon="-120.8772">
        <ele>19.3</ele>
      </trkpt>
      <trkpt lat="35.4217" lon="-120.8772">
        <ele>19.2</ele>
      </trkpt>
      <trkpt lat="35.42158" lon="-120.87714">
        <ele>18.8</ele>
      </trkpt>
      <trkpt lat="35.42158" lon="-120.87714">
        <ele>18.8</ele>
      </trkpt>
      <trkpt lat="35.42146" lon="-120.87708">
        <ele>18.1</ele>
      </trkpt>
      <trkpt lat="35.42146" lon="-120.87708">
        <ele>18.1</ele>
      </trkpt>
      <trkpt lat="35.42136" lon="-120.87726">
        <ele>17.3</ele>
      </trkpt>
      <trkpt lat="35.42131" lon="-120.8774">
        <ele>16.7</ele>
      </trkpt>
      <trkpt lat="35.421297" lon="-120.877439">
        <ele>16.4</ele>
      </trkpt>
      <trkpt lat="35.42126" lon="-120.87755">
        <ele>15.6</ele>
      </trkpt>
      <trkpt lat="35.42126" lon="-120.87755">
        <ele>15.6</ele>
      </trkpt>
      <trkpt lat="35.42112" lon="-120.87749">
        <ele>15.4</ele>
      </trkpt>
      <trkpt lat="35.42112" lon="-120.87749">
        <ele>15.4</ele>
      </trkpt>
      <trkpt lat="35.4209" lon="-120.87739">
        <ele>14.6</ele>
      </trkpt>
      <trkpt lat="35.42071" lon="-120.8773">
        <ele>14.0</ele>
      </trkpt>
      <trkpt lat="35.42043" lon="-120.87718">
        <ele>14.4</ele>
      </trkpt>
      <trkpt lat="35.42004" lon="-120.87699">
        <ele>14.1</ele>
      </trkpt>
      <trkpt lat="35.42002" lon="-120.87698">
        <ele>14.1</ele>
      </trkpt>
      <trkpt lat="35.41975" lon="-120.87685">
        <ele>14.7</ele>
      </trkpt>
      <trkpt lat="35.41942" lon="-120.87668">
        <ele>14.4</ele>
      </trkpt>
      <trkpt lat="35.41937" lon="-120.87665">
        <ele>14.7</ele>
      </trkpt>
      <trkpt lat="35.41914" lon="-120.87653">
        <ele>14.6</ele>
      </trkpt>
      <trkpt lat="35.41881" lon="-120.87634">
        <ele>14.4</ele>
      </trkpt>
      <trkpt lat="35.41872" lon="-120.87629">
        <ele>14.7</ele>
      </trkpt>
      <trkpt lat="35.41855" lon="-120.8762">
        <ele>14.3</ele>
      </trkpt>
      <trkpt lat="35.41828" lon="-120.87605">
        <ele>13.8</ele>
      </trkpt>
      <trkpt lat="35.4179" lon="-120.87584">
        <ele>13.2</ele>
      </trkpt>
      <trkpt lat="35.41708" lon="-120.87538">
        <ele>10.5</ele>
      </trkpt>
      <trkpt lat="35.41643" lon="-120.87501">
        <ele>9.7</ele>
      </trkpt>
      <trkpt lat="35.41583" lon="-120.87467">
        <ele>10.0</ele>
      </trkpt>
      <trkpt lat="35.4151" lon="-120.87426">
        <ele>10.4</ele>
      </trkpt>
      <trkpt lat="35.41483" lon="-120.8741">
        <ele>10.4</ele>
      </trkpt>
      <trkpt lat="35.41424" lon="-120.87377">
        <ele>9.6</ele>
      </trkpt>
      <trkpt lat="35.41399" lon="-120.87364">
        <ele>9.3</ele>
      </trkpt>
      <trkpt lat="35.4135" lon="-120.8734">
        <ele>8.7</ele>
      </trkpt>
      <trkpt lat="35.41328" lon="-120.8733">
        <ele>8.1</ele>
      </trkpt>
      <trkpt lat="35.41319" lon="-120.87326">
        <ele>7.8</ele>
      </trkpt>
      <trkpt lat="35.41288" lon="-120.87314">
        <ele>7.3</ele>
      </trkpt>
      <trkpt lat="35.41264" lon="-120.87305">
        <ele>7.4</ele>
      </trkpt>
      <trkpt lat="35.41245" lon="-120.87299">
        <ele>7.5</ele>
      </trkpt>
      <trkpt lat="35.41207" lon="-120.87287">
        <ele>7.7</ele>
      </trkpt>
      <trkpt lat="35.41193" lon="-120.87282">
        <ele>7.8</ele>
      </trkpt>
      <trkpt lat="35.4114" lon="-120.87267">
        <ele>8.2</ele>
      </trkpt>
      <trkpt lat="35.41053" lon="-120.87242">
        <ele>8.0</ele>
      </trkpt>
      <trkpt lat="35.41051" lon="-120.87242">
        <ele>8.0</ele>
      </trkpt>
      <trkpt lat="35.41038" lon="-120.87238">
        <ele>8.1</ele>
      </trkpt>
      <trkpt lat="35.41035" lon="-120.87237">
        <ele>8.1</ele>
      </trkpt>
      <trkpt lat="35.41007" lon="-120.8723">
        <ele>8.4</ele>
      </trkpt>
      <trkpt lat="35.41" lon="-120.87228">
        <ele>8.5</ele>
      </trkpt>
      <trkpt lat="35.40983" lon="-120.87222">
        <ele>8.6</ele>
      </trkpt>
      <trkpt lat="35.40969" lon="-120.87218">
        <ele>8.5</ele>
      </trkpt>
      <trkpt lat="35.4095" lon="-120.87212">
        <ele>8.6</ele>
      </trkpt>
      <trkpt lat="35.40932" lon="-120.87205">
        <ele>8.9</ele>
      </trkpt>
      <trkpt lat="35.40931" lon="-120.87205">
        <ele>8.9</ele>
      </trkpt>
      <trkpt lat="35.40914" lon="-120.87197">
        <ele>9.4</ele>
      </trkpt>
      <trkpt lat="35.40911" lon="-120.87196">
        <ele>9.4</ele>
      </trkpt>
      <trkpt lat="35.40887" lon="-120.87184">
        <ele>10.1</ele>
      </trkpt>
      <trkpt lat="35.40881" lon="-120.8718">
        <ele>10.5</ele>
      </trkpt>
      <trkpt lat="35.40874" lon="-120.87176">
        <ele>10.9</ele>
      </trkpt>
      <trkpt lat="35.4086" lon="-120.87168">
        <ele>11.4</ele>
      </trkpt>
      <trkpt lat="35.40847" lon="-120.87159">
        <ele>12.1</ele>
      </trkpt>
      <trkpt lat="35.40843" lon="-120.87157">
        <ele>12.4</ele>
      </trkpt>
      <trkpt lat="35.40831" lon="-120.87148">
        <ele>13.1</ele>
      </trkpt>
      <trkpt lat="35.40817" lon="-120.87137">
        <ele>15.9</ele>
      </trkpt>
      <trkpt lat="35.40803" lon="-120.87125">
        <ele>18.7</ele>
      </trkpt>
      <trkpt lat="35.40795" lon="-120.87119">
        <ele>19.5</ele>
      </trkpt>
      <trkpt lat="35.40787" lon="-120.87112">
        <ele>20.2</ele>
      </trkpt>
      <trkpt lat="35.4074" lon="-120.8707">
        <ele>21.5</ele>
      </trkpt>
      <trkpt lat="35.40697" lon="-120.87031">
        <ele>21.6</ele>
      </trkpt>
      <trkpt lat="35.40682" lon="-120.87018">
        <ele>21.5</ele>
      </trkpt>
      <trkpt lat="35.40653" lon="-120.86992">
        <ele>21.4</ele>
      </trkpt>
      <trkpt lat="35.40639" lon="-120.86979">
        <ele>21.4</ele>
      </trkpt>
      <trkpt lat="35.4061" lon="-120.86952">
        <ele>21.3</ele>
      </trkpt>
      <trkpt lat="35.40535" lon="-120.86884">
        <ele>17.1</ele>
      </trkpt>
      <trkpt lat="35.40477" lon="-120.86832">
        <ele>14.5</ele>
      </trkpt>
      <trkpt lat="35.40422" lon="-120.86782">
        <ele>14.1</ele>
      </trkpt>
      <trkpt lat="35.40422" lon="-120.86782">
        <ele>14.1</ele>
      </trkpt>
      <trkpt lat="35.40417" lon="-120.86789">
        <ele>13.7</ele>
      </trkpt>
      <trkpt lat="35.40414" lon="-120.86793">
        <ele>13.5</ele>
      </trkpt>
      <trkpt lat="35.40414" lon="-120.86793">
        <ele>13.5</ele>
      </trkpt>
      <trkpt lat="35.40405" lon="-120.86805">
        <ele>12.7</ele>
      </trkpt>
      <trkpt lat="35.40384" lon="-120.86832">
        <ele>11.0</ele>
      </trkpt>
      <trkpt lat="35.40374" lon="-120.86852">
        <ele>9.6</ele>
      </trkpt>
      <trkpt lat="35.40374" lon="-120.86852">
        <ele>9.6</ele>
      </trkpt>
      <trkpt lat="35.4034" lon="-120.86832">
        <ele>9.9</ele>
      </trkpt>
      <trkpt lat="35.40334" lon="-120.86828">
        <ele>10.0</ele>
      </trkpt>
      <trkpt lat="35.40331" lon="-120.86825">
        <ele>10.1</ele>
      </trkpt>
      <trkpt lat="35.40328" lon="-120.86822">
        <ele>10.2</ele>
      </trkpt>
      <trkpt lat="35.40321" lon="-120.86817">
        <ele>10.3</ele>
      </trkpt>
      <trkpt lat="35.4031" lon="-120.86807">
        <ele>10.8</ele>
      </trkpt>
      <trkpt lat="35.403" lon="-120.86798">
        <ele>11.1</ele>
      </trkpt>
      <trkpt lat="35.403" lon="-120.86798">
        <ele>11.1</ele>
      </trkpt>
      <trkpt lat="35.40299" lon="-120.86797">
        <ele>11.1</ele>
      </trkpt>
      <trkpt lat="35.40291" lon="-120.86787">
        <ele>11.5</ele>
      </trkpt>
      <trkpt lat="35.40251" lon="-120.86755">
        <ele>11.5</ele>
      </trkpt>
      <trkpt lat="35.40228" lon="-120.86736">
        <ele>11.1</ele>
      </trkpt>
      <trkpt lat="35.40211" lon="-120.86723">
        <ele>10.9</ele>
      </trkpt>
      <trkpt lat="35.40189" lon="-120.86706">
        <ele>10.3</ele>
      </trkpt>
      <trkpt lat="35.4017" lon="-120.86693">
        <ele>10.0</ele>
      </trkpt>
      <trkpt lat="35.40128" lon="-120.86664">
        <ele>9.1</ele>
      </trkpt>
      <trkpt lat="35.40111" lon="-120.86654">
        <ele>8.7</ele>
      </trkpt>
      <trkpt lat="35.40085" lon="-120.86638">
        <ele>8.3</ele>
      </trkpt>
      <trkpt lat="35.40064" lon="-120.86629">
        <ele>8.0</ele>
      </trkpt>
      <trkpt lat="35.40038" lon="-120.8662">
        <ele>7.9</ele>
      </trkpt>
      <trkpt lat="35.4003" lon="-120.86617">
        <ele>7.9</ele>
      </trkpt>
      <trkpt lat="35.40023" lon="-120.86615">
        <ele>7.9</ele>
      </trkpt>
      <trkpt lat="35.39999" lon="-120.8661">
        <ele>7.9</ele>
      </trkpt>
      <trkpt lat="35.3999" lon="-120.86606">
        <ele>7.9</ele>
      </trkpt>
      <trkpt lat="35.3998" lon="-120.866">
        <ele>7.9</ele>
      </trkpt>
      <trkpt lat="35.39958" lon="-120.86586">
        <ele>8.0</ele>
      </trkpt>
      <trkpt lat="35.39916" lon="-120.8656">
        <ele>8.1</ele>
      </trkpt>
      <trkpt lat="35.39874" lon="-120.86532">
        <ele>8.1</ele>
      </trkpt>
      <trkpt lat="35.39845" lon="-120.86516">
        <ele>7.6</ele>
      </trkpt>
      <trkpt lat="35.39839" lon="-120.86512">
        <ele>7.5</ele>
      </trkpt>
      <trkpt lat="35.39838" lon="-120.8651">
        <ele>7.5</ele>
      </trkpt>
      <trkpt lat="35.39837" lon="-120.86508">
        <ele>7.5</ele>
      </trkpt>
      <trkpt lat="35.39837" lon="-120.86505">
        <ele>7.6</ele>
      </trkpt>
      <trkpt lat="35.39836" lon="-120.86503">
        <ele>7.6</ele>
      </trkpt>
      <trkpt lat="35.39836" lon="-120.865">
        <ele>7.6</ele>
      </trkpt>
      <trkpt lat="35.39837" lon="-120.86497">
        <ele>7.6</ele>
      </trkpt>
      <trkpt lat="35.39837" lon="-120.86497">
        <ele>7.6</ele>
      </trkpt>
      <trkpt lat="35.39849" lon="-120.86469">
        <ele>8.0</ele>
      </trkpt>
      <trkpt lat="35.39849" lon="-120.86469">
        <ele>8.0</ele>
      </trkpt>
      <trkpt lat="35.39861" lon="-120.86443">
        <ele>8.4</ele>
      </trkpt>
      <trkpt lat="35.39861" lon="-120.86443">
        <ele>8.4</ele>
      </trkpt>
      <trkpt lat="35.3983" lon="-120.86422">
        <ele>7.9</ele>
      </trkpt>
      <trkpt lat="35.39815" lon="-120.86413">
        <ele>7.9</ele>
      </trkpt>
      <trkpt lat="35.3981" lon="-120.8641">
        <ele>8.0</ele>
      </trkpt>
      <trkpt lat="35.398" lon="-120.86405">
        <ele>8.1</ele>
      </trkpt>
      <trkpt lat="35.39787" lon="-120.86402">
        <ele>8.3</ele>
      </trkpt>
      <trkpt lat="35.39781" lon="-120.86401">
        <ele>8.4</ele>
      </trkpt>
      <trkpt lat="35.39781" lon="-120.86401">
        <ele>8.4</ele>
      </trkpt>
      <trkpt lat="35.39759" lon="-120.86396">
        <ele>8.8</ele>
      </trkpt>
      <trkpt lat="35.39719" lon="-120.8639">
        <ele>9.4</ele>
      </trkpt>
      <trkpt lat="35.39678" lon="-120.86381">
        <ele>9.7</ele>
      </trkpt>
      <trkpt lat="35.39634" lon="-120.86373">
        <ele>10.0</ele>
      </trkpt>
      <trkpt lat="35.39591" lon="-120.86366">
        <ele>10.0</ele>
      </trkpt>
      <trkpt lat="35.3955" lon="-120.86358">
        <ele>9.9</ele>
      </trkpt>
      <trkpt lat="35.3951" lon="-120.86348">
        <ele>9.8</ele>
      </trkpt>
      <trkpt lat="35.39469" lon="-120.86341">
        <ele>9.5</ele>
      </trkpt>
      <trkpt lat="35.39428" lon="-120.86334">
        <ele>9.3</ele>
      </trkpt>
      <trkpt lat="35.39387" lon="-120.86327">
        <ele>9.0</ele>
      </trkpt>
      <trkpt lat="35.39346" lon="-120.86319">
        <ele>8.7</ele>
      </trkpt>
      <trkpt lat="35.39306" lon="-120.86313">
        <ele>8.1</ele>
      </trkpt>
      <trkpt lat="35.39261" lon="-120.86303">
        <ele>7.7</ele>
      </trkpt>
      <trkpt lat="35.39261" lon="-120.86303">
        <ele>7.7</ele>
      </trkpt>
      <trkpt lat="35.39272" lon="-120.86222">
        <ele>9.7</ele>
      </trkpt>
      <trkpt lat="35.39276" lon="-120.86194">
        <ele>10.2</ele>
      </trkpt>
      <trkpt lat="35.39284" lon="-120.86138">
        <ele>11.4</ele>
      </trkpt>
      <trkpt lat="35.39284" lon="-120.86138">
        <ele>11.4</ele>
      </trkpt>
      <trkpt lat="35.39275" lon="-120.86133">
        <ele>11.4</ele>
      </trkpt>
      <trkpt lat="35.39268" lon="-120.86125">
        <ele>11.5</ele>
      </trkpt>
      <trkpt lat="35.39263" lon="-120.86121">
        <ele>11.5</ele>
      </trkpt>
      <trkpt lat="35.39256" lon="-120.86112">
        <ele>11.6</ele>
      </trkpt>
      <trkpt lat="35.39252" lon="-120.86109">
        <ele>11.6</ele>
      </trkpt>
      <trkpt lat="35.39248" lon="-120.86106">
        <ele>11.7</ele>
      </trkpt>
      <trkpt lat="35.39246" lon="-120.86104">
        <ele>11.7</ele>
      </trkpt>
      <trkpt lat="35.39243" lon="-120.86102">
        <ele>11.8</ele>
      </trkpt>
      <trkpt lat="35.3924" lon="-120.86098">
        <ele>11.9</ele>
      </trkpt>
      <trkpt lat="35.39229" lon="-120.86087">
        <ele>12.0</ele>
      </trkpt>
      <trkpt lat="35.39206" lon="-120.86064">
        <ele>12.3</ele>
      </trkpt>
      <trkpt lat="35.3919" lon="-120.86051">
        <ele>12.4</ele>
      </trkpt>
      <trkpt lat="35.3919" lon="-120.86051">
        <ele>12.4</ele>
      </trkpt>
      <trkpt lat="35.39188" lon="-120.86052">
        <ele>12.4</ele>
      </trkpt>
      <trkpt lat="35.39187" lon="-120.86052">
        <ele>12.4</ele>
      </trkpt>
      <trkpt lat="35.39186" lon="-120.86053">
        <ele>12.3</ele>
      </trkpt>
      <trkpt lat="35.39185" lon="-120.86053">
        <ele>12.3</ele>
      </trkpt>
      <trkpt lat="35.39183" lon="-120.86052">
        <ele>12.3</ele>
      </trkpt>
      <trkpt lat="35.39179" lon="-120.8605">
        <ele>12.4</ele>
      </trkpt>
      <trkpt lat="35.39171" lon="-120.86045">
        <ele>12.4</ele>
      </trkpt>
      <trkpt lat="35.39171" lon="-120.86045">
        <ele>12.4</ele>
      </trkpt>
      <trkpt lat="35.39159" lon="-120.86038">
        <ele>12.4</ele>
      </trkpt>
      <trkpt lat="35.39141" lon="-120.86029">
        <ele>12.1</ele>
      </trkpt>
      <trkpt lat="35.39124" lon="-120.86023">
        <ele>11.7</ele>
      </trkpt>
      <trkpt lat="35.39102" lon="-120.86017">
        <ele>11.4</ele>
      </trkpt>
      <trkpt lat="35.39092" lon="-120.86015">
        <ele>11.2</ele>
      </trkpt>
      <trkpt lat="35.39084" lon="-120.86014">
        <ele>11.1</ele>
      </trkpt>
      <trkpt lat="35.39067" lon="-120.86012">
        <ele>10.8</ele>
      </trkpt>
      <trkpt lat="35.3905" lon="-120.86012">
        <ele>10.6</ele>
      </trkpt>
      <trkpt lat="35.39032" lon="-120.86012">
        <ele>10.4</ele>
      </trkpt>
      <trkpt lat="35.39018" lon="-120.86011">
        <ele>10.3</ele>
      </trkpt>
      <trkpt lat="35.39004" lon="-120.86009">
        <ele>10.2</ele>
      </trkpt>
      <trkpt lat="35.3898" lon="-120.86005">
        <ele>10.0</ele>
      </trkpt>
      <trkpt lat="35.38964" lon="-120.86001">
        <ele>9.9</ele>
      </trkpt>
      <trkpt lat="35.38964" lon="-120.86001">
        <ele>9.9</ele>
      </trkpt>
      <trkpt lat="35.38961" lon="-120.86007">
        <ele>9.8</ele>
      </trkpt>
      <trkpt lat="35.3896" lon="-120.86009">
        <ele>9.8</ele>
      </trkpt>
      <trkpt lat="35.38959" lon="-120.86012">
        <ele>9.7</ele>
      </trkpt>
      <trkpt lat="35.38958" lon="-120.86014">
        <ele>9.7</ele>
      </trkpt>
      <trkpt lat="35.38957" lon="-120.86015">
        <ele>9.7</ele>
      </trkpt>
      <trkpt lat="35.38954" lon="-120.86018">
        <ele>9.6</ele>
      </trkpt>
      <trkpt lat="35.3895" lon="-120.86021">
        <ele>9.5</ele>
      </trkpt>
      <trkpt lat="35.38946" lon="-120.86022">
        <ele>9.5</ele>
      </trkpt>
      <trkpt lat="35.3894" lon="-120.86021">
        <ele>9.5</ele>
      </trkpt>
      <trkpt lat="35.38931" lon="-120.86018">
        <ele>9.5</ele>
      </trkpt>
      <trkpt lat="35.38923" lon="-120.86015">
        <ele>9.5</ele>
      </trkpt>
      <trkpt lat="35.38918" lon="-120.86013">
        <ele>9.5</ele>
      </trkpt>
      <trkpt lat="35.38915" lon="-120.86013">
        <ele>9.5</ele>
      </trkpt>
      <trkpt lat="35.38899" lon="-120.86017">
        <ele>9.3</ele>
      </trkpt>
      <trkpt lat="35.3889" lon="-120.86024">
        <ele>9.2</ele>
      </trkpt>
      <trkpt lat="35.38884" lon="-120.86031">
        <ele>9.0</ele>
      </trkpt>
      <trkpt lat="35.3888" lon="-120.86039">
        <ele>8.9</ele>
      </trkpt>
      <trkpt lat="35.38874" lon="-120.86054">
        <ele>8.7</ele>
      </trkpt>
      <trkpt lat="35.38874" lon="-120.86054">
        <ele>8.7</ele>
      </trkpt>
      <trkpt lat="35.38867" lon="-120.86051">
        <ele>8.7</ele>
      </trkpt>
      <trkpt lat="35.38863" lon="-120.86048">
        <ele>8.7</ele>
      </trkpt>
      <trkpt lat="35.3886" lon="-120.86043">
        <ele>8.8</ele>
      </trkpt>
      <trkpt lat="35.38858" lon="-120.86038">
        <ele>8.8</ele>
      </trkpt>
      <trkpt lat="35.38856" lon="-120.86035">
        <ele>8.8</ele>
      </trkpt>
      <trkpt lat="35.38853" lon="-120.86033">
        <ele>8.8</ele>
      </trkpt>
      <trkpt lat="35.38845" lon="-120.86031">
        <ele>8.8</ele>
      </trkpt>
      <trkpt lat="35.38845" lon="-120.86031">
        <ele>8.8</ele>
      </trkpt>
      <trkpt lat="35.38846" lon="-120.86021">
        <ele>8.9</ele>
      </trkpt>
      <trkpt lat="35.38848" lon="-120.86014">
        <ele>9.0</ele>
      </trkpt>
      <trkpt lat="35.38851" lon="-120.86007">
        <ele>9.1</ele>
      </trkpt>
      <trkpt lat="35.38851" lon="-120.86007">
        <ele>9.1</ele>
      </trkpt>
      <trkpt lat="35.3882" lon="-120.85983">
        <ele>9.2</ele>
      </trkpt>
      <trkpt lat="35.38817" lon="-120.85975">
        <ele>9.2</ele>
      </trkpt>
      <trkpt lat="35.38816" lon="-120.85972">
        <ele>9.3</ele>
      </trkpt>
      <trkpt lat="35.38815" lon="-120.85969">
        <ele>9.3</ele>
      </trkpt>
      <trkpt lat="35.38815" lon="-120.85966">
        <ele>9.3</ele>
      </trkpt>
      <trkpt lat="35.38815" lon="-120.85962">
        <ele>9.4</ele>
      </trkpt>
      <trkpt lat="35.38816" lon="-120.85957">
        <ele>9.4</ele>
      </trkpt>
      <trkpt lat="35.38822" lon="-120.85934">
        <ele>9.8</ele>
      </trkpt>
      <trkpt lat="35.38825" lon="-120.85928">
        <ele>9.9</ele>
      </trkpt>
      <trkpt lat="35.38827" lon="-120.85921">
        <ele>10.1</ele>
      </trkpt>
      <trkpt lat="35.38827" lon="-120.85921">
        <ele>10.1</ele>
      </trkpt>
      <trkpt lat="35.38837" lon="-120.85916">
        <ele>10.2</ele>
      </trkpt>
      <trkpt lat="35.38837" lon="-120.85916">
        <ele>10.2</ele>
      </trkpt>
      <trkpt lat="35.38838" lon="-120.85916">
        <ele>10.2</ele>
      </trkpt>
      <trkpt lat="35.38839" lon="-120.8591">
        <ele>10.3</ele>
      </trkpt>
      <trkpt lat="35.38838" lon="-120.85904">
        <ele>10.4</ele>
      </trkpt>
      <trkpt lat="35.38836" lon="-120.85901">
        <ele>10.4</ele>
      </trkpt>
      <trkpt lat="35.38833" lon="-120.85898">
        <ele>10.5</ele>
      </trkpt>
      <trkpt lat="35.38828" lon="-120.85895">
        <ele>10.5</ele>
      </trkpt>
      <trkpt lat="35.38804" lon="-120.85885">
        <ele>10.6</ele>
      </trkpt>
      <trkpt lat="35.38775" lon="-120.85873">
        <ele>10.4</ele>
      </trkpt>
      <trkpt lat="35.38768" lon="-120.85871">
        <ele>10.4</ele>
      </trkpt>
      <trkpt lat="35.38759" lon="-120.8587">
        <ele>10.3</ele>
      </trkpt>
      <trkpt lat="35.38757" lon="-120.85871">
        <ele>10.3</ele>
      </trkpt>
      <trkpt lat="35.38752" lon="-120.85872">
        <ele>10.2</ele>
      </trkpt>
      <trkpt lat="35.38747" lon="-120.85873">
        <ele>10.1</ele>
      </trkpt>
      <trkpt lat="35.38743" lon="-120.85873">
        <ele>10.1</ele>
      </trkpt>
      <trkpt lat="35.3874" lon="-120.85873">
        <ele>10.1</ele>
      </trkpt>
      <trkpt lat="35.38734" lon="-120.85873">
        <ele>10.0</ele>
      </trkpt>
      <trkpt lat="35.38728" lon="-120.8587">
        <ele>10.0</ele>
      </trkpt>
      <trkpt lat="35.38724" lon="-120.85868">
        <ele>10.0</ele>
      </trkpt>
      <trkpt lat="35.38722" lon="-120.85867">
        <ele>10.0</ele>
      </trkpt>
      <trkpt lat="35.38719" lon="-120.85865">
        <ele>10.0</ele>
      </trkpt>
      <trkpt lat="35.38711" lon="-120.85857">
        <ele>10.1</ele>
      </trkpt>
      <trkpt lat="35.38707" lon="-120.85854">
        <ele>10.1</ele>
      </trkpt>
      <trkpt lat="35.38705" lon="-120.85852">
        <ele>10.1</ele>
      </trkpt>
      <trkpt lat="35.38696" lon="-120.85843">
        <ele>10.2</ele>
      </trkpt>
      <trkpt lat="35.38693" lon="-120.85841">
        <ele>10.2</ele>
      </trkpt>
      <trkpt lat="35.38688" lon="-120.85838">
        <ele>10.2</ele>
      </trkpt>
      <trkpt lat="35.38681" lon="-120.85834">
        <ele>10.2</ele>
      </trkpt>
      <trkpt lat="35.38673" lon="-120.8583">
        <ele>10.1</ele>
      </trkpt>
      <trkpt lat="35.38664" lon="-120.85827">
        <ele>10.0</ele>
      </trkpt>
      <trkpt lat="35.38659" lon="-120.85826">
        <ele>9.9</ele>
      </trkpt>
      <trkpt lat="35.38654" lon="-120.85826">
        <ele>9.9</ele>
      </trkpt>
      <trkpt lat="35.38642" lon="-120.85825">
        <ele>9.7</ele>
      </trkpt>
      <trkpt lat="35.38641" lon="-120.85825">
        <ele>9.7</ele>
      </trkpt>
      <trkpt lat="35.38622" lon="-120.85826">
        <ele>9.3</ele>
      </trkpt>
      <trkpt lat="35.38612" lon="-120.85826">
        <ele>9.2</ele>
      </trkpt>
      <trkpt lat="35.38606" lon="-120.85825">
        <ele>9.1</ele>
      </trkpt>
      <trkpt lat="35.38601" lon="-120.85823">
        <ele>9.0</ele>
      </trkpt>
      <trkpt lat="35.38591" lon="-120.85819">
        <ele>9.0</ele>
      </trkpt>
      <trkpt lat="35.38569" lon="-120.85807">
        <ele>8.9</ele>
      </trkpt>
      <trkpt lat="35.38557" lon="-120.858">
        <ele>8.8</ele>
      </trkpt>
      <trkpt lat="35.38542" lon="-120.85793">
        <ele>8.6</ele>
      </trkpt>
      <trkpt lat="35.38525" lon="-120.85787">
        <ele>8.4</ele>
      </trkpt>
      <trkpt lat="35.3852" lon="-120.85786">
        <ele>8.3</ele>
      </trkpt>
      <trkpt lat="35.38514" lon="-120.85782">
        <ele>8.3</ele>
      </trkpt>
      <trkpt lat="35.38507" lon="-120.85778">
        <ele>8.3</ele>
      </trkpt>
      <trkpt lat="35.385" lon="-120.8577">
        <ele>8.5</ele>
      </trkpt>
      <trkpt lat="35.38492" lon="-120.85765">
        <ele>8.5</ele>
      </trkpt>
      <trkpt lat="35.38489" lon="-120.85762">
        <ele>8.6</ele>
      </trkpt>
      <trkpt lat="35.38487" lon="-120.85761">
        <ele>8.6</ele>
      </trkpt>
      <trkpt lat="35.38478" lon="-120.85757">
        <ele>8.6</ele>
      </trkpt>
      <trkpt lat="35.38472" lon="-120.85755">
        <ele>8.6</ele>
      </trkpt>
      <trkpt lat="35.38466" lon="-120.85753">
        <ele>8.6</ele>
      </trkpt>
      <trkpt lat="35.38466" lon="-120.85753">
        <ele>8.6</ele>
      </trkpt>
      <trkpt lat="35.38466" lon="-120.85753">
        <ele>8.6</ele>
      </trkpt>
      <trkpt lat="35.38462" lon="-120.85751">
        <ele>8.6</ele>
      </trkpt>
      <trkpt lat="35.38455" lon="-120.85748">
        <ele>8.6</ele>
      </trkpt>
      <trkpt lat="35.38438" lon="-120.85742">
        <ele>8.6</ele>
      </trkpt>
      <trkpt lat="35.38432" lon="-120.8574">
        <ele>8.6</ele>
      </trkpt>
      <trkpt lat="35.38425" lon="-120.85735">
        <ele>8.7</ele>
      </trkpt>
      <trkpt lat="35.38422" lon="-120.85731">
        <ele>8.7</ele>
      </trkpt>
      <trkpt lat="35.3842" lon="-120.85728">
        <ele>8.8</ele>
      </trkpt>
      <trkpt lat="35.38416" lon="-120.85724">
        <ele>8.8</ele>
      </trkpt>
      <trkpt lat="35.3841" lon="-120.85719">
        <ele>8.9</ele>
      </trkpt>
      <trkpt lat="35.38408" lon="-120.85718">
        <ele>8.9</ele>
      </trkpt>
      <trkpt lat="35.38376" lon="-120.85704">
        <ele>9.1</ele>
      </trkpt>
      <trkpt lat="35.38331" lon="-120.8569">
        <ele>9.1</ele>
      </trkpt>
      <trkpt lat="35.38322" lon="-120.85686">
        <ele>9.2</ele>
      </trkpt>
      <trkpt lat="35.38319" lon="-120.85684">
        <ele>9.2</ele>
      </trkpt>
      <trkpt lat="35.38313" lon="-120.85683">
        <ele>9.1</ele>
      </trkpt>
      <trkpt lat="35.38306" lon="-120.85683">
        <ele>9.0</ele>
      </trkpt>
      <trkpt lat="35.383" lon="-120.85682">
        <ele>8.9</ele>
      </trkpt>
      <trkpt lat="35.38288" lon="-120.85675">
        <ele>9.0</ele>
      </trkpt>
      <trkpt lat="35.38271" lon="-120.85669">
        <ele>8.9</ele>
      </trkpt>
      <trkpt lat="35.38271" lon="-120.85668">
        <ele>8.9</ele>
      </trkpt>
      <trkpt lat="35.38257" lon="-120.85664">
        <ele>8.7</ele>
      </trkpt>
      <trkpt lat="35.38214" lon="-120.85653">
        <ele>8.3</ele>
      </trkpt>
      <trkpt lat="35.38182" lon="-120.85647">
        <ele>8.5</ele>
      </trkpt>
      <trkpt lat="35.38165" lon="-120.85643">
        <ele>8.9</ele>
      </trkpt>
      <trkpt lat="35.38147" lon="-120.8564">
        <ele>9.0</ele>
      </trkpt>
      <trkpt lat="35.38146" lon="-120.8564">
        <ele>9.0</ele>
      </trkpt>
      <trkpt lat="35.38143" lon="-120.8564">
        <ele>9.0</ele>
      </trkpt>
      <trkpt lat="35.38141" lon="-120.85647">
        <ele>8.8</ele>
      </trkpt>
      <trkpt lat="35.38134" lon="-120.85697">
        <ele>7.7</ele>
      </trkpt>
      <trkpt lat="35.38131" lon="-120.85703">
        <ele>7.5</ele>
      </trkpt>
      <trkpt lat="35.38128" lon="-120.85707">
        <ele>7.5</ele>
      </trkpt>
      <trkpt lat="35.38123" lon="-120.85708">
        <ele>7.5</ele>
      </trkpt>
      <trkpt lat="35.38118" lon="-120.85708">
        <ele>7.6</ele>
      </trkpt>
      <trkpt lat="35.38112" lon="-120.85706">
        <ele>7.7</ele>
      </trkpt>
      <trkpt lat="35.38101" lon="-120.85702">
        <ele>7.8</ele>
      </trkpt>
      <trkpt lat="35.38066" lon="-120.85688">
        <ele>7.7</ele>
      </trkpt>
      <trkpt lat="35.38065" lon="-120.85688">
        <ele>7.7</ele>
      </trkpt>
      <trkpt lat="35.38057" lon="-120.85683">
        <ele>7.7</ele>
      </trkpt>
      <trkpt lat="35.3805" lon="-120.85681">
        <ele>7.7</ele>
      </trkpt>
      <trkpt lat="35.38036" lon="-120.85677">
        <ele>7.6</ele>
      </trkpt>
      <trkpt lat="35.38008" lon="-120.85667">
        <ele>7.6</ele>
      </trkpt>
      <trkpt lat="35.38008" lon="-120.85667">
        <ele>7.6</ele>
      </trkpt>
      <trkpt lat="35.37997" lon="-120.85664">
        <ele>7.6</ele>
      </trkpt>
      <trkpt lat="35.37997" lon="-120.85664">
        <ele>7.6</ele>
      </trkpt>
      <trkpt lat="35.38" lon="-120.85686">
        <ele>7.4</ele>
      </trkpt>
      <trkpt lat="35.38002" lon="-120.85713">
        <ele>7.2</ele>
      </trkpt>
      <trkpt lat="35.38006" lon="-120.85757">
        <ele>6.9</ele>
      </trkpt>
      <trkpt lat="35.38007" lon="-120.85775">
        <ele>6.7</ele>
      </trkpt>
      <trkpt lat="35.38008" lon="-120.85783">
        <ele>6.6</ele>
      </trkpt>
      <trkpt lat="35.38012" lon="-120.85822">
        <ele>6.3</ele>
      </trkpt>
      <trkpt lat="35.38013" lon="-120.85837">
        <ele>6.1</ele>
      </trkpt>
      <trkpt lat="35.38015" lon="-120.85849">
        <ele>6.0</ele>
      </trkpt>
      <trkpt lat="35.38016" lon="-120.85861">
        <ele>5.9</ele>
      </trkpt>
      <trkpt lat="35.38015" lon="-120.85875">
        <ele>5.8</ele>
      </trkpt>
      <trkpt lat="35.38015" lon="-120.85894">
        <ele>5.6</ele>
      </trkpt>
      <trkpt lat="35.38014" lon="-120.85904">
        <ele>5.5</ele>
      </trkpt>
      <trkpt lat="35.38014" lon="-120.85904">
        <ele>5.5</ele>
      </trkpt>
      <trkpt lat="35.38014" lon="-120.85913">
        <ele>5.4</ele>
      </trkpt>
      <trkpt lat="35.37995" lon="-120.86052">
        <ele>4.4</ele>
      </trkpt>
      <trkpt lat="35.37992" lon="-120.86071">
        <ele>4.2</ele>
      </trkpt>
      <trkpt lat="35.37992" lon="-120.86077">
        <ele>4.2</ele>
      </trkpt>
      <trkpt lat="35.37988" lon="-120.86103">
        <ele>4.2</ele>
      </trkpt>
      <trkpt lat="35.37985" lon="-120.86117">
        <ele>4.1</ele>
      </trkpt>
      <trkpt lat="35.37983" lon="-120.86127">
        <ele>4.1</ele>
      </trkpt>
      <trkpt lat="35.3798" lon="-120.86137">
        <ele>4.0</ele>
      </trkpt>
      <trkpt lat="35.37977" lon="-120.86142">
        <ele>4.0</ele>
      </trkpt>
      <trkpt lat="35.37975" lon="-120.86148">
        <ele>3.9</ele>
      </trkpt>
      <trkpt lat="35.37973" lon="-120.86153">
        <ele>3.9</ele>
      </trkpt>
      <trkpt lat="35.3797" lon="-120.86159">
        <ele>3.9</ele>
      </trkpt>
      <trkpt lat="35.37967" lon="-120.86164">
        <ele>3.8</ele>
      </trkpt>
      <trkpt lat="35.37963" lon="-120.86169">
        <ele>3.7</ele>
      </trkpt>
      <trkpt lat="35.37959" lon="-120.86174">
        <ele>3.7</ele>
      </trkpt>
      <trkpt lat="35.37956" lon="-120.86178">
        <ele>3.7</ele>
      </trkpt>
      <trkpt lat="35.37955" lon="-120.86179">
        <ele>3.6</ele>
      </trkpt>
      <trkpt lat="35.37948" lon="-120.86186">
        <ele>3.6</ele>
      </trkpt>
      <trkpt lat="35.37942" lon="-120.8619">
        <ele>3.5</ele>
      </trkpt>
      <trkpt lat="35.37936" lon="-120.86195">
        <ele>3.5</ele>
      </trkpt>
      <trkpt lat="35.37929" lon="-120.86198">
        <ele>3.5</ele>
      </trkpt>
      <trkpt lat="35.37929" lon="-120.86198">
        <ele>3.5</ele>
      </trkpt>
      <trkpt lat="35.37918" lon="-120.86205">
        <ele>3.3</ele>
      </trkpt>
      <trkpt lat="35.37912" lon="-120.86207">
        <ele>3.2</ele>
      </trkpt>
      <trkpt lat="35.37909" lon="-120.86209">
        <ele>3.2</ele>
      </trkpt>
      <trkpt lat="35.37906" lon="-120.86209">
        <ele>3.2</ele>
      </trkpt>
      <trkpt lat="35.37904" lon="-120.8621">
        <ele>3.2</ele>
      </trkpt>
      <trkpt lat="35.379" lon="-120.86211">
        <ele>3.1</ele>
      </trkpt>
      <trkpt lat="35.37891" lon="-120.86213">
        <ele>3.0</ele>
      </trkpt>
      <trkpt lat="35.37883" lon="-120.86213">
        <ele>3.0</ele>
      </trkpt>
      <trkpt lat="35.37873" lon="-120.86212">
        <ele>3.0</ele>
      </trkpt>
      <trkpt lat="35.3785" lon="-120.86208">
        <ele>3.0</ele>
      </trkpt>
      <trkpt lat="35.37847" lon="-120.86207">
        <ele>2.9</ele>
      </trkpt>
      <trkpt lat="35.37833" lon="-120.86205">
        <ele>3.0</ele>
      </trkpt>
      <trkpt lat="35.37698" lon="-120.86179">
        <ele>3.0</ele>
      </trkpt>
      <trkpt lat="35.37698" lon="-120.86179">
        <ele>3.0</ele>
      </trkpt>
      <trkpt lat="35.376865" lon="-120.86177">
        <ele>2.9</ele>
      </trkpt>
      <trkpt lat="35.37661" lon="-120.861726">
        <ele>3.4</ele>
      </trkpt>
      <trkpt lat="35.37652" lon="-120.86171">
        <ele>3.5</ele>
      </trkpt>
      <trkpt lat="35.37634" lon="-120.86167">
        <ele>3.7</ele>
      </trkpt>
      <trkpt lat="35.37616" lon="-120.86164">
        <ele>3.9</ele>
      </trkpt>
      <trkpt lat="35.37599" lon="-120.8616">
        <ele>4.1</ele>
      </trkpt>
      <trkpt lat="35.37586" lon="-120.86158">
        <ele>4.2</ele>
      </trkpt>
      <trkpt lat="35.37532" lon="-120.86148">
        <ele>5.5</ele>
      </trkpt>
      <trkpt lat="35.37461" lon="-120.86136">
        <ele>5.8</ele>
      </trkpt>
      <trkpt lat="35.3743" lon="-120.8613">
        <ele>6.0</ele>
      </trkpt>
      <trkpt lat="35.37426" lon="-120.8613">
        <ele>6.0</ele>
      </trkpt>
      <trkpt lat="35.37408" lon="-120.86127">
        <ele>6.3</ele>
      </trkpt>
      <trkpt lat="35.37372" lon="-120.8612">
        <ele>6.9</ele>
      </trkpt>
      <trkpt lat="35.3736" lon="-120.86118">
        <ele>7.2</ele>
      </trkpt>
      <trkpt lat="35.37344" lon="-120.86114">
        <ele>7.6</ele>
      </trkpt>
      <trkpt lat="35.37332" lon="-120.86107">
        <ele>7.9</ele>
      </trkpt>
      <trkpt lat="35.37319" lon="-120.86098">
        <ele>8.1</ele>
      </trkpt>
      <trkpt lat="35.37311" lon="-120.86092">
        <ele>8.2</ele>
      </trkpt>
      <trkpt lat="35.37304" lon="-120.86085">
        <ele>8.3</ele>
      </trkpt>
      <trkpt lat="35.3729" lon="-120.86072">
        <ele>8.2</ele>
      </trkpt>
      <trkpt lat="35.37273" lon="-120.86057">
        <ele>7.9</ele>
      </trkpt>
      <trkpt lat="35.37259" lon="-120.86043">
        <ele>7.7</ele>
      </trkpt>
      <trkpt lat="35.37245" lon="-120.86029">
        <ele>7.6</ele>
      </trkpt>
      <trkpt lat="35.37245" lon="-120.86029">
        <ele>7.6</ele>
      </trkpt>
      <trkpt lat="35.37243" lon="-120.86041">
        <ele>7.6</ele>
      </trkpt>
      <trkpt lat="35.37241" lon="-120.86047">
        <ele>7.6</ele>
      </trkpt>
      <trkpt lat="35.37234" lon="-120.86064">
        <ele>6.9</ele>
      </trkpt>
      <trkpt lat="35.37234" lon="-120.86065">
        <ele>6.9</ele>
      </trkpt>
      <trkpt lat="35.37225" lon="-120.86085">
        <ele>4.8</ele>
      </trkpt>
      <trkpt lat="35.37224" lon="-120.86088">
        <ele>4.7</ele>
      </trkpt>
      <trkpt lat="35.37214" lon="-120.86107">
        <ele>3.7</ele>
      </trkpt>
      <trkpt lat="35.37205" lon="-120.86126">
        <ele>3.5</ele>
      </trkpt>
      <trkpt lat="35.37187" lon="-120.86164">
        <ele>3.5</ele>
      </trkpt>
      <trkpt lat="35.37186" lon="-120.86167">
        <ele>3.6</ele>
      </trkpt>
      <trkpt lat="35.37178" lon="-120.86183">
        <ele>3.4</ele>
      </trkpt>
      <trkpt lat="35.37152" lon="-120.86236">
        <ele>3.2</ele>
      </trkpt>
      <trkpt lat="35.37141" lon="-120.86259">
        <ele>3.4</ele>
      </trkpt>
      <trkpt lat="35.37132" lon="-120.86278">
        <ele>3.4</ele>
      </trkpt>
      <trkpt lat="35.37123" lon="-120.86297">
        <ele>3.3</ele>
      </trkpt>
      <trkpt lat="35.3711" lon="-120.86324">
        <ele>3.2</ele>
      </trkpt>
      <trkpt lat="35.37096" lon="-120.86354">
        <ele>3.1</ele>
      </trkpt>
      <trkpt lat="35.37087" lon="-120.86373">
        <ele>3.1</ele>
      </trkpt>
      <trkpt lat="35.37078" lon="-120.86393">
        <ele>2.6</ele>
      </trkpt>
      <trkpt lat="35.3707" lon="-120.86409">
        <ele>2.2</ele>
      </trkpt>
      <trkpt lat="35.37064" lon="-120.86419">
        <ele>2.1</ele>
      </trkpt>
      <trkpt lat="35.37061" lon="-120.86425">
        <ele>1.8</ele>
      </trkpt>
      <trkpt lat="35.37061" lon="-120.86426">
        <ele>1.7</ele>
      </trkpt>
      <trkpt lat="35.37059" lon="-120.86427">
        <ele>1.7</ele>
      </trkpt>
      <trkpt lat="35.37056" lon="-120.86428">
        <ele>1.6</ele>
      </trkpt>
      <trkpt lat="35.37054" lon="-120.86428">
        <ele>1.5</ele>
      </trkpt>
      <trkpt lat="35.3705" lon="-120.8643">
        <ele>1.3</ele>
      </trkpt>
      <trkpt lat="35.37046" lon="-120.86438">
        <ele>1.4</ele>
      </trkpt>
      <trkpt lat="35.37044" lon="-120.86446">
        <ele>1.7</ele>
      </trkpt>
      <trkpt lat="35.37045" lon="-120.86451">
        <ele>1.9</ele>
      </trkpt>
      <trkpt lat="35.37048" lon="-120.86463">
        <ele>2.1</ele>
      </trkpt>
      <trkpt lat="35.37048" lon="-120.86463">
        <ele>2.1</ele>
      </trkpt>
      <trkpt lat="35.37045" lon="-120.86451">
        <ele>1.9</ele>
      </trkpt>
      <trkpt lat="35.37044" lon="-120.86446">
        <ele>1.7</ele>
      </trkpt>
      <trkpt lat="35.37046" lon="-120.86438">
        <ele>1.4</ele>
      </trkpt>
      <trkpt lat="35.3705" lon="-120.8643">
        <ele>1.3</ele>
      </trkpt>
      <trkpt lat="35.37054" lon="-120.86428">
        <ele>1.5</ele>
      </trkpt>
      <trkpt lat="35.37056" lon="-120.86428">
        <ele>1.6</ele>
      </trkpt>
      <trkpt lat="35.37059" lon="-120.86427">
        <ele>1.7</ele>
      </trkpt>
      <trkpt lat="35.37061" lon="-120.86426">
        <ele>1.7</ele>
      </trkpt>
      <trkpt lat="35.37061" lon="-120.86425">
        <ele>1.8</ele>
      </trkpt>
      <trkpt lat="35.37064" lon="-120.86419">
        <ele>2.1</ele>
      </trkpt>
      <trkpt lat="35.3707" lon="-120.86409">
        <ele>2.2</ele>
      </trkpt>
      <trkpt lat="35.37078" lon="-120.86393">
        <ele>2.6</ele>
      </trkpt>
      <trkpt lat="35.37087" lon="-120.86373">
        <ele>3.1</ele>
      </trkpt>
      <trkpt lat="35.37096" lon="-120.86354">
        <ele>3.1</ele>
      </trkpt>
      <trkpt lat="35.3711" lon="-120.86324">
        <ele>3.2</ele>
      </trkpt>
      <trkpt lat="35.37123" lon="-120.86297">
        <ele>3.3</ele>
      </trkpt>
      <trkpt lat="35.37132" lon="-120.86278">
        <ele>3.4</ele>
      </trkpt>
      <trkpt lat="35.37141" lon="-120.86259">
        <ele>3.4</ele>
      </trkpt>
      <trkpt lat="35.37152" lon="-120.86236">
        <ele>3.2</ele>
      </trkpt>
      <trkpt lat="35.37178" lon="-120.86183">
        <ele>3.4</ele>
      </trkpt>
      <trkpt lat="35.37186" lon="-120.86167">
        <ele>3.6</ele>
      </trkpt>
      <trkpt lat="35.37187" lon="-120.86164">
        <ele>3.5</ele>
      </trkpt>
      <trkpt lat="35.37205" lon="-120.86126">
        <ele>3.5</ele>
      </trkpt>
      <trkpt lat="35.37214" lon="-120.86107">
        <ele>3.7</ele>
      </trkpt>
      <trkpt lat="35.37224" lon="-120.86088">
        <ele>4.7</ele>
      </trkpt>
      <trkpt lat="35.37225" lon="-120.86085">
        <ele>4.8</ele>
      </trkpt>
      <trkpt lat="35.37234" lon="-120.86065">
        <ele>6.9</ele>
      </trkpt>
      <trkpt lat="35.37234" lon="-120.86064">
        <ele>6.9</ele>
      </trkpt>
      <trkpt lat="35.37241" lon="-120.86047">
        <ele>7.6</ele>
      </trkpt>
      <trkpt lat="35.37243" lon="-120.86041">
        <ele>7.6</ele>
      </trkpt>
      <trkpt lat="35.37245" lon="-120.86029">
        <ele>7.6</ele>
      </trkpt>
      <trkpt lat="35.37243" lon="-120.86021">
        <ele>7.6</ele>
      </trkpt>
      <trkpt lat="35.37237" lon="-120.86002">
        <ele>7.6</ele>
      </trkpt>
      <trkpt lat="35.37232" lon="-120.85992">
        <ele>7.7</ele>
      </trkpt>
      <trkpt lat="35.37227" lon="-120.8598">
        <ele>7.7</ele>
      </trkpt>
      <trkpt lat="35.37227" lon="-120.85979">
        <ele>7.7</ele>
      </trkpt>
      <trkpt lat="35.37227" lon="-120.85979">
        <ele>7.7</ele>
      </trkpt>
      <trkpt lat="35.37222" lon="-120.8597">
        <ele>7.7</ele>
      </trkpt>
      <trkpt lat="35.37221" lon="-120.85968">
        <ele>7.7</ele>
      </trkpt>
      <trkpt lat="35.372165" lon="-120.859591">
        <ele>7.7</ele>
      </trkpt>
      <trkpt lat="35.372165" lon="-120.85959">
        <ele>7.7</ele>
      </trkpt>
      <trkpt lat="35.3721" lon="-120.85946">
        <ele>7.6</ele>
      </trkpt>
      <trkpt lat="35.37208" lon="-120.85941">
        <ele>7.6</ele>
      </trkpt>
      <trkpt lat="35.37202" lon="-120.85928">
        <ele>7.7</ele>
      </trkpt>
      <trkpt lat="35.37197" lon="-120.85909">
        <ele>7.7</ele>
      </trkpt>
      <trkpt lat="35.37194" lon="-120.8589">
        <ele>7.7</ele>
      </trkpt>
      <trkpt lat="35.37195" lon="-120.85882">
        <ele>7.7</ele>
      </trkpt>
      <trkpt lat="35.37195" lon="-120.85882">
        <ele>7.7</ele>
      </trkpt>
      <trkpt lat="35.37184" lon="-120.85877">
        <ele>7.7</ele>
      </trkpt>
      <trkpt lat="35.37146" lon="-120.85815">
        <ele>7.5</ele>
      </trkpt>
      <trkpt lat="35.37125" lon="-120.85781">
        <ele>7.3</ele>
      </trkpt>
      <trkpt lat="35.37075" lon="-120.85696">
        <ele>6.8</ele>
      </trkpt>
      <trkpt lat="35.37053" lon="-120.8566">
        <ele>6.5</ele>
      </trkpt>
      <trkpt lat="35.37038" lon="-120.85636">
        <ele>6.5</ele>
      </trkpt>
      <trkpt lat="35.37038" lon="-120.85636">
        <ele>6.5</ele>
      </trkpt>
      <trkpt lat="35.3701" lon="-120.85587">
        <ele>6.1</ele>
      </trkpt>
      <trkpt lat="35.36974" lon="-120.85526">
        <ele>5.6</ele>
      </trkpt>
      <trkpt lat="35.36972" lon="-120.85522">
        <ele>5.6</ele>
      </trkpt>
      <trkpt lat="35.36964" lon="-120.85512">
        <ele>5.6</ele>
      </trkpt>
      <trkpt lat="35.36962" lon="-120.8551">
        <ele>5.6</ele>
      </trkpt>
      <trkpt lat="35.36957" lon="-120.85507">
        <ele>5.6</ele>
      </trkpt>
      <trkpt lat="35.3695" lon="-120.85507">
        <ele>5.6</ele>
      </trkpt>
      <trkpt lat="35.36944" lon="-120.85509">
        <ele>5.6</ele>
      </trkpt>
      <trkpt lat="35.36944" lon="-120.85509">
        <ele>5.6</ele>
      </trkpt>
      <trkpt lat="35.36941" lon="-120.85503">
        <ele>5.6</ele>
      </trkpt>
      <trkpt lat="35.36933" lon="-120.85492">
        <ele>5.6</ele>
      </trkpt>
      <trkpt lat="35.36921" lon="-120.85475">
        <ele>5.6</ele>
      </trkpt>
      <trkpt lat="35.36911" lon="-120.85464">
        <ele>5.6</ele>
      </trkpt>
      <trkpt lat="35.36907" lon="-120.85461">
        <ele>5.6</ele>
      </trkpt>
      <trkpt lat="35.36901" lon="-120.85456">
        <ele>5.6</ele>
      </trkpt>
      <trkpt lat="35.36889" lon="-120.85449">
        <ele>5.6</ele>
      </trkpt>
      <trkpt lat="35.36887" lon="-120.85448">
        <ele>5.6</ele>
      </trkpt>
      <trkpt lat="35.36887" lon="-120.85448">
        <ele>5.6</ele>
      </trkpt>
      <trkpt lat="35.36878" lon="-120.85441">
        <ele>5.6</ele>
      </trkpt>
      <trkpt lat="35.36876" lon="-120.85437">
        <ele>5.6</ele>
      </trkpt>
      <trkpt lat="35.3688" lon="-120.85428">
        <ele>5.9</ele>
      </trkpt>
      <trkpt lat="35.3688" lon="-120.85428">
        <ele>5.9</ele>
      </trkpt>
      <trkpt lat="35.36872" lon="-120.85423">
        <ele>6.1</ele>
      </trkpt>
      <trkpt lat="35.36867" lon="-120.85417">
        <ele>6.6</ele>
      </trkpt>
      <trkpt lat="35.36859" lon="-120.85407">
        <ele>7.5</ele>
      </trkpt>
      <trkpt lat="35.36855" lon="-120.85406">
        <ele>7.5</ele>
      </trkpt>
      <trkpt lat="35.36848" lon="-120.85403">
        <ele>7.6</ele>
      </trkpt>
      <trkpt lat="35.36833" lon="-120.85396">
        <ele>7.6</ele>
      </trkpt>
      <trkpt lat="35.36827" lon="-120.85392">
        <ele>7.6</ele>
      </trkpt>
      <trkpt lat="35.3679" lon="-120.85366">
        <ele>7.6</ele>
      </trkpt>
      <trkpt lat="35.3679" lon="-120.85366">
        <ele>7.6</ele>
      </trkpt>
      <trkpt lat="35.3677" lon="-120.85393">
        <ele>5.2</ele>
      </trkpt>
      <trkpt lat="35.36768" lon="-120.85395">
        <ele>5.2</ele>
      </trkpt>
      <trkpt lat="35.36766" lon="-120.85397">
        <ele>5.2</ele>
      </trkpt>
      <trkpt lat="35.36762" lon="-120.85397">
        <ele>5.1</ele>
      </trkpt>
      <trkpt lat="35.36761" lon="-120.85398">
        <ele>5.1</ele>
      </trkpt>
      <trkpt lat="35.36757" lon="-120.85397">
        <ele>5.0</ele>
      </trkpt>
      <trkpt lat="35.36749" lon="-120.85392">
        <ele>4.9</ele>
      </trkpt>
      <trkpt lat="35.36742" lon="-120.85387">
        <ele>4.9</ele>
      </trkpt>
      <trkpt lat="35.36706" lon="-120.85363">
        <ele>5.2</ele>
      </trkpt>
      <trkpt lat="35.36689" lon="-120.85353">
        <ele>5.4</ele>
      </trkpt>
      <trkpt lat="35.36686" lon="-120.85351">
        <ele>5.5</ele>
      </trkpt>
      <trkpt lat="35.36678" lon="-120.85347">
        <ele>5.6</ele>
      </trkpt>
      <trkpt lat="35.36678" lon="-120.85347">
        <ele>5.6</ele>
      </trkpt>
      <trkpt lat="35.36681" lon="-120.85326">
        <ele>6.1</ele>
      </trkpt>
      <trkpt lat="35.36684" lon="-120.85306">
        <ele>7.0</ele>
      </trkpt>
      <trkpt lat="35.36684" lon="-120.85302">
        <ele>7.3</ele>
      </trkpt>
      <trkpt lat="35.36684" lon="-120.85302">
        <ele>7.3</ele>
      </trkpt>
      <trkpt lat="35.36685" lon="-120.85284">
        <ele>9.0</ele>
      </trkpt>
      <trkpt lat="35.36685" lon="-120.85262">
        <ele>11.3</ele>
      </trkpt>
      <trkpt lat="35.36686" lon="-120.8524">
        <ele>12.1</ele>
      </trkpt>
      <trkpt lat="35.36686" lon="-120.85231">
        <ele>12.2</ele>
      </trkpt>
      <trkpt lat="35.36686" lon="-120.852">
        <ele>13.2</ele>
      </trkpt>
      <trkpt lat="35.36686" lon="-120.85187">
        <ele>13.8</ele>
      </trkpt>
      <trkpt lat="35.36687" lon="-120.85134">
        <ele>16.1</ele>
      </trkpt>
      <trkpt lat="35.36687" lon="-120.85112">
        <ele>17.1</ele>
      </trkpt>
      <trkpt lat="35.36687" lon="-120.85112">
        <ele>17.1</ele>
      </trkpt>
      <trkpt lat="35.36661" lon="-120.85112">
        <ele>16.7</ele>
      </trkpt>
      <trkpt lat="35.36653" lon="-120.85111">
        <ele>16.6</ele>
      </trkpt>
      <trkpt lat="35.3659" lon="-120.85114">
        <ele>14.8</ele>
      </trkpt>
      <trkpt lat="35.3659" lon="-120.85114">
        <ele>14.8</ele>
      </trkpt>
      <trkpt lat="35.36592" lon="-120.85044">
        <ele>17.3</ele>
      </trkpt>
      <trkpt lat="35.36594" lon="-120.84999">
        <ele>19.2</ele>
      </trkpt>
      <trkpt lat="35.36595" lon="-120.84951">
        <ele>21.2</ele>
      </trkpt>
      <trkpt lat="35.36595" lon="-120.84932">
        <ele>22.0</ele>
      </trkpt>
      <trkpt lat="35.36595" lon="-120.84882">
        <ele>23.8</ele>
      </trkpt>
      <trkpt lat="35.36595" lon="-120.8486">
        <ele>24.7</ele>
      </trkpt>
      <trkpt lat="35.36596" lon="-120.84793">
        <ele>26.9</ele>
      </trkpt>
      <trkpt lat="35.36596" lon="-120.84768">
        <ele>27.5</ele>
      </trkpt>
      <trkpt lat="35.36597" lon="-120.84708">
        <ele>29.5</ele>
      </trkpt>
      <trkpt lat="35.36597" lon="-120.84655">
        <ele>31.7</ele>
      </trkpt>
      <trkpt lat="35.36598" lon="-120.84588">
        <ele>34.6</ele>
      </trkpt>
      <trkpt lat="35.36598" lon="-120.84541">
        <ele>36.2</ele>
      </trkpt>
      <trkpt lat="35.36599" lon="-120.84514">
        <ele>37.1</ele>
      </trkpt>
      <trkpt lat="35.36599" lon="-120.84447">
        <ele>38.8</ele>
      </trkpt>
      <trkpt lat="35.36599" lon="-120.84381">
        <ele>40.5</ele>
      </trkpt>
      <trkpt lat="35.366" lon="-120.84366">
        <ele>41.1</ele>
      </trkpt>
      <trkpt lat="35.366" lon="-120.84343">
        <ele>41.9</ele>
      </trkpt>
      <trkpt lat="35.366" lon="-120.84333">
        <ele>42.2</ele>
      </trkpt>
      <trkpt lat="35.366" lon="-120.8431">
        <ele>42.8</ele>
      </trkpt>
      <trkpt lat="35.366" lon="-120.84291">
        <ele>43.3</ele>
      </trkpt>
      <trkpt lat="35.366" lon="-120.84288">
        <ele>43.4</ele>
      </trkpt>
      <trkpt lat="35.366" lon="-120.84279">
        <ele>43.5</ele>
      </trkpt>
      <trkpt lat="35.36601" lon="-120.84246">
        <ele>43.9</ele>
      </trkpt>
      <trkpt lat="35.36601" lon="-120.84232">
        <ele>43.6</ele>
      </trkpt>
      <trkpt lat="35.36601" lon="-120.84224">
        <ele>43.5</ele>
      </trkpt>
      <trkpt lat="35.36602" lon="-120.84213">
        <ele>43.2</ele>
      </trkpt>
      <trkpt lat="35.36614" lon="-120.84174">
        <ele>42.1</ele>
      </trkpt>
      <trkpt lat="35.36616" lon="-120.84166">
        <ele>41.9</ele>
      </trkpt>
      <trkpt lat="35.36618" lon="-120.8416">
        <ele>41.8</ele>
      </trkpt>
      <trkpt lat="35.36618" lon="-120.84151">
        <ele>41.7</ele>
      </trkpt>
      <trkpt lat="35.36622" lon="-120.84143">
        <ele>41.6</ele>
      </trkpt>
      <trkpt lat="35.36626" lon="-120.84134">
        <ele>41.4</ele>
      </trkpt>
      <trkpt lat="35.36628" lon="-120.84132">
        <ele>41.4</ele>
      </trkpt>
      <trkpt lat="35.3663" lon="-120.84129">
        <ele>41.3</ele>
      </trkpt>
      <trkpt lat="35.36632" lon="-120.84126">
        <ele>41.3</ele>
      </trkpt>
      <trkpt lat="35.36633" lon="-120.84123">
        <ele>41.3</ele>
      </trkpt>
      <trkpt lat="35.36635" lon="-120.84117">
        <ele>41.3</ele>
      </trkpt>
      <trkpt lat="35.36635" lon="-120.84117">
        <ele>41.3</ele>
      </trkpt>
      <trkpt lat="35.36634" lon="-120.84114">
        <ele>41.3</ele>
      </trkpt>
      <trkpt lat="35.36633" lon="-120.84111">
        <ele>41.4</ele>
      </trkpt>
      <trkpt lat="35.36633" lon="-120.84107">
        <ele>41.4</ele>
      </trkpt>
      <trkpt lat="35.36633" lon="-120.84104">
        <ele>41.4</ele>
      </trkpt>
      <trkpt lat="35.36633" lon="-120.84101">
        <ele>41.4</ele>
      </trkpt>
      <trkpt lat="35.36633" lon="-120.84098">
        <ele>41.4</ele>
      </trkpt>
      <trkpt lat="35.36634" lon="-120.84096">
        <ele>41.4</ele>
      </trkpt>
      <trkpt lat="35.36635" lon="-120.84093">
        <ele>41.4</ele>
      </trkpt>
      <trkpt lat="35.36637" lon="-120.84091">
        <ele>41.3</ele>
      </trkpt>
      <trkpt lat="35.36638" lon="-120.84089">
        <ele>41.3</ele>
      </trkpt>
      <trkpt lat="35.36639" lon="-120.84088">
        <ele>41.3</ele>
      </trkpt>
      <trkpt lat="35.3664" lon="-120.84088">
        <ele>41.2</ele>
      </trkpt>
      <trkpt lat="35.36641" lon="-120.84087">
        <ele>41.2</ele>
      </trkpt>
      <trkpt lat="35.36643" lon="-120.84086">
        <ele>41.1</ele>
      </trkpt>
      <trkpt lat="35.36651" lon="-120.8407">
        <ele>41.0</ele>
      </trkpt>
      <trkpt lat="35.36651" lon="-120.8407">
        <ele>41.0</ele>
      </trkpt>
      <trkpt lat="35.36649" lon="-120.84061">
        <ele>41.1</ele>
      </trkpt>
      <trkpt lat="35.36647" lon="-120.8405">
        <ele>41.3</ele>
      </trkpt>
      <trkpt lat="35.36645" lon="-120.84028">
        <ele>41.4</ele>
      </trkpt>
      <trkpt lat="35.36645" lon="-120.84021">
        <ele>41.5</ele>
      </trkpt>
      <trkpt lat="35.36645" lon="-120.84021">
        <ele>41.5</ele>
      </trkpt>
      <trkpt lat="35.36645" lon="-120.84016">
        <ele>41.5</ele>
      </trkpt>
      <trkpt lat="35.36644" lon="-120.83982">
        <ele>41.9</ele>
      </trkpt>
      <trkpt lat="35.3664" lon="-120.83922">
        <ele>42.3</ele>
      </trkpt>
      <trkpt lat="35.36635" lon="-120.83822">
        <ele>43.4</ele>
      </trkpt>
      <trkpt lat="35.36631" lon="-120.8377">
        <ele>43.9</ele>
      </trkpt>
      <trkpt lat="35.36628" lon="-120.83742">
        <ele>44.2</ele>
      </trkpt>
      <trkpt lat="35.36623" lon="-120.83714">
        <ele>44.8</ele>
      </trkpt>
      <trkpt lat="35.36602" lon="-120.83602">
        <ele>46.5</ele>
      </trkpt>
      <trkpt lat="35.36598" lon="-120.8358">
        <ele>46.9</ele>
      </trkpt>
      <trkpt lat="35.36582" lon="-120.83494">
        <ele>47.4</ele>
      </trkpt>
      <trkpt lat="35.3657" lon="-120.8343">
        <ele>46.6</ele>
      </trkpt>
      <trkpt lat="35.36566" lon="-120.83408">
        <ele>45.7</ele>
      </trkpt>
      <trkpt lat="35.3656" lon="-120.83374">
        <ele>44.0</ele>
      </trkpt>
      <trkpt lat="35.36555" lon="-120.83344">
        <ele>43.8</ele>
      </trkpt>
      <trkpt lat="35.36553" lon="-120.83335">
        <ele>43.7</ele>
      </trkpt>
      <trkpt lat="35.36544" lon="-120.83284">
        <ele>42.3</ele>
      </trkpt>
      <trkpt lat="35.36543" lon="-120.83275">
        <ele>42.2</ele>
      </trkpt>
      <trkpt lat="35.3654" lon="-120.83259">
        <ele>43.0</ele>
      </trkpt>
      <trkpt lat="35.36527" lon="-120.83194">
        <ele>40.3</ele>
      </trkpt>
      <trkpt lat="35.36526" lon="-120.83186">
        <ele>40.1</ele>
      </trkpt>
      <trkpt lat="35.36523" lon="-120.83174">
        <ele>39.3</ele>
      </trkpt>
      <trkpt lat="35.36523" lon="-120.83173">
        <ele>39.2</ele>
      </trkpt>
      <trkpt lat="35.36522" lon="-120.83164">
        <ele>38.5</ele>
      </trkpt>
      <trkpt lat="35.3652" lon="-120.83154">
        <ele>37.7</ele>
      </trkpt>
      <trkpt lat="35.3652" lon="-120.83154">
        <ele>37.7</ele>
      </trkpt>
      <trkpt lat="35.36515" lon="-120.83133">
        <ele>37.2</ele>
      </trkpt>
      <trkpt lat="35.36514" lon="-120.83121">
        <ele>37.0</ele>
      </trkpt>
      <trkpt lat="35.36512" lon="-120.83108">
        <ele>36.8</ele>
      </trkpt>
      <trkpt lat="35.36499" lon="-120.83005">
        <ele>31.9</ele>
      </trkpt>
      <trkpt lat="35.36494" lon="-120.82971">
        <ele>29.7</ele>
      </trkpt>
      <trkpt lat="35.3649" lon="-120.82956">
        <ele>29.1</ele>
      </trkpt>
      <trkpt lat="35.36489" lon="-120.82948">
        <ele>29.0</ele>
      </trkpt>
      <trkpt lat="35.36479" lon="-120.82905">
        <ele>27.0</ele>
      </trkpt>
      <trkpt lat="35.3646" lon="-120.8282">
        <ele>24.6</ele>
      </trkpt>
      <trkpt lat="35.36447" lon="-120.82766">
        <ele>23.4</ele>
      </trkpt>
      <trkpt lat="35.36443" lon="-120.82757">
        <ele>22.5</ele>
      </trkpt>
      <trkpt lat="35.36442" lon="-120.82754">
        <ele>22.2</ele>
      </trkpt>
      <trkpt lat="35.3644" lon="-120.8275">
        <ele>21.6</ele>
      </trkpt>
      <trkpt lat="35.36434" lon="-120.82737">
        <ele>19.7</ele>
      </trkpt>
      <trkpt lat="35.36393" lon="-120.8267">
        <ele>16.7</ele>
      </trkpt>
      <trkpt lat="35.36391" lon="-120.82667">
        <ele>16.5</ele>
      </trkpt>
      <trkpt lat="35.36385" lon="-120.82657">
        <ele>16.0</ele>
      </trkpt>
      <trkpt lat="35.3637" lon="-120.82632">
        <ele>15.2</ele>
      </trkpt>
      <trkpt lat="35.36355" lon="-120.8261">
        <ele>14.1</ele>
      </trkpt>
      <trkpt lat="35.36348" lon="-120.82601">
        <ele>13.5</ele>
      </trkpt>
      <trkpt lat="35.36346" lon="-120.82599">
        <ele>13.3</ele>
      </trkpt>
      <trkpt lat="35.36343" lon="-120.82595">
        <ele>13.0</ele>
      </trkpt>
      <trkpt lat="35.36333" lon="-120.82585">
        <ele>12.8</ele>
      </trkpt>
      <trkpt lat="35.36297" lon="-120.82553">
        <ele>12.8</ele>
      </trkpt>
      <trkpt lat="35.36294" lon="-120.82549">
        <ele>12.8</ele>
      </trkpt>
      <trkpt lat="35.36276" lon="-120.82525">
        <ele>12.9</ele>
      </trkpt>
      <trkpt lat="35.36273" lon="-120.8252">
        <ele>12.9</ele>
      </trkpt>
      <trkpt lat="35.36262" lon="-120.82503">
        <ele>12.9</ele>
      </trkpt>
      <trkpt lat="35.36254" lon="-120.8249">
        <ele>12.9</ele>
      </trkpt>
      <trkpt lat="35.3625" lon="-120.82483">
        <ele>12.9</ele>
      </trkpt>
      <trkpt lat="35.36245" lon="-120.82476">
        <ele>12.8</ele>
      </trkpt>
      <trkpt lat="35.36221" lon="-120.82424">
        <ele>12.2</ele>
      </trkpt>
      <trkpt lat="35.36221" lon="-120.82424">
        <ele>12.2</ele>
      </trkpt>
      <trkpt lat="35.36187" lon="-120.82446">
        <ele>11.6</ele>
      </trkpt>
      <trkpt lat="35.36169" lon="-120.82457">
        <ele>11.6</ele>
      </trkpt>
      <trkpt lat="35.36155" lon="-120.82465">
        <ele>11.8</ele>
      </trkpt>
      <trkpt lat="35.36149" lon="-120.82469">
        <ele>11.8</ele>
      </trkpt>
      <trkpt lat="35.36142" lon="-120.82473">
        <ele>11.9</ele>
      </trkpt>
      <trkpt lat="35.36116" lon="-120.8249">
        <ele>12.1</ele>
      </trkpt>
      <trkpt lat="35.36101" lon="-120.825">
        <ele>12.6</ele>
      </trkpt>
      <trkpt lat="35.36099" lon="-120.82502">
        <ele>12.7</ele>
      </trkpt>
      <trkpt lat="35.36088" lon="-120.82512">
        <ele>12.7</ele>
      </trkpt>
      <trkpt lat="35.36087" lon="-120.82514">
        <ele>12.7</ele>
      </trkpt>
      <trkpt lat="35.36082" lon="-120.82519">
        <ele>12.7</ele>
      </trkpt>
      <trkpt lat="35.36072" lon="-120.82533">
        <ele>12.9</ele>
      </trkpt>
      <trkpt lat="35.36065" lon="-120.82546">
        <ele>12.9</ele>
      </trkpt>
      <trkpt lat="35.36049" lon="-120.82577">
        <ele>12.8</ele>
      </trkpt>
      <trkpt lat="35.36041" lon="-120.82591">
        <ele>12.5</ele>
      </trkpt>
      <trkpt lat="35.36028" lon="-120.82605">
        <ele>12.1</ele>
      </trkpt>
      <trkpt lat="35.36024" lon="-120.82609">
        <ele>12.0</ele>
      </trkpt>
      <trkpt lat="35.36019" lon="-120.82615">
        <ele>11.9</ele>
      </trkpt>
      <trkpt lat="35.36016" lon="-120.82617">
        <ele>11.9</ele>
      </trkpt>
      <trkpt lat="35.36005" lon="-120.82626">
        <ele>11.9</ele>
      </trkpt>
      <trkpt lat="35.35987" lon="-120.82636">
        <ele>11.8</ele>
      </trkpt>
      <trkpt lat="35.35965" lon="-120.82644">
        <ele>11.8</ele>
      </trkpt>
      <trkpt lat="35.35944" lon="-120.82654">
        <ele>12.3</ele>
      </trkpt>
      <trkpt lat="35.35933" lon="-120.82662">
        <ele>12.5</ele>
      </trkpt>
      <trkpt lat="35.35928" lon="-120.82666">
        <ele>12.5</ele>
      </trkpt>
      <trkpt lat="35.35922" lon="-120.8267">
        <ele>12.4</ele>
      </trkpt>
      <trkpt lat="35.35907" lon="-120.82681">
        <ele>12.3</ele>
      </trkpt>
      <trkpt lat="35.35896" lon="-120.82693">
        <ele>12.2</ele>
      </trkpt>
      <trkpt lat="35.35882" lon="-120.8271">
        <ele>12.1</ele>
      </trkpt>
      <trkpt lat="35.35875" lon="-120.82718">
        <ele>12.0</ele>
      </trkpt>
      <trkpt lat="35.35864" lon="-120.82729">
        <ele>12.0</ele>
      </trkpt>
      <trkpt lat="35.35852" lon="-120.82742">
        <ele>12.5</ele>
      </trkpt>
      <trkpt lat="35.35847" lon="-120.82746">
        <ele>12.4</ele>
      </trkpt>
      <trkpt lat="35.35838" lon="-120.82753">
        <ele>12.3</ele>
      </trkpt>
      <trkpt lat="35.3583" lon="-120.82758">
        <ele>12.2</ele>
      </trkpt>
      <trkpt lat="35.35824" lon="-120.82761">
        <ele>12.1</ele>
      </trkpt>
      <trkpt lat="35.35815" lon="-120.82765">
        <ele>12.2</ele>
      </trkpt>
      <trkpt lat="35.35807" lon="-120.82768">
        <ele>12.0</ele>
      </trkpt>
      <trkpt lat="35.35791" lon="-120.82773">
        <ele>12.0</ele>
      </trkpt>
      <trkpt lat="35.35784" lon="-120.82774">
        <ele>11.9</ele>
      </trkpt>
      <trkpt lat="35.35782" lon="-120.82775">
        <ele>11.9</ele>
      </trkpt>
      <trkpt lat="35.35749" lon="-120.82781">
        <ele>11.5</ele>
      </trkpt>
      <trkpt lat="35.35705" lon="-120.82788">
        <ele>12.3</ele>
      </trkpt>
      <trkpt lat="35.35681" lon="-120.82792">
        <ele>12.1</ele>
      </trkpt>
      <trkpt lat="35.3566" lon="-120.82795">
        <ele>12.4</ele>
      </trkpt>
      <trkpt lat="35.35607" lon="-120.82804">
        <ele>11.0</ele>
      </trkpt>
      <trkpt lat="35.35578" lon="-120.82808">
        <ele>11.7</ele>
      </trkpt>
      <trkpt lat="35.35564" lon="-120.8281">
        <ele>7.4</ele>
      </trkpt>
      <trkpt lat="35.35556" lon="-120.82811">
        <ele>7.1</ele>
      </trkpt>
      <trkpt lat="35.35555" lon="-120.82811">
        <ele>7.1</ele>
      </trkpt>
      <trkpt lat="35.35553" lon="-120.82811">
        <ele>7.1</ele>
      </trkpt>
      <trkpt lat="35.35544" lon="-120.82811">
        <ele>7.1</ele>
      </trkpt>
      <trkpt lat="35.35533" lon="-120.8281">
        <ele>7.3</ele>
      </trkpt>
      <trkpt lat="35.35526" lon="-120.82809">
        <ele>7.4</ele>
      </trkpt>
      <trkpt lat="35.35518" lon="-120.82808">
        <ele>7.5</ele>
      </trkpt>
      <trkpt lat="35.35515" lon="-120.82807">
        <ele>7.5</ele>
      </trkpt>
      <trkpt lat="35.3551" lon="-120.82806">
        <ele>7.6</ele>
      </trkpt>
      <trkpt lat="35.35502" lon="-120.82804">
        <ele>7.6</ele>
      </trkpt>
      <trkpt lat="35.35468" lon="-120.8279">
        <ele>5.2</ele>
      </trkpt>
      <trkpt lat="35.35456" lon="-120.82785">
        <ele>5.2</ele>
      </trkpt>
      <trkpt lat="35.3541" lon="-120.82762">
        <ele>9.3</ele>
      </trkpt>
      <trkpt lat="35.35409" lon="-120.82762">
        <ele>9.3</ele>
      </trkpt>
      <trkpt lat="35.35392" lon="-120.82754">
        <ele>9.7</ele>
      </trkpt>
      <trkpt lat="35.35381" lon="-120.82749">
        <ele>10.0</ele>
      </trkpt>
      <trkpt lat="35.35364" lon="-120.82743">
        <ele>10.4</ele>
      </trkpt>
      <trkpt lat="35.3535" lon="-120.82741">
        <ele>10.7</ele>
      </trkpt>
      <trkpt lat="35.35348" lon="-120.8274">
        <ele>10.8</ele>
      </trkpt>
      <trkpt lat="35.3534" lon="-120.82739">
        <ele>11.0</ele>
      </trkpt>
      <trkpt lat="35.35328" lon="-120.8274">
        <ele>11.3</ele>
      </trkpt>
      <trkpt lat="35.35317" lon="-120.82741">
        <ele>11.6</ele>
      </trkpt>
      <trkpt lat="35.35302" lon="-120.82744">
        <ele>12.0</ele>
      </trkpt>
      <trkpt lat="35.35302" lon="-120.82744">
        <ele>12.0</ele>
      </trkpt>
      <trkpt lat="35.35294" lon="-120.82747">
        <ele>12.1</ele>
      </trkpt>
      <trkpt lat="35.35284" lon="-120.8275">
        <ele>12.2</ele>
      </trkpt>
      <trkpt lat="35.35276" lon="-120.82754">
        <ele>12.3</ele>
      </trkpt>
      <trkpt lat="35.35268" lon="-120.82758">
        <ele>12.4</ele>
      </trkpt>
      <trkpt lat="35.35256" lon="-120.82767">
        <ele>12.4</ele>
      </trkpt>
      <trkpt lat="35.35246" lon="-120.82775">
        <ele>12.4</ele>
      </trkpt>
      <trkpt lat="35.35238" lon="-120.82781">
        <ele>12.3</ele>
      </trkpt>
      <trkpt lat="35.35232" lon="-120.82787">
        <ele>12.2</ele>
      </trkpt>
      <trkpt lat="35.35225" lon="-120.82792">
        <ele>12.2</ele>
      </trkpt>
      <trkpt lat="35.35223" lon="-120.82794">
        <ele>12.2</ele>
      </trkpt>
      <trkpt lat="35.35218" lon="-120.82798">
        <ele>12.1</ele>
      </trkpt>
      <trkpt lat="35.3521" lon="-120.82803">
        <ele>12.1</ele>
      </trkpt>
      <trkpt lat="35.35202" lon="-120.82808">
        <ele>11.9</ele>
      </trkpt>
      <trkpt lat="35.35195" lon="-120.82811">
        <ele>11.8</ele>
      </trkpt>
      <trkpt lat="35.35187" lon="-120.82814">
        <ele>12.0</ele>
      </trkpt>
      <trkpt lat="35.3518" lon="-120.82816">
        <ele>12.1</ele>
      </trkpt>
      <trkpt lat="35.35173" lon="-120.82818">
        <ele>12.1</ele>
      </trkpt>
      <trkpt lat="35.35171" lon="-120.82818">
        <ele>12.1</ele>
      </trkpt>
      <trkpt lat="35.35151" lon="-120.82821">
        <ele>12.3</ele>
      </trkpt>
      <trkpt lat="35.35137" lon="-120.82823">
        <ele>12.3</ele>
      </trkpt>
      <trkpt lat="35.35131" lon="-120.82823">
        <ele>12.3</ele>
      </trkpt>
      <trkpt lat="35.35119" lon="-120.82824">
        <ele>12.2</ele>
      </trkpt>
      <trkpt lat="35.35107" lon="-120.82826">
        <ele>12.3</ele>
      </trkpt>
      <trkpt lat="35.35097" lon="-120.82825">
        <ele>12.4</ele>
      </trkpt>
      <trkpt lat="35.3509" lon="-120.82825">
        <ele>12.4</ele>
      </trkpt>
      <trkpt lat="35.35081" lon="-120.82824">
        <ele>12.4</ele>
      </trkpt>
      <trkpt lat="35.35074" lon="-120.82822">
        <ele>12.5</ele>
      </trkpt>
      <trkpt lat="35.35064" lon="-120.82819">
        <ele>12.5</ele>
      </trkpt>
      <trkpt lat="35.35026" lon="-120.82805">
        <ele>12.6</ele>
      </trkpt>
      <trkpt lat="35.35019" lon="-120.82803">
        <ele>12.5</ele>
      </trkpt>
      <trkpt lat="35.35012" lon="-120.828">
        <ele>12.5</ele>
      </trkpt>
      <trkpt lat="35.35003" lon="-120.82795">
        <ele>12.5</ele>
      </trkpt>
      <trkpt lat="35.34998" lon="-120.82791">
        <ele>12.5</ele>
      </trkpt>
      <trkpt lat="35.34994" lon="-120.82789">
        <ele>12.5</ele>
      </trkpt>
      <trkpt lat="35.34987" lon="-120.82782">
        <ele>12.5</ele>
      </trkpt>
      <trkpt lat="35.3498" lon="-120.82776">
        <ele>12.6</ele>
      </trkpt>
      <trkpt lat="35.34973" lon="-120.82768">
        <ele>12.6</ele>
      </trkpt>
      <trkpt lat="35.34962" lon="-120.82752">
        <ele>12.6</ele>
      </trkpt>
      <trkpt lat="35.34952" lon="-120.82736">
        <ele>12.6</ele>
      </trkpt>
      <trkpt lat="35.34946" lon="-120.82727">
        <ele>12.6</ele>
      </trkpt>
      <trkpt lat="35.34941" lon="-120.82719">
        <ele>12.7</ele>
      </trkpt>
      <trkpt lat="35.3494" lon="-120.82717">
        <ele>12.7</ele>
      </trkpt>
      <trkpt lat="35.34934" lon="-120.82711">
        <ele>12.6</ele>
      </trkpt>
      <trkpt lat="35.34928" lon="-120.82704">
        <ele>12.7</ele>
      </trkpt>
      <trkpt lat="35.34921" lon="-120.82697">
        <ele>12.7</ele>
      </trkpt>
      <trkpt lat="35.34914" lon="-120.8269">
        <ele>12.7</ele>
      </trkpt>
      <trkpt lat="35.34904" lon="-120.82683">
        <ele>12.7</ele>
      </trkpt>
      <trkpt lat="35.34902" lon="-120.82681">
        <ele>12.7</ele>
      </trkpt>
      <trkpt lat="35.34892" lon="-120.82675">
        <ele>12.7</ele>
      </trkpt>
      <trkpt lat="35.34881" lon="-120.82669">
        <ele>12.7</ele>
      </trkpt>
      <trkpt lat="35.34872" lon="-120.82665">
        <ele>12.7</ele>
      </trkpt>
      <trkpt lat="35.34864" lon="-120.82662">
        <ele>12.7</ele>
      </trkpt>
      <trkpt lat="35.34863" lon="-120.82662">
        <ele>12.7</ele>
      </trkpt>
      <trkpt lat="35.34819" lon="-120.82649">
        <ele>12.6</ele>
      </trkpt>
      <trkpt lat="35.34804" lon="-120.82644">
        <ele>12.5</ele>
      </trkpt>
      <trkpt lat="35.34799" lon="-120.82641">
        <ele>12.5</ele>
      </trkpt>
      <trkpt lat="35.34785" lon="-120.82636">
        <ele>12.5</ele>
      </trkpt>
      <trkpt lat="35.34771" lon="-120.82629">
        <ele>12.3</ele>
      </trkpt>
      <trkpt lat="35.34761" lon="-120.82624">
        <ele>12.3</ele>
      </trkpt>
      <trkpt lat="35.34756" lon="-120.82621">
        <ele>12.3</ele>
      </trkpt>
      <trkpt lat="35.34745" lon="-120.82615">
        <ele>12.3</ele>
      </trkpt>
      <trkpt lat="35.34745" lon="-120.82614">
        <ele>12.4</ele>
      </trkpt>
      <trkpt lat="35.34743" lon="-120.82614">
        <ele>12.3</ele>
      </trkpt>
      <trkpt lat="35.34731" lon="-120.82606">
        <ele>12.4</ele>
      </trkpt>
      <trkpt lat="35.34699" lon="-120.82586">
        <ele>12.3</ele>
      </trkpt>
      <trkpt lat="35.34689" lon="-120.82581">
        <ele>12.2</ele>
      </trkpt>
      <trkpt lat="35.3468" lon="-120.82577">
        <ele>12.2</ele>
      </trkpt>
      <trkpt lat="35.34672" lon="-120.82574">
        <ele>12.3</ele>
      </trkpt>
      <trkpt lat="35.34662" lon="-120.82572">
        <ele>12.3</ele>
      </trkpt>
      <trkpt lat="35.34658" lon="-120.82571">
        <ele>12.3</ele>
      </trkpt>
      <trkpt lat="35.34648" lon="-120.82569">
        <ele>12.3</ele>
      </trkpt>
      <trkpt lat="35.34635" lon="-120.82568">
        <ele>12.4</ele>
      </trkpt>
      <trkpt lat="35.34625" lon="-120.82567">
        <ele>12.4</ele>
      </trkpt>
      <trkpt lat="35.34608" lon="-120.82566">
        <ele>12.5</ele>
      </trkpt>
      <trkpt lat="35.3459" lon="-120.82565">
        <ele>12.6</ele>
      </trkpt>
      <trkpt lat="35.34589" lon="-120.82565">
        <ele>12.6</ele>
      </trkpt>
      <trkpt lat="35.34586" lon="-120.82565">
        <ele>12.7</ele>
      </trkpt>
      <trkpt lat="35.3458" lon="-120.82565">
        <ele>12.7</ele>
      </trkpt>
      <trkpt lat="35.34578" lon="-120.82565">
        <ele>12.7</ele>
      </trkpt>
      <trkpt lat="35.34558" lon="-120.82565">
        <ele>12.7</ele>
      </trkpt>
      <trkpt lat="35.34542" lon="-120.82564">
        <ele>12.7</ele>
      </trkpt>
      <trkpt lat="35.34541" lon="-120.82564">
        <ele>12.7</ele>
      </trkpt>
      <trkpt lat="35.34536" lon="-120.82564">
        <ele>12.7</ele>
      </trkpt>
      <trkpt lat="35.34524" lon="-120.82563">
        <ele>12.7</ele>
      </trkpt>
      <trkpt lat="35.34521" lon="-120.82563">
        <ele>12.7</ele>
      </trkpt>
      <trkpt lat="35.34505" lon="-120.82562">
        <ele>12.7</ele>
      </trkpt>
      <trkpt lat="35.34493" lon="-120.8256">
        <ele>12.8</ele>
      </trkpt>
      <trkpt lat="35.34462" lon="-120.82556">
        <ele>12.9</ele>
      </trkpt>
      <trkpt lat="35.34452" lon="-120.82554">
        <ele>12.9</ele>
      </trkpt>
      <trkpt lat="35.34417" lon="-120.82545">
        <ele>13.4</ele>
      </trkpt>
      <trkpt lat="35.34383" lon="-120.82534">
        <ele>13.1</ele>
      </trkpt>
      <trkpt lat="35.34373" lon="-120.82531">
        <ele>13.0</ele>
      </trkpt>
      <trkpt lat="35.34353" lon="-120.82523">
        <ele>12.9</ele>
      </trkpt>
      <trkpt lat="35.34347" lon="-120.8252">
        <ele>12.9</ele>
      </trkpt>
      <trkpt lat="35.34333" lon="-120.82514">
        <ele>12.9</ele>
      </trkpt>
      <trkpt lat="35.34314" lon="-120.82505">
        <ele>12.9</ele>
      </trkpt>
      <trkpt lat="35.34295" lon="-120.82495">
        <ele>12.7</ele>
      </trkpt>
      <trkpt lat="35.34268" lon="-120.82479">
        <ele>12.6</ele>
      </trkpt>
      <trkpt lat="35.34258" lon="-120.82473">
        <ele>12.6</ele>
      </trkpt>
      <trkpt lat="35.34232" lon="-120.82457">
        <ele>12.5</ele>
      </trkpt>
      <trkpt lat="35.34198" lon="-120.82435">
        <ele>12.3</ele>
      </trkpt>
      <trkpt lat="35.34168" lon="-120.82417">
        <ele>12.2</ele>
      </trkpt>
      <trkpt lat="35.3414" lon="-120.82399">
        <ele>12.4</ele>
      </trkpt>
      <trkpt lat="35.34113" lon="-120.82384">
        <ele>11.8</ele>
      </trkpt>
      <trkpt lat="35.34089" lon="-120.82372">
        <ele>11.1</ele>
      </trkpt>
      <trkpt lat="35.34076" lon="-120.82366">
        <ele>11.2</ele>
      </trkpt>
      <trkpt lat="35.34064" lon="-120.82361">
        <ele>11.0</ele>
      </trkpt>
      <trkpt lat="35.34047" lon="-120.82355">
        <ele>10.7</ele>
      </trkpt>
      <trkpt lat="35.34026" lon="-120.82348">
        <ele>10.3</ele>
      </trkpt>
      <trkpt lat="35.3401" lon="-120.82343">
        <ele>10.1</ele>
      </trkpt>
      <trkpt lat="35.34004" lon="-120.82341">
        <ele>10.0</ele>
      </trkpt>
      <trkpt lat="35.3398" lon="-120.82336">
        <ele>10.0</ele>
      </trkpt>
      <trkpt lat="35.3396" lon="-120.82332">
        <ele>10.3</ele>
      </trkpt>
      <trkpt lat="35.33941" lon="-120.82329">
        <ele>10.4</ele>
      </trkpt>
      <trkpt lat="35.33921" lon="-120.82327">
        <ele>10.7</ele>
      </trkpt>
      <trkpt lat="35.33908" lon="-120.82327">
        <ele>10.9</ele>
      </trkpt>
      <trkpt lat="35.33895" lon="-120.82326">
        <ele>11.1</ele>
      </trkpt>
      <trkpt lat="35.33855" lon="-120.82326">
        <ele>11.6</ele>
      </trkpt>
      <trkpt lat="35.33831" lon="-120.82326">
        <ele>11.6</ele>
      </trkpt>
      <trkpt lat="35.33675" lon="-120.82327">
        <ele>10.4</ele>
      </trkpt>
      <trkpt lat="35.33659" lon="-120.82327">
        <ele>9.9</ele>
      </trkpt>
      <trkpt lat="35.33584" lon="-120.82328">
        <ele>8.6</ele>
      </trkpt>
      <trkpt lat="35.33512" lon="-120.82328">
        <ele>13.6</ele>
      </trkpt>
      <trkpt lat="35.33494" lon="-120.82328">
        <ele>14.9</ele>
      </trkpt>
      <trkpt lat="35.33426" lon="-120.82328">
        <ele>19.7</ele>
      </trkpt>
      <trkpt lat="35.33312" lon="-120.82328">
        <ele>27.8</ele>
      </trkpt>
      <trkpt lat="35.3328" lon="-120.82328">
        <ele>28.6</ele>
      </trkpt>
      <trkpt lat="35.33244" lon="-120.82329">
        <ele>30.4</ele>
      </trkpt>
      <trkpt lat="35.33226" lon="-120.82329">
        <ele>30.7</ele>
      </trkpt>
      <trkpt lat="35.3319" lon="-120.82329">
        <ele>31.4</ele>
      </trkpt>
      <trkpt lat="35.33118" lon="-120.82331">
        <ele>32.4</ele>
      </trkpt>
      <trkpt lat="35.33047" lon="-120.82333">
        <ele>29.8</ele>
      </trkpt>
      <trkpt lat="35.32995" lon="-120.82334">
        <ele>26.9</ele>
      </trkpt>
      <trkpt lat="35.32963" lon="-120.82333">
        <ele>25.8</ele>
      </trkpt>
      <trkpt lat="35.3295" lon="-120.82332">
        <ele>25.3</ele>
      </trkpt>
      <trkpt lat="35.32948" lon="-120.82332">
        <ele>25.2</ele>
      </trkpt>
      <trkpt lat="35.32935" lon="-120.82329">
        <ele>24.6</ele>
      </trkpt>
      <trkpt lat="35.3293" lon="-120.82328">
        <ele>24.6</ele>
      </trkpt>
      <trkpt lat="35.32913" lon="-120.82324">
        <ele>25.0</ele>
      </trkpt>
      <trkpt lat="35.32898" lon="-120.8232">
        <ele>25.9</ele>
      </trkpt>
      <trkpt lat="35.32883" lon="-120.82315">
        <ele>27.0</ele>
      </trkpt>
      <trkpt lat="35.3288" lon="-120.82314">
        <ele>27.2</ele>
      </trkpt>
      <trkpt lat="35.32862" lon="-120.82306">
        <ele>28.7</ele>
      </trkpt>
      <trkpt lat="35.32838" lon="-120.82295">
        <ele>30.9</ele>
      </trkpt>
      <trkpt lat="35.32829" lon="-120.82289">
        <ele>31.8</ele>
      </trkpt>
      <trkpt lat="35.32819" lon="-120.82284">
        <ele>32.8</ele>
      </trkpt>
      <trkpt lat="35.32817" lon="-120.82282">
        <ele>33.0</ele>
      </trkpt>
      <trkpt lat="35.32803" lon="-120.82273">
        <ele>34.4</ele>
      </trkpt>
      <trkpt lat="35.32792" lon="-120.82265">
        <ele>35.5</ele>
      </trkpt>
      <trkpt lat="35.32789" lon="-120.82263">
        <ele>35.8</ele>
      </trkpt>
      <trkpt lat="35.32767" lon="-120.82246">
        <ele>37.8</ele>
      </trkpt>
      <trkpt lat="35.32746" lon="-120.8223">
        <ele>39.0</ele>
      </trkpt>
      <trkpt lat="35.32744" lon="-120.82229">
        <ele>39.2</ele>
      </trkpt>
      <trkpt lat="35.327" lon="-120.82196">
        <ele>40.3</ele>
      </trkpt>
      <trkpt lat="35.32695" lon="-120.82192">
        <ele>40.3</ele>
      </trkpt>
      <trkpt lat="35.32681" lon="-120.82181">
        <ele>40.2</ele>
      </trkpt>
      <trkpt lat="35.32662" lon="-120.82168">
        <ele>39.8</ele>
      </trkpt>
      <trkpt lat="35.32653" lon="-120.82163">
        <ele>39.6</ele>
      </trkpt>
      <trkpt lat="35.32641" lon="-120.82155">
        <ele>39.1</ele>
      </trkpt>
      <trkpt lat="35.32612" lon="-120.8214">
        <ele>37.6</ele>
      </trkpt>
      <trkpt lat="35.32602" lon="-120.82135">
        <ele>37.0</ele>
      </trkpt>
      <trkpt lat="35.32573" lon="-120.82126">
        <ele>34.9</ele>
      </trkpt>
      <trkpt lat="35.32567" lon="-120.82124">
        <ele>34.5</ele>
      </trkpt>
      <trkpt lat="35.32554" lon="-120.82121">
        <ele>33.5</ele>
      </trkpt>
      <trkpt lat="35.32547" lon="-120.82119">
        <ele>33.1</ele>
      </trkpt>
      <trkpt lat="35.32529" lon="-120.82116">
        <ele>31.7</ele>
      </trkpt>
      <trkpt lat="35.32511" lon="-120.82113">
        <ele>30.2</ele>
      </trkpt>
      <trkpt lat="35.32498" lon="-120.82112">
        <ele>29.1</ele>
      </trkpt>
      <trkpt lat="35.32494" lon="-120.82111">
        <ele>28.8</ele>
      </trkpt>
      <trkpt lat="35.32485" lon="-120.8211">
        <ele>28.0</ele>
      </trkpt>
      <trkpt lat="35.32476" lon="-120.8211">
        <ele>27.2</ele>
      </trkpt>
      <trkpt lat="35.32474" lon="-120.8211">
        <ele>27.0</ele>
      </trkpt>
      <trkpt lat="35.32462" lon="-120.8211">
        <ele>26.0</ele>
      </trkpt>
      <trkpt lat="35.3244" lon="-120.82111">
        <ele>24.7</ele>
      </trkpt>
      <trkpt lat="35.32433" lon="-120.82111">
        <ele>24.5</ele>
      </trkpt>
      <trkpt lat="35.32422" lon="-120.82112">
        <ele>24.1</ele>
      </trkpt>
      <trkpt lat="35.3241" lon="-120.82113">
        <ele>23.7</ele>
      </trkpt>
      <trkpt lat="35.32386" lon="-120.82118">
        <ele>23.1</ele>
      </trkpt>
      <trkpt lat="35.32377" lon="-120.82119">
        <ele>23.0</ele>
      </trkpt>
      <trkpt lat="35.32369" lon="-120.82122">
        <ele>22.9</ele>
      </trkpt>
      <trkpt lat="35.32368" lon="-120.82122">
        <ele>22.9</ele>
      </trkpt>
      <trkpt lat="35.32346" lon="-120.82128">
        <ele>22.8</ele>
      </trkpt>
      <trkpt lat="35.32314" lon="-120.8214">
        <ele>23.0</ele>
      </trkpt>
      <trkpt lat="35.32296" lon="-120.82148">
        <ele>23.4</ele>
      </trkpt>
      <trkpt lat="35.32284" lon="-120.82153">
        <ele>23.7</ele>
      </trkpt>
      <trkpt lat="35.3224" lon="-120.82179">
        <ele>25.0</ele>
      </trkpt>
      <trkpt lat="35.32223" lon="-120.82194">
        <ele>25.4</ele>
      </trkpt>
      <trkpt lat="35.32216" lon="-120.822">
        <ele>25.6</ele>
      </trkpt>
      <trkpt lat="35.32188" lon="-120.82226">
        <ele>26.2</ele>
      </trkpt>
      <trkpt lat="35.32183" lon="-120.8223">
        <ele>26.4</ele>
      </trkpt>
      <trkpt lat="35.32169" lon="-120.82242">
        <ele>26.9</ele>
      </trkpt>
      <trkpt lat="35.32159" lon="-120.82252">
        <ele>27.2</ele>
      </trkpt>
      <trkpt lat="35.32149" lon="-120.82261">
        <ele>27.5</ele>
      </trkpt>
      <trkpt lat="35.32134" lon="-120.82274">
        <ele>27.8</ele>
      </trkpt>
      <trkpt lat="35.32126" lon="-120.82283">
        <ele>28.1</ele>
      </trkpt>
      <trkpt lat="35.32118" lon="-120.82289">
        <ele>28.3</ele>
      </trkpt>
      <trkpt lat="35.32112" lon="-120.82293">
        <ele>28.5</ele>
      </trkpt>
      <trkpt lat="35.3211" lon="-120.82295">
        <ele>28.5</ele>
      </trkpt>
      <trkpt lat="35.32104" lon="-120.82299">
        <ele>28.7</ele>
      </trkpt>
      <trkpt lat="35.32099" lon="-120.82302">
        <ele>28.7</ele>
      </trkpt>
      <trkpt lat="35.32095" lon="-120.82305">
        <ele>28.8</ele>
      </trkpt>
      <trkpt lat="35.32088" lon="-120.82309">
        <ele>28.9</ele>
      </trkpt>
      <trkpt lat="35.32079" lon="-120.82314">
        <ele>29.1</ele>
      </trkpt>
      <trkpt lat="35.32071" lon="-120.82318">
        <ele>29.3</ele>
      </trkpt>
      <trkpt lat="35.32063" lon="-120.82321">
        <ele>29.4</ele>
      </trkpt>
      <trkpt lat="35.32053" lon="-120.82325">
        <ele>29.6</ele>
      </trkpt>
      <trkpt lat="35.32043" lon="-120.82329">
        <ele>29.9</ele>
      </trkpt>
      <trkpt lat="35.32027" lon="-120.82333">
        <ele>30.3</ele>
      </trkpt>
      <trkpt lat="35.32019" lon="-120.82335">
        <ele>30.5</ele>
      </trkpt>
      <trkpt lat="35.32008" lon="-120.82337">
        <ele>30.8</ele>
      </trkpt>
      <trkpt lat="35.32" lon="-120.82338">
        <ele>30.9</ele>
      </trkpt>
      <trkpt lat="35.31998" lon="-120.82338">
        <ele>30.9</ele>
      </trkpt>
      <trkpt lat="35.31989" lon="-120.82338">
        <ele>30.8</ele>
      </trkpt>
      <trkpt lat="35.3191" lon="-120.82338">
        <ele>30.8</ele>
      </trkpt>
      <trkpt lat="35.31902" lon="-120.82338">
        <ele>30.9</ele>
      </trkpt>
      <trkpt lat="35.31874" lon="-120.82338">
        <ele>31.7</ele>
      </trkpt>
      <trkpt lat="35.31872" lon="-120.82338">
        <ele>31.8</ele>
      </trkpt>
      <trkpt lat="35.3182" lon="-120.82338">
        <ele>34.4</ele>
      </trkpt>
      <trkpt lat="35.31723" lon="-120.82338">
        <ele>37.6</ele>
      </trkpt>
      <trkpt lat="35.31652" lon="-120.82339">
        <ele>33.8</ele>
      </trkpt>
      <trkpt lat="35.31614" lon="-120.82339">
        <ele>32.7</ele>
      </trkpt>
      <trkpt lat="35.31584" lon="-120.8234">
        <ele>32.0</ele>
      </trkpt>
      <trkpt lat="35.31514" lon="-120.8234">
        <ele>30.4</ele>
      </trkpt>
      <trkpt lat="35.31512" lon="-120.8234">
        <ele>30.4</ele>
      </trkpt>
      <trkpt lat="35.31456" lon="-120.8234">
        <ele>29.7</ele>
      </trkpt>
      <trkpt lat="35.31435" lon="-120.8234">
        <ele>30.3</ele>
      </trkpt>
      <trkpt lat="35.31424" lon="-120.82341">
        <ele>30.9</ele>
      </trkpt>
      <trkpt lat="35.31409" lon="-120.82341">
        <ele>31.6</ele>
      </trkpt>
      <trkpt lat="35.31406" lon="-120.82341">
        <ele>31.7</ele>
      </trkpt>
      <trkpt lat="35.31404" lon="-120.82341">
        <ele>31.8</ele>
      </trkpt>
      <trkpt lat="35.31391" lon="-120.82341">
        <ele>32.5</ele>
      </trkpt>
      <trkpt lat="35.31376" lon="-120.82343">
        <ele>33.7</ele>
      </trkpt>
      <trkpt lat="35.31352" lon="-120.82346">
        <ele>35.8</ele>
      </trkpt>
      <trkpt lat="35.31351" lon="-120.82346">
        <ele>35.8</ele>
      </trkpt>
      <trkpt lat="35.31347" lon="-120.82347">
        <ele>36.2</ele>
      </trkpt>
      <trkpt lat="35.31337" lon="-120.82348">
        <ele>36.9</ele>
      </trkpt>
      <trkpt lat="35.31324" lon="-120.82351">
        <ele>37.5</ele>
      </trkpt>
      <trkpt lat="35.31313" lon="-120.82354">
        <ele>37.5</ele>
      </trkpt>
      <trkpt lat="35.31294" lon="-120.82359">
        <ele>36.7</ele>
      </trkpt>
      <trkpt lat="35.31286" lon="-120.82362">
        <ele>36.1</ele>
      </trkpt>
      <trkpt lat="35.31279" lon="-120.82364">
        <ele>35.8</ele>
      </trkpt>
      <trkpt lat="35.31266" lon="-120.82369">
        <ele>35.8</ele>
      </trkpt>
      <trkpt lat="35.31253" lon="-120.82375">
        <ele>36.5</ele>
      </trkpt>
      <trkpt lat="35.31236" lon="-120.82382">
        <ele>37.5</ele>
      </trkpt>
      <trkpt lat="35.31222" lon="-120.82388">
        <ele>38.1</ele>
      </trkpt>
      <trkpt lat="35.31208" lon="-120.82395">
        <ele>38.7</ele>
      </trkpt>
      <trkpt lat="35.312" lon="-120.82399">
        <ele>39.2</ele>
      </trkpt>
      <trkpt lat="35.31194" lon="-120.82402">
        <ele>39.5</ele>
      </trkpt>
      <trkpt lat="35.3118" lon="-120.82409">
        <ele>40.1</ele>
      </trkpt>
      <trkpt lat="35.31155" lon="-120.82425">
        <ele>41.5</ele>
      </trkpt>
      <trkpt lat="35.31142" lon="-120.82435">
        <ele>42.4</ele>
      </trkpt>
      <trkpt lat="35.3113" lon="-120.82444">
        <ele>43.3</ele>
      </trkpt>
      <trkpt lat="35.3112" lon="-120.82452">
        <ele>44.0</ele>
      </trkpt>
      <trkpt lat="35.31112" lon="-120.82459">
        <ele>44.5</ele>
      </trkpt>
      <trkpt lat="35.31062" lon="-120.82501">
        <ele>47.6</ele>
      </trkpt>
      <trkpt lat="35.31023" lon="-120.82534">
        <ele>48.8</ele>
      </trkpt>
      <trkpt lat="35.3101" lon="-120.82542">
        <ele>49.3</ele>
      </trkpt>
      <trkpt lat="35.3101" lon="-120.82542">
        <ele>49.3</ele>
      </trkpt>
      <trkpt lat="35.31008" lon="-120.82533">
        <ele>49.3</ele>
      </trkpt>
      <trkpt lat="35.31008" lon="-120.82533">
        <ele>49.3</ele>
      </trkpt>
      <trkpt lat="35.31007" lon="-120.82531">
        <ele>49.3</ele>
      </trkpt>
      <trkpt lat="35.31006" lon="-120.82525">
        <ele>49.4</ele>
      </trkpt>
      <trkpt lat="35.30976" lon="-120.82471">
        <ele>51.0</ele>
      </trkpt>
      <trkpt lat="35.30929" lon="-120.82386">
        <ele>52.1</ele>
      </trkpt>
      <trkpt lat="35.30905" lon="-120.82343">
        <ele>52.2</ele>
      </trkpt>
      <trkpt lat="35.30899" lon="-120.8233">
        <ele>52.3</ele>
      </trkpt>
      <trkpt lat="35.30893" lon="-120.82315">
        <ele>52.2</ele>
      </trkpt>
      <trkpt lat="35.30887" lon="-120.823">
        <ele>52.1</ele>
      </trkpt>
      <trkpt lat="35.30883" lon="-120.82286">
        <ele>52.1</ele>
      </trkpt>
      <trkpt lat="35.30879" lon="-120.82271">
        <ele>51.9</ele>
      </trkpt>
      <trkpt lat="35.30877" lon="-120.82261">
        <ele>51.7</ele>
      </trkpt>
      <trkpt lat="35.30874" lon="-120.82252">
        <ele>51.6</ele>
      </trkpt>
      <trkpt lat="35.30868" lon="-120.82227">
        <ele>51.2</ele>
      </trkpt>
      <trkpt lat="35.30855" lon="-120.82176">
        <ele>49.9</ele>
      </trkpt>
      <trkpt lat="35.30852" lon="-120.82164">
        <ele>50.2</ele>
      </trkpt>
      <trkpt lat="35.30848" lon="-120.82149">
        <ele>51.0</ele>
      </trkpt>
      <trkpt lat="35.30845" lon="-120.82137">
        <ele>51.2</ele>
      </trkpt>
      <trkpt lat="35.30841" lon="-120.82123">
        <ele>51.4</ele>
      </trkpt>
      <trkpt lat="35.30824" lon="-120.82055">
        <ele>53.6</ele>
      </trkpt>
      <trkpt lat="35.30818" lon="-120.8203">
        <ele>54.0</ele>
      </trkpt>
      <trkpt lat="35.30812" lon="-120.82005">
        <ele>54.0</ele>
      </trkpt>
      <trkpt lat="35.30809" lon="-120.81994">
        <ele>53.9</ele>
      </trkpt>
      <trkpt lat="35.30804" lon="-120.81972">
        <ele>53.7</ele>
      </trkpt>
      <trkpt lat="35.30797" lon="-120.81948">
        <ele>53.1</ele>
      </trkpt>
      <trkpt lat="35.30783" lon="-120.81893">
        <ele>51.4</ele>
      </trkpt>
      <trkpt lat="35.30749" lon="-120.81759">
        <ele>49.9</ele>
      </trkpt>
      <trkpt lat="35.30741" lon="-120.81727">
        <ele>49.9</ele>
      </trkpt>
      <trkpt lat="35.30732" lon="-120.81691">
        <ele>49.7</ele>
      </trkpt>
      <trkpt lat="35.30729" lon="-120.81679">
        <ele>49.6</ele>
      </trkpt>
      <trkpt lat="35.30723" lon="-120.81655">
        <ele>48.6</ele>
      </trkpt>
      <trkpt lat="35.30713" lon="-120.81612">
        <ele>48.5</ele>
      </trkpt>
      <trkpt lat="35.30708" lon="-120.81591">
        <ele>49.0</ele>
      </trkpt>
      <trkpt lat="35.30703" lon="-120.8157">
        <ele>49.2</ele>
      </trkpt>
      <trkpt lat="35.30696" lon="-120.8154">
        <ele>48.5</ele>
      </trkpt>
      <trkpt lat="35.30686" lon="-120.81499">
        <ele>44.4</ele>
      </trkpt>
      <trkpt lat="35.30683" lon="-120.81486">
        <ele>42.8</ele>
      </trkpt>
      <trkpt lat="35.30682" lon="-120.81484">
        <ele>42.5</ele>
      </trkpt>
      <trkpt lat="35.30678" lon="-120.81469">
        <ele>41.4</ele>
      </trkpt>
      <trkpt lat="35.30674" lon="-120.81452">
        <ele>40.6</ele>
      </trkpt>
      <trkpt lat="35.30667" lon="-120.81423">
        <ele>38.4</ele>
      </trkpt>
      <trkpt lat="35.30662" lon="-120.81402">
        <ele>37.5</ele>
      </trkpt>
      <trkpt lat="35.30659" lon="-120.8139">
        <ele>37.3</ele>
      </trkpt>
      <trkpt lat="35.30655" lon="-120.81373">
        <ele>36.3</ele>
      </trkpt>
      <trkpt lat="35.30654" lon="-120.81369">
        <ele>35.9</ele>
      </trkpt>
      <trkpt lat="35.30649" lon="-120.81348">
        <ele>34.2</ele>
      </trkpt>
      <trkpt lat="35.30637" lon="-120.813">
        <ele>31.5</ele>
      </trkpt>
      <trkpt lat="35.30635" lon="-120.81294">
        <ele>31.4</ele>
      </trkpt>
      <trkpt lat="35.30634" lon="-120.81288">
        <ele>31.3</ele>
      </trkpt>
      <trkpt lat="35.30632" lon="-120.81279">
        <ele>30.9</ele>
      </trkpt>
      <trkpt lat="35.30624" lon="-120.81246">
        <ele>28.7</ele>
      </trkpt>
      <trkpt lat="35.30622" lon="-120.81237">
        <ele>28.2</ele>
      </trkpt>
      <trkpt lat="35.3062" lon="-120.8123">
        <ele>27.8</ele>
      </trkpt>
      <trkpt lat="35.30614" lon="-120.81204">
        <ele>26.6</ele>
      </trkpt>
      <trkpt lat="35.30611" lon="-120.81195">
        <ele>26.0</ele>
      </trkpt>
      <trkpt lat="35.3061" lon="-120.81188">
        <ele>25.5</ele>
      </trkpt>
      <trkpt lat="35.30598" lon="-120.81141">
        <ele>25.9</ele>
      </trkpt>
      <trkpt lat="35.30591" lon="-120.8111">
        <ele>26.6</ele>
      </trkpt>
      <trkpt lat="35.30589" lon="-120.81104">
        <ele>26.7</ele>
      </trkpt>
      <trkpt lat="35.30575" lon="-120.81047">
        <ele>27.2</ele>
      </trkpt>
      <trkpt lat="35.30559" lon="-120.80985">
        <ele>27.3</ele>
      </trkpt>
      <trkpt lat="35.30544" lon="-120.80921">
        <ele>27.1</ele>
      </trkpt>
      <trkpt lat="35.30539" lon="-120.80901">
        <ele>27.1</ele>
      </trkpt>
      <trkpt lat="35.30535" lon="-120.80886">
        <ele>26.9</ele>
      </trkpt>
      <trkpt lat="35.30482" lon="-120.80677">
        <ele>24.4</ele>
      </trkpt>
      <trkpt lat="35.30467" lon="-120.80615">
        <ele>25.1</ele>
      </trkpt>
      <trkpt lat="35.30457" lon="-120.80573">
        <ele>25.2</ele>
      </trkpt>
      <trkpt lat="35.30456" lon="-120.80569">
        <ele>25.2</ele>
      </trkpt>
      <trkpt lat="35.30447" lon="-120.80533">
        <ele>26.0</ele>
      </trkpt>
      <trkpt lat="35.30426" lon="-120.80444">
        <ele>35.6</ele>
      </trkpt>
      <trkpt lat="35.3042" lon="-120.80423">
        <ele>36.4</ele>
      </trkpt>
      <trkpt lat="35.3041" lon="-120.80378">
        <ele>36.8</ele>
      </trkpt>
      <trkpt lat="35.30405" lon="-120.8036">
        <ele>36.7</ele>
      </trkpt>
      <trkpt lat="35.30395" lon="-120.80318">
        <ele>36.8</ele>
      </trkpt>
      <trkpt lat="35.30385" lon="-120.80278">
        <ele>36.8</ele>
      </trkpt>
      <trkpt lat="35.3038" lon="-120.80254">
        <ele>36.4</ele>
      </trkpt>
      <trkpt lat="35.30357" lon="-120.80158">
        <ele>34.7</ele>
      </trkpt>
      <trkpt lat="35.30337" lon="-120.80079">
        <ele>33.1</ele>
      </trkpt>
      <trkpt lat="35.30328" lon="-120.80036">
        <ele>32.7</ele>
      </trkpt>
      <trkpt lat="35.30323" lon="-120.80009">
        <ele>32.4</ele>
      </trkpt>
      <trkpt lat="35.30316" lon="-120.79976">
        <ele>32.2</ele>
      </trkpt>
      <trkpt lat="35.3031" lon="-120.79942">
        <ele>32.0</ele>
      </trkpt>
      <trkpt lat="35.30292" lon="-120.79842">
        <ele>31.2</ele>
      </trkpt>
      <trkpt lat="35.30269" lon="-120.79724">
        <ele>26.8</ele>
      </trkpt>
      <trkpt lat="35.30261" lon="-120.79677">
        <ele>27.3</ele>
      </trkpt>
      <trkpt lat="35.3025" lon="-120.79619">
        <ele>28.2</ele>
      </trkpt>
      <trkpt lat="35.30248" lon="-120.7961">
        <ele>28.5</ele>
      </trkpt>
      <trkpt lat="35.30247" lon="-120.79605">
        <ele>28.5</ele>
      </trkpt>
      <trkpt lat="35.30244" lon="-120.79589">
        <ele>28.7</ele>
      </trkpt>
      <trkpt lat="35.30243" lon="-120.79584">
        <ele>28.7</ele>
      </trkpt>
      <trkpt lat="35.30242" lon="-120.79581">
        <ele>28.7</ele>
      </trkpt>
      <trkpt lat="35.30236" lon="-120.79549">
        <ele>27.7</ele>
      </trkpt>
      <trkpt lat="35.3023" lon="-120.79525">
        <ele>26.8</ele>
      </trkpt>
      <trkpt lat="35.3023" lon="-120.79523">
        <ele>26.8</ele>
      </trkpt>
      <trkpt lat="35.30229" lon="-120.7952">
        <ele>26.6</ele>
      </trkpt>
      <trkpt lat="35.30225" lon="-120.79504">
        <ele>25.9</ele>
      </trkpt>
      <trkpt lat="35.30223" lon="-120.79496">
        <ele>25.5</ele>
      </trkpt>
      <trkpt lat="35.30216" lon="-120.79467">
        <ele>25.3</ele>
      </trkpt>
      <trkpt lat="35.30214" lon="-120.79462">
        <ele>25.3</ele>
      </trkpt>
      <trkpt lat="35.30208" lon="-120.79441">
        <ele>24.8</ele>
      </trkpt>
      <trkpt lat="35.30201" lon="-120.79417">
        <ele>23.7</ele>
      </trkpt>
      <trkpt lat="35.30188" lon="-120.79378">
        <ele>21.1</ele>
      </trkpt>
      <trkpt lat="35.30174" lon="-120.79339">
        <ele>18.8</ele>
      </trkpt>
      <trkpt lat="35.30167" lon="-120.79319">
        <ele>18.0</ele>
      </trkpt>
      <trkpt lat="35.30164" lon="-120.79311">
        <ele>17.8</ele>
      </trkpt>
      <trkpt lat="35.30133" lon="-120.79231">
        <ele>15.9</ele>
      </trkpt>
      <trkpt lat="35.30126" lon="-120.79211">
        <ele>15.3</ele>
      </trkpt>
      <trkpt lat="35.30118" lon="-120.79191">
        <ele>15.1</ele>
      </trkpt>
      <trkpt lat="35.3005" lon="-120.79012">
        <ele>12.7</ele>
      </trkpt>
      <trkpt lat="35.30006" lon="-120.78896">
        <ele>12.2</ele>
      </trkpt>
      <trkpt lat="35.2996" lon="-120.78777">
        <ele>12.4</ele>
      </trkpt>
      <trkpt lat="35.29952" lon="-120.78757">
        <ele>12.3</ele>
      </trkpt>
      <trkpt lat="35.29942" lon="-120.78728">
        <ele>12.4</ele>
      </trkpt>
      <trkpt lat="35.29933" lon="-120.78702">
        <ele>12.4</ele>
      </trkpt>
      <trkpt lat="35.29924" lon="-120.78674">
        <ele>12.4</ele>
      </trkpt>
      <trkpt lat="35.29918" lon="-120.78651">
        <ele>12.4</ele>
      </trkpt>
      <trkpt lat="35.29911" lon="-120.78624">
        <ele>12.1</ele>
      </trkpt>
      <trkpt lat="35.29905" lon="-120.78597">
        <ele>12.2</ele>
      </trkpt>
      <trkpt lat="35.299" lon="-120.78574">
        <ele>12.2</ele>
      </trkpt>
      <trkpt lat="35.29894" lon="-120.78541">
        <ele>12.3</ele>
      </trkpt>
      <trkpt lat="35.29889" lon="-120.7851">
        <ele>12.3</ele>
      </trkpt>
      <trkpt lat="35.29885" lon="-120.78484">
        <ele>12.4</ele>
      </trkpt>
      <trkpt lat="35.29882" lon="-120.78458">
        <ele>12.4</ele>
      </trkpt>
      <trkpt lat="35.2988" lon="-120.78432">
        <ele>12.6</ele>
      </trkpt>
      <trkpt lat="35.29878" lon="-120.7841">
        <ele>13.0</ele>
      </trkpt>
      <trkpt lat="35.29877" lon="-120.7838">
        <ele>13.1</ele>
      </trkpt>
      <trkpt lat="35.29876" lon="-120.78345">
        <ele>12.9</ele>
      </trkpt>
      <trkpt lat="35.29876" lon="-120.78328">
        <ele>13.2</ele>
      </trkpt>
      <trkpt lat="35.29876" lon="-120.78307">
        <ele>13.3</ele>
      </trkpt>
      <trkpt lat="35.29876" lon="-120.78286">
        <ele>13.4</ele>
      </trkpt>
      <trkpt lat="35.29878" lon="-120.78263">
        <ele>13.7</ele>
      </trkpt>
      <trkpt lat="35.29879" lon="-120.78242">
        <ele>14.2</ele>
      </trkpt>
      <trkpt lat="35.29881" lon="-120.78221">
        <ele>14.7</ele>
      </trkpt>
      <trkpt lat="35.29883" lon="-120.78198">
        <ele>15.2</ele>
      </trkpt>
      <trkpt lat="35.29886" lon="-120.78174">
        <ele>15.7</ele>
      </trkpt>
      <trkpt lat="35.29889" lon="-120.78148">
        <ele>16.1</ele>
      </trkpt>
      <trkpt lat="35.29892" lon="-120.78127">
        <ele>16.4</ele>
      </trkpt>
      <trkpt lat="35.29897" lon="-120.78101">
        <ele>16.8</ele>
      </trkpt>
      <trkpt lat="35.29902" lon="-120.7808">
        <ele>17.0</ele>
      </trkpt>
      <trkpt lat="35.29912" lon="-120.78035">
        <ele>17.1</ele>
      </trkpt>
      <trkpt lat="35.29929" lon="-120.77972">
        <ele>16.9</ele>
      </trkpt>
      <trkpt lat="35.29939" lon="-120.77938">
        <ele>17.0</ele>
      </trkpt>
      <trkpt lat="35.29957" lon="-120.77876">
        <ele>16.9</ele>
      </trkpt>
      <trkpt lat="35.29962" lon="-120.77859">
        <ele>16.9</ele>
      </trkpt>
      <trkpt lat="35.29965" lon="-120.77848">
        <ele>16.9</ele>
      </trkpt>
      <trkpt lat="35.29971" lon="-120.77828">
        <ele>16.9</ele>
      </trkpt>
      <trkpt lat="35.29976" lon="-120.77807">
        <ele>16.9</ele>
      </trkpt>
      <trkpt lat="35.2998" lon="-120.77789">
        <ele>16.9</ele>
      </trkpt>
      <trkpt lat="35.29984" lon="-120.7777">
        <ele>16.9</ele>
      </trkpt>
      <trkpt lat="35.29988" lon="-120.77746">
        <ele>17.0</ele>
      </trkpt>
      <trkpt lat="35.2999" lon="-120.77732">
        <ele>17.1</ele>
      </trkpt>
      <trkpt lat="35.2999" lon="-120.7773">
        <ele>17.1</ele>
      </trkpt>
      <trkpt lat="35.29992" lon="-120.77714">
        <ele>17.1</ele>
      </trkpt>
      <trkpt lat="35.29994" lon="-120.77692">
        <ele>17.1</ele>
      </trkpt>
      <trkpt lat="35.29995" lon="-120.77678">
        <ele>17.0</ele>
      </trkpt>
      <trkpt lat="35.29995" lon="-120.77664">
        <ele>17.0</ele>
      </trkpt>
      <trkpt lat="35.29996" lon="-120.77628">
        <ele>17.1</ele>
      </trkpt>
      <trkpt lat="35.29996" lon="-120.77604">
        <ele>17.4</ele>
      </trkpt>
      <trkpt lat="35.29995" lon="-120.77574">
        <ele>18.4</ele>
      </trkpt>
      <trkpt lat="35.29994" lon="-120.77568">
        <ele>18.7</ele>
      </trkpt>
      <trkpt lat="35.29994" lon="-120.77562">
        <ele>18.9</ele>
      </trkpt>
      <trkpt lat="35.29991" lon="-120.77537">
        <ele>18.3</ele>
      </trkpt>
      <trkpt lat="35.29987" lon="-120.77504">
        <ele>18.9</ele>
      </trkpt>
      <trkpt lat="35.29983" lon="-120.77481">
        <ele>18.9</ele>
      </trkpt>
      <trkpt lat="35.29977" lon="-120.77452">
        <ele>18.6</ele>
      </trkpt>
      <trkpt lat="35.29973" lon="-120.77432">
        <ele>18.4</ele>
      </trkpt>
      <trkpt lat="35.29968" lon="-120.77414">
        <ele>18.2</ele>
      </trkpt>
      <trkpt lat="35.29967" lon="-120.77412">
        <ele>18.2</ele>
      </trkpt>
      <trkpt lat="35.29965" lon="-120.77405">
        <ele>18.2</ele>
      </trkpt>
      <trkpt lat="35.2996" lon="-120.77388">
        <ele>18.2</ele>
      </trkpt>
      <trkpt lat="35.29952" lon="-120.77365">
        <ele>18.1</ele>
      </trkpt>
      <trkpt lat="35.29935" lon="-120.7732">
        <ele>17.8</ele>
      </trkpt>
      <trkpt lat="35.29929" lon="-120.77304">
        <ele>17.7</ele>
      </trkpt>
      <trkpt lat="35.29918" lon="-120.77273">
        <ele>17.3</ele>
      </trkpt>
      <trkpt lat="35.29903" lon="-120.77235">
        <ele>17.2</ele>
      </trkpt>
      <trkpt lat="35.29871" lon="-120.77152">
        <ele>18.0</ele>
      </trkpt>
      <trkpt lat="35.29865" lon="-120.77135">
        <ele>18.1</ele>
      </trkpt>
      <trkpt lat="35.29755" lon="-120.76833">
        <ele>22.7</ele>
      </trkpt>
      <trkpt lat="35.29716" lon="-120.76726">
        <ele>24.8</ele>
      </trkpt>
      <trkpt lat="35.29715" lon="-120.76721">
        <ele>24.9</ele>
      </trkpt>
      <trkpt lat="35.2966" lon="-120.76572">
        <ele>24.5</ele>
      </trkpt>
      <trkpt lat="35.29635" lon="-120.76503">
        <ele>25.2</ele>
      </trkpt>
      <trkpt lat="35.2963" lon="-120.76492">
        <ele>25.2</ele>
      </trkpt>
      <trkpt lat="35.29502" lon="-120.76141">
        <ele>31.6</ele>
      </trkpt>
      <trkpt lat="35.29499" lon="-120.76132">
        <ele>31.6</ele>
      </trkpt>
      <trkpt lat="35.29498" lon="-120.7613">
        <ele>31.6</ele>
      </trkpt>
      <trkpt lat="35.29459" lon="-120.76023">
        <ele>31.7</ele>
      </trkpt>
      <trkpt lat="35.29458" lon="-120.76021">
        <ele>31.7</ele>
      </trkpt>
      <trkpt lat="35.29424" lon="-120.75929">
        <ele>32.6</ele>
      </trkpt>
      <trkpt lat="35.29421" lon="-120.7592">
        <ele>32.8</ele>
      </trkpt>
      <trkpt lat="35.29414" lon="-120.75901">
        <ele>33.1</ele>
      </trkpt>
      <trkpt lat="35.29386" lon="-120.75825">
        <ele>33.9</ele>
      </trkpt>
      <trkpt lat="35.29374" lon="-120.75802">
        <ele>34.4</ele>
      </trkpt>
      <trkpt lat="35.29355" lon="-120.75752">
        <ele>35.7</ele>
      </trkpt>
      <trkpt lat="35.2933" lon="-120.75685">
        <ele>37.0</ele>
      </trkpt>
      <trkpt lat="35.29323" lon="-120.75665">
        <ele>37.4</ele>
      </trkpt>
      <trkpt lat="35.29293" lon="-120.75584">
        <ele>37.6</ele>
      </trkpt>
      <trkpt lat="35.29286" lon="-120.75564">
        <ele>37.8</ele>
      </trkpt>
      <trkpt lat="35.29279" lon="-120.75544">
        <ele>38.2</ele>
      </trkpt>
      <trkpt lat="35.29271" lon="-120.75524">
        <ele>38.5</ele>
      </trkpt>
      <trkpt lat="35.29264" lon="-120.75504">
        <ele>38.8</ele>
      </trkpt>
      <trkpt lat="35.29256" lon="-120.75485">
        <ele>39.0</ele>
      </trkpt>
      <trkpt lat="35.29256" lon="-120.75484">
        <ele>39.0</ele>
      </trkpt>
      <trkpt lat="35.29249" lon="-120.75464">
        <ele>39.2</ele>
      </trkpt>
      <trkpt lat="35.29242" lon="-120.75444">
        <ele>39.3</ele>
      </trkpt>
      <trkpt lat="35.29214" lon="-120.75367">
        <ele>40.0</ele>
      </trkpt>
      <trkpt lat="35.29205" lon="-120.75343">
        <ele>40.3</ele>
      </trkpt>
      <trkpt lat="35.29189" lon="-120.75301">
        <ele>40.7</ele>
      </trkpt>
      <trkpt lat="35.29182" lon="-120.75282">
        <ele>41.0</ele>
      </trkpt>
      <trkpt lat="35.29175" lon="-120.75261">
        <ele>41.3</ele>
      </trkpt>
      <trkpt lat="35.2916" lon="-120.75221">
        <ele>41.8</ele>
      </trkpt>
      <trkpt lat="35.2915" lon="-120.75194">
        <ele>42.1</ele>
      </trkpt>
      <trkpt lat="35.29145" lon="-120.75181">
        <ele>42.3</ele>
      </trkpt>
      <trkpt lat="35.29138" lon="-120.75163">
        <ele>42.7</ele>
      </trkpt>
      <trkpt lat="35.2913" lon="-120.75141">
        <ele>42.9</ele>
      </trkpt>
      <trkpt lat="35.29095" lon="-120.75043">
        <ele>44.3</ele>
      </trkpt>
      <trkpt lat="35.29067" lon="-120.74965">
        <ele>45.5</ele>
      </trkpt>
      <trkpt lat="35.29015" lon="-120.74824">
        <ele>48.0</ele>
      </trkpt>
      <trkpt lat="35.2899" lon="-120.74753">
        <ele>48.8</ele>
      </trkpt>
      <trkpt lat="35.28986" lon="-120.74743">
        <ele>49.1</ele>
      </trkpt>
      <trkpt lat="35.28955" lon="-120.74655">
        <ele>49.4</ele>
      </trkpt>
      <trkpt lat="35.28949" lon="-120.74641">
        <ele>49.4</ele>
      </trkpt>
      <trkpt lat="35.2892" lon="-120.7456">
        <ele>50.6</ele>
      </trkpt>
      <trkpt lat="35.28903" lon="-120.74515">
        <ele>51.3</ele>
      </trkpt>
      <trkpt lat="35.28898" lon="-120.74502">
        <ele>51.5</ele>
      </trkpt>
      <trkpt lat="35.28888" lon="-120.74475">
        <ele>51.9</ele>
      </trkpt>
      <trkpt lat="35.28888" lon="-120.74474">
        <ele>51.9</ele>
      </trkpt>
      <trkpt lat="35.28881" lon="-120.74454">
        <ele>52.2</ele>
      </trkpt>
      <trkpt lat="35.28862" lon="-120.74403">
        <ele>53.1</ele>
      </trkpt>
      <trkpt lat="35.28851" lon="-120.74374">
        <ele>53.5</ele>
      </trkpt>
      <trkpt lat="35.28828" lon="-120.74312">
        <ele>53.9</ele>
      </trkpt>
      <trkpt lat="35.28824" lon="-120.743">
        <ele>53.9</ele>
      </trkpt>
      <trkpt lat="35.28822" lon="-120.74294">
        <ele>54.0</ele>
      </trkpt>
      <trkpt lat="35.28811" lon="-120.74265">
        <ele>54.5</ele>
      </trkpt>
      <trkpt lat="35.28807" lon="-120.74254">
        <ele>54.6</ele>
      </trkpt>
      <trkpt lat="35.28805" lon="-120.74251">
        <ele>54.7</ele>
      </trkpt>
      <trkpt lat="35.28793" lon="-120.7422">
        <ele>55.1</ele>
      </trkpt>
      <trkpt lat="35.28793" lon="-120.74219">
        <ele>55.1</ele>
      </trkpt>
      <trkpt lat="35.28777" lon="-120.74175">
        <ele>55.8</ele>
      </trkpt>
      <trkpt lat="35.28775" lon="-120.74169">
        <ele>55.9</ele>
      </trkpt>
      <trkpt lat="35.28761" lon="-120.74132">
        <ele>56.2</ele>
      </trkpt>
      <trkpt lat="35.28738" lon="-120.74068">
        <ele>56.2</ele>
      </trkpt>
      <trkpt lat="35.2873" lon="-120.74048">
        <ele>56.2</ele>
      </trkpt>
      <trkpt lat="35.28723" lon="-120.74028">
        <ele>56.1</ele>
      </trkpt>
      <trkpt lat="35.28722" lon="-120.74024">
        <ele>56.1</ele>
      </trkpt>
      <trkpt lat="35.287" lon="-120.73965">
        <ele>56.0</ele>
      </trkpt>
      <trkpt lat="35.2868" lon="-120.73911">
        <ele>56.6</ele>
      </trkpt>
      <trkpt lat="35.28679" lon="-120.73908">
        <ele>56.5</ele>
      </trkpt>
      <trkpt lat="35.28672" lon="-120.73888">
        <ele>56.5</ele>
      </trkpt>
      <trkpt lat="35.28664" lon="-120.73866">
        <ele>56.5</ele>
      </trkpt>
      <trkpt lat="35.2865" lon="-120.73827">
        <ele>57.1</ele>
      </trkpt>
      <trkpt lat="35.28644" lon="-120.73813">
        <ele>57.2</ele>
      </trkpt>
      <trkpt lat="35.28642" lon="-120.73807">
        <ele>57.3</ele>
      </trkpt>
      <trkpt lat="35.28617" lon="-120.73739">
        <ele>57.3</ele>
      </trkpt>
      <trkpt lat="35.28609" lon="-120.73718">
        <ele>57.1</ele>
      </trkpt>
      <trkpt lat="35.2859" lon="-120.73664">
        <ele>56.4</ele>
      </trkpt>
      <trkpt lat="35.28553" lon="-120.73563">
        <ele>55.9</ele>
      </trkpt>
      <trkpt lat="35.285" lon="-120.73418">
        <ele>54.3</ele>
      </trkpt>
      <trkpt lat="35.28469" lon="-120.73335">
        <ele>54.4</ele>
      </trkpt>
      <trkpt lat="35.28461" lon="-120.73315">
        <ele>54.7</ele>
      </trkpt>
      <trkpt lat="35.28439" lon="-120.73253">
        <ele>55.0</ele>
      </trkpt>
      <trkpt lat="35.2841" lon="-120.73174">
        <ele>53.7</ele>
      </trkpt>
      <trkpt lat="35.2835" lon="-120.73011">
        <ele>49.9</ele>
      </trkpt>
      <trkpt lat="35.2833" lon="-120.72957">
        <ele>49.0</ele>
      </trkpt>
      <trkpt lat="35.28329" lon="-120.72953">
        <ele>48.9</ele>
      </trkpt>
      <trkpt lat="35.28323" lon="-120.72937">
        <ele>48.7</ele>
      </trkpt>
      <trkpt lat="35.28304" lon="-120.72883">
        <ele>48.2</ele>
      </trkpt>
      <trkpt lat="35.28253" lon="-120.72744">
        <ele>46.9</ele>
      </trkpt>
      <trkpt lat="35.28248" lon="-120.72732">
        <ele>46.8</ele>
      </trkpt>
      <trkpt lat="35.28242" lon="-120.72715">
        <ele>46.8</ele>
      </trkpt>
      <trkpt lat="35.28222" lon="-120.72659">
        <ele>46.5</ele>
      </trkpt>
      <trkpt lat="35.28191" lon="-120.72576">
        <ele>45.6</ele>
      </trkpt>
      <trkpt lat="35.28168" lon="-120.72513">
        <ele>44.5</ele>
      </trkpt>
      <trkpt lat="35.28103" lon="-120.72337">
        <ele>43.6</ele>
      </trkpt>
      <trkpt lat="35.2808" lon="-120.72274">
        <ele>43.6</ele>
      </trkpt>
      <trkpt lat="35.28073" lon="-120.72254">
        <ele>43.6</ele>
      </trkpt>
      <trkpt lat="35.28039" lon="-120.7216">
        <ele>43.6</ele>
      </trkpt>
      <trkpt lat="35.27994" lon="-120.72039">
        <ele>44.2</ele>
      </trkpt>
      <trkpt lat="35.27988" lon="-120.72022">
        <ele>44.2</ele>
      </trkpt>
      <trkpt lat="35.27956" lon="-120.71933">
        <ele>44.6</ele>
      </trkpt>
      <trkpt lat="35.27951" lon="-120.71921">
        <ele>44.6</ele>
      </trkpt>
      <trkpt lat="35.27938" lon="-120.71883">
        <ele>44.0</ele>
      </trkpt>
      <trkpt lat="35.27935" lon="-120.71874">
        <ele>43.9</ele>
      </trkpt>
      <trkpt lat="35.27916" lon="-120.71823">
        <ele>43.4</ele>
      </trkpt>
      <trkpt lat="35.27911" lon="-120.71808">
        <ele>43.4</ele>
      </trkpt>
      <trkpt lat="35.27895" lon="-120.71766">
        <ele>43.4</ele>
      </trkpt>
      <trkpt lat="35.27894" lon="-120.71763">
        <ele>43.4</ele>
      </trkpt>
      <trkpt lat="35.27876" lon="-120.71714">
        <ele>43.4</ele>
      </trkpt>
      <trkpt lat="35.27864" lon="-120.71682">
        <ele>43.4</ele>
      </trkpt>
      <trkpt lat="35.27862" lon="-120.71676">
        <ele>43.4</ele>
      </trkpt>
      <trkpt lat="35.27847" lon="-120.71636">
        <ele>43.4</ele>
      </trkpt>
      <trkpt lat="35.27842" lon="-120.71621">
        <ele>43.3</ele>
      </trkpt>
      <trkpt lat="35.27819" lon="-120.71561">
        <ele>43.2</ele>
      </trkpt>
      <trkpt lat="35.27804" lon="-120.71519">
        <ele>43.2</ele>
      </trkpt>
      <trkpt lat="35.27791" lon="-120.71484">
        <ele>43.2</ele>
      </trkpt>
      <trkpt lat="35.27785" lon="-120.71467">
        <ele>43.2</ele>
      </trkpt>
      <trkpt lat="35.2777" lon="-120.71426">
        <ele>43.2</ele>
      </trkpt>
      <trkpt lat="35.27766" lon="-120.71413">
        <ele>43.2</ele>
      </trkpt>
      <trkpt lat="35.27764" lon="-120.71407">
        <ele>43.2</ele>
      </trkpt>
      <trkpt lat="35.27748" lon="-120.71355">
        <ele>43.2</ele>
      </trkpt>
      <trkpt lat="35.27742" lon="-120.71336">
        <ele>43.4</ele>
      </trkpt>
      <trkpt lat="35.2774" lon="-120.71329">
        <ele>43.4</ele>
      </trkpt>
      <trkpt lat="35.27733" lon="-120.71308">
        <ele>43.6</ele>
      </trkpt>
      <trkpt lat="35.27724" lon="-120.71287">
        <ele>43.8</ele>
      </trkpt>
      <trkpt lat="35.2771" lon="-120.71257">
        <ele>44.4</ele>
      </trkpt>
      <trkpt lat="35.27698" lon="-120.71231">
        <ele>44.7</ele>
      </trkpt>
      <trkpt lat="35.27684" lon="-120.71206">
        <ele>45.1</ele>
      </trkpt>
      <trkpt lat="35.27679" lon="-120.71196">
        <ele>45.1</ele>
      </trkpt>
      <trkpt lat="35.27661" lon="-120.71162">
        <ele>45.2</ele>
      </trkpt>
      <trkpt lat="35.27638" lon="-120.71135">
        <ele>45.4</ele>
      </trkpt>
      <trkpt lat="35.27626" lon="-120.71121">
        <ele>45.4</ele>
      </trkpt>
      <trkpt lat="35.27618" lon="-120.71113">
        <ele>45.4</ele>
      </trkpt>
      <trkpt lat="35.27597" lon="-120.71089">
        <ele>45.4</ele>
      </trkpt>
      <trkpt lat="35.27581" lon="-120.71072">
        <ele>45.5</ele>
      </trkpt>
      <trkpt lat="35.27576" lon="-120.71067">
        <ele>45.5</ele>
      </trkpt>
      <trkpt lat="35.27554" lon="-120.71048">
        <ele>45.5</ele>
      </trkpt>
      <trkpt lat="35.27511" lon="-120.7101">
        <ele>45.6</ele>
      </trkpt>
      <trkpt lat="35.27507" lon="-120.71007">
        <ele>45.6</ele>
      </trkpt>
      <trkpt lat="35.27468" lon="-120.70972">
        <ele>45.6</ele>
      </trkpt>
      <trkpt lat="35.27421" lon="-120.70932">
        <ele>45.4</ele>
      </trkpt>
      <trkpt lat="35.27402" lon="-120.70915">
        <ele>45.2</ele>
      </trkpt>
      <trkpt lat="35.27353" lon="-120.7087">
        <ele>44.4</ele>
      </trkpt>
      <trkpt lat="35.27322" lon="-120.70842">
        <ele>43.8</ele>
      </trkpt>
      <trkpt lat="35.27272" lon="-120.70797">
        <ele>43.0</ele>
      </trkpt>
      <trkpt lat="35.27103" lon="-120.70649">
        <ele>40.9</ele>
      </trkpt>
      <trkpt lat="35.27103" lon="-120.70649">
        <ele>40.9</ele>
      </trkpt>
      <trkpt lat="35.27089" lon="-120.70636">
        <ele>40.9</ele>
      </trkpt>
      <trkpt lat="35.26907" lon="-120.70476">
        <ele>41.7</ele>
      </trkpt>
      <trkpt lat="35.26883" lon="-120.70455">
        <ele>41.9</ele>
      </trkpt>
      <trkpt lat="35.26869" lon="-120.70443">
        <ele>42.0</ele>
      </trkpt>
      <trkpt lat="35.26842" lon="-120.70419">
        <ele>41.9</ele>
      </trkpt>
      <trkpt lat="35.26832" lon="-120.70409">
        <ele>42.2</ele>
      </trkpt>
      <trkpt lat="35.2683" lon="-120.70407">
        <ele>42.1</ele>
      </trkpt>
      <trkpt lat="35.26821" lon="-120.70398">
        <ele>42.2</ele>
      </trkpt>
      <trkpt lat="35.26815" lon="-120.70391">
        <ele>42.3</ele>
      </trkpt>
      <trkpt lat="35.26808" lon="-120.70382">
        <ele>42.5</ele>
      </trkpt>
      <trkpt lat="35.26794" lon="-120.70366">
        <ele>42.7</ele>
      </trkpt>
      <trkpt lat="35.26767" lon="-120.70334">
        <ele>43.1</ele>
      </trkpt>
      <trkpt lat="35.2673" lon="-120.7029">
        <ele>43.6</ele>
      </trkpt>
      <trkpt lat="35.26717" lon="-120.70285">
        <ele>44.1</ele>
      </trkpt>
      <trkpt lat="35.26691" lon="-120.70254">
        <ele>44.5</ele>
      </trkpt>
      <trkpt lat="35.26665" lon="-120.70224">
        <ele>44.7</ele>
      </trkpt>
      <trkpt lat="35.26648" lon="-120.70203">
        <ele>45.0</ele>
      </trkpt>
      <trkpt lat="35.26639" lon="-120.70193">
        <ele>45.5</ele>
      </trkpt>
      <trkpt lat="35.26634" lon="-120.70187">
        <ele>45.9</ele>
      </trkpt>
      <trkpt lat="35.26616" lon="-120.70166">
        <ele>47.0</ele>
      </trkpt>
      <trkpt lat="35.2657" lon="-120.70112">
        <ele>47.5</ele>
      </trkpt>
      <trkpt lat="35.26567" lon="-120.70108">
        <ele>47.4</ele>
      </trkpt>
      <trkpt lat="35.26525" lon="-120.70059">
        <ele>47.7</ele>
      </trkpt>
      <trkpt lat="35.2648" lon="-120.70004">
        <ele>49.1</ele>
      </trkpt>
      <trkpt lat="35.26455" lon="-120.69973">
        <ele>50.3</ele>
      </trkpt>
      <trkpt lat="35.26422" lon="-120.69934">
        <ele>50.8</ele>
      </trkpt>
      <trkpt lat="35.26416" lon="-120.69927">
        <ele>50.9</ele>
      </trkpt>
      <trkpt lat="35.26403" lon="-120.69912">
        <ele>50.7</ele>
      </trkpt>
      <trkpt lat="35.26346" lon="-120.69845">
        <ele>50.3</ele>
      </trkpt>
      <trkpt lat="35.2634" lon="-120.69829">
        <ele>50.3</ele>
      </trkpt>
      <trkpt lat="35.26313" lon="-120.698">
        <ele>49.8</ele>
      </trkpt>
      <trkpt lat="35.26299" lon="-120.69783">
        <ele>49.2</ele>
      </trkpt>
      <trkpt lat="35.26253" lon="-120.69729">
        <ele>47.5</ele>
      </trkpt>
      <trkpt lat="35.2623" lon="-120.69701">
        <ele>46.8</ele>
      </trkpt>
      <trkpt lat="35.26194" lon="-120.69659">
        <ele>45.3</ele>
      </trkpt>
      <trkpt lat="35.26171" lon="-120.69632">
        <ele>44.2</ele>
      </trkpt>
      <trkpt lat="35.2615" lon="-120.69606">
        <ele>43.1</ele>
      </trkpt>
      <trkpt lat="35.26119" lon="-120.6957">
        <ele>42.1</ele>
      </trkpt>
      <trkpt lat="35.26093" lon="-120.69539">
        <ele>41.6</ele>
      </trkpt>
      <trkpt lat="35.2608" lon="-120.69523">
        <ele>41.0</ele>
      </trkpt>
      <trkpt lat="35.26061" lon="-120.69501">
        <ele>41.2</ele>
      </trkpt>
      <trkpt lat="35.26042" lon="-120.69478">
        <ele>41.9</ele>
      </trkpt>
      <trkpt lat="35.26008" lon="-120.69438">
        <ele>43.7</ele>
      </trkpt>
      <trkpt lat="35.26" lon="-120.69429">
        <ele>43.8</ele>
      </trkpt>
      <trkpt lat="35.25982" lon="-120.69407">
        <ele>44.0</ele>
      </trkpt>
      <trkpt lat="35.25961" lon="-120.69383">
        <ele>44.2</ele>
      </trkpt>
      <trkpt lat="35.25956" lon="-120.69377">
        <ele>44.3</ele>
      </trkpt>
      <trkpt lat="35.25898" lon="-120.69308">
        <ele>44.3</ele>
      </trkpt>
      <trkpt lat="35.25859" lon="-120.69255">
        <ele>44.1</ele>
      </trkpt>
      <trkpt lat="35.2584" lon="-120.69233">
        <ele>44.0</ele>
      </trkpt>
      <trkpt lat="35.25826" lon="-120.69215">
        <ele>44.0</ele>
      </trkpt>
      <trkpt lat="35.25822" lon="-120.69211">
        <ele>43.9</ele>
      </trkpt>
      <trkpt lat="35.25818" lon="-120.69207">
        <ele>43.9</ele>
      </trkpt>
      <trkpt lat="35.25808" lon="-120.69197">
        <ele>43.8</ele>
      </trkpt>
      <trkpt lat="35.25778" lon="-120.69173">
        <ele>43.7</ele>
      </trkpt>
      <trkpt lat="35.25752" lon="-120.69151">
        <ele>43.5</ele>
      </trkpt>
      <trkpt lat="35.25733" lon="-120.69136">
        <ele>43.3</ele>
      </trkpt>
      <trkpt lat="35.25719" lon="-120.69123">
        <ele>43.2</ele>
      </trkpt>
      <trkpt lat="35.25704" lon="-120.69111">
        <ele>43.1</ele>
      </trkpt>
      <trkpt lat="35.25694" lon="-120.69103">
        <ele>42.9</ele>
      </trkpt>
      <trkpt lat="35.25677" lon="-120.6909">
        <ele>42.8</ele>
      </trkpt>
      <trkpt lat="35.25659" lon="-120.69083">
        <ele>42.7</ele>
      </trkpt>
      <trkpt lat="35.25623" lon="-120.6906">
        <ele>42.4</ele>
      </trkpt>
      <trkpt lat="35.25559" lon="-120.69012">
        <ele>41.8</ele>
      </trkpt>
      <trkpt lat="35.25539" lon="-120.68998">
        <ele>41.6</ele>
      </trkpt>
      <trkpt lat="35.25529" lon="-120.68991">
        <ele>41.6</ele>
      </trkpt>
      <trkpt lat="35.25508" lon="-120.68975">
        <ele>41.3</ele>
      </trkpt>
      <trkpt lat="35.25468" lon="-120.68943">
        <ele>41.0</ele>
      </trkpt>
      <trkpt lat="35.2546" lon="-120.68936">
        <ele>40.9</ele>
      </trkpt>
      <trkpt lat="35.25441" lon="-120.6892">
        <ele>40.9</ele>
      </trkpt>
      <trkpt lat="35.25438" lon="-120.68917">
        <ele>40.8</ele>
      </trkpt>
      <trkpt lat="35.25392" lon="-120.6888">
        <ele>40.4</ele>
      </trkpt>
      <trkpt lat="35.25378" lon="-120.68869">
        <ele>40.3</ele>
      </trkpt>
      <trkpt lat="35.2531" lon="-120.68814">
        <ele>39.7</ele>
      </trkpt>
      <trkpt lat="35.25259" lon="-120.68773">
        <ele>39.0</ele>
      </trkpt>
      <trkpt lat="35.25251" lon="-120.68765">
        <ele>38.8</ele>
      </trkpt>
      <trkpt lat="35.25245" lon="-120.6876">
        <ele>38.7</ele>
      </trkpt>
      <trkpt lat="35.25194" lon="-120.68714">
        <ele>37.8</ele>
      </trkpt>
      <trkpt lat="35.25179" lon="-120.687">
        <ele>37.6</ele>
      </trkpt>
      <trkpt lat="35.25111" lon="-120.68638">
        <ele>37.2</ele>
      </trkpt>
      <trkpt lat="35.25081" lon="-120.6861">
        <ele>37.0</ele>
      </trkpt>
      <trkpt lat="35.25056" lon="-120.68587">
        <ele>36.9</ele>
      </trkpt>
      <trkpt lat="35.25051" lon="-120.68583">
        <ele>36.9</ele>
      </trkpt>
      <trkpt lat="35.25049" lon="-120.68579">
        <ele>36.8</ele>
      </trkpt>
      <trkpt lat="35.25045" lon="-120.68573">
        <ele>36.8</ele>
      </trkpt>
      <trkpt lat="35.25043" lon="-120.68569">
        <ele>36.8</ele>
      </trkpt>
      <trkpt lat="35.25041" lon="-120.68566">
        <ele>36.8</ele>
      </trkpt>
      <trkpt lat="35.25012" lon="-120.68539">
        <ele>36.5</ele>
      </trkpt>
      <trkpt lat="35.24988" lon="-120.68517">
        <ele>36.3</ele>
      </trkpt>
      <trkpt lat="35.24941" lon="-120.68478">
        <ele>36.2</ele>
      </trkpt>
      <trkpt lat="35.2493" lon="-120.68469">
        <ele>36.2</ele>
      </trkpt>
      <trkpt lat="35.24889" lon="-120.68437">
        <ele>36.2</ele>
      </trkpt>
      <trkpt lat="35.24888" lon="-120.68436">
        <ele>36.2</ele>
      </trkpt>
      <trkpt lat="35.24838" lon="-120.684">
        <ele>36.0</ele>
      </trkpt>
      <trkpt lat="35.24837" lon="-120.684">
        <ele>36.0</ele>
      </trkpt>
      <trkpt lat="35.24823" lon="-120.6839">
        <ele>36.0</ele>
      </trkpt>
      <trkpt lat="35.24803" lon="-120.68377">
        <ele>35.9</ele>
      </trkpt>
      <trkpt lat="35.24795" lon="-120.68372">
        <ele>35.8</ele>
      </trkpt>
      <trkpt lat="35.2479" lon="-120.68369">
        <ele>35.8</ele>
      </trkpt>
      <trkpt lat="35.24781" lon="-120.68364">
        <ele>35.8</ele>
      </trkpt>
      <trkpt lat="35.24768" lon="-120.68356">
        <ele>35.7</ele>
      </trkpt>
      <trkpt lat="35.24752" lon="-120.68348">
        <ele>35.6</ele>
      </trkpt>
      <trkpt lat="35.24742" lon="-120.68342">
        <ele>35.5</ele>
      </trkpt>
      <trkpt lat="35.2473" lon="-120.68336">
        <ele>35.4</ele>
      </trkpt>
      <trkpt lat="35.24726" lon="-120.68337">
        <ele>35.4</ele>
      </trkpt>
      <trkpt lat="35.2472" lon="-120.68336">
        <ele>35.3</ele>
      </trkpt>
      <trkpt lat="35.24671" lon="-120.68315">
        <ele>34.6</ele>
      </trkpt>
      <trkpt lat="35.24651" lon="-120.68307">
        <ele>34.4</ele>
      </trkpt>
      <trkpt lat="35.24641" lon="-120.68302">
        <ele>34.4</ele>
      </trkpt>
      <trkpt lat="35.24632" lon="-120.68298">
        <ele>34.3</ele>
      </trkpt>
      <trkpt lat="35.24611" lon="-120.68291">
        <ele>34.0</ele>
      </trkpt>
      <trkpt lat="35.24589" lon="-120.68282">
        <ele>33.7</ele>
      </trkpt>
      <trkpt lat="35.24556" lon="-120.68271">
        <ele>33.3</ele>
      </trkpt>
      <trkpt lat="35.24519" lon="-120.68256">
        <ele>32.7</ele>
      </trkpt>
      <trkpt lat="35.24493" lon="-120.68244">
        <ele>32.5</ele>
      </trkpt>
      <trkpt lat="35.24459" lon="-120.68229">
        <ele>32.2</ele>
      </trkpt>
      <trkpt lat="35.24441" lon="-120.68221">
        <ele>32.1</ele>
      </trkpt>
      <trkpt lat="35.24417" lon="-120.68211">
        <ele>31.9</ele>
      </trkpt>
      <trkpt lat="35.24391" lon="-120.682">
        <ele>31.7</ele>
      </trkpt>
      <trkpt lat="35.24382" lon="-120.68196">
        <ele>31.7</ele>
      </trkpt>
      <trkpt lat="35.24368" lon="-120.68188">
        <ele>31.6</ele>
      </trkpt>
      <trkpt lat="35.24356" lon="-120.68181">
        <ele>31.6</ele>
      </trkpt>
      <trkpt lat="35.24342" lon="-120.6817">
        <ele>31.7</ele>
      </trkpt>
      <trkpt lat="35.24332" lon="-120.68161">
        <ele>31.7</ele>
      </trkpt>
      <trkpt lat="35.24319" lon="-120.6815">
        <ele>31.8</ele>
      </trkpt>
      <trkpt lat="35.24305" lon="-120.68134">
        <ele>32.0</ele>
      </trkpt>
      <trkpt lat="35.24295" lon="-120.68122">
        <ele>32.1</ele>
      </trkpt>
      <trkpt lat="35.24284" lon="-120.68105">
        <ele>32.2</ele>
      </trkpt>
      <trkpt lat="35.2428" lon="-120.68098">
        <ele>32.2</ele>
      </trkpt>
      <trkpt lat="35.24272" lon="-120.68083">
        <ele>32.4</ele>
      </trkpt>
      <trkpt lat="35.24266" lon="-120.68072">
        <ele>32.8</ele>
      </trkpt>
      <trkpt lat="35.24262" lon="-120.68061">
        <ele>33.3</ele>
      </trkpt>
      <trkpt lat="35.24258" lon="-120.68051">
        <ele>33.8</ele>
      </trkpt>
      <trkpt lat="35.24256" lon="-120.68043">
        <ele>34.2</ele>
      </trkpt>
      <trkpt lat="35.24253" lon="-120.68034">
        <ele>34.7</ele>
      </trkpt>
      <trkpt lat="35.24248" lon="-120.68013">
        <ele>35.5</ele>
      </trkpt>
      <trkpt lat="35.24245" lon="-120.68002">
        <ele>35.7</ele>
      </trkpt>
      <trkpt lat="35.24243" lon="-120.67987">
        <ele>35.6</ele>
      </trkpt>
      <trkpt lat="35.24241" lon="-120.67975">
        <ele>35.6</ele>
      </trkpt>
      <trkpt lat="35.24241" lon="-120.67974">
        <ele>35.6</ele>
      </trkpt>
      <trkpt lat="35.2424" lon="-120.67963">
        <ele>35.6</ele>
      </trkpt>
      <trkpt lat="35.2424" lon="-120.67953">
        <ele>35.6</ele>
      </trkpt>
      <trkpt lat="35.24239" lon="-120.67941">
        <ele>35.6</ele>
      </trkpt>
      <trkpt lat="35.24238" lon="-120.67921">
        <ele>35.6</ele>
      </trkpt>
      <trkpt lat="35.24235" lon="-120.67866">
        <ele>35.8</ele>
      </trkpt>
      <trkpt lat="35.24233" lon="-120.67826">
        <ele>36.1</ele>
      </trkpt>
      <trkpt lat="35.24232" lon="-120.67809">
        <ele>36.1</ele>
      </trkpt>
      <trkpt lat="35.24229" lon="-120.67763">
        <ele>36.0</ele>
      </trkpt>
      <trkpt lat="35.24226" lon="-120.67742">
        <ele>35.9</ele>
      </trkpt>
      <trkpt lat="35.24223" lon="-120.67733">
        <ele>35.9</ele>
      </trkpt>
      <trkpt lat="35.24222" lon="-120.67727">
        <ele>35.9</ele>
      </trkpt>
      <trkpt lat="35.24219" lon="-120.67719">
        <ele>35.9</ele>
      </trkpt>
      <trkpt lat="35.24214" lon="-120.67704">
        <ele>36.1</ele>
      </trkpt>
      <trkpt lat="35.24196" lon="-120.67666">
        <ele>36.5</ele>
      </trkpt>
      <trkpt lat="35.24196" lon="-120.67666">
        <ele>36.5</ele>
      </trkpt>
      <trkpt lat="35.24185" lon="-120.67673">
        <ele>36.6</ele>
      </trkpt>
      <trkpt lat="35.24166" lon="-120.67687">
        <ele>36.7</ele>
      </trkpt>
      <trkpt lat="35.24129" lon="-120.67712">
        <ele>37.1</ele>
      </trkpt>
      <trkpt lat="35.2412" lon="-120.67719">
        <ele>37.3</ele>
      </trkpt>
      <trkpt lat="35.24055" lon="-120.67761">
        <ele>37.4</ele>
      </trkpt>
      <trkpt lat="35.24047" lon="-120.67767">
        <ele>37.4</ele>
      </trkpt>
      <trkpt lat="35.23988" lon="-120.67805">
        <ele>37.5</ele>
      </trkpt>
      <trkpt lat="35.23937" lon="-120.6784">
        <ele>37.5</ele>
      </trkpt>
      <trkpt lat="35.2393" lon="-120.67844">
        <ele>37.4</ele>
      </trkpt>
      <trkpt lat="35.2389" lon="-120.67872">
        <ele>37.2</ele>
      </trkpt>
      <trkpt lat="35.23876" lon="-120.67881">
        <ele>37.2</ele>
      </trkpt>
      <trkpt lat="35.23832" lon="-120.67911">
        <ele>36.3</ele>
      </trkpt>
      <trkpt lat="35.23773" lon="-120.67949">
        <ele>31.8</ele>
      </trkpt>
      <trkpt lat="35.23768" lon="-120.67953">
        <ele>31.5</ele>
      </trkpt>
      <trkpt lat="35.23766" lon="-120.67955">
        <ele>31.4</ele>
      </trkpt>
      <trkpt lat="35.23757" lon="-120.6796">
        <ele>31.2</ele>
      </trkpt>
      <trkpt lat="35.23736" lon="-120.67974">
        <ele>30.3</ele>
      </trkpt>
      <trkpt lat="35.2371" lon="-120.67991">
        <ele>30.0</ele>
      </trkpt>
      <trkpt lat="35.23708" lon="-120.67993">
        <ele>30.0</ele>
      </trkpt>
      <trkpt lat="35.23705" lon="-120.67995">
        <ele>30.1</ele>
      </trkpt>
      <trkpt lat="35.23698" lon="-120.68">
        <ele>30.0</ele>
      </trkpt>
      <trkpt lat="35.23673" lon="-120.68017">
        <ele>29.9</ele>
      </trkpt>
      <trkpt lat="35.23665" lon="-120.68023">
        <ele>29.9</ele>
      </trkpt>
      <trkpt lat="35.23658" lon="-120.68029">
        <ele>29.9</ele>
      </trkpt>
      <trkpt lat="35.23632" lon="-120.6805">
        <ele>29.8</ele>
      </trkpt>
      <trkpt lat="35.23606" lon="-120.68074">
        <ele>29.7</ele>
      </trkpt>
      <trkpt lat="35.23605" lon="-120.68075">
        <ele>29.6</ele>
      </trkpt>
      <trkpt lat="35.23604" lon="-120.68075">
        <ele>29.7</ele>
      </trkpt>
      <trkpt lat="35.23603" lon="-120.68076">
        <ele>29.7</ele>
      </trkpt>
      <trkpt lat="35.23591" lon="-120.68089">
        <ele>29.3</ele>
      </trkpt>
      <trkpt lat="35.2359" lon="-120.68089">
        <ele>29.3</ele>
      </trkpt>
      <trkpt lat="35.2359" lon="-120.6809">
        <ele>29.2</ele>
      </trkpt>
      <trkpt lat="35.23587" lon="-120.68093">
        <ele>29.1</ele>
      </trkpt>
      <trkpt lat="35.23565" lon="-120.68118">
        <ele>28.0</ele>
      </trkpt>
      <trkpt lat="35.23544" lon="-120.68145">
        <ele>26.8</ele>
      </trkpt>
      <trkpt lat="35.23526" lon="-120.6817">
        <ele>26.5</ele>
      </trkpt>
      <trkpt lat="35.23511" lon="-120.68194">
        <ele>26.3</ele>
      </trkpt>
      <trkpt lat="35.23498" lon="-120.68217">
        <ele>26.4</ele>
      </trkpt>
      <trkpt lat="35.2349" lon="-120.68232">
        <ele>26.4</ele>
      </trkpt>
      <trkpt lat="35.23478" lon="-120.68256">
        <ele>26.5</ele>
      </trkpt>
      <trkpt lat="35.23469" lon="-120.68278">
        <ele>26.4</ele>
      </trkpt>
      <trkpt lat="35.2346" lon="-120.68297">
        <ele>26.4</ele>
      </trkpt>
      <trkpt lat="35.23458" lon="-120.68303">
        <ele>26.3</ele>
      </trkpt>
      <trkpt lat="35.23452" lon="-120.68316">
        <ele>26.3</ele>
      </trkpt>
      <trkpt lat="35.23436" lon="-120.68356">
        <ele>26.2</ele>
      </trkpt>
      <trkpt lat="35.23435" lon="-120.68358">
        <ele>26.2</ele>
      </trkpt>
      <trkpt lat="35.23314" lon="-120.6865">
        <ele>25.7</ele>
      </trkpt>
      <trkpt lat="35.23275" lon="-120.68745">
        <ele>25.3</ele>
      </trkpt>
      <trkpt lat="35.23261" lon="-120.68775">
        <ele>25.1</ele>
      </trkpt>
      <trkpt lat="35.23248" lon="-120.68801">
        <ele>25.2</ele>
      </trkpt>
      <trkpt lat="35.23243" lon="-120.6881">
        <ele>25.2</ele>
      </trkpt>
      <trkpt lat="35.23229" lon="-120.68834">
        <ele>25.3</ele>
      </trkpt>
      <trkpt lat="35.23205" lon="-120.68871">
        <ele>25.8</ele>
      </trkpt>
      <trkpt lat="35.23191" lon="-120.68892">
        <ele>25.5</ele>
      </trkpt>
      <trkpt lat="35.23186" lon="-120.68899">
        <ele>25.4</ele>
      </trkpt>
      <trkpt lat="35.23154" lon="-120.68941">
        <ele>26.2</ele>
      </trkpt>
      <trkpt lat="35.23132" lon="-120.68977">
        <ele>26.9</ele>
      </trkpt>
      <trkpt lat="35.23111" lon="-120.6901">
        <ele>27.6</ele>
      </trkpt>
      <trkpt lat="35.23104" lon="-120.69019">
        <ele>27.8</ele>
      </trkpt>
      <trkpt lat="35.23098" lon="-120.69024">
        <ele>27.9</ele>
      </trkpt>
      <trkpt lat="35.23088" lon="-120.69033">
        <ele>28.2</ele>
      </trkpt>
      <trkpt lat="35.23082" lon="-120.69039">
        <ele>28.4</ele>
      </trkpt>
      <trkpt lat="35.2308" lon="-120.6904">
        <ele>28.5</ele>
      </trkpt>
      <trkpt lat="35.23074" lon="-120.69044">
        <ele>28.6</ele>
      </trkpt>
      <trkpt lat="35.23067" lon="-120.69048">
        <ele>28.8</ele>
      </trkpt>
      <trkpt lat="35.23053" lon="-120.69053">
        <ele>28.8</ele>
      </trkpt>
      <trkpt lat="35.23033" lon="-120.69058">
        <ele>28.7</ele>
      </trkpt>
      <trkpt lat="35.2301" lon="-120.69061">
        <ele>28.0</ele>
      </trkpt>
      <trkpt lat="35.23004" lon="-120.69062">
        <ele>27.8</ele>
      </trkpt>
      <trkpt lat="35.22985" lon="-120.69066">
        <ele>27.4</ele>
      </trkpt>
      <trkpt lat="35.22938" lon="-120.69073">
        <ele>26.9</ele>
      </trkpt>
      <trkpt lat="35.22909" lon="-120.69078">
        <ele>26.7</ele>
      </trkpt>
      <trkpt lat="35.22868" lon="-120.69083">
        <ele>27.3</ele>
      </trkpt>
      <trkpt lat="35.22837" lon="-120.69084">
        <ele>27.7</ele>
      </trkpt>
      <trkpt lat="35.22832" lon="-120.69084">
        <ele>27.7</ele>
      </trkpt>
      <trkpt lat="35.22806" lon="-120.69084">
        <ele>27.6</ele>
      </trkpt>
      <trkpt lat="35.2276" lon="-120.6908">
        <ele>22.4</ele>
      </trkpt>
      <trkpt lat="35.22724" lon="-120.69077">
        <ele>22.3</ele>
      </trkpt>
      <trkpt lat="35.22715" lon="-120.69076">
        <ele>22.2</ele>
      </trkpt>
      <trkpt lat="35.22706" lon="-120.69076">
        <ele>22.5</ele>
      </trkpt>
      <trkpt lat="35.22675" lon="-120.69073">
        <ele>21.1</ele>
      </trkpt>
      <trkpt lat="35.22614" lon="-120.69068">
        <ele>18.4</ele>
      </trkpt>
      <trkpt lat="35.22599" lon="-120.69067">
        <ele>18.3</ele>
      </trkpt>
      <trkpt lat="35.22581" lon="-120.69066">
        <ele>18.2</ele>
      </trkpt>
      <trkpt lat="35.22571" lon="-120.69065">
        <ele>17.8</ele>
      </trkpt>
      <trkpt lat="35.22543" lon="-120.69063">
        <ele>17.1</ele>
      </trkpt>
      <trkpt lat="35.22527" lon="-120.69063">
        <ele>17.2</ele>
      </trkpt>
      <trkpt lat="35.22518" lon="-120.69064">
        <ele>17.9</ele>
      </trkpt>
      <trkpt lat="35.2251" lon="-120.69066">
        <ele>18.9</ele>
      </trkpt>
      <trkpt lat="35.22499" lon="-120.69069">
        <ele>19.8</ele>
      </trkpt>
      <trkpt lat="35.22487" lon="-120.69074">
        <ele>21.2</ele>
      </trkpt>
      <trkpt lat="35.22474" lon="-120.69081">
        <ele>22.7</ele>
      </trkpt>
      <trkpt lat="35.22459" lon="-120.6909">
        <ele>24.1</ele>
      </trkpt>
      <trkpt lat="35.22459" lon="-120.69091">
        <ele>24.3</ele>
      </trkpt>
      <trkpt lat="35.22445" lon="-120.69102">
        <ele>25.2</ele>
      </trkpt>
      <trkpt lat="35.22435" lon="-120.69111">
        <ele>25.1</ele>
      </trkpt>
      <trkpt lat="35.22427" lon="-120.69121">
        <ele>25.2</ele>
      </trkpt>
      <trkpt lat="35.22426" lon="-120.69124">
        <ele>25.2</ele>
      </trkpt>
      <trkpt lat="35.22416" lon="-120.69139">
        <ele>25.5</ele>
      </trkpt>
      <trkpt lat="35.22413" lon="-120.69145">
        <ele>25.6</ele>
      </trkpt>
      <trkpt lat="35.22387" lon="-120.69192">
        <ele>26.4</ele>
      </trkpt>
      <trkpt lat="35.22385" lon="-120.69195">
        <ele>26.3</ele>
      </trkpt>
      <trkpt lat="35.22367" lon="-120.69229">
        <ele>25.6</ele>
      </trkpt>
      <trkpt lat="35.22356" lon="-120.69249">
        <ele>25.2</ele>
      </trkpt>
      <trkpt lat="35.22349" lon="-120.69262">
        <ele>25.2</ele>
      </trkpt>
      <trkpt lat="35.22346" lon="-120.69267">
        <ele>25.2</ele>
      </trkpt>
      <trkpt lat="35.22339" lon="-120.69277">
        <ele>25.3</ele>
      </trkpt>
      <trkpt lat="35.22329" lon="-120.69289">
        <ele>25.3</ele>
      </trkpt>
      <trkpt lat="35.22327" lon="-120.69292">
        <ele>25.3</ele>
      </trkpt>
      <trkpt lat="35.2232" lon="-120.69297">
        <ele>25.3</ele>
      </trkpt>
      <trkpt lat="35.2232" lon="-120.69297">
        <ele>25.3</ele>
      </trkpt>
      <trkpt lat="35.22339" lon="-120.69327">
        <ele>25.2</ele>
      </trkpt>
      <trkpt lat="35.22339" lon="-120.69327">
        <ele>25.2</ele>
      </trkpt>
      <trkpt lat="35.22327" lon="-120.69335">
        <ele>25.2</ele>
      </trkpt>
      <trkpt lat="35.22309" lon="-120.69344">
        <ele>25.2</ele>
      </trkpt>
      <trkpt lat="35.22289" lon="-120.69352">
        <ele>25.2</ele>
      </trkpt>
      <trkpt lat="35.22275" lon="-120.69355">
        <ele>25.2</ele>
      </trkpt>
      <trkpt lat="35.22266" lon="-120.69358">
        <ele>25.9</ele>
      </trkpt>
      <trkpt lat="35.22252" lon="-120.69358">
        <ele>28.8</ele>
      </trkpt>
      <trkpt lat="35.22229" lon="-120.69355">
        <ele>31.8</ele>
      </trkpt>
      <trkpt lat="35.22225" lon="-120.69354">
        <ele>31.8</ele>
      </trkpt>
      <trkpt lat="35.22204" lon="-120.69348">
        <ele>31.7</ele>
      </trkpt>
      <trkpt lat="35.22187" lon="-120.69344">
        <ele>31.0</ele>
      </trkpt>
      <trkpt lat="35.22175" lon="-120.69341">
        <ele>29.5</ele>
      </trkpt>
      <trkpt lat="35.22169" lon="-120.69339">
        <ele>28.4</ele>
      </trkpt>
      <trkpt lat="35.22162" lon="-120.69337">
        <ele>27.5</ele>
      </trkpt>
      <trkpt lat="35.22158" lon="-120.69336">
        <ele>27.1</ele>
      </trkpt>
      <trkpt lat="35.22152" lon="-120.69334">
        <ele>26.6</ele>
      </trkpt>
      <trkpt lat="35.22135" lon="-120.69329">
        <ele>26.0</ele>
      </trkpt>
      <trkpt lat="35.22134" lon="-120.69329">
        <ele>26.0</ele>
      </trkpt>
      <trkpt lat="35.22122" lon="-120.69328">
        <ele>24.5</ele>
      </trkpt>
      <trkpt lat="35.2211" lon="-120.69326">
        <ele>23.7</ele>
      </trkpt>
      <trkpt lat="35.22086" lon="-120.69328">
        <ele>24.0</ele>
      </trkpt>
      <trkpt lat="35.22061" lon="-120.69332">
        <ele>24.3</ele>
      </trkpt>
      <trkpt lat="35.22034" lon="-120.69343">
        <ele>24.1</ele>
      </trkpt>
      <trkpt lat="35.22007" lon="-120.69359">
        <ele>23.1</ele>
      </trkpt>
      <trkpt lat="35.22002" lon="-120.69363">
        <ele>22.9</ele>
      </trkpt>
      <trkpt lat="35.21997" lon="-120.69366">
        <ele>22.7</ele>
      </trkpt>
      <trkpt lat="35.21987" lon="-120.69374">
        <ele>22.6</ele>
      </trkpt>
      <trkpt lat="35.21917" lon="-120.69424">
        <ele>25.8</ele>
      </trkpt>
      <trkpt lat="35.21873" lon="-120.69456">
        <ele>25.8</ele>
      </trkpt>
      <trkpt lat="35.21863" lon="-120.69463">
        <ele>25.6</ele>
      </trkpt>
      <trkpt lat="35.21857" lon="-120.69467">
        <ele>25.6</ele>
      </trkpt>
      <trkpt lat="35.21838" lon="-120.69481">
        <ele>25.5</ele>
      </trkpt>
      <trkpt lat="35.21838" lon="-120.69481">
        <ele>25.5</ele>
      </trkpt>
      <trkpt lat="35.21821" lon="-120.69494">
        <ele>25.5</ele>
      </trkpt>
      <trkpt lat="35.2176" lon="-120.69543">
        <ele>24.5</ele>
      </trkpt>
      <trkpt lat="35.21727" lon="-120.69571">
        <ele>23.0</ele>
      </trkpt>
      <trkpt lat="35.21722" lon="-120.69575">
        <ele>22.3</ele>
      </trkpt>
      <trkpt lat="35.21712" lon="-120.69583">
        <ele>21.6</ele>
      </trkpt>
      <trkpt lat="35.21692" lon="-120.696">
        <ele>23.1</ele>
      </trkpt>
      <trkpt lat="35.21682" lon="-120.69608">
        <ele>23.9</ele>
      </trkpt>
      <trkpt lat="35.21677" lon="-120.69612">
        <ele>24.1</ele>
      </trkpt>
      <trkpt lat="35.21662" lon="-120.69625">
        <ele>24.3</ele>
      </trkpt>
      <trkpt lat="35.21652" lon="-120.69633">
        <ele>24.2</ele>
      </trkpt>
      <trkpt lat="35.21647" lon="-120.69637">
        <ele>24.2</ele>
      </trkpt>
      <trkpt lat="35.21638" lon="-120.69645">
        <ele>25.5</ele>
      </trkpt>
      <trkpt lat="35.21632" lon="-120.69649">
        <ele>25.9</ele>
      </trkpt>
      <trkpt lat="35.21621" lon="-120.69659">
        <ele>27.0</ele>
      </trkpt>
      <trkpt lat="35.21598" lon="-120.69677">
        <ele>28.3</ele>
      </trkpt>
      <trkpt lat="35.21577" lon="-120.69691">
        <ele>27.8</ele>
      </trkpt>
      <trkpt lat="35.21551" lon="-120.69706">
        <ele>31.6</ele>
      </trkpt>
      <trkpt lat="35.21515" lon="-120.69718">
        <ele>31.7</ele>
      </trkpt>
      <trkpt lat="35.21508" lon="-120.69719">
        <ele>31.8</ele>
      </trkpt>
      <trkpt lat="35.21502" lon="-120.6972">
        <ele>31.9</ele>
      </trkpt>
      <trkpt lat="35.2148" lon="-120.69725">
        <ele>32.6</ele>
      </trkpt>
      <trkpt lat="35.21452" lon="-120.69726">
        <ele>30.9</ele>
      </trkpt>
      <trkpt lat="35.21449" lon="-120.69726">
        <ele>30.7</ele>
      </trkpt>
      <trkpt lat="35.21437" lon="-120.69725">
        <ele>30.3</ele>
      </trkpt>
      <trkpt lat="35.21431" lon="-120.69725">
        <ele>30.5</ele>
      </trkpt>
      <trkpt lat="35.21401" lon="-120.69724">
        <ele>31.0</ele>
      </trkpt>
      <trkpt lat="35.21395" lon="-120.69724">
        <ele>31.0</ele>
      </trkpt>
      <trkpt lat="35.21383" lon="-120.69723">
        <ele>30.7</ele>
      </trkpt>
      <trkpt lat="35.21377" lon="-120.69723">
        <ele>30.6</ele>
      </trkpt>
      <trkpt lat="35.21349" lon="-120.69722">
        <ele>29.7</ele>
      </trkpt>
      <trkpt lat="35.21323" lon="-120.69722">
        <ele>30.0</ele>
      </trkpt>
      <trkpt lat="35.21311" lon="-120.69721">
        <ele>29.7</ele>
      </trkpt>
      <trkpt lat="35.21305" lon="-120.69721">
        <ele>29.7</ele>
      </trkpt>
      <trkpt lat="35.21269" lon="-120.69721">
        <ele>29.9</ele>
      </trkpt>
      <trkpt lat="35.21257" lon="-120.6972">
        <ele>30.0</ele>
      </trkpt>
      <trkpt lat="35.21251" lon="-120.6972">
        <ele>30.2</ele>
      </trkpt>
      <trkpt lat="35.21249" lon="-120.6972">
        <ele>30.3</ele>
      </trkpt>
      <trkpt lat="35.21182" lon="-120.6972">
        <ele>23.4</ele>
      </trkpt>
      <trkpt lat="35.21182" lon="-120.6972">
        <ele>23.4</ele>
      </trkpt>
      <trkpt lat="35.21179" lon="-120.6972">
        <ele>23.4</ele>
      </trkpt>
      <trkpt lat="35.21163" lon="-120.6972">
        <ele>23.1</ele>
      </trkpt>
      <trkpt lat="35.21125" lon="-120.69722">
        <ele>21.0</ele>
      </trkpt>
      <trkpt lat="35.2111" lon="-120.69723">
        <ele>21.8</ele>
      </trkpt>
      <trkpt lat="35.21107" lon="-120.69723">
        <ele>21.8</ele>
      </trkpt>
      <trkpt lat="35.21095" lon="-120.69724">
        <ele>21.5</ele>
      </trkpt>
      <trkpt lat="35.21025" lon="-120.69732">
        <ele>20.0</ele>
      </trkpt>
      <trkpt lat="35.21018" lon="-120.69733">
        <ele>20.0</ele>
      </trkpt>
      <trkpt lat="35.21006" lon="-120.69735">
        <ele>19.8</ele>
      </trkpt>
      <trkpt lat="35.21" lon="-120.69735">
        <ele>19.1</ele>
      </trkpt>
      <trkpt lat="35.20935" lon="-120.69744">
        <ele>16.0</ele>
      </trkpt>
      <trkpt lat="35.20894" lon="-120.69747">
        <ele>16.5</ele>
      </trkpt>
      <trkpt lat="35.20861" lon="-120.69746">
        <ele>16.3</ele>
      </trkpt>
      <trkpt lat="35.20845" lon="-120.69743">
        <ele>15.3</ele>
      </trkpt>
      <trkpt lat="35.20838" lon="-120.69742">
        <ele>15.0</ele>
      </trkpt>
      <trkpt lat="35.20757" lon="-120.6973">
        <ele>16.8</ele>
      </trkpt>
      <trkpt lat="35.20659" lon="-120.69719">
        <ele>18.4</ele>
      </trkpt>
      <trkpt lat="35.20648" lon="-120.69718">
        <ele>16.3</ele>
      </trkpt>
      <trkpt lat="35.20605" lon="-120.69714">
        <ele>16.9</ele>
      </trkpt>
      <trkpt lat="35.20546" lon="-120.69716">
        <ele>21.2</ele>
      </trkpt>
      <trkpt lat="35.20517" lon="-120.69717">
        <ele>21.7</ele>
      </trkpt>
      <trkpt lat="35.20481" lon="-120.6972">
        <ele>22.1</ele>
      </trkpt>
      <trkpt lat="35.20445" lon="-120.69727">
        <ele>23.2</ele>
      </trkpt>
      <trkpt lat="35.20438" lon="-120.69728">
        <ele>23.3</ele>
      </trkpt>
      <trkpt lat="35.20367" lon="-120.69739">
        <ele>23.8</ele>
      </trkpt>
      <trkpt lat="35.20349" lon="-120.69741">
        <ele>23.7</ele>
      </trkpt>
      <trkpt lat="35.20325" lon="-120.69745">
        <ele>23.8</ele>
      </trkpt>
      <trkpt lat="35.20313" lon="-120.69747">
        <ele>23.8</ele>
      </trkpt>
      <trkpt lat="35.20269" lon="-120.69754">
        <ele>23.5</ele>
      </trkpt>
      <trkpt lat="35.20242" lon="-120.69758">
        <ele>23.0</ele>
      </trkpt>
      <trkpt lat="35.20212" lon="-120.69763">
        <ele>22.3</ele>
      </trkpt>
      <trkpt lat="35.20183" lon="-120.6977">
        <ele>22.0</ele>
      </trkpt>
      <trkpt lat="35.20158" lon="-120.69777">
        <ele>22.1</ele>
      </trkpt>
      <trkpt lat="35.20131" lon="-120.69786">
        <ele>22.6</ele>
      </trkpt>
      <trkpt lat="35.20098" lon="-120.69799">
        <ele>22.9</ele>
      </trkpt>
      <trkpt lat="35.20068" lon="-120.6981">
        <ele>22.0</ele>
      </trkpt>
      <trkpt lat="35.20046" lon="-120.69819">
        <ele>21.3</ele>
      </trkpt>
      <trkpt lat="35.2003" lon="-120.69826">
        <ele>21.0</ele>
      </trkpt>
      <trkpt lat="35.20012" lon="-120.69834">
        <ele>21.3</ele>
      </trkpt>
      <trkpt lat="35.20001" lon="-120.69839">
        <ele>21.4</ele>
      </trkpt>
      <trkpt lat="35.19995" lon="-120.69841">
        <ele>21.4</ele>
      </trkpt>
      <trkpt lat="35.19962" lon="-120.69858">
        <ele>22.0</ele>
      </trkpt>
      <trkpt lat="35.19931" lon="-120.69873">
        <ele>22.3</ele>
      </trkpt>
      <trkpt lat="35.1988" lon="-120.699">
        <ele>24.1</ele>
      </trkpt>
      <trkpt lat="35.19823" lon="-120.69928">
        <ele>23.6</ele>
      </trkpt>
      <trkpt lat="35.19811" lon="-120.69935">
        <ele>24.2</ele>
      </trkpt>
      <trkpt lat="35.19762" lon="-120.69959">
        <ele>24.8</ele>
      </trkpt>
      <trkpt lat="35.19761" lon="-120.6996">
        <ele>24.9</ele>
      </trkpt>
      <trkpt lat="35.19755" lon="-120.69963">
        <ele>24.9</ele>
      </trkpt>
      <trkpt lat="35.19713" lon="-120.69986">
        <ele>28.0</ele>
      </trkpt>
      <trkpt lat="35.19691" lon="-120.7">
        <ele>28.0</ele>
      </trkpt>
      <trkpt lat="35.19688" lon="-120.70002">
        <ele>28.0</ele>
      </trkpt>
      <trkpt lat="35.19671" lon="-120.70014">
        <ele>26.6</ele>
      </trkpt>
      <trkpt lat="35.19659" lon="-120.70023">
        <ele>25.6</ele>
      </trkpt>
      <trkpt lat="35.19657" lon="-120.70024">
        <ele>25.6</ele>
      </trkpt>
      <trkpt lat="35.19646" lon="-120.70033">
        <ele>25.6</ele>
      </trkpt>
      <trkpt lat="35.19642" lon="-120.70036">
        <ele>25.6</ele>
      </trkpt>
      <trkpt lat="35.1962" lon="-120.70054">
        <ele>26.7</ele>
      </trkpt>
      <trkpt lat="35.19615" lon="-120.70056">
        <ele>27.5</ele>
      </trkpt>
      <trkpt lat="35.19615" lon="-120.70056">
        <ele>27.5</ele>
      </trkpt>
      <trkpt lat="35.19613" lon="-120.70058">
        <ele>27.9</ele>
      </trkpt>
      <trkpt lat="35.19595" lon="-120.70058">
        <ele>28.0</ele>
      </trkpt>
      <trkpt lat="35.19585" lon="-120.70058">
        <ele>27.6</ele>
      </trkpt>
      <trkpt lat="35.19584" lon="-120.70058">
        <ele>27.5</ele>
      </trkpt>
      <trkpt lat="35.19581" lon="-120.70058">
        <ele>27.4</ele>
      </trkpt>
      <trkpt lat="35.19577" lon="-120.70058">
        <ele>27.3</ele>
      </trkpt>
      <trkpt lat="35.19562" lon="-120.70058">
        <ele>26.1</ele>
      </trkpt>
      <trkpt lat="35.19559" lon="-120.70057">
        <ele>25.8</ele>
      </trkpt>
      <trkpt lat="35.19541" lon="-120.70057">
        <ele>25.0</ele>
      </trkpt>
      <trkpt lat="35.19539" lon="-120.70057">
        <ele>25.0</ele>
      </trkpt>
      <trkpt lat="35.19536" lon="-120.70057">
        <ele>25.0</ele>
      </trkpt>
      <trkpt lat="35.19527" lon="-120.70057">
        <ele>24.8</ele>
      </trkpt>
      <trkpt lat="35.19523" lon="-120.70057">
        <ele>24.8</ele>
      </trkpt>
      <trkpt lat="35.19511" lon="-120.70057">
        <ele>24.5</ele>
      </trkpt>
      <trkpt lat="35.19497" lon="-120.70056">
        <ele>23.5</ele>
      </trkpt>
      <trkpt lat="35.19484" lon="-120.70057">
        <ele>22.6</ele>
      </trkpt>
      <trkpt lat="35.19473" lon="-120.70058">
        <ele>22.0</ele>
      </trkpt>
      <trkpt lat="35.19451" lon="-120.7006">
        <ele>20.8</ele>
      </trkpt>
      <trkpt lat="35.19449" lon="-120.7006">
        <ele>20.7</ele>
      </trkpt>
      <trkpt lat="35.19437" lon="-120.70062">
        <ele>20.2</ele>
      </trkpt>
      <trkpt lat="35.19433" lon="-120.70063">
        <ele>20.0</ele>
      </trkpt>
      <trkpt lat="35.19414" lon="-120.70066">
        <ele>19.2</ele>
      </trkpt>
      <trkpt lat="35.19407" lon="-120.70067">
        <ele>18.8</ele>
      </trkpt>
      <trkpt lat="35.19389" lon="-120.70071">
        <ele>18.1</ele>
      </trkpt>
      <trkpt lat="35.19365" lon="-120.70076">
        <ele>16.6</ele>
      </trkpt>
      <trkpt lat="35.19343" lon="-120.70083">
        <ele>14.1</ele>
      </trkpt>
      <trkpt lat="35.19332" lon="-120.70086">
        <ele>14.1</ele>
      </trkpt>
      <trkpt lat="35.19303" lon="-120.70094">
        <ele>14.1</ele>
      </trkpt>
      <trkpt lat="35.19291" lon="-120.70098">
        <ele>14.1</ele>
      </trkpt>
      <trkpt lat="35.19278" lon="-120.70102">
        <ele>14.1</ele>
      </trkpt>
      <trkpt lat="35.1925" lon="-120.7011">
        <ele>14.1</ele>
      </trkpt>
      <trkpt lat="35.19238" lon="-120.70113">
        <ele>14.1</ele>
      </trkpt>
      <trkpt lat="35.19222" lon="-120.70117">
        <ele>14.1</ele>
      </trkpt>
      <trkpt lat="35.19199" lon="-120.70123">
        <ele>18.5</ele>
      </trkpt>
      <trkpt lat="35.19185" lon="-120.70126">
        <ele>20.9</ele>
      </trkpt>
      <trkpt lat="35.19169" lon="-120.70128">
        <ele>22.2</ele>
      </trkpt>
      <trkpt lat="35.1915" lon="-120.70131">
        <ele>23.6</ele>
      </trkpt>
      <trkpt lat="35.19148" lon="-120.70131">
        <ele>23.7</ele>
      </trkpt>
      <trkpt lat="35.19114" lon="-120.70135">
        <ele>24.8</ele>
      </trkpt>
      <trkpt lat="35.19096" lon="-120.70137">
        <ele>24.8</ele>
      </trkpt>
      <trkpt lat="35.19084" lon="-120.70139">
        <ele>24.3</ele>
      </trkpt>
      <trkpt lat="35.19056" lon="-120.70142">
        <ele>21.9</ele>
      </trkpt>
      <trkpt lat="35.19024" lon="-120.70146">
        <ele>21.9</ele>
      </trkpt>
      <trkpt lat="35.19009" lon="-120.70147">
        <ele>23.2</ele>
      </trkpt>
      <trkpt lat="35.18999" lon="-120.70148">
        <ele>24.2</ele>
      </trkpt>
      <trkpt lat="35.18931" lon="-120.70156">
        <ele>24.6</ele>
      </trkpt>
      <trkpt lat="35.18881" lon="-120.70162">
        <ele>24.6</ele>
      </trkpt>
      <trkpt lat="35.18879" lon="-120.70162">
        <ele>24.6</ele>
      </trkpt>
      <trkpt lat="35.18863" lon="-120.70166">
        <ele>24.8</ele>
      </trkpt>
      <trkpt lat="35.18846" lon="-120.70169">
        <ele>24.8</ele>
      </trkpt>
      <trkpt lat="35.18834" lon="-120.70172">
        <ele>24.9</ele>
      </trkpt>
      <trkpt lat="35.18831" lon="-120.70173">
        <ele>25.0</ele>
      </trkpt>
      <trkpt lat="35.18798" lon="-120.70184">
        <ele>25.0</ele>
      </trkpt>
      <trkpt lat="35.18776" lon="-120.70193">
        <ele>24.1</ele>
      </trkpt>
      <trkpt lat="35.18763" lon="-120.70199">
        <ele>23.2</ele>
      </trkpt>
      <trkpt lat="35.18747" lon="-120.70208">
        <ele>22.1</ele>
      </trkpt>
      <trkpt lat="35.18731" lon="-120.70218">
        <ele>21.2</ele>
      </trkpt>
      <trkpt lat="35.18719" lon="-120.70225">
        <ele>20.6</ele>
      </trkpt>
      <trkpt lat="35.18715" lon="-120.70228">
        <ele>20.4</ele>
      </trkpt>
      <trkpt lat="35.18709" lon="-120.70233">
        <ele>20.2</ele>
      </trkpt>
      <trkpt lat="35.18689" lon="-120.70247">
        <ele>19.3</ele>
      </trkpt>
      <trkpt lat="35.18663" lon="-120.70266">
        <ele>17.5</ele>
      </trkpt>
      <trkpt lat="35.18644" lon="-120.70279">
        <ele>16.1</ele>
      </trkpt>
      <trkpt lat="35.18629" lon="-120.70288">
        <ele>14.3</ele>
      </trkpt>
      <trkpt lat="35.18614" lon="-120.70296">
        <ele>13.3</ele>
      </trkpt>
      <trkpt lat="35.18611" lon="-120.70298">
        <ele>13.2</ele>
      </trkpt>
      <trkpt lat="35.18591" lon="-120.70307">
        <ele>12.4</ele>
      </trkpt>
      <trkpt lat="35.1857" lon="-120.70315">
        <ele>11.2</ele>
      </trkpt>
      <trkpt lat="35.18568" lon="-120.70316">
        <ele>11.0</ele>
      </trkpt>
      <trkpt lat="35.18559" lon="-120.7032">
        <ele>10.7</ele>
      </trkpt>
      <trkpt lat="35.18555" lon="-120.70321">
        <ele>10.6</ele>
      </trkpt>
      <trkpt lat="35.18541" lon="-120.70325">
        <ele>10.0</ele>
      </trkpt>
      <trkpt lat="35.18528" lon="-120.70328">
        <ele>9.7</ele>
      </trkpt>
      <trkpt lat="35.18506" lon="-120.70334">
        <ele>9.1</ele>
      </trkpt>
      <trkpt lat="35.18414" lon="-120.70353">
        <ele>10.2</ele>
      </trkpt>
      <trkpt lat="35.18409" lon="-120.70355">
        <ele>10.3</ele>
      </trkpt>
      <trkpt lat="35.18407" lon="-120.70355">
        <ele>10.3</ele>
      </trkpt>
      <trkpt lat="35.1829" lon="-120.7038">
        <ele>11.8</ele>
      </trkpt>
      <trkpt lat="35.18268" lon="-120.70384">
        <ele>12.1</ele>
      </trkpt>
      <trkpt lat="35.18253" lon="-120.70388">
        <ele>12.2</ele>
      </trkpt>
      <trkpt lat="35.18253" lon="-120.70388">
        <ele>12.2</ele>
      </trkpt>
      <trkpt lat="35.18251" lon="-120.70388">
        <ele>12.2</ele>
      </trkpt>
      <trkpt lat="35.18227" lon="-120.70394">
        <ele>11.5</ele>
      </trkpt>
      <trkpt lat="35.18198" lon="-120.704">
        <ele>9.2</ele>
      </trkpt>
      <trkpt lat="35.1818" lon="-120.70403">
        <ele>8.7</ele>
      </trkpt>
      <trkpt lat="35.18172" lon="-120.70404">
        <ele>8.3</ele>
      </trkpt>
      <trkpt lat="35.18163" lon="-120.70405">
        <ele>7.8</ele>
      </trkpt>
      <trkpt lat="35.18154" lon="-120.70405">
        <ele>7.5</ele>
      </trkpt>
      <trkpt lat="35.18137" lon="-120.70404">
        <ele>6.8</ele>
      </trkpt>
      <trkpt lat="35.18127" lon="-120.70406">
        <ele>7.0</ele>
      </trkpt>
      <trkpt lat="35.18122" lon="-120.70408">
        <ele>7.3</ele>
      </trkpt>
      <trkpt lat="35.18119" lon="-120.7041">
        <ele>7.7</ele>
      </trkpt>
      <trkpt lat="35.18118" lon="-120.70411">
        <ele>7.8</ele>
      </trkpt>
      <trkpt lat="35.18108" lon="-120.70419">
        <ele>9.3</ele>
      </trkpt>
      <trkpt lat="35.18108" lon="-120.70419">
        <ele>9.3</ele>
      </trkpt>
      <trkpt lat="35.1807" lon="-120.70382">
        <ele>11.8</ele>
      </trkpt>
      <trkpt lat="35.18061" lon="-120.70373">
        <ele>11.4</ele>
      </trkpt>
      <trkpt lat="35.18044" lon="-120.70356">
        <ele>10.4</ele>
      </trkpt>
      <trkpt lat="35.18028" lon="-120.70341">
        <ele>10.0</ele>
      </trkpt>
      <trkpt lat="35.1802" lon="-120.70331">
        <ele>11.0</ele>
      </trkpt>
      <trkpt lat="35.18017" lon="-120.70327">
        <ele>12.0</ele>
      </trkpt>
      <trkpt lat="35.18008" lon="-120.70314">
        <ele>14.7</ele>
      </trkpt>
      <trkpt lat="35.18" lon="-120.70301">
        <ele>15.5</ele>
      </trkpt>
      <trkpt lat="35.17998" lon="-120.70295">
        <ele>15.3</ele>
      </trkpt>
      <trkpt lat="35.17998" lon="-120.70295">
        <ele>15.3</ele>
      </trkpt>
      <trkpt lat="35.17996" lon="-120.70291">
        <ele>15.4</ele>
      </trkpt>
      <trkpt lat="35.17994" lon="-120.70287">
        <ele>15.4</ele>
      </trkpt>
      <trkpt lat="35.17988" lon="-120.70271">
        <ele>15.0</ele>
      </trkpt>
      <trkpt lat="35.17985" lon="-120.70259">
        <ele>14.9</ele>
      </trkpt>
      <trkpt lat="35.17983" lon="-120.70254">
        <ele>15.2</ele>
      </trkpt>
      <trkpt lat="35.1798" lon="-120.70235">
        <ele>15.0</ele>
      </trkpt>
      <trkpt lat="35.1798" lon="-120.70234">
        <ele>14.9</ele>
      </trkpt>
      <trkpt lat="35.17978" lon="-120.70212">
        <ele>15.3</ele>
      </trkpt>
      <trkpt lat="35.17977" lon="-120.70193">
        <ele>16.1</ele>
      </trkpt>
      <trkpt lat="35.17977" lon="-120.70192">
        <ele>16.1</ele>
      </trkpt>
      <trkpt lat="35.17977" lon="-120.7019">
        <ele>16.2</ele>
      </trkpt>
      <trkpt lat="35.17978" lon="-120.70174">
        <ele>17.0</ele>
      </trkpt>
      <trkpt lat="35.17978" lon="-120.70168">
        <ele>17.4</ele>
      </trkpt>
      <trkpt lat="35.17974" lon="-120.70126">
        <ele>24.8</ele>
      </trkpt>
      <trkpt lat="35.17973" lon="-120.70086">
        <ele>25.9</ele>
      </trkpt>
      <trkpt lat="35.17971" lon="-120.70077">
        <ele>26.2</ele>
      </trkpt>
      <trkpt lat="35.17971" lon="-120.70066">
        <ele>26.5</ele>
      </trkpt>
      <trkpt lat="35.17969" lon="-120.70048">
        <ele>27.7</ele>
      </trkpt>
      <trkpt lat="35.17969" lon="-120.70048">
        <ele>27.7</ele>
      </trkpt>
      <trkpt lat="35.17967" lon="-120.70047">
        <ele>27.9</ele>
      </trkpt>
      <trkpt lat="35.17964" lon="-120.70046">
        <ele>28.1</ele>
      </trkpt>
      <trkpt lat="35.17962" lon="-120.70043">
        <ele>28.5</ele>
      </trkpt>
      <trkpt lat="35.1796" lon="-120.7004">
        <ele>28.9</ele>
      </trkpt>
      <trkpt lat="35.17958" lon="-120.70036">
        <ele>29.4</ele>
      </trkpt>
      <trkpt lat="35.17957" lon="-120.70032">
        <ele>29.8</ele>
      </trkpt>
      <trkpt lat="35.17948" lon="-120.70028">
        <ele>30.8</ele>
      </trkpt>
      <trkpt lat="35.17943" lon="-120.70026">
        <ele>31.3</ele>
      </trkpt>
      <trkpt lat="35.17937" lon="-120.70022">
        <ele>31.7</ele>
      </trkpt>
      <trkpt lat="35.17932" lon="-120.70018">
        <ele>32.1</ele>
      </trkpt>
      <trkpt lat="35.17927" lon="-120.70013">
        <ele>32.4</ele>
      </trkpt>
      <trkpt lat="35.17923" lon="-120.70006">
        <ele>32.7</ele>
      </trkpt>
      <trkpt lat="35.1792" lon="-120.70001">
        <ele>33.0</ele>
      </trkpt>
      <trkpt lat="35.17918" lon="-120.69992">
        <ele>33.5</ele>
      </trkpt>
      <trkpt lat="35.17909" lon="-120.69974">
        <ele>35.0</ele>
      </trkpt>
      <trkpt lat="35.17901" lon="-120.69963">
        <ele>35.4</ele>
      </trkpt>
      <trkpt lat="35.17896" lon="-120.69958">
        <ele>35.7</ele>
      </trkpt>
      <trkpt lat="35.17882" lon="-120.69944">
        <ele>36.0</ele>
      </trkpt>
      <trkpt lat="35.17878" lon="-120.6994">
        <ele>36.0</ele>
      </trkpt>
      <trkpt lat="35.17878" lon="-120.6994">
        <ele>36.0</ele>
      </trkpt>
      <trkpt lat="35.17868" lon="-120.6993">
        <ele>36.4</ele>
      </trkpt>
      <trkpt lat="35.1784" lon="-120.69906">
        <ele>37.2</ele>
      </trkpt>
      <trkpt lat="35.17838" lon="-120.69904">
        <ele>37.2</ele>
      </trkpt>
      <trkpt lat="35.17837" lon="-120.69903">
        <ele>37.2</ele>
      </trkpt>
      <trkpt lat="35.17825" lon="-120.69894">
        <ele>37.1</ele>
      </trkpt>
      <trkpt lat="35.17811" lon="-120.69885">
        <ele>40.8</ele>
      </trkpt>
      <trkpt lat="35.17809" lon="-120.69883">
        <ele>42.0</ele>
      </trkpt>
      <trkpt lat="35.17807" lon="-120.69882">
        <ele>43.1</ele>
      </trkpt>
      <trkpt lat="35.17793" lon="-120.69873">
        <ele>47.6</ele>
      </trkpt>
      <trkpt lat="35.17786" lon="-120.69869">
        <ele>48.5</ele>
      </trkpt>
      <trkpt lat="35.17777" lon="-120.69864">
        <ele>49.0</ele>
      </trkpt>
      <trkpt lat="35.17775" lon="-120.69863">
        <ele>49.1</ele>
      </trkpt>
      <trkpt lat="35.17764" lon="-120.69857">
        <ele>49.3</ele>
      </trkpt>
      <trkpt lat="35.1776" lon="-120.69855">
        <ele>49.2</ele>
      </trkpt>
      <trkpt lat="35.17758" lon="-120.69855">
        <ele>49.4</ele>
      </trkpt>
      <trkpt lat="35.17745" lon="-120.69848">
        <ele>48.8</ele>
      </trkpt>
      <trkpt lat="35.17743" lon="-120.69847">
        <ele>48.6</ele>
      </trkpt>
      <trkpt lat="35.17742" lon="-120.69847">
        <ele>48.7</ele>
      </trkpt>
      <trkpt lat="35.17735" lon="-120.69844">
        <ele>48.2</ele>
      </trkpt>
      <trkpt lat="35.17726" lon="-120.6984">
        <ele>47.9</ele>
      </trkpt>
      <trkpt lat="35.17722" lon="-120.69839">
        <ele>47.9</ele>
      </trkpt>
      <trkpt lat="35.17713" lon="-120.69836">
        <ele>47.2</ele>
      </trkpt>
      <trkpt lat="35.17709" lon="-120.69835">
        <ele>47.2</ele>
      </trkpt>
      <trkpt lat="35.17707" lon="-120.69834">
        <ele>47.2</ele>
      </trkpt>
      <trkpt lat="35.177" lon="-120.69832">
        <ele>47.6</ele>
      </trkpt>
      <trkpt lat="35.17691" lon="-120.6983">
        <ele>47.9</ele>
      </trkpt>
      <trkpt lat="35.17689" lon="-120.6983">
        <ele>47.8</ele>
      </trkpt>
      <trkpt lat="35.17688" lon="-120.6983">
        <ele>47.8</ele>
      </trkpt>
      <trkpt lat="35.17677" lon="-120.69828">
        <ele>47.7</ele>
      </trkpt>
      <trkpt lat="35.17674" lon="-120.69828">
        <ele>47.6</ele>
      </trkpt>
      <trkpt lat="35.17672" lon="-120.69828">
        <ele>47.5</ele>
      </trkpt>
      <trkpt lat="35.17664" lon="-120.69827">
        <ele>47.4</ele>
      </trkpt>
      <trkpt lat="35.17651" lon="-120.69827">
        <ele>47.2</ele>
      </trkpt>
      <trkpt lat="35.17638" lon="-120.69828">
        <ele>47.1</ele>
      </trkpt>
      <trkpt lat="35.17625" lon="-120.6983">
        <ele>47.0</ele>
      </trkpt>
      <trkpt lat="35.1761" lon="-120.69831">
        <ele>46.2</ele>
      </trkpt>
      <trkpt lat="35.17603" lon="-120.69831">
        <ele>45.8</ele>
      </trkpt>
      <trkpt lat="35.17598" lon="-120.69831">
        <ele>45.5</ele>
      </trkpt>
      <trkpt lat="35.17585" lon="-120.69831">
        <ele>44.7</ele>
      </trkpt>
      <trkpt lat="35.17563" lon="-120.69828">
        <ele>43.4</ele>
      </trkpt>
      <trkpt lat="35.17557" lon="-120.69827">
        <ele>43.1</ele>
      </trkpt>
      <trkpt lat="35.17548" lon="-120.69826">
        <ele>42.7</ele>
      </trkpt>
      <trkpt lat="35.17538" lon="-120.69824">
        <ele>42.2</ele>
      </trkpt>
      <trkpt lat="35.17532" lon="-120.69823">
        <ele>41.8</ele>
      </trkpt>
      <trkpt lat="35.17531" lon="-120.69823">
        <ele>41.8</ele>
      </trkpt>
      <trkpt lat="35.17519" lon="-120.69821">
        <ele>41.2</ele>
      </trkpt>
      <trkpt lat="35.17496" lon="-120.69816">
        <ele>39.9</ele>
      </trkpt>
      <trkpt lat="35.17479" lon="-120.6981">
        <ele>38.1</ele>
      </trkpt>
      <trkpt lat="35.17479" lon="-120.6981">
        <ele>38.1</ele>
      </trkpt>
      <trkpt lat="35.17478" lon="-120.6981">
        <ele>37.9</ele>
      </trkpt>
      <trkpt lat="35.17475" lon="-120.69809">
        <ele>37.5</ele>
      </trkpt>
      <trkpt lat="35.1746" lon="-120.69803">
        <ele>36.2</ele>
      </trkpt>
      <trkpt lat="35.17447" lon="-120.69797">
        <ele>35.7</ele>
      </trkpt>
      <trkpt lat="35.17445" lon="-120.69796">
        <ele>35.7</ele>
      </trkpt>
      <trkpt lat="35.17444" lon="-120.69796">
        <ele>35.6</ele>
      </trkpt>
      <trkpt lat="35.17441" lon="-120.69795">
        <ele>35.5</ele>
      </trkpt>
      <trkpt lat="35.17437" lon="-120.69793">
        <ele>35.4</ele>
      </trkpt>
      <trkpt lat="35.17427" lon="-120.69788">
        <ele>34.9</ele>
      </trkpt>
      <trkpt lat="35.17421" lon="-120.69785">
        <ele>34.5</ele>
      </trkpt>
      <trkpt lat="35.17411" lon="-120.69778">
        <ele>34.0</ele>
      </trkpt>
      <trkpt lat="35.17409" lon="-120.69778">
        <ele>33.9</ele>
      </trkpt>
      <trkpt lat="35.17408" lon="-120.69777">
        <ele>33.8</ele>
      </trkpt>
      <trkpt lat="35.17391" lon="-120.69767">
        <ele>33.2</ele>
      </trkpt>
      <trkpt lat="35.17379" lon="-120.69758">
        <ele>33.0</ele>
      </trkpt>
      <trkpt lat="35.17376" lon="-120.69756">
        <ele>33.0</ele>
      </trkpt>
      <trkpt lat="35.17369" lon="-120.69751">
        <ele>32.9</ele>
      </trkpt>
      <trkpt lat="35.17364" lon="-120.69746">
        <ele>33.0</ele>
      </trkpt>
      <trkpt lat="35.17361" lon="-120.69744">
        <ele>33.0</ele>
      </trkpt>
      <trkpt lat="35.17355" lon="-120.69739">
        <ele>33.0</ele>
      </trkpt>
      <trkpt lat="35.17354" lon="-120.69739">
        <ele>32.9</ele>
      </trkpt>
      <trkpt lat="35.17334" lon="-120.69721">
        <ele>32.9</ele>
      </trkpt>
      <trkpt lat="35.17324" lon="-120.6971">
        <ele>33.0</ele>
      </trkpt>
      <trkpt lat="35.17311" lon="-120.69696">
        <ele>33.2</ele>
      </trkpt>
      <trkpt lat="35.17302" lon="-120.69686">
        <ele>33.4</ele>
      </trkpt>
      <trkpt lat="35.17299" lon="-120.69682">
        <ele>33.6</ele>
      </trkpt>
      <trkpt lat="35.17261" lon="-120.69641">
        <ele>34.1</ele>
      </trkpt>
      <trkpt lat="35.1725" lon="-120.69629">
        <ele>34.0</ele>
      </trkpt>
      <trkpt lat="35.17226" lon="-120.69602">
        <ele>34.5</ele>
      </trkpt>
      <trkpt lat="35.17211" lon="-120.69586">
        <ele>35.1</ele>
      </trkpt>
      <trkpt lat="35.17203" lon="-120.69578">
        <ele>35.2</ele>
      </trkpt>
      <trkpt lat="35.17182" lon="-120.69556">
        <ele>35.3</ele>
      </trkpt>
      <trkpt lat="35.17173" lon="-120.69547">
        <ele>35.3</ele>
      </trkpt>
      <trkpt lat="35.17141" lon="-120.69514">
        <ele>34.8</ele>
      </trkpt>
      <trkpt lat="35.17107" lon="-120.6948">
        <ele>33.5</ele>
      </trkpt>
      <trkpt lat="35.17104" lon="-120.69477">
        <ele>33.4</ele>
      </trkpt>
      <trkpt lat="35.17085" lon="-120.69456">
        <ele>33.3</ele>
      </trkpt>
      <trkpt lat="35.1705" lon="-120.69417">
        <ele>33.2</ele>
      </trkpt>
      <trkpt lat="35.17023" lon="-120.69387">
        <ele>32.7</ele>
      </trkpt>
      <trkpt lat="35.16989" lon="-120.69351">
        <ele>32.3</ele>
      </trkpt>
      <trkpt lat="35.16955" lon="-120.69314">
        <ele>32.6</ele>
      </trkpt>
      <trkpt lat="35.16945" lon="-120.69304">
        <ele>32.9</ele>
      </trkpt>
      <trkpt lat="35.16943" lon="-120.69302">
        <ele>32.9</ele>
      </trkpt>
      <trkpt lat="35.16941" lon="-120.693">
        <ele>33.0</ele>
      </trkpt>
      <trkpt lat="35.16927" lon="-120.69286">
        <ele>33.1</ele>
      </trkpt>
      <trkpt lat="35.16909" lon="-120.69269">
        <ele>33.2</ele>
      </trkpt>
      <trkpt lat="35.16882" lon="-120.69245">
        <ele>33.0</ele>
      </trkpt>
      <trkpt lat="35.16839" lon="-120.69208">
        <ele>32.6</ele>
      </trkpt>
      <trkpt lat="35.16836" lon="-120.69206">
        <ele>32.6</ele>
      </trkpt>
      <trkpt lat="35.16824" lon="-120.69195">
        <ele>32.5</ele>
      </trkpt>
      <trkpt lat="35.16822" lon="-120.69193">
        <ele>32.5</ele>
      </trkpt>
      <trkpt lat="35.16796" lon="-120.69172">
        <ele>32.5</ele>
      </trkpt>
      <trkpt lat="35.16792" lon="-120.69168">
        <ele>32.6</ele>
      </trkpt>
      <trkpt lat="35.16776" lon="-120.69155">
        <ele>32.6</ele>
      </trkpt>
      <trkpt lat="35.16751" lon="-120.69133">
        <ele>32.7</ele>
      </trkpt>
      <trkpt lat="35.16686" lon="-120.69078">
        <ele>33.0</ele>
      </trkpt>
      <trkpt lat="35.16646" lon="-120.69044">
        <ele>31.4</ele>
      </trkpt>
      <trkpt lat="35.16634" lon="-120.69033">
        <ele>30.3</ele>
      </trkpt>
      <trkpt lat="35.16617" lon="-120.69019">
        <ele>29.0</ele>
      </trkpt>
      <trkpt lat="35.16601" lon="-120.69003">
        <ele>29.3</ele>
      </trkpt>
      <trkpt lat="35.16592" lon="-120.68995">
        <ele>29.5</ele>
      </trkpt>
      <trkpt lat="35.16554" lon="-120.68961">
        <ele>29.2</ele>
      </trkpt>
      <trkpt lat="35.1653" lon="-120.68939">
        <ele>28.4</ele>
      </trkpt>
      <trkpt lat="35.16506" lon="-120.68917">
        <ele>27.1</ele>
      </trkpt>
      <trkpt lat="35.16505" lon="-120.68917">
        <ele>27.1</ele>
      </trkpt>
      <trkpt lat="35.16498" lon="-120.68911">
        <ele>26.7</ele>
      </trkpt>
      <trkpt lat="35.16475" lon="-120.68891">
        <ele>24.7</ele>
      </trkpt>
      <trkpt lat="35.16465" lon="-120.68883">
        <ele>24.0</ele>
      </trkpt>
      <trkpt lat="35.16428" lon="-120.68852">
        <ele>23.4</ele>
      </trkpt>
      <trkpt lat="35.16422" lon="-120.68848">
        <ele>23.2</ele>
      </trkpt>
      <trkpt lat="35.16419" lon="-120.68845">
        <ele>23.1</ele>
      </trkpt>
      <trkpt lat="35.16406" lon="-120.68834">
        <ele>22.8</ele>
      </trkpt>
      <trkpt lat="35.16396" lon="-120.68823">
        <ele>22.8</ele>
      </trkpt>
      <trkpt lat="35.16388" lon="-120.68812">
        <ele>23.1</ele>
      </trkpt>
      <trkpt lat="35.16383" lon="-120.68803">
        <ele>23.9</ele>
      </trkpt>
      <trkpt lat="35.16371" lon="-120.68785">
        <ele>25.6</ele>
      </trkpt>
      <trkpt lat="35.16362" lon="-120.68767">
        <ele>26.3</ele>
      </trkpt>
      <trkpt lat="35.1635" lon="-120.68745">
        <ele>26.8</ele>
      </trkpt>
      <trkpt lat="35.16346" lon="-120.68737">
        <ele>27.0</ele>
      </trkpt>
      <trkpt lat="35.16339" lon="-120.68717">
        <ele>27.3</ele>
      </trkpt>
      <trkpt lat="35.16333" lon="-120.687">
        <ele>27.5</ele>
      </trkpt>
      <trkpt lat="35.16315" lon="-120.68644">
        <ele>27.3</ele>
      </trkpt>
      <trkpt lat="35.16314" lon="-120.6864">
        <ele>27.2</ele>
      </trkpt>
      <trkpt lat="35.16304" lon="-120.68608">
        <ele>26.8</ele>
      </trkpt>
      <trkpt lat="35.16292" lon="-120.68574">
        <ele>26.4</ele>
      </trkpt>
      <trkpt lat="35.16277" lon="-120.6853">
        <ele>27.5</ele>
      </trkpt>
      <trkpt lat="35.16242" lon="-120.68437">
        <ele>31.4</ele>
      </trkpt>
      <trkpt lat="35.16228" lon="-120.68397">
        <ele>32.3</ele>
      </trkpt>
      <trkpt lat="35.16217" lon="-120.68366">
        <ele>32.2</ele>
      </trkpt>
      <trkpt lat="35.16213" lon="-120.68357">
        <ele>32.2</ele>
      </trkpt>
      <trkpt lat="35.16183" lon="-120.68277">
        <ele>32.4</ele>
      </trkpt>
      <trkpt lat="35.1618" lon="-120.68266">
        <ele>32.7</ele>
      </trkpt>
      <trkpt lat="35.16176" lon="-120.68257">
        <ele>33.0</ele>
      </trkpt>
      <trkpt lat="35.16169" lon="-120.68236">
        <ele>34.6</ele>
      </trkpt>
      <trkpt lat="35.1616" lon="-120.68213">
        <ele>35.7</ele>
      </trkpt>
      <trkpt lat="35.16149" lon="-120.68186">
        <ele>35.7</ele>
      </trkpt>
      <trkpt lat="35.16146" lon="-120.68177">
        <ele>35.8</ele>
      </trkpt>
      <trkpt lat="35.16127" lon="-120.6813">
        <ele>35.7</ele>
      </trkpt>
      <trkpt lat="35.16097" lon="-120.68057">
        <ele>35.7</ele>
      </trkpt>
      <trkpt lat="35.16093" lon="-120.68047">
        <ele>35.7</ele>
      </trkpt>
      <trkpt lat="35.16091" lon="-120.68041">
        <ele>35.7</ele>
      </trkpt>
      <trkpt lat="35.16075" lon="-120.68002">
        <ele>35.7</ele>
      </trkpt>
      <trkpt lat="35.16052" lon="-120.67943">
        <ele>35.7</ele>
      </trkpt>
      <trkpt lat="35.1605" lon="-120.67938">
        <ele>35.7</ele>
      </trkpt>
      <trkpt lat="35.16034" lon="-120.67898">
        <ele>35.6</ele>
      </trkpt>
      <trkpt lat="35.16027" lon="-120.67878">
        <ele>35.7</ele>
      </trkpt>
      <trkpt lat="35.16024" lon="-120.67872">
        <ele>35.6</ele>
      </trkpt>
      <trkpt lat="35.15996" lon="-120.67799">
        <ele>35.9</ele>
      </trkpt>
      <trkpt lat="35.15969" lon="-120.6773">
        <ele>36.0</ele>
      </trkpt>
      <trkpt lat="35.15955" lon="-120.67695">
        <ele>36.0</ele>
      </trkpt>
      <trkpt lat="35.15939" lon="-120.67656">
        <ele>35.8</ele>
      </trkpt>
      <trkpt lat="35.15925" lon="-120.67624">
        <ele>34.4</ele>
      </trkpt>
      <trkpt lat="35.15914" lon="-120.67592">
        <ele>33.4</ele>
      </trkpt>
      <trkpt lat="35.15896" lon="-120.67545">
        <ele>32.1</ele>
      </trkpt>
      <trkpt lat="35.15868" lon="-120.67472">
        <ele>29.1</ele>
      </trkpt>
      <trkpt lat="35.15838" lon="-120.67395">
        <ele>27.1</ele>
      </trkpt>
      <trkpt lat="35.15818" lon="-120.67346">
        <ele>27.0</ele>
      </trkpt>
      <trkpt lat="35.15808" lon="-120.67321">
        <ele>26.8</ele>
      </trkpt>
      <trkpt lat="35.15784" lon="-120.67258">
        <ele>24.7</ele>
      </trkpt>
      <trkpt lat="35.15774" lon="-120.67233">
        <ele>24.7</ele>
      </trkpt>
      <trkpt lat="35.15763" lon="-120.67205">
        <ele>24.8</ele>
      </trkpt>
      <trkpt lat="35.15753" lon="-120.67179">
        <ele>24.8</ele>
      </trkpt>
      <trkpt lat="35.15741" lon="-120.6715">
        <ele>24.8</ele>
      </trkpt>
      <trkpt lat="35.15731" lon="-120.67125">
        <ele>24.8</ele>
      </trkpt>
      <trkpt lat="35.15721" lon="-120.671">
        <ele>24.8</ele>
      </trkpt>
      <trkpt lat="35.15701" lon="-120.67046">
        <ele>24.9</ele>
      </trkpt>
      <trkpt lat="35.15691" lon="-120.6702">
        <ele>24.9</ele>
      </trkpt>
      <trkpt lat="35.15679" lon="-120.66991">
        <ele>24.9</ele>
      </trkpt>
      <trkpt lat="35.15662" lon="-120.66948">
        <ele>26.7</ele>
      </trkpt>
      <trkpt lat="35.15654" lon="-120.66925">
        <ele>26.9</ele>
      </trkpt>
      <trkpt lat="35.15644" lon="-120.669">
        <ele>27.0</ele>
      </trkpt>
      <trkpt lat="35.1563" lon="-120.66866">
        <ele>26.9</ele>
      </trkpt>
      <trkpt lat="35.15619" lon="-120.66837">
        <ele>27.0</ele>
      </trkpt>
      <trkpt lat="35.15612" lon="-120.66821">
        <ele>27.0</ele>
      </trkpt>
      <trkpt lat="35.15605" lon="-120.66801">
        <ele>27.2</ele>
      </trkpt>
      <trkpt lat="35.15594" lon="-120.66773">
        <ele>27.3</ele>
      </trkpt>
      <trkpt lat="35.1558" lon="-120.66737">
        <ele>27.3</ele>
      </trkpt>
      <trkpt lat="35.15568" lon="-120.66708">
        <ele>27.4</ele>
      </trkpt>
      <trkpt lat="35.15542" lon="-120.66643">
        <ele>27.6</ele>
      </trkpt>
      <trkpt lat="35.15519" lon="-120.66583">
        <ele>27.8</ele>
      </trkpt>
      <trkpt lat="35.15519" lon="-120.66583">
        <ele>27.8</ele>
      </trkpt>
      <trkpt lat="35.15511" lon="-120.6656">
        <ele>27.4</ele>
      </trkpt>
      <trkpt lat="35.15501" lon="-120.66559">
        <ele>26.4</ele>
      </trkpt>
      <trkpt lat="35.15493" lon="-120.66552">
        <ele>25.4</ele>
      </trkpt>
      <trkpt lat="35.15483" lon="-120.66537">
        <ele>24.7</ele>
      </trkpt>
      <trkpt lat="35.15467" lon="-120.66512">
        <ele>26.3</ele>
      </trkpt>
      <trkpt lat="35.15458" lon="-120.66498">
        <ele>26.5</ele>
      </trkpt>
      <trkpt lat="35.15456" lon="-120.66495">
        <ele>26.5</ele>
      </trkpt>
      <trkpt lat="35.15456" lon="-120.66495">
        <ele>26.5</ele>
      </trkpt>
      <trkpt lat="35.1545" lon="-120.665">
        <ele>25.6</ele>
      </trkpt>
      <trkpt lat="35.15446" lon="-120.66507">
        <ele>24.9</ele>
      </trkpt>
      <trkpt lat="35.15434" lon="-120.665261">
        <ele>23.5</ele>
      </trkpt>
      <trkpt lat="35.15434" lon="-120.665261">
        <ele>23.5</ele>
      </trkpt>
      <trkpt lat="35.15429" lon="-120.66534">
        <ele>22.9</ele>
      </trkpt>
      <trkpt lat="35.15429" lon="-120.66534">
        <ele>22.9</ele>
      </trkpt>
      <trkpt lat="35.15446" lon="-120.66507">
        <ele>24.9</ele>
      </trkpt>
      <trkpt lat="35.1545" lon="-120.665">
        <ele>25.6</ele>
      </trkpt>
      <trkpt lat="35.15456" lon="-120.66495">
        <ele>26.5</ele>
      </trkpt>
      <trkpt lat="35.15456" lon="-120.66495">
        <ele>26.5</ele>
      </trkpt>
      <trkpt lat="35.15443" lon="-120.66475">
        <ele>26.6</ele>
      </trkpt>
      <trkpt lat="35.15435" lon="-120.66462">
        <ele>26.6</ele>
      </trkpt>
      <trkpt lat="35.15432" lon="-120.66457">
        <ele>26.6</ele>
      </trkpt>
      <trkpt lat="35.15427" lon="-120.66447">
        <ele>26.7</ele>
      </trkpt>
      <trkpt lat="35.15421" lon="-120.66434">
        <ele>27.0</ele>
      </trkpt>
      <trkpt lat="35.15415" lon="-120.6642">
        <ele>27.6</ele>
      </trkpt>
      <trkpt lat="35.1541" lon="-120.66405">
        <ele>28.2</ele>
      </trkpt>
      <trkpt lat="35.15406" lon="-120.66393">
        <ele>28.4</ele>
      </trkpt>
      <trkpt lat="35.15401" lon="-120.66378">
        <ele>28.6</ele>
      </trkpt>
      <trkpt lat="35.15401" lon="-120.66377">
        <ele>28.6</ele>
      </trkpt>
      <trkpt lat="35.15398" lon="-120.66364">
        <ele>28.7</ele>
      </trkpt>
      <trkpt lat="35.15397" lon="-120.66356">
        <ele>28.7</ele>
      </trkpt>
      <trkpt lat="35.15397" lon="-120.66352">
        <ele>28.7</ele>
      </trkpt>
      <trkpt lat="35.15396" lon="-120.66338">
        <ele>28.8</ele>
      </trkpt>
      <trkpt lat="35.15395" lon="-120.66326">
        <ele>28.9</ele>
      </trkpt>
      <trkpt lat="35.15396" lon="-120.66319">
        <ele>29.1</ele>
      </trkpt>
      <trkpt lat="35.15395" lon="-120.66313">
        <ele>29.1</ele>
      </trkpt>
      <trkpt lat="35.15395" lon="-120.66313">
        <ele>29.1</ele>
      </trkpt>
      <trkpt lat="35.15401" lon="-120.6631">
        <ele>29.8</ele>
      </trkpt>
      <trkpt lat="35.15401" lon="-120.6631">
        <ele>29.8</ele>
      </trkpt>
      <trkpt lat="35.15399" lon="-120.663">
        <ele>29.8</ele>
      </trkpt>
      <trkpt lat="35.15396" lon="-120.66282">
        <ele>29.8</ele>
      </trkpt>
      <trkpt lat="35.15393" lon="-120.66271">
        <ele>29.7</ele>
      </trkpt>
      <trkpt lat="35.15392" lon="-120.66264">
        <ele>29.8</ele>
      </trkpt>
      <trkpt lat="35.1539" lon="-120.66257">
        <ele>29.7</ele>
      </trkpt>
      <trkpt lat="35.15388" lon="-120.66248">
        <ele>29.7</ele>
      </trkpt>
      <trkpt lat="35.1538" lon="-120.66228">
        <ele>29.4</ele>
      </trkpt>
      <trkpt lat="35.15379" lon="-120.66226">
        <ele>29.3</ele>
      </trkpt>
      <trkpt lat="35.15379" lon="-120.66225">
        <ele>29.4</ele>
      </trkpt>
      <trkpt lat="35.15379" lon="-120.66225">
        <ele>29.4</ele>
      </trkpt>
      <trkpt lat="35.15377" lon="-120.6622">
        <ele>29.3</ele>
      </trkpt>
      <trkpt lat="35.15374" lon="-120.66212">
        <ele>29.3</ele>
      </trkpt>
      <trkpt lat="35.1537" lon="-120.66209">
        <ele>28.9</ele>
      </trkpt>
      <trkpt lat="35.1537" lon="-120.66208">
        <ele>29.0</ele>
      </trkpt>
      <trkpt lat="35.15357" lon="-120.66179">
        <ele>29.2</ele>
      </trkpt>
      <trkpt lat="35.15351" lon="-120.66168">
        <ele>29.4</ele>
      </trkpt>
      <trkpt lat="35.15347" lon="-120.66161">
        <ele>29.4</ele>
      </trkpt>
      <trkpt lat="35.15339" lon="-120.66146">
        <ele>29.5</ele>
      </trkpt>
      <trkpt lat="35.15321" lon="-120.66114">
        <ele>29.7</ele>
      </trkpt>
      <trkpt lat="35.15298" lon="-120.66077">
        <ele>30.5</ele>
      </trkpt>
      <trkpt lat="35.15298" lon="-120.66066">
        <ele>31.4</ele>
      </trkpt>
      <trkpt lat="35.15272" lon="-120.66018">
        <ele>33.3</ele>
      </trkpt>
      <trkpt lat="35.15262" lon="-120.65998">
        <ele>34.3</ele>
      </trkpt>
      <trkpt lat="35.15256" lon="-120.65988">
        <ele>35.1</ele>
      </trkpt>
      <trkpt lat="35.15245" lon="-120.65967">
        <ele>35.9</ele>
      </trkpt>
      <trkpt lat="35.15229" lon="-120.65932">
        <ele>36.5</ele>
      </trkpt>
      <trkpt lat="35.15214" lon="-120.65903">
        <ele>36.5</ele>
      </trkpt>
      <trkpt lat="35.15206" lon="-120.65882">
        <ele>37.2</ele>
      </trkpt>
      <trkpt lat="35.15198" lon="-120.65862">
        <ele>38.9</ele>
      </trkpt>
      <trkpt lat="35.1519" lon="-120.65842">
        <ele>39.7</ele>
      </trkpt>
      <trkpt lat="35.15184" lon="-120.65827">
        <ele>39.8</ele>
      </trkpt>
      <trkpt lat="35.1518" lon="-120.65818">
        <ele>39.7</ele>
      </trkpt>
      <trkpt lat="35.1518" lon="-120.65817">
        <ele>39.8</ele>
      </trkpt>
      <trkpt lat="35.15176" lon="-120.65806">
        <ele>39.8</ele>
      </trkpt>
      <trkpt lat="35.15166" lon="-120.65777">
        <ele>39.8</ele>
      </trkpt>
      <trkpt lat="35.15154" lon="-120.65742">
        <ele>39.7</ele>
      </trkpt>
      <trkpt lat="35.15151" lon="-120.65732">
        <ele>39.8</ele>
      </trkpt>
      <trkpt lat="35.15144" lon="-120.65712">
        <ele>39.7</ele>
      </trkpt>
      <trkpt lat="35.15122" lon="-120.65652">
        <ele>39.3</ele>
      </trkpt>
      <trkpt lat="35.15114" lon="-120.6563">
        <ele>39.2</ele>
      </trkpt>
      <trkpt lat="35.1511" lon="-120.65618">
        <ele>39.3</ele>
      </trkpt>
      <trkpt lat="35.15109" lon="-120.65617">
        <ele>39.2</ele>
      </trkpt>
      <trkpt lat="35.15109" lon="-120.65617">
        <ele>39.2</ele>
      </trkpt>
      <trkpt lat="35.15104" lon="-120.65605">
        <ele>39.1</ele>
      </trkpt>
      <trkpt lat="35.151" lon="-120.65594">
        <ele>39.2</ele>
      </trkpt>
      <trkpt lat="35.15094" lon="-120.65581">
        <ele>39.1</ele>
      </trkpt>
      <trkpt lat="35.15086" lon="-120.65563">
        <ele>39.0</ele>
      </trkpt>
      <trkpt lat="35.15069" lon="-120.65526">
        <ele>38.1</ele>
      </trkpt>
      <trkpt lat="35.15056" lon="-120.65501">
        <ele>36.5</ele>
      </trkpt>
      <trkpt lat="35.1504" lon="-120.6547">
        <ele>35.0</ele>
      </trkpt>
      <trkpt lat="35.15028" lon="-120.65449">
        <ele>35.2</ele>
      </trkpt>
      <trkpt lat="35.15021" lon="-120.65436">
        <ele>35.2</ele>
      </trkpt>
      <trkpt lat="35.14991" lon="-120.65377">
        <ele>34.8</ele>
      </trkpt>
      <trkpt lat="35.14982" lon="-120.65361">
        <ele>34.6</ele>
      </trkpt>
      <trkpt lat="35.14972" lon="-120.6534">
        <ele>34.5</ele>
      </trkpt>
      <trkpt lat="35.14968" lon="-120.65332">
        <ele>34.5</ele>
      </trkpt>
      <trkpt lat="35.14963" lon="-120.65322">
        <ele>34.5</ele>
      </trkpt>
      <trkpt lat="35.1496" lon="-120.65312">
        <ele>34.7</ele>
      </trkpt>
      <trkpt lat="35.14956" lon="-120.65301">
        <ele>34.8</ele>
      </trkpt>
      <trkpt lat="35.14953" lon="-120.65291">
        <ele>34.8</ele>
      </trkpt>
      <trkpt lat="35.14951" lon="-120.65284">
        <ele>34.7</ele>
      </trkpt>
      <trkpt lat="35.1495" lon="-120.65277">
        <ele>34.5</ele>
      </trkpt>
      <trkpt lat="35.14949" lon="-120.65271">
        <ele>34.3</ele>
      </trkpt>
      <trkpt lat="35.14949" lon="-120.65265">
        <ele>34.2</ele>
      </trkpt>
      <trkpt lat="35.14949" lon="-120.6526">
        <ele>34.1</ele>
      </trkpt>
      <trkpt lat="35.14949" lon="-120.65254">
        <ele>33.9</ele>
      </trkpt>
      <trkpt lat="35.14949" lon="-120.65247">
        <ele>33.6</ele>
      </trkpt>
      <trkpt lat="35.1495" lon="-120.65235">
        <ele>33.4</ele>
      </trkpt>
      <trkpt lat="35.14951" lon="-120.65216">
        <ele>33.4</ele>
      </trkpt>
      <trkpt lat="35.14952" lon="-120.65196">
        <ele>33.9</ele>
      </trkpt>
      <trkpt lat="35.14952" lon="-120.65183">
        <ele>34.2</ele>
      </trkpt>
      <trkpt lat="35.14952" lon="-120.65176">
        <ele>34.2</ele>
      </trkpt>
      <trkpt lat="35.14951" lon="-120.65166">
        <ele>34.2</ele>
      </trkpt>
      <trkpt lat="35.14949" lon="-120.65157">
        <ele>34.2</ele>
      </trkpt>
      <trkpt lat="35.14948" lon="-120.65149">
        <ele>34.3</ele>
      </trkpt>
      <trkpt lat="35.14945" lon="-120.65138">
        <ele>34.4</ele>
      </trkpt>
      <trkpt lat="35.14941" lon="-120.65127">
        <ele>34.5</ele>
      </trkpt>
      <trkpt lat="35.14941" lon="-120.65125">
        <ele>34.6</ele>
      </trkpt>
      <trkpt lat="35.14935" lon="-120.6511">
        <ele>34.7</ele>
      </trkpt>
      <trkpt lat="35.14934" lon="-120.65107">
        <ele>34.7</ele>
      </trkpt>
      <trkpt lat="35.14901" lon="-120.65022">
        <ele>35.3</ele>
      </trkpt>
      <trkpt lat="35.14883" lon="-120.64976">
        <ele>35.2</ele>
      </trkpt>
      <trkpt lat="35.14868" lon="-120.64936">
        <ele>35.2</ele>
      </trkpt>
      <trkpt lat="35.14855" lon="-120.64902">
        <ele>35.0</ele>
      </trkpt>
      <trkpt lat="35.14831" lon="-120.6484">
        <ele>35.2</ele>
      </trkpt>
      <trkpt lat="35.14823" lon="-120.64819">
        <ele>35.1</ele>
      </trkpt>
      <trkpt lat="35.14815" lon="-120.64797">
        <ele>35.2</ele>
      </trkpt>
      <trkpt lat="35.14815" lon="-120.64797">
        <ele>35.2</ele>
      </trkpt>
      <trkpt lat="35.14795" lon="-120.64749">
        <ele>35.0</ele>
      </trkpt>
      <trkpt lat="35.14778" lon="-120.64706">
        <ele>35.0</ele>
      </trkpt>
      <trkpt lat="35.14772" lon="-120.64692">
        <ele>35.1</ele>
      </trkpt>
      <trkpt lat="35.14768" lon="-120.64682">
        <ele>35.1</ele>
      </trkpt>
      <trkpt lat="35.14763" lon="-120.64672">
        <ele>35.0</ele>
      </trkpt>
      <trkpt lat="35.14759" lon="-120.64664">
        <ele>35.0</ele>
      </trkpt>
      <trkpt lat="35.14755" lon="-120.64657">
        <ele>34.8</ele>
      </trkpt>
      <trkpt lat="35.14749" lon="-120.64647">
        <ele>34.7</ele>
      </trkpt>
      <trkpt lat="35.14743" lon="-120.64637">
        <ele>34.7</ele>
      </trkpt>
      <trkpt lat="35.14739" lon="-120.64632">
        <ele>34.5</ele>
      </trkpt>
      <trkpt lat="35.14735" lon="-120.64628">
        <ele>34.4</ele>
      </trkpt>
      <trkpt lat="35.14731" lon="-120.64623">
        <ele>34.3</ele>
      </trkpt>
      <trkpt lat="35.14713" lon="-120.64603">
        <ele>33.9</ele>
      </trkpt>
      <trkpt lat="35.14695" lon="-120.64583">
        <ele>33.7</ele>
      </trkpt>
      <trkpt lat="35.14686" lon="-120.64573">
        <ele>33.4</ele>
      </trkpt>
      <trkpt lat="35.14678" lon="-120.64564">
        <ele>33.0</ele>
      </trkpt>
      <trkpt lat="35.14674" lon="-120.6456">
        <ele>32.7</ele>
      </trkpt>
      <trkpt lat="35.14671" lon="-120.64555">
        <ele>32.4</ele>
      </trkpt>
      <trkpt lat="35.14668" lon="-120.64552">
        <ele>32.0</ele>
      </trkpt>
      <trkpt lat="35.14664" lon="-120.64546">
        <ele>31.5</ele>
      </trkpt>
      <trkpt lat="35.14659" lon="-120.64538">
        <ele>30.7</ele>
      </trkpt>
      <trkpt lat="35.14656" lon="-120.64534">
        <ele>30.2</ele>
      </trkpt>
      <trkpt lat="35.14655" lon="-120.64531">
        <ele>30.1</ele>
      </trkpt>
      <trkpt lat="35.14653" lon="-120.64528">
        <ele>29.7</ele>
      </trkpt>
      <trkpt lat="35.1465" lon="-120.64523">
        <ele>29.2</ele>
      </trkpt>
      <trkpt lat="35.14646" lon="-120.64514">
        <ele>28.7</ele>
      </trkpt>
      <trkpt lat="35.14634" lon="-120.64493">
        <ele>28.1</ele>
      </trkpt>
      <trkpt lat="35.14634" lon="-120.64493">
        <ele>28.1</ele>
      </trkpt>
      <trkpt lat="35.14626" lon="-120.64494">
        <ele>27.3</ele>
      </trkpt>
      <trkpt lat="35.14619" lon="-120.64494">
        <ele>26.8</ele>
      </trkpt>
      <trkpt lat="35.14614" lon="-120.64493">
        <ele>26.8</ele>
      </trkpt>
      <trkpt lat="35.14596" lon="-120.6449">
        <ele>26.7</ele>
      </trkpt>
      <trkpt lat="35.1459" lon="-120.64488">
        <ele>26.7</ele>
      </trkpt>
      <trkpt lat="35.14584" lon="-120.64485">
        <ele>26.6</ele>
      </trkpt>
      <trkpt lat="35.14566" lon="-120.64483">
        <ele>26.3</ele>
      </trkpt>
      <trkpt lat="35.14553" lon="-120.64482">
        <ele>26.3</ele>
      </trkpt>
      <trkpt lat="35.14531" lon="-120.6448">
        <ele>26.2</ele>
      </trkpt>
      <trkpt lat="35.14517" lon="-120.64479">
        <ele>26.1</ele>
      </trkpt>
      <trkpt lat="35.1451" lon="-120.64478">
        <ele>26.1</ele>
      </trkpt>
      <trkpt lat="35.14461" lon="-120.64474">
        <ele>22.4</ele>
      </trkpt>
      <trkpt lat="35.14456" lon="-120.64474">
        <ele>21.9</ele>
      </trkpt>
      <trkpt lat="35.14451" lon="-120.64473">
        <ele>21.5</ele>
      </trkpt>
      <trkpt lat="35.14444" lon="-120.64473">
        <ele>20.9</ele>
      </trkpt>
      <trkpt lat="35.14439" lon="-120.64472">
        <ele>20.6</ele>
      </trkpt>
      <trkpt lat="35.14435" lon="-120.64471">
        <ele>20.3</ele>
      </trkpt>
      <trkpt lat="35.1443" lon="-120.64469">
        <ele>20.0</ele>
      </trkpt>
      <trkpt lat="35.14422" lon="-120.64466">
        <ele>19.5</ele>
      </trkpt>
      <trkpt lat="35.14417" lon="-120.64463">
        <ele>19.3</ele>
      </trkpt>
      <trkpt lat="35.14412" lon="-120.64461">
        <ele>19.0</ele>
      </trkpt>
      <trkpt lat="35.14407" lon="-120.64458">
        <ele>18.8</ele>
      </trkpt>
      <trkpt lat="35.14403" lon="-120.64455">
        <ele>18.6</ele>
      </trkpt>
      <trkpt lat="35.14397" lon="-120.64451">
        <ele>18.4</ele>
      </trkpt>
      <trkpt lat="35.14392" lon="-120.64446">
        <ele>18.3</ele>
      </trkpt>
      <trkpt lat="35.14387" lon="-120.64441">
        <ele>18.1</ele>
      </trkpt>
      <trkpt lat="35.14365" lon="-120.64417">
        <ele>17.8</ele>
      </trkpt>
      <trkpt lat="35.14309" lon="-120.64356">
        <ele>16.3</ele>
      </trkpt>
      <trkpt lat="35.14282" lon="-120.64324">
        <ele>15.1</ele>
      </trkpt>
      <trkpt lat="35.1427" lon="-120.64311">
        <ele>14.0</ele>
      </trkpt>
      <trkpt lat="35.14255" lon="-120.64295">
        <ele>12.8</ele>
      </trkpt>
      <trkpt lat="35.14223" lon="-120.64258">
        <ele>12.5</ele>
      </trkpt>
      <trkpt lat="35.14213" lon="-120.64247">
        <ele>12.5</ele>
      </trkpt>
      <trkpt lat="35.14208" lon="-120.64242">
        <ele>12.5</ele>
      </trkpt>
      <trkpt lat="35.14201" lon="-120.64234">
        <ele>12.4</ele>
      </trkpt>
      <trkpt lat="35.14193" lon="-120.64229">
        <ele>12.3</ele>
      </trkpt>
      <trkpt lat="35.14189" lon="-120.64227">
        <ele>12.3</ele>
      </trkpt>
      <trkpt lat="35.14185" lon="-120.64224">
        <ele>12.3</ele>
      </trkpt>
      <trkpt lat="35.14181" lon="-120.64223">
        <ele>12.2</ele>
      </trkpt>
      <trkpt lat="35.14178" lon="-120.64222">
        <ele>12.2</ele>
      </trkpt>
      <trkpt lat="35.14175" lon="-120.64221">
        <ele>12.1</ele>
      </trkpt>
      <trkpt lat="35.14171" lon="-120.6422">
        <ele>12.0</ele>
      </trkpt>
      <trkpt lat="35.14168" lon="-120.64219">
        <ele>11.9</ele>
      </trkpt>
      <trkpt lat="35.14159" lon="-120.64218">
        <ele>11.7</ele>
      </trkpt>
      <trkpt lat="35.14154" lon="-120.64217">
        <ele>11.6</ele>
      </trkpt>
      <trkpt lat="35.14151" lon="-120.64216">
        <ele>11.6</ele>
      </trkpt>
      <trkpt lat="35.14146" lon="-120.64215">
        <ele>11.6</ele>
      </trkpt>
      <trkpt lat="35.14142" lon="-120.64214">
        <ele>11.5</ele>
      </trkpt>
      <trkpt lat="35.14139" lon="-120.64212">
        <ele>11.5</ele>
      </trkpt>
      <trkpt lat="35.14136" lon="-120.6421">
        <ele>11.5</ele>
      </trkpt>
      <trkpt lat="35.14131" lon="-120.64206">
        <ele>11.4</ele>
      </trkpt>
      <trkpt lat="35.14126" lon="-120.64202">
        <ele>11.4</ele>
      </trkpt>
      <trkpt lat="35.14123" lon="-120.64199">
        <ele>11.5</ele>
      </trkpt>
      <trkpt lat="35.14119" lon="-120.64194">
        <ele>11.5</ele>
      </trkpt>
      <trkpt lat="35.14114" lon="-120.64189">
        <ele>11.5</ele>
      </trkpt>
      <trkpt lat="35.14107" lon="-120.64181">
        <ele>11.6</ele>
      </trkpt>
      <trkpt lat="35.14101" lon="-120.64174">
        <ele>11.6</ele>
      </trkpt>
      <trkpt lat="35.14067" lon="-120.64137">
        <ele>11.7</ele>
      </trkpt>
      <trkpt lat="35.14067" lon="-120.64137">
        <ele>11.7</ele>
      </trkpt>
      <trkpt lat="35.1406" lon="-120.6415">
        <ele>11.2</ele>
      </trkpt>
      <trkpt lat="35.14036" lon="-120.64182">
        <ele>10.2</ele>
      </trkpt>
      <trkpt lat="35.140057" lon="-120.64221">
        <ele>9.1</ele>
      </trkpt>
      <trkpt lat="35.14005" lon="-120.64222">
        <ele>9.0</ele>
      </trkpt>
      <trkpt lat="35.14005" lon="-120.64222">
        <ele>9.0</ele>
      </trkpt>
      <trkpt lat="35.14005" lon="-120.64222">
        <ele>9.0</ele>
      </trkpt>
      <trkpt lat="35.13995" lon="-120.64217">
        <ele>9.0</ele>
      </trkpt>
      <trkpt lat="35.13984" lon="-120.64204">
        <ele>8.9</ele>
      </trkpt>
      <trkpt lat="35.13965" lon="-120.64183">
        <ele>8.8</ele>
      </trkpt>
      <trkpt lat="35.13953" lon="-120.6417">
        <ele>8.7</ele>
      </trkpt>
      <trkpt lat="35.1393" lon="-120.64144">
        <ele>8.5</ele>
      </trkpt>
      <trkpt lat="35.13897" lon="-120.64105">
        <ele>8.0</ele>
      </trkpt>
      <trkpt lat="35.13897" lon="-120.64105">
        <ele>8.0</ele>
      </trkpt>
      <trkpt lat="35.13897" lon="-120.64105">
        <ele>8.0</ele>
      </trkpt>
      <trkpt lat="35.13897" lon="-120.64104">
        <ele>8.0</ele>
      </trkpt>
      <trkpt lat="35.13862" lon="-120.64067">
        <ele>7.4</ele>
      </trkpt>
      <trkpt lat="35.13804" lon="-120.64001">
        <ele>4.8</ele>
      </trkpt>
      <trkpt lat="35.13756" lon="-120.63948">
        <ele>4.3</ele>
      </trkpt>
      <trkpt lat="35.13721" lon="-120.63908">
        <ele>4.4</ele>
      </trkpt>
      <trkpt lat="35.13707" lon="-120.63896">
        <ele>4.4</ele>
      </trkpt>
      <trkpt lat="35.1368" lon="-120.63875">
        <ele>4.6</ele>
      </trkpt>
      <trkpt lat="35.13671" lon="-120.63869">
        <ele>4.7</ele>
      </trkpt>
      <trkpt lat="35.13665" lon="-120.63862">
        <ele>4.8</ele>
      </trkpt>
      <trkpt lat="35.13656" lon="-120.63853">
        <ele>4.9</ele>
      </trkpt>
      <trkpt lat="35.13644" lon="-120.63841">
        <ele>5.1</ele>
      </trkpt>
      <trkpt lat="35.13636" lon="-120.63831">
        <ele>5.2</ele>
      </trkpt>
      <trkpt lat="35.13631" lon="-120.63824">
        <ele>5.3</ele>
      </trkpt>
      <trkpt lat="35.13629" lon="-120.63821">
        <ele>5.3</ele>
      </trkpt>
      <trkpt lat="35.13628" lon="-120.63817">
        <ele>5.3</ele>
      </trkpt>
      <trkpt lat="35.13628" lon="-120.63812">
        <ele>5.4</ele>
      </trkpt>
      <trkpt lat="35.13628" lon="-120.63809">
        <ele>5.4</ele>
      </trkpt>
      <trkpt lat="35.13628" lon="-120.63803">
        <ele>5.5</ele>
      </trkpt>
      <trkpt lat="35.13628" lon="-120.63802">
        <ele>5.5</ele>
      </trkpt>
      <trkpt lat="35.13628" lon="-120.63802">
        <ele>5.5</ele>
      </trkpt>
      <trkpt lat="35.13628" lon="-120.63792">
        <ele>5.6</ele>
      </trkpt>
      <trkpt lat="35.13628" lon="-120.63792">
        <ele>5.6</ele>
      </trkpt>
      <trkpt lat="35.13616" lon="-120.63787">
        <ele>5.7</ele>
      </trkpt>
      <trkpt lat="35.1361" lon="-120.63785">
        <ele>5.8</ele>
      </trkpt>
      <trkpt lat="35.13605" lon="-120.63782">
        <ele>5.8</ele>
      </trkpt>
      <trkpt lat="35.13601" lon="-120.63779">
        <ele>5.9</ele>
      </trkpt>
      <trkpt lat="35.13595" lon="-120.63776">
        <ele>6.0</ele>
      </trkpt>
      <trkpt lat="35.13588" lon="-120.63771">
        <ele>6.1</ele>
      </trkpt>
      <trkpt lat="35.13582" lon="-120.63765">
        <ele>6.2</ele>
      </trkpt>
      <trkpt lat="35.13575" lon="-120.63758">
        <ele>6.2</ele>
      </trkpt>
      <trkpt lat="35.13564" lon="-120.63747">
        <ele>6.4</ele>
      </trkpt>
      <trkpt lat="35.13547" lon="-120.63728">
        <ele>6.5</ele>
      </trkpt>
      <trkpt lat="35.13522" lon="-120.637">
        <ele>6.8</ele>
      </trkpt>
      <trkpt lat="35.13517" lon="-120.63694">
        <ele>6.8</ele>
      </trkpt>
      <trkpt lat="35.13506" lon="-120.63682">
        <ele>6.8</ele>
      </trkpt>
      <trkpt lat="35.1348" lon="-120.63653">
        <ele>6.8</ele>
      </trkpt>
      <trkpt lat="35.13474" lon="-120.63646">
        <ele>6.8</ele>
      </trkpt>
      <trkpt lat="35.13428" lon="-120.63596">
        <ele>6.8</ele>
      </trkpt>
      <trkpt lat="35.13373" lon="-120.63534">
        <ele>6.9</ele>
      </trkpt>
      <trkpt lat="35.13343" lon="-120.635">
        <ele>6.9</ele>
      </trkpt>
      <trkpt lat="35.13338" lon="-120.63495">
        <ele>6.9</ele>
      </trkpt>
      <trkpt lat="35.13252" lon="-120.63399">
        <ele>6.9</ele>
      </trkpt>
      <trkpt lat="35.13232" lon="-120.63376">
        <ele>6.9</ele>
      </trkpt>
      <trkpt lat="35.1318" lon="-120.63319">
        <ele>6.9</ele>
      </trkpt>
      <trkpt lat="35.13153" lon="-120.63289">
        <ele>6.9</ele>
      </trkpt>
      <trkpt lat="35.13142" lon="-120.63277">
        <ele>6.9</ele>
      </trkpt>
      <trkpt lat="35.1313" lon="-120.63265">
        <ele>6.9</ele>
      </trkpt>
      <trkpt lat="35.13112" lon="-120.63249">
        <ele>6.9</ele>
      </trkpt>
      <trkpt lat="35.13101" lon="-120.63241">
        <ele>6.9</ele>
      </trkpt>
      <trkpt lat="35.13095" lon="-120.63237">
        <ele>6.9</ele>
      </trkpt>
      <trkpt lat="35.13087" lon="-120.63232">
        <ele>6.9</ele>
      </trkpt>
      <trkpt lat="35.13079" lon="-120.63227">
        <ele>6.9</ele>
      </trkpt>
      <trkpt lat="35.13068" lon="-120.63221">
        <ele>6.9</ele>
      </trkpt>
      <trkpt lat="35.13049" lon="-120.63213">
        <ele>6.9</ele>
      </trkpt>
      <trkpt lat="35.13035" lon="-120.63208">
        <ele>6.9</ele>
      </trkpt>
      <trkpt lat="35.13026" lon="-120.63205">
        <ele>7.0</ele>
      </trkpt>
      <trkpt lat="35.13011" lon="-120.63202">
        <ele>7.0</ele>
      </trkpt>
      <trkpt lat="35.13001" lon="-120.632">
        <ele>7.0</ele>
      </trkpt>
      <trkpt lat="35.12984" lon="-120.63198">
        <ele>7.0</ele>
      </trkpt>
      <trkpt lat="35.12958" lon="-120.63196">
        <ele>7.0</ele>
      </trkpt>
      <trkpt lat="35.12928" lon="-120.63194">
        <ele>7.0</ele>
      </trkpt>
      <trkpt lat="35.12852" lon="-120.63188">
        <ele>7.3</ele>
      </trkpt>
      <trkpt lat="35.12834" lon="-120.63187">
        <ele>8.2</ele>
      </trkpt>
      <trkpt lat="35.12828" lon="-120.63187">
        <ele>8.3</ele>
      </trkpt>
      <trkpt lat="35.12828" lon="-120.63187">
        <ele>8.3</ele>
      </trkpt>
      <trkpt lat="35.12791" lon="-120.63184">
        <ele>8.5</ele>
      </trkpt>
      <trkpt lat="35.12748" lon="-120.63182">
        <ele>8.5</ele>
      </trkpt>
      <trkpt lat="35.12727" lon="-120.6318">
        <ele>8.5</ele>
      </trkpt>
      <trkpt lat="35.12719" lon="-120.63179">
        <ele>8.4</ele>
      </trkpt>
      <trkpt lat="35.12694" lon="-120.63176">
        <ele>8.3</ele>
      </trkpt>
      <trkpt lat="35.1268" lon="-120.63175">
        <ele>8.2</ele>
      </trkpt>
      <trkpt lat="35.12664" lon="-120.63172">
        <ele>8.2</ele>
      </trkpt>
      <trkpt lat="35.12655" lon="-120.6317">
        <ele>8.2</ele>
      </trkpt>
      <trkpt lat="35.12644" lon="-120.63168">
        <ele>8.2</ele>
      </trkpt>
      <trkpt lat="35.12618" lon="-120.63162">
        <ele>8.0</ele>
      </trkpt>
      <trkpt lat="35.1259" lon="-120.63154">
        <ele>8.0</ele>
      </trkpt>
      <trkpt lat="35.12574" lon="-120.63149">
        <ele>7.9</ele>
      </trkpt>
      <trkpt lat="35.12561" lon="-120.63145">
        <ele>7.8</ele>
      </trkpt>
      <trkpt lat="35.12548" lon="-120.6314">
        <ele>7.7</ele>
      </trkpt>
      <trkpt lat="35.12544" lon="-120.63139">
        <ele>7.6</ele>
      </trkpt>
      <trkpt lat="35.12536" lon="-120.63136">
        <ele>7.5</ele>
      </trkpt>
      <trkpt lat="35.12528" lon="-120.63132">
        <ele>7.5</ele>
      </trkpt>
      <trkpt lat="35.12507" lon="-120.63123">
        <ele>7.3</ele>
      </trkpt>
      <trkpt lat="35.12489" lon="-120.63115">
        <ele>7.3</ele>
      </trkpt>
      <trkpt lat="35.12478" lon="-120.6311">
        <ele>7.3</ele>
      </trkpt>
      <trkpt lat="35.12417" lon="-120.63081">
        <ele>7.1</ele>
      </trkpt>
      <trkpt lat="35.1236" lon="-120.63055">
        <ele>6.9</ele>
      </trkpt>
      <trkpt lat="35.1234" lon="-120.63045">
        <ele>6.9</ele>
      </trkpt>
      <trkpt lat="35.12306" lon="-120.6303">
        <ele>6.8</ele>
      </trkpt>
      <trkpt lat="35.12272" lon="-120.63015">
        <ele>6.4</ele>
      </trkpt>
      <trkpt lat="35.12265" lon="-120.63012">
        <ele>6.4</ele>
      </trkpt>
      <trkpt lat="35.12253" lon="-120.63007">
        <ele>6.3</ele>
      </trkpt>
      <trkpt lat="35.12227" lon="-120.62995">
        <ele>6.6</ele>
      </trkpt>
      <trkpt lat="35.12224" lon="-120.62994">
        <ele>6.6</ele>
      </trkpt>
      <trkpt lat="35.12219" lon="-120.62991">
        <ele>6.4</ele>
      </trkpt>
      <trkpt lat="35.12213" lon="-120.62988">
        <ele>6.0</ele>
      </trkpt>
      <trkpt lat="35.1221" lon="-120.62987">
        <ele>5.8</ele>
      </trkpt>
      <trkpt lat="35.12206" lon="-120.62985">
        <ele>5.6</ele>
      </trkpt>
      <trkpt lat="35.12203" lon="-120.62985">
        <ele>5.4</ele>
      </trkpt>
      <trkpt lat="35.12191" lon="-120.62983">
        <ele>4.8</ele>
      </trkpt>
      <trkpt lat="35.12191" lon="-120.62983">
        <ele>4.8</ele>
      </trkpt>
      <trkpt lat="35.12191" lon="-120.62976">
        <ele>4.8</ele>
      </trkpt>
      <trkpt lat="35.12191" lon="-120.62976">
        <ele>4.8</ele>
      </trkpt>
      <trkpt lat="35.12191" lon="-120.62971">
        <ele>4.8</ele>
      </trkpt>
      <trkpt lat="35.12189" lon="-120.62946">
        <ele>4.8</ele>
      </trkpt>
      <trkpt lat="35.12189" lon="-120.6294">
        <ele>4.9</ele>
      </trkpt>
      <trkpt lat="35.12187" lon="-120.62892">
        <ele>6.0</ele>
      </trkpt>
      <trkpt lat="35.12184" lon="-120.62842">
        <ele>6.7</ele>
      </trkpt>
      <trkpt lat="35.12183" lon="-120.62826">
        <ele>6.8</ele>
      </trkpt>
      <trkpt lat="35.12183" lon="-120.62808">
        <ele>6.9</ele>
      </trkpt>
      <trkpt lat="35.12182" lon="-120.62792">
        <ele>7.1</ele>
      </trkpt>
      <trkpt lat="35.12181" lon="-120.62767">
        <ele>7.7</ele>
      </trkpt>
      <trkpt lat="35.12177" lon="-120.62692">
        <ele>9.0</ele>
      </trkpt>
      <trkpt lat="35.12176" lon="-120.62677">
        <ele>9.0</ele>
      </trkpt>
      <trkpt lat="35.12176" lon="-120.62661">
        <ele>9.0</ele>
      </trkpt>
      <trkpt lat="35.12175" lon="-120.62643">
        <ele>9.0</ele>
      </trkpt>
      <trkpt lat="35.12179" lon="-120.62627">
        <ele>9.0</ele>
      </trkpt>
      <trkpt lat="35.12177" lon="-120.626">
        <ele>9.1</ele>
      </trkpt>
      <trkpt lat="35.12177" lon="-120.62592">
        <ele>9.1</ele>
      </trkpt>
      <trkpt lat="35.12176" lon="-120.62587">
        <ele>9.0</ele>
      </trkpt>
      <trkpt lat="35.12174" lon="-120.6252">
        <ele>9.9</ele>
      </trkpt>
      <trkpt lat="35.12171" lon="-120.62471">
        <ele>10.7</ele>
      </trkpt>
      <trkpt lat="35.12168" lon="-120.62397">
        <ele>13.1</ele>
      </trkpt>
      <trkpt lat="35.12167" lon="-120.62364">
        <ele>14.1</ele>
      </trkpt>
      <trkpt lat="35.12165" lon="-120.62335">
        <ele>15.0</ele>
      </trkpt>
      <trkpt lat="35.12165" lon="-120.62318">
        <ele>15.5</ele>
      </trkpt>
      <trkpt lat="35.12164" lon="-120.62307">
        <ele>15.9</ele>
      </trkpt>
      <trkpt lat="35.12163" lon="-120.62274">
        <ele>16.7</ele>
      </trkpt>
      <trkpt lat="35.12161" lon="-120.62238">
        <ele>17.0</ele>
      </trkpt>
      <trkpt lat="35.1216" lon="-120.62226">
        <ele>17.3</ele>
      </trkpt>
      <trkpt lat="35.12158" lon="-120.62178">
        <ele>17.9</ele>
      </trkpt>
      <trkpt lat="35.12151" lon="-120.62151">
        <ele>17.9</ele>
      </trkpt>
      <trkpt lat="35.12149" lon="-120.6209">
        <ele>18.9</ele>
      </trkpt>
      <trkpt lat="35.12148" lon="-120.62068">
        <ele>19.0</ele>
      </trkpt>
      <trkpt lat="35.12145" lon="-120.62027">
        <ele>19.6</ele>
      </trkpt>
      <trkpt lat="35.12143" lon="-120.61984">
        <ele>20.3</ele>
      </trkpt>
      <trkpt lat="35.12142" lon="-120.61953">
        <ele>20.7</ele>
      </trkpt>
      <trkpt lat="35.12139" lon="-120.61903">
        <ele>21.4</ele>
      </trkpt>
      <trkpt lat="35.12136" lon="-120.61836">
        <ele>21.9</ele>
      </trkpt>
      <trkpt lat="35.12136" lon="-120.61829">
        <ele>21.9</ele>
      </trkpt>
      <trkpt lat="35.12133" lon="-120.6178">
        <ele>21.8</ele>
      </trkpt>
      <trkpt lat="35.12137" lon="-120.61759">
        <ele>22.1</ele>
      </trkpt>
      <trkpt lat="35.12136" lon="-120.61738">
        <ele>22.4</ele>
      </trkpt>
      <trkpt lat="35.12135" lon="-120.6171">
        <ele>22.9</ele>
      </trkpt>
      <trkpt lat="35.12135" lon="-120.61706">
        <ele>23.0</ele>
      </trkpt>
      <trkpt lat="35.12134" lon="-120.61692">
        <ele>23.1</ele>
      </trkpt>
      <trkpt lat="35.12133" lon="-120.61682">
        <ele>23.1</ele>
      </trkpt>
      <trkpt lat="35.12133" lon="-120.61676">
        <ele>23.1</ele>
      </trkpt>
      <trkpt lat="35.12132" lon="-120.61658">
        <ele>23.1</ele>
      </trkpt>
      <trkpt lat="35.1213" lon="-120.61629">
        <ele>23.5</ele>
      </trkpt>
      <trkpt lat="35.1213" lon="-120.61613">
        <ele>23.8</ele>
      </trkpt>
      <trkpt lat="35.12128" lon="-120.61584">
        <ele>23.9</ele>
      </trkpt>
      <trkpt lat="35.12127" lon="-120.61571">
        <ele>23.9</ele>
      </trkpt>
      <trkpt lat="35.12126" lon="-120.61544">
        <ele>24.0</ele>
      </trkpt>
      <trkpt lat="35.12126" lon="-120.61531">
        <ele>24.0</ele>
      </trkpt>
      <trkpt lat="35.12125" lon="-120.61502">
        <ele>24.0</ele>
      </trkpt>
      <trkpt lat="35.12124" lon="-120.61485">
        <ele>24.1</ele>
      </trkpt>
      <trkpt lat="35.12124" lon="-120.61469">
        <ele>24.4</ele>
      </trkpt>
      <trkpt lat="35.12123" lon="-120.61458">
        <ele>24.6</ele>
      </trkpt>
      <trkpt lat="35.12123" lon="-120.61458">
        <ele>24.6</ele>
      </trkpt>
      <trkpt lat="35.12122" lon="-120.61445">
        <ele>24.8</ele>
      </trkpt>
      <trkpt lat="35.12121" lon="-120.61427">
        <ele>24.9</ele>
      </trkpt>
      <trkpt lat="35.12121" lon="-120.61421">
        <ele>24.9</ele>
      </trkpt>
      <trkpt lat="35.12121" lon="-120.61416">
        <ele>24.8</ele>
      </trkpt>
      <trkpt lat="35.12121" lon="-120.61408">
        <ele>24.8</ele>
      </trkpt>
      <trkpt lat="35.12118" lon="-120.61358">
        <ele>25.7</ele>
      </trkpt>
      <trkpt lat="35.12117" lon="-120.61335">
        <ele>26.4</ele>
      </trkpt>
      <trkpt lat="35.12117" lon="-120.61331">
        <ele>26.5</ele>
      </trkpt>
      <trkpt lat="35.12115" lon="-120.61289">
        <ele>26.8</ele>
      </trkpt>
      <trkpt lat="35.12113" lon="-120.61252">
        <ele>26.8</ele>
      </trkpt>
      <trkpt lat="35.12112" lon="-120.61227">
        <ele>27.5</ele>
      </trkpt>
      <trkpt lat="35.12111" lon="-120.6121">
        <ele>27.7</ele>
      </trkpt>
      <trkpt lat="35.12109" lon="-120.61162">
        <ele>27.6</ele>
      </trkpt>
      <trkpt lat="35.12107" lon="-120.61127">
        <ele>28.2</ele>
      </trkpt>
      <trkpt lat="35.12106" lon="-120.61094">
        <ele>28.6</ele>
      </trkpt>
      <trkpt lat="35.12104" lon="-120.61067">
        <ele>28.6</ele>
      </trkpt>
      <trkpt lat="35.12102" lon="-120.61031">
        <ele>28.4</ele>
      </trkpt>
      <trkpt lat="35.12101" lon="-120.61007">
        <ele>28.3</ele>
      </trkpt>
      <trkpt lat="35.121" lon="-120.60978">
        <ele>28.6</ele>
      </trkpt>
      <trkpt lat="35.12097" lon="-120.60916">
        <ele>29.5</ele>
      </trkpt>
      <trkpt lat="35.12092" lon="-120.60848">
        <ele>29.3</ele>
      </trkpt>
      <trkpt lat="35.12089" lon="-120.60834">
        <ele>29.2</ele>
      </trkpt>
      <trkpt lat="35.12088" lon="-120.60826">
        <ele>29.1</ele>
      </trkpt>
      <trkpt lat="35.12088" lon="-120.60825">
        <ele>29.1</ele>
      </trkpt>
      <trkpt lat="35.12086" lon="-120.60814">
        <ele>29.1</ele>
      </trkpt>
      <trkpt lat="35.12082" lon="-120.60725">
        <ele>29.0</ele>
      </trkpt>
      <trkpt lat="35.12081" lon="-120.60706">
        <ele>29.0</ele>
      </trkpt>
      <trkpt lat="35.1208" lon="-120.6067">
        <ele>29.0</ele>
      </trkpt>
      <trkpt lat="35.12076" lon="-120.60595">
        <ele>28.9</ele>
      </trkpt>
      <trkpt lat="35.12074" lon="-120.60545">
        <ele>28.8</ele>
      </trkpt>
      <trkpt lat="35.12073" lon="-120.60516">
        <ele>29.3</ele>
      </trkpt>
      <trkpt lat="35.12071" lon="-120.60475">
        <ele>29.8</ele>
      </trkpt>
      <trkpt lat="35.12071" lon="-120.60463">
        <ele>29.8</ele>
      </trkpt>
      <trkpt lat="35.12074" lon="-120.60446">
        <ele>29.9</ele>
      </trkpt>
      <trkpt lat="35.12073" lon="-120.60427">
        <ele>29.9</ele>
      </trkpt>
      <trkpt lat="35.12071" lon="-120.6041">
        <ele>29.9</ele>
      </trkpt>
      <trkpt lat="35.12069" lon="-120.60364">
        <ele>30.0</ele>
      </trkpt>
      <trkpt lat="35.12069" lon="-120.60357">
        <ele>30.1</ele>
      </trkpt>
      <trkpt lat="35.12068" lon="-120.60335">
        <ele>30.6</ele>
      </trkpt>
      <trkpt lat="35.12067" lon="-120.60314">
        <ele>30.9</ele>
      </trkpt>
      <trkpt lat="35.12066" lon="-120.60304">
        <ele>30.9</ele>
      </trkpt>
      <trkpt lat="35.12064" lon="-120.60263">
        <ele>30.8</ele>
      </trkpt>
      <trkpt lat="35.12064" lon="-120.60253">
        <ele>30.8</ele>
      </trkpt>
      <trkpt lat="35.12061" lon="-120.60203">
        <ele>32.4</ele>
      </trkpt>
      <trkpt lat="35.1206" lon="-120.60172">
        <ele>32.7</ele>
      </trkpt>
      <trkpt lat="35.12059" lon="-120.60157">
        <ele>32.9</ele>
      </trkpt>
      <trkpt lat="35.12054" lon="-120.60149">
        <ele>33.0</ele>
      </trkpt>
      <trkpt lat="35.12053" lon="-120.6013">
        <ele>33.3</ele>
      </trkpt>
      <trkpt lat="35.12051" lon="-120.60092">
        <ele>33.4</ele>
      </trkpt>
      <trkpt lat="35.12051" lon="-120.60086">
        <ele>33.5</ele>
      </trkpt>
      <trkpt lat="35.12049" lon="-120.60046">
        <ele>34.1</ele>
      </trkpt>
      <trkpt lat="35.12049" lon="-120.60046">
        <ele>34.1</ele>
      </trkpt>
      <trkpt lat="35.11999" lon="-120.60047">
        <ele>32.1</ele>
      </trkpt>
      <trkpt lat="35.11985" lon="-120.60047">
        <ele>31.7</ele>
      </trkpt>
      <trkpt lat="35.11959" lon="-120.60046">
        <ele>30.9</ele>
      </trkpt>
      <trkpt lat="35.11956" lon="-120.60046">
        <ele>30.9</ele>
      </trkpt>
      <trkpt lat="35.11898" lon="-120.60045">
        <ele>29.8</ele>
      </trkpt>
      <trkpt lat="35.11878" lon="-120.60045">
        <ele>29.9</ele>
      </trkpt>
      <trkpt lat="35.11865" lon="-120.60045">
        <ele>29.9</ele>
      </trkpt>
      <trkpt lat="35.11865" lon="-120.60045">
        <ele>29.9</ele>
      </trkpt>
      <trkpt lat="35.11847" lon="-120.60045">
        <ele>29.8</ele>
      </trkpt>
      <trkpt lat="35.11833" lon="-120.60045">
        <ele>29.3</ele>
      </trkpt>
      <trkpt lat="35.11819" lon="-120.60045">
        <ele>28.9</ele>
      </trkpt>
      <trkpt lat="35.11771" lon="-120.60045">
        <ele>28.9</ele>
      </trkpt>
      <trkpt lat="35.11723" lon="-120.60044">
        <ele>28.9</ele>
      </trkpt>
      <trkpt lat="35.11701" lon="-120.60044">
        <ele>28.5</ele>
      </trkpt>
      <trkpt lat="35.11672" lon="-120.60045">
        <ele>27.9</ele>
      </trkpt>
      <trkpt lat="35.11636" lon="-120.60047">
        <ele>27.9</ele>
      </trkpt>
      <trkpt lat="35.11611" lon="-120.60048">
        <ele>27.9</ele>
      </trkpt>
      <trkpt lat="35.11607" lon="-120.60048">
        <ele>27.9</ele>
      </trkpt>
      <trkpt lat="35.11601" lon="-120.60048">
        <ele>27.9</ele>
      </trkpt>
      <trkpt lat="35.11584" lon="-120.60049">
        <ele>27.9</ele>
      </trkpt>
      <trkpt lat="35.11558" lon="-120.6005">
        <ele>27.8</ele>
      </trkpt>
      <trkpt lat="35.11471" lon="-120.60055">
        <ele>26.9</ele>
      </trkpt>
      <trkpt lat="35.11456" lon="-120.60057">
        <ele>26.9</ele>
      </trkpt>
      <trkpt lat="35.1144" lon="-120.60056">
        <ele>26.9</ele>
      </trkpt>
      <trkpt lat="35.11438" lon="-120.60056">
        <ele>26.9</ele>
      </trkpt>
      <trkpt lat="35.11417" lon="-120.60057">
        <ele>26.9</ele>
      </trkpt>
      <trkpt lat="35.11407" lon="-120.60057">
        <ele>26.9</ele>
      </trkpt>
      <trkpt lat="35.11343" lon="-120.60056">
        <ele>26.8</ele>
      </trkpt>
      <trkpt lat="35.11321" lon="-120.60055">
        <ele>26.9</ele>
      </trkpt>
      <trkpt lat="35.11313" lon="-120.60055">
        <ele>26.8</ele>
      </trkpt>
      <trkpt lat="35.11274" lon="-120.60054">
        <ele>26.0</ele>
      </trkpt>
      <trkpt lat="35.11274" lon="-120.60054">
        <ele>26.0</ele>
      </trkpt>
      <trkpt lat="35.11274" lon="-120.6002">
        <ele>26.7</ele>
      </trkpt>
      <trkpt lat="35.11274" lon="-120.59992">
        <ele>26.9</ele>
      </trkpt>
      <trkpt lat="35.11274" lon="-120.59987">
        <ele>26.9</ele>
      </trkpt>
      <trkpt lat="35.11274" lon="-120.59987">
        <ele>26.9</ele>
      </trkpt>
      <trkpt lat="35.11274" lon="-120.5998">
        <ele>26.9</ele>
      </trkpt>
      <trkpt lat="35.11274" lon="-120.59973">
        <ele>26.9</ele>
      </trkpt>
      <trkpt lat="35.11274" lon="-120.59906">
        <ele>26.9</ele>
      </trkpt>
      <trkpt lat="35.11274" lon="-120.59884">
        <ele>26.8</ele>
      </trkpt>
      <trkpt lat="35.11274" lon="-120.59866">
        <ele>26.9</ele>
      </trkpt>
      <trkpt lat="35.11274" lon="-120.59836">
        <ele>27.6</ele>
      </trkpt>
      <trkpt lat="35.11274" lon="-120.59821">
        <ele>27.9</ele>
      </trkpt>
      <trkpt lat="35.11273" lon="-120.59717">
        <ele>27.9</ele>
      </trkpt>
      <trkpt lat="35.11273" lon="-120.59604">
        <ele>28.9</ele>
      </trkpt>
      <trkpt lat="35.11273" lon="-120.59578">
        <ele>28.9</ele>
      </trkpt>
      <trkpt lat="35.11273" lon="-120.59487">
        <ele>29.4</ele>
      </trkpt>
      <trkpt lat="35.11274" lon="-120.59449">
        <ele>29.9</ele>
      </trkpt>
      <trkpt lat="35.11274" lon="-120.59445">
        <ele>29.9</ele>
      </trkpt>
      <trkpt lat="35.11274" lon="-120.59421">
        <ele>29.9</ele>
      </trkpt>
      <trkpt lat="35.11274" lon="-120.59375">
        <ele>29.9</ele>
      </trkpt>
      <trkpt lat="35.11274" lon="-120.59346">
        <ele>30.5</ele>
      </trkpt>
      <trkpt lat="35.11273" lon="-120.59305">
        <ele>30.9</ele>
      </trkpt>
      <trkpt lat="35.11273" lon="-120.59233">
        <ele>31.8</ele>
      </trkpt>
      <trkpt lat="35.11273" lon="-120.59215">
        <ele>31.9</ele>
      </trkpt>
      <trkpt lat="35.11271" lon="-120.59157">
        <ele>31.9</ele>
      </trkpt>
      <trkpt lat="35.11271" lon="-120.59135">
        <ele>31.9</ele>
      </trkpt>
      <trkpt lat="35.11271" lon="-120.59113">
        <ele>31.8</ele>
      </trkpt>
      <trkpt lat="35.11271" lon="-120.59109">
        <ele>31.8</ele>
      </trkpt>
      <trkpt lat="35.11271" lon="-120.59067">
        <ele>31.1</ele>
      </trkpt>
      <trkpt lat="35.11271" lon="-120.5903">
        <ele>31.2</ele>
      </trkpt>
      <trkpt lat="35.11271" lon="-120.58995">
        <ele>31.3</ele>
      </trkpt>
      <trkpt lat="35.1127" lon="-120.58953">
        <ele>30.9</ele>
      </trkpt>
      <trkpt lat="35.1127" lon="-120.58936">
        <ele>30.6</ele>
      </trkpt>
      <trkpt lat="35.11271" lon="-120.58828">
        <ele>25.2</ele>
      </trkpt>
      <trkpt lat="35.11272" lon="-120.58789">
        <ele>22.2</ele>
      </trkpt>
      <trkpt lat="35.11272" lon="-120.5874">
        <ele>19.0</ele>
      </trkpt>
      <trkpt lat="35.11272" lon="-120.58725">
        <ele>20.1</ele>
      </trkpt>
      <trkpt lat="35.11272" lon="-120.58704">
        <ele>22.0</ele>
      </trkpt>
      <trkpt lat="35.11273" lon="-120.58638">
        <ele>24.7</ele>
      </trkpt>
      <trkpt lat="35.11273" lon="-120.58636">
        <ele>24.7</ele>
      </trkpt>
      <trkpt lat="35.11273" lon="-120.58633">
        <ele>24.8</ele>
      </trkpt>
      <trkpt lat="35.11273" lon="-120.58609">
        <ele>24.9</ele>
      </trkpt>
      <trkpt lat="35.11273" lon="-120.58593">
        <ele>24.9</ele>
      </trkpt>
      <trkpt lat="35.11274" lon="-120.58579">
        <ele>24.8</ele>
      </trkpt>
      <trkpt lat="35.11275" lon="-120.58566">
        <ele>24.8</ele>
      </trkpt>
      <trkpt lat="35.11277" lon="-120.58553">
        <ele>24.9</ele>
      </trkpt>
      <trkpt lat="35.1128" lon="-120.58541">
        <ele>25.1</ele>
      </trkpt>
      <trkpt lat="35.11284" lon="-120.58528">
        <ele>25.5</ele>
      </trkpt>
      <trkpt lat="35.11287" lon="-120.58517">
        <ele>25.8</ele>
      </trkpt>
      <trkpt lat="35.1129" lon="-120.58509">
        <ele>25.9</ele>
      </trkpt>
      <trkpt lat="35.11295" lon="-120.58498">
        <ele>25.9</ele>
      </trkpt>
      <trkpt lat="35.11298" lon="-120.58491">
        <ele>25.9</ele>
      </trkpt>
      <trkpt lat="35.11301" lon="-120.58486">
        <ele>25.9</ele>
      </trkpt>
      <trkpt lat="35.11302" lon="-120.58484">
        <ele>25.9</ele>
      </trkpt>
      <trkpt lat="35.11307" lon="-120.58476">
        <ele>25.9</ele>
      </trkpt>
      <trkpt lat="35.11312" lon="-120.58467">
        <ele>25.9</ele>
      </trkpt>
      <trkpt lat="35.11321" lon="-120.58455">
        <ele>25.9</ele>
      </trkpt>
      <trkpt lat="35.1133" lon="-120.58446">
        <ele>25.9</ele>
      </trkpt>
      <trkpt lat="35.11333" lon="-120.58442">
        <ele>25.9</ele>
      </trkpt>
      <trkpt lat="35.11334" lon="-120.58441">
        <ele>25.9</ele>
      </trkpt>
      <trkpt lat="35.11335" lon="-120.5844">
        <ele>25.9</ele>
      </trkpt>
      <trkpt lat="35.11343" lon="-120.58433">
        <ele>25.9</ele>
      </trkpt>
      <trkpt lat="35.11352" lon="-120.58426">
        <ele>25.9</ele>
      </trkpt>
      <trkpt lat="35.11359" lon="-120.5842">
        <ele>26.0</ele>
      </trkpt>
      <trkpt lat="35.11366" lon="-120.58416">
        <ele>26.2</ele>
      </trkpt>
      <trkpt lat="35.11371" lon="-120.58413">
        <ele>26.5</ele>
      </trkpt>
      <trkpt lat="35.11381" lon="-120.58408">
        <ele>26.8</ele>
      </trkpt>
      <trkpt lat="35.11388" lon="-120.58405">
        <ele>26.9</ele>
      </trkpt>
      <trkpt lat="35.11389" lon="-120.58405">
        <ele>26.9</ele>
      </trkpt>
      <trkpt lat="35.11397" lon="-120.58403">
        <ele>26.9</ele>
      </trkpt>
      <trkpt lat="35.1141" lon="-120.584">
        <ele>26.9</ele>
      </trkpt>
      <trkpt lat="35.11457" lon="-120.58389">
        <ele>26.9</ele>
      </trkpt>
      <trkpt lat="35.11473" lon="-120.58386">
        <ele>26.9</ele>
      </trkpt>
      <trkpt lat="35.11479" lon="-120.58384">
        <ele>26.9</ele>
      </trkpt>
      <trkpt lat="35.1149" lon="-120.58382">
        <ele>26.9</ele>
      </trkpt>
      <trkpt lat="35.11496" lon="-120.5838">
        <ele>26.9</ele>
      </trkpt>
      <trkpt lat="35.115" lon="-120.58379">
        <ele>26.9</ele>
      </trkpt>
      <trkpt lat="35.1151" lon="-120.58376">
        <ele>26.9</ele>
      </trkpt>
      <trkpt lat="35.11522" lon="-120.58373">
        <ele>26.9</ele>
      </trkpt>
      <trkpt lat="35.11522" lon="-120.58372">
        <ele>26.9</ele>
      </trkpt>
      <trkpt lat="35.1153" lon="-120.58369">
        <ele>26.9</ele>
      </trkpt>
      <trkpt lat="35.11542" lon="-120.58363">
        <ele>26.9</ele>
      </trkpt>
      <trkpt lat="35.11553" lon="-120.58357">
        <ele>26.9</ele>
      </trkpt>
      <trkpt lat="35.1156" lon="-120.58352">
        <ele>26.9</ele>
      </trkpt>
      <trkpt lat="35.11562" lon="-120.58351">
        <ele>26.9</ele>
      </trkpt>
      <trkpt lat="35.11568" lon="-120.58346">
        <ele>26.8</ele>
      </trkpt>
      <trkpt lat="35.11579" lon="-120.58337">
        <ele>26.8</ele>
      </trkpt>
      <trkpt lat="35.11594" lon="-120.58323">
        <ele>26.9</ele>
      </trkpt>
      <trkpt lat="35.11605" lon="-120.58311">
        <ele>26.8</ele>
      </trkpt>
      <trkpt lat="35.11614" lon="-120.583">
        <ele>26.8</ele>
      </trkpt>
      <trkpt lat="35.11615" lon="-120.583">
        <ele>26.8</ele>
      </trkpt>
      <trkpt lat="35.11621" lon="-120.5829">
        <ele>26.9</ele>
      </trkpt>
      <trkpt lat="35.11635" lon="-120.58269">
        <ele>26.8</ele>
      </trkpt>
      <trkpt lat="35.11635" lon="-120.58269">
        <ele>26.8</ele>
      </trkpt>
      <trkpt lat="35.11591" lon="-120.58235">
        <ele>27.8</ele>
      </trkpt>
      <trkpt lat="35.11559" lon="-120.5821">
        <ele>27.9</ele>
      </trkpt>
      <trkpt lat="35.11557" lon="-120.58209">
        <ele>27.9</ele>
      </trkpt>
      <trkpt lat="35.11544" lon="-120.58198">
        <ele>27.9</ele>
      </trkpt>
      <trkpt lat="35.11505" lon="-120.58168">
        <ele>27.8</ele>
      </trkpt>
      <trkpt lat="35.11492" lon="-120.58158">
        <ele>27.8</ele>
      </trkpt>
      <trkpt lat="35.11413" lon="-120.58093">
        <ele>28.5</ele>
      </trkpt>
      <trkpt lat="35.1139" lon="-120.58074">
        <ele>28.8</ele>
      </trkpt>
      <trkpt lat="35.11354" lon="-120.58075">
        <ele>28.8</ele>
      </trkpt>
      <trkpt lat="35.11336" lon="-120.58075">
        <ele>28.8</ele>
      </trkpt>
      <trkpt lat="35.11323" lon="-120.58075">
        <ele>28.8</ele>
      </trkpt>
      <trkpt lat="35.11271" lon="-120.58076">
        <ele>28.2</ele>
      </trkpt>
      <trkpt lat="35.11155" lon="-120.58078">
        <ele>25.8</ele>
      </trkpt>
      <trkpt lat="35.1109" lon="-120.58079">
        <ele>24.9</ele>
      </trkpt>
      <trkpt lat="35.11029" lon="-120.58081">
        <ele>24.9</ele>
      </trkpt>
      <trkpt lat="35.1102" lon="-120.58081">
        <ele>24.8</ele>
      </trkpt>
      <trkpt lat="35.10974" lon="-120.58081">
        <ele>23.9</ele>
      </trkpt>
      <trkpt lat="35.10959" lon="-120.58082">
        <ele>23.9</ele>
      </trkpt>
      <trkpt lat="35.10949" lon="-120.58083">
        <ele>23.9</ele>
      </trkpt>
      <trkpt lat="35.10945" lon="-120.58083">
        <ele>23.9</ele>
      </trkpt>
      <trkpt lat="35.10943" lon="-120.58084">
        <ele>23.9</ele>
      </trkpt>
      <trkpt lat="35.1094" lon="-120.58085">
        <ele>23.9</ele>
      </trkpt>
      <trkpt lat="35.10937" lon="-120.58086">
        <ele>23.9</ele>
      </trkpt>
      <trkpt lat="35.10933" lon="-120.58088">
        <ele>23.9</ele>
      </trkpt>
      <trkpt lat="35.1093" lon="-120.5809">
        <ele>23.9</ele>
      </trkpt>
      <trkpt lat="35.10926" lon="-120.58093">
        <ele>23.9</ele>
      </trkpt>
      <trkpt lat="35.10921" lon="-120.58097">
        <ele>23.9</ele>
      </trkpt>
      <trkpt lat="35.10917" lon="-120.58102">
        <ele>23.9</ele>
      </trkpt>
      <trkpt lat="35.10914" lon="-120.58107">
        <ele>23.9</ele>
      </trkpt>
      <trkpt lat="35.10911" lon="-120.58113">
        <ele>23.9</ele>
      </trkpt>
      <trkpt lat="35.10908" lon="-120.58119">
        <ele>23.9</ele>
      </trkpt>
      <trkpt lat="35.10904" lon="-120.58127">
        <ele>23.9</ele>
      </trkpt>
      <trkpt lat="35.10901" lon="-120.58133">
        <ele>23.9</ele>
      </trkpt>
      <trkpt lat="35.10898" lon="-120.58137">
        <ele>23.9</ele>
      </trkpt>
      <trkpt lat="35.10895" lon="-120.5814">
        <ele>23.8</ele>
      </trkpt>
      <trkpt lat="35.10892" lon="-120.58142">
        <ele>23.8</ele>
      </trkpt>
      <trkpt lat="35.10892" lon="-120.58143">
        <ele>23.8</ele>
      </trkpt>
      <trkpt lat="35.10889" lon="-120.58144">
        <ele>23.8</ele>
      </trkpt>
      <trkpt lat="35.10888" lon="-120.58145">
        <ele>23.8</ele>
      </trkpt>
      <trkpt lat="35.10885" lon="-120.58146">
        <ele>23.8</ele>
      </trkpt>
      <trkpt lat="35.10882" lon="-120.58147">
        <ele>23.7</ele>
      </trkpt>
      <trkpt lat="35.10879" lon="-120.58148">
        <ele>23.6</ele>
      </trkpt>
      <trkpt lat="35.10874" lon="-120.5815">
        <ele>23.5</ele>
      </trkpt>
      <trkpt lat="35.10867" lon="-120.5815">
        <ele>23.3</ele>
      </trkpt>
      <trkpt lat="35.1086" lon="-120.58151">
        <ele>23.2</ele>
      </trkpt>
      <trkpt lat="35.10854" lon="-120.58151">
        <ele>23.1</ele>
      </trkpt>
      <trkpt lat="35.10829" lon="-120.58151">
        <ele>22.9</ele>
      </trkpt>
      <trkpt lat="35.10808" lon="-120.58151">
        <ele>22.9</ele>
      </trkpt>
      <trkpt lat="35.10784" lon="-120.58151">
        <ele>22.9</ele>
      </trkpt>
      <trkpt lat="35.10765" lon="-120.58151">
        <ele>22.9</ele>
      </trkpt>
      <trkpt lat="35.10723" lon="-120.58151">
        <ele>22.9</ele>
      </trkpt>
      <trkpt lat="35.10719" lon="-120.58151">
        <ele>22.9</ele>
      </trkpt>
      <trkpt lat="35.10714" lon="-120.58151">
        <ele>22.9</ele>
      </trkpt>
      <trkpt lat="35.10707" lon="-120.58151">
        <ele>22.9</ele>
      </trkpt>
      <trkpt lat="35.10702" lon="-120.58151">
        <ele>22.8</ele>
      </trkpt>
      <trkpt lat="35.10669" lon="-120.5815">
        <ele>21.9</ele>
      </trkpt>
      <trkpt lat="35.10593" lon="-120.5815">
        <ele>21.5</ele>
      </trkpt>
      <trkpt lat="35.1057" lon="-120.58151">
        <ele>20.9</ele>
      </trkpt>
      <trkpt lat="35.1053" lon="-120.58151">
        <ele>20.9</ele>
      </trkpt>
      <trkpt lat="35.10514" lon="-120.58151">
        <ele>20.8</ele>
      </trkpt>
      <trkpt lat="35.10452" lon="-120.58152">
        <ele>19.8</ele>
      </trkpt>
      <trkpt lat="35.10395" lon="-120.58153">
        <ele>19.5</ele>
      </trkpt>
      <trkpt lat="35.10389" lon="-120.58153">
        <ele>19.5</ele>
      </trkpt>
      <trkpt lat="35.1038" lon="-120.58153">
        <ele>19.5</ele>
      </trkpt>
      <trkpt lat="35.10374" lon="-120.58153">
        <ele>19.6</ele>
      </trkpt>
      <trkpt lat="35.10358" lon="-120.58153">
        <ele>19.7</ele>
      </trkpt>
      <trkpt lat="35.10339" lon="-120.58153">
        <ele>19.8</ele>
      </trkpt>
      <trkpt lat="35.10323" lon="-120.58153">
        <ele>19.9</ele>
      </trkpt>
      <trkpt lat="35.10323" lon="-120.58153">
        <ele>19.9</ele>
      </trkpt>
      <trkpt lat="35.10334" lon="-120.58119">
        <ele>19.4</ele>
      </trkpt>
      <trkpt lat="35.10338" lon="-120.58105">
        <ele>19.2</ele>
      </trkpt>
      <trkpt lat="35.1034" lon="-120.58097">
        <ele>19.1</ele>
      </trkpt>
      <trkpt lat="35.10341" lon="-120.58093">
        <ele>19.1</ele>
      </trkpt>
      <trkpt lat="35.10341" lon="-120.58088">
        <ele>19.1</ele>
      </trkpt>
      <trkpt lat="35.10341" lon="-120.58081">
        <ele>19.1</ele>
      </trkpt>
      <trkpt lat="35.10342" lon="-120.58073">
        <ele>19.1</ele>
      </trkpt>
      <trkpt lat="35.10342" lon="-120.58057">
        <ele>19.0</ele>
      </trkpt>
      <trkpt lat="35.10341" lon="-120.5804">
        <ele>19.0</ele>
      </trkpt>
      <trkpt lat="35.1034" lon="-120.58029">
        <ele>19.0</ele>
      </trkpt>
      <trkpt lat="35.10339" lon="-120.58015">
        <ele>19.1</ele>
      </trkpt>
      <trkpt lat="35.10337" lon="-120.58003">
        <ele>19.1</ele>
      </trkpt>
      <trkpt lat="35.10335" lon="-120.57997">
        <ele>19.2</ele>
      </trkpt>
      <trkpt lat="35.10334" lon="-120.57992">
        <ele>19.2</ele>
      </trkpt>
      <trkpt lat="35.1033" lon="-120.57981">
        <ele>19.2</ele>
      </trkpt>
      <trkpt lat="35.10328" lon="-120.57974">
        <ele>19.2</ele>
      </trkpt>
      <trkpt lat="35.10326" lon="-120.57968">
        <ele>19.1</ele>
      </trkpt>
      <trkpt lat="35.10324" lon="-120.57963">
        <ele>19.1</ele>
      </trkpt>
      <trkpt lat="35.10322" lon="-120.57959">
        <ele>19.1</ele>
      </trkpt>
      <trkpt lat="35.10318" lon="-120.57953">
        <ele>19.1</ele>
      </trkpt>
      <trkpt lat="35.10313" lon="-120.57945">
        <ele>19.2</ele>
      </trkpt>
      <trkpt lat="35.10308" lon="-120.57937">
        <ele>19.4</ele>
      </trkpt>
      <trkpt lat="35.10301" lon="-120.57927">
        <ele>19.9</ele>
      </trkpt>
      <trkpt lat="35.10301" lon="-120.57927">
        <ele>19.9</ele>
      </trkpt>
      <trkpt lat="35.10287" lon="-120.57908">
        <ele>21.1</ele>
      </trkpt>
      <trkpt lat="35.10278" lon="-120.57895">
        <ele>21.8</ele>
      </trkpt>
      <trkpt lat="35.10272" lon="-120.57889">
        <ele>22.3</ele>
      </trkpt>
      <trkpt lat="35.10266" lon="-120.57884">
        <ele>22.8</ele>
      </trkpt>
      <trkpt lat="35.10258" lon="-120.57877">
        <ele>23.2</ele>
      </trkpt>
      <trkpt lat="35.10252" lon="-120.57872">
        <ele>23.2</ele>
      </trkpt>
      <trkpt lat="35.10245" lon="-120.57867">
        <ele>23.1</ele>
      </trkpt>
      <trkpt lat="35.10232" lon="-120.5786">
        <ele>23.0</ele>
      </trkpt>
      <trkpt lat="35.10225" lon="-120.57854">
        <ele>22.6</ele>
      </trkpt>
      <trkpt lat="35.10213" lon="-120.57845">
        <ele>22.2</ele>
      </trkpt>
      <trkpt lat="35.1021" lon="-120.57842">
        <ele>22.3</ele>
      </trkpt>
      <trkpt lat="35.10207" lon="-120.5784">
        <ele>22.5</ele>
      </trkpt>
      <trkpt lat="35.10202" lon="-120.57836">
        <ele>22.6</ele>
      </trkpt>
      <trkpt lat="35.10198" lon="-120.5783">
        <ele>22.6</ele>
      </trkpt>
      <trkpt lat="35.10193" lon="-120.57824">
        <ele>22.7</ele>
      </trkpt>
      <trkpt lat="35.10185" lon="-120.57813">
        <ele>22.9</ele>
      </trkpt>
      <trkpt lat="35.1018" lon="-120.57803">
        <ele>23.3</ele>
      </trkpt>
      <trkpt lat="35.10178" lon="-120.57797">
        <ele>23.3</ele>
      </trkpt>
      <trkpt lat="35.10175" lon="-120.57789">
        <ele>23.2</ele>
      </trkpt>
      <trkpt lat="35.10171" lon="-120.57779">
        <ele>22.8</ele>
      </trkpt>
      <trkpt lat="35.10169" lon="-120.57769">
        <ele>22.5</ele>
      </trkpt>
      <trkpt lat="35.10168" lon="-120.57764">
        <ele>22.4</ele>
      </trkpt>
      <trkpt lat="35.10167" lon="-120.57756">
        <ele>22.3</ele>
      </trkpt>
      <trkpt lat="35.10166" lon="-120.57747">
        <ele>22.4</ele>
      </trkpt>
      <trkpt lat="35.10166" lon="-120.5774">
        <ele>22.5</ele>
      </trkpt>
      <trkpt lat="35.10167" lon="-120.57729">
        <ele>22.6</ele>
      </trkpt>
      <trkpt lat="35.10168" lon="-120.5772">
        <ele>22.6</ele>
      </trkpt>
      <trkpt lat="35.10168" lon="-120.57719">
        <ele>22.6</ele>
      </trkpt>
      <trkpt lat="35.10168" lon="-120.57711">
        <ele>22.7</ele>
      </trkpt>
      <trkpt lat="35.10169" lon="-120.57706">
        <ele>22.6</ele>
      </trkpt>
      <trkpt lat="35.1017" lon="-120.57699">
        <ele>22.7</ele>
      </trkpt>
      <trkpt lat="35.1017" lon="-120.57695">
        <ele>22.7</ele>
      </trkpt>
      <trkpt lat="35.10171" lon="-120.57688">
        <ele>22.8</ele>
      </trkpt>
      <trkpt lat="35.10172" lon="-120.57674">
        <ele>23.2</ele>
      </trkpt>
      <trkpt lat="35.10172" lon="-120.57665">
        <ele>23.5</ele>
      </trkpt>
      <trkpt lat="35.10173" lon="-120.57641">
        <ele>23.6</ele>
      </trkpt>
      <trkpt lat="35.10173" lon="-120.57631">
        <ele>23.5</ele>
      </trkpt>
      <trkpt lat="35.10172" lon="-120.57614">
        <ele>23.4</ele>
      </trkpt>
      <trkpt lat="35.10171" lon="-120.57611">
        <ele>23.5</ele>
      </trkpt>
      <trkpt lat="35.1017" lon="-120.576">
        <ele>23.6</ele>
      </trkpt>
      <trkpt lat="35.10168" lon="-120.57577">
        <ele>23.6</ele>
      </trkpt>
      <trkpt lat="35.10167" lon="-120.57564">
        <ele>23.4</ele>
      </trkpt>
      <trkpt lat="35.10167" lon="-120.57553">
        <ele>23.3</ele>
      </trkpt>
      <trkpt lat="35.10167" lon="-120.57547">
        <ele>23.3</ele>
      </trkpt>
      <trkpt lat="35.10168" lon="-120.57535">
        <ele>23.4</ele>
      </trkpt>
      <trkpt lat="35.10169" lon="-120.57522">
        <ele>23.8</ele>
      </trkpt>
      <trkpt lat="35.10172" lon="-120.57505">
        <ele>24.6</ele>
      </trkpt>
      <trkpt lat="35.10173" lon="-120.57496">
        <ele>25.0</ele>
      </trkpt>
      <trkpt lat="35.10175" lon="-120.57482">
        <ele>25.3</ele>
      </trkpt>
      <trkpt lat="35.10176" lon="-120.5748">
        <ele>25.1</ele>
      </trkpt>
      <trkpt lat="35.10176" lon="-120.57473">
        <ele>25.3</ele>
      </trkpt>
      <trkpt lat="35.10176" lon="-120.57461">
        <ele>25.5</ele>
      </trkpt>
      <trkpt lat="35.10175" lon="-120.57452">
        <ele>25.8</ele>
      </trkpt>
      <trkpt lat="35.10175" lon="-120.57445">
        <ele>25.8</ele>
      </trkpt>
      <trkpt lat="35.10174" lon="-120.5744">
        <ele>25.9</ele>
      </trkpt>
      <trkpt lat="35.10172" lon="-120.57428">
        <ele>26.1</ele>
      </trkpt>
      <trkpt lat="35.1017" lon="-120.57422">
        <ele>26.4</ele>
      </trkpt>
      <trkpt lat="35.10168" lon="-120.57417">
        <ele>26.6</ele>
      </trkpt>
      <trkpt lat="35.10166" lon="-120.57403">
        <ele>26.4</ele>
      </trkpt>
      <trkpt lat="35.10166" lon="-120.57401">
        <ele>26.4</ele>
      </trkpt>
      <trkpt lat="35.10166" lon="-120.57394">
        <ele>26.2</ele>
      </trkpt>
      <trkpt lat="35.10165" lon="-120.57386">
        <ele>26.1</ele>
      </trkpt>
      <trkpt lat="35.10164" lon="-120.57372">
        <ele>26.1</ele>
      </trkpt>
      <trkpt lat="35.10164" lon="-120.57368">
        <ele>26.1</ele>
      </trkpt>
      <trkpt lat="35.10167" lon="-120.57323">
        <ele>25.5</ele>
      </trkpt>
      <trkpt lat="35.10168" lon="-120.57306">
        <ele>25.4</ele>
      </trkpt>
      <trkpt lat="35.10168" lon="-120.57302">
        <ele>25.4</ele>
      </trkpt>
      <trkpt lat="35.10168" lon="-120.57292">
        <ele>25.4</ele>
      </trkpt>
      <trkpt lat="35.10166" lon="-120.57281">
        <ele>25.6</ele>
      </trkpt>
      <trkpt lat="35.10163" lon="-120.57269">
        <ele>26.0</ele>
      </trkpt>
      <trkpt lat="35.10161" lon="-120.57262">
        <ele>26.1</ele>
      </trkpt>
      <trkpt lat="35.10158" lon="-120.57248">
        <ele>25.9</ele>
      </trkpt>
      <trkpt lat="35.10152" lon="-120.57237">
        <ele>26.0</ele>
      </trkpt>
      <trkpt lat="35.10142" lon="-120.5722">
        <ele>26.2</ele>
      </trkpt>
      <trkpt lat="35.10123" lon="-120.57198">
        <ele>26.8</ele>
      </trkpt>
      <trkpt lat="35.10106" lon="-120.57179">
        <ele>26.8</ele>
      </trkpt>
      <trkpt lat="35.10093" lon="-120.57164">
        <ele>26.8</ele>
      </trkpt>
      <trkpt lat="35.10036" lon="-120.57105">
        <ele>27.4</ele>
      </trkpt>
      <trkpt lat="35.10033" lon="-120.57101">
        <ele>27.4</ele>
      </trkpt>
      <trkpt lat="35.09997" lon="-120.57064">
        <ele>30.8</ele>
      </trkpt>
      <trkpt lat="35.09989" lon="-120.57054">
        <ele>30.9</ele>
      </trkpt>
      <trkpt lat="35.09985" lon="-120.57051">
        <ele>31.4</ele>
      </trkpt>
      <trkpt lat="35.09981" lon="-120.57046">
        <ele>31.5</ele>
      </trkpt>
      <trkpt lat="35.09979" lon="-120.57043">
        <ele>31.5</ele>
      </trkpt>
      <trkpt lat="35.0997" lon="-120.5703">
        <ele>30.8</ele>
      </trkpt>
      <trkpt lat="35.09969" lon="-120.57029">
        <ele>30.8</ele>
      </trkpt>
      <trkpt lat="35.09957" lon="-120.5701">
        <ele>30.7</ele>
      </trkpt>
      <trkpt lat="35.09942" lon="-120.5698">
        <ele>32.4</ele>
      </trkpt>
      <trkpt lat="35.09937" lon="-120.56966">
        <ele>32.7</ele>
      </trkpt>
      <trkpt lat="35.09935" lon="-120.56961">
        <ele>32.8</ele>
      </trkpt>
      <trkpt lat="35.09931" lon="-120.5695">
        <ele>32.8</ele>
      </trkpt>
      <trkpt lat="35.09912" lon="-120.56891">
        <ele>32.3</ele>
      </trkpt>
      <trkpt lat="35.09903" lon="-120.56871">
        <ele>32.1</ele>
      </trkpt>
      <trkpt lat="35.09892" lon="-120.5685">
        <ele>32.1</ele>
      </trkpt>
      <trkpt lat="35.09877" lon="-120.56831">
        <ele>32.5</ele>
      </trkpt>
      <trkpt lat="35.09866" lon="-120.56821">
        <ele>32.5</ele>
      </trkpt>
      <trkpt lat="35.09843" lon="-120.56806">
        <ele>32.6</ele>
      </trkpt>
      <trkpt lat="35.09838" lon="-120.56803">
        <ele>32.8</ele>
      </trkpt>
      <trkpt lat="35.09827" lon="-120.56796">
        <ele>33.2</ele>
      </trkpt>
      <trkpt lat="35.09766" lon="-120.56756">
        <ele>32.7</ele>
      </trkpt>
      <trkpt lat="35.09712" lon="-120.56718">
        <ele>33.0</ele>
      </trkpt>
      <trkpt lat="35.09681" lon="-120.56691">
        <ele>32.5</ele>
      </trkpt>
      <trkpt lat="35.09651" lon="-120.56662">
        <ele>32.0</ele>
      </trkpt>
      <trkpt lat="35.09645" lon="-120.56656">
        <ele>32.1</ele>
      </trkpt>
      <trkpt lat="35.09641" lon="-120.56652">
        <ele>32.4</ele>
      </trkpt>
      <trkpt lat="35.09626" lon="-120.56637">
        <ele>33.4</ele>
      </trkpt>
      <trkpt lat="35.09607" lon="-120.5661">
        <ele>33.4</ele>
      </trkpt>
      <trkpt lat="35.09603" lon="-120.56605">
        <ele>33.5</ele>
      </trkpt>
      <trkpt lat="35.09588" lon="-120.56584">
        <ele>33.4</ele>
      </trkpt>
      <trkpt lat="35.09542" lon="-120.56504">
        <ele>31.8</ele>
      </trkpt>
      <trkpt lat="35.09539" lon="-120.56499">
        <ele>31.7</ele>
      </trkpt>
      <trkpt lat="35.09501" lon="-120.56432">
        <ele>34.8</ele>
      </trkpt>
      <trkpt lat="35.09487" lon="-120.56414">
        <ele>35.4</ele>
      </trkpt>
      <trkpt lat="35.09475" lon="-120.56401">
        <ele>36.0</ele>
      </trkpt>
      <trkpt lat="35.09463" lon="-120.56389">
        <ele>36.0</ele>
      </trkpt>
      <trkpt lat="35.09426" lon="-120.56361">
        <ele>36.7</ele>
      </trkpt>
      <trkpt lat="35.09385" lon="-120.56326">
        <ele>36.1</ele>
      </trkpt>
      <trkpt lat="35.0937" lon="-120.56313">
        <ele>36.1</ele>
      </trkpt>
      <trkpt lat="35.09355" lon="-120.56302">
        <ele>36.4</ele>
      </trkpt>
      <trkpt lat="35.09325" lon="-120.56278">
        <ele>36.2</ele>
      </trkpt>
      <trkpt lat="35.0928" lon="-120.56233">
        <ele>38.0</ele>
      </trkpt>
      <trkpt lat="35.09228" lon="-120.56172">
        <ele>38.1</ele>
      </trkpt>
      <trkpt lat="35.09222" lon="-120.56165">
        <ele>38.1</ele>
      </trkpt>
      <trkpt lat="35.09195" lon="-120.56139">
        <ele>38.3</ele>
      </trkpt>
      <trkpt lat="35.09176" lon="-120.56121">
        <ele>38.3</ele>
      </trkpt>
      <trkpt lat="35.09148" lon="-120.56095">
        <ele>37.8</ele>
      </trkpt>
      <trkpt lat="35.09095" lon="-120.56047">
        <ele>38.6</ele>
      </trkpt>
      <trkpt lat="35.0908" lon="-120.56033">
        <ele>38.6</ele>
      </trkpt>
      <trkpt lat="35.09057" lon="-120.56013">
        <ele>38.4</ele>
      </trkpt>
      <trkpt lat="35.08995" lon="-120.55959">
        <ele>40.4</ele>
      </trkpt>
      <trkpt lat="35.08886" lon="-120.55866">
        <ele>39.5</ele>
      </trkpt>
      <trkpt lat="35.08792" lon="-120.55786">
        <ele>38.7</ele>
      </trkpt>
      <trkpt lat="35.08777" lon="-120.55774">
        <ele>39.9</ele>
      </trkpt>
      <trkpt lat="35.08771" lon="-120.55769">
        <ele>40.8</ele>
      </trkpt>
      <trkpt lat="35.08763" lon="-120.55761">
        <ele>42.0</ele>
      </trkpt>
      <trkpt lat="35.08735" lon="-120.55736">
        <ele>43.8</ele>
      </trkpt>
      <trkpt lat="35.08646" lon="-120.55663">
        <ele>43.8</ele>
      </trkpt>
      <trkpt lat="35.0858" lon="-120.55605">
        <ele>43.9</ele>
      </trkpt>
      <trkpt lat="35.08537" lon="-120.55569">
        <ele>44.1</ele>
      </trkpt>
      <trkpt lat="35.08527" lon="-120.5556">
        <ele>44.4</ele>
      </trkpt>
      <trkpt lat="35.0849" lon="-120.55528">
        <ele>44.9</ele>
      </trkpt>
      <trkpt lat="35.0846" lon="-120.55503">
        <ele>44.9</ele>
      </trkpt>
      <trkpt lat="35.08445" lon="-120.55488">
        <ele>45.9</ele>
      </trkpt>
      <trkpt lat="35.08433" lon="-120.55476">
        <ele>48.1</ele>
      </trkpt>
      <trkpt lat="35.08419" lon="-120.55462">
        <ele>49.9</ele>
      </trkpt>
      <trkpt lat="35.08406" lon="-120.55448">
        <ele>50.0</ele>
      </trkpt>
      <trkpt lat="35.08388" lon="-120.55428">
        <ele>50.1</ele>
      </trkpt>
      <trkpt lat="35.08364" lon="-120.55399">
        <ele>50.8</ele>
      </trkpt>
      <trkpt lat="35.08362" lon="-120.55397">
        <ele>50.8</ele>
      </trkpt>
      <trkpt lat="35.08342" lon="-120.55369">
        <ele>50.9</ele>
      </trkpt>
      <trkpt lat="35.0831" lon="-120.55319">
        <ele>51.2</ele>
      </trkpt>
      <trkpt lat="35.08282" lon="-120.55272">
        <ele>52.6</ele>
      </trkpt>
      <trkpt lat="35.08279" lon="-120.55267">
        <ele>52.8</ele>
      </trkpt>
      <trkpt lat="35.08263" lon="-120.55239">
        <ele>53.9</ele>
      </trkpt>
      <trkpt lat="35.08259" lon="-120.55232">
        <ele>54.1</ele>
      </trkpt>
      <trkpt lat="35.08243" lon="-120.55202">
        <ele>55.6</ele>
      </trkpt>
      <trkpt lat="35.08177" lon="-120.55091">
        <ele>55.8</ele>
      </trkpt>
      <trkpt lat="35.08108" lon="-120.54976">
        <ele>56.3</ele>
      </trkpt>
      <trkpt lat="35.08099" lon="-120.54959">
        <ele>56.7</ele>
      </trkpt>
      <trkpt lat="35.08062" lon="-120.54897">
        <ele>56.8</ele>
      </trkpt>
      <trkpt lat="35.08033" lon="-120.54847">
        <ele>56.6</ele>
      </trkpt>
      <trkpt lat="35.08015" lon="-120.54816">
        <ele>56.8</ele>
      </trkpt>
      <trkpt lat="35.07966" lon="-120.54737">
        <ele>56.1</ele>
      </trkpt>
      <trkpt lat="35.0795" lon="-120.54706">
        <ele>56.0</ele>
      </trkpt>
      <trkpt lat="35.07941" lon="-120.54684">
        <ele>56.1</ele>
      </trkpt>
      <trkpt lat="35.0793" lon="-120.54647">
        <ele>55.8</ele>
      </trkpt>
      <trkpt lat="35.07923" lon="-120.54616">
        <ele>55.9</ele>
      </trkpt>
      <trkpt lat="35.07903" lon="-120.54503">
        <ele>61.5</ele>
      </trkpt>
      <trkpt lat="35.07899" lon="-120.54476">
        <ele>61.9</ele>
      </trkpt>
      <trkpt lat="35.07883" lon="-120.54385">
        <ele>62.2</ele>
      </trkpt>
      <trkpt lat="35.07867" lon="-120.54297">
        <ele>62.8</ele>
      </trkpt>
      <trkpt lat="35.07859" lon="-120.54253">
        <ele>62.9</ele>
      </trkpt>
      <trkpt lat="35.07857" lon="-120.54246">
        <ele>62.9</ele>
      </trkpt>
      <trkpt lat="35.07844" lon="-120.54172">
        <ele>62.8</ele>
      </trkpt>
      <trkpt lat="35.07839" lon="-120.54146">
        <ele>62.9</ele>
      </trkpt>
      <trkpt lat="35.07837" lon="-120.54139">
        <ele>62.9</ele>
      </trkpt>
      <trkpt lat="35.07834" lon="-120.54115">
        <ele>62.9</ele>
      </trkpt>
      <trkpt lat="35.07826" lon="-120.54072">
        <ele>63.2</ele>
      </trkpt>
      <trkpt lat="35.07815" lon="-120.54008">
        <ele>62.9</ele>
      </trkpt>
      <trkpt lat="35.07811" lon="-120.53986">
        <ele>62.9</ele>
      </trkpt>
      <trkpt lat="35.07808" lon="-120.53949">
        <ele>62.7</ele>
      </trkpt>
      <trkpt lat="35.07807" lon="-120.53941">
        <ele>62.6</ele>
      </trkpt>
      <trkpt lat="35.07809" lon="-120.53894">
        <ele>61.8</ele>
      </trkpt>
      <trkpt lat="35.07809" lon="-120.53891">
        <ele>61.8</ele>
      </trkpt>
      <trkpt lat="35.07811" lon="-120.53842">
        <ele>61.8</ele>
      </trkpt>
      <trkpt lat="35.07815" lon="-120.53742">
        <ele>62.0</ele>
      </trkpt>
      <trkpt lat="35.07817" lon="-120.5368">
        <ele>64.4</ele>
      </trkpt>
      <trkpt lat="35.07816" lon="-120.53633">
        <ele>65.1</ele>
      </trkpt>
      <trkpt lat="35.07814" lon="-120.536">
        <ele>65.0</ele>
      </trkpt>
      <trkpt lat="35.078" lon="-120.53403">
        <ele>67.9</ele>
      </trkpt>
      <trkpt lat="35.07799" lon="-120.53386">
        <ele>67.9</ele>
      </trkpt>
      <trkpt lat="35.07797" lon="-120.53359">
        <ele>67.9</ele>
      </trkpt>
      <trkpt lat="35.07794" lon="-120.53318">
        <ele>68.7</ele>
      </trkpt>
      <trkpt lat="35.07794" lon="-120.53313">
        <ele>68.8</ele>
      </trkpt>
      <trkpt lat="35.07792" lon="-120.53286">
        <ele>68.7</ele>
      </trkpt>
      <trkpt lat="35.07791" lon="-120.53275">
        <ele>68.5</ele>
      </trkpt>
      <trkpt lat="35.07788" lon="-120.53232">
        <ele>67.9</ele>
      </trkpt>
      <trkpt lat="35.07782" lon="-120.53198">
        <ele>67.8</ele>
      </trkpt>
      <trkpt lat="35.07764" lon="-120.53078">
        <ele>67.9</ele>
      </trkpt>
      <trkpt lat="35.07758" lon="-120.53038">
        <ele>67.8</ele>
      </trkpt>
      <trkpt lat="35.07755" lon="-120.52999">
        <ele>67.6</ele>
      </trkpt>
      <trkpt lat="35.07755" lon="-120.52947">
        <ele>67.8</ele>
      </trkpt>
      <trkpt lat="35.07753" lon="-120.52893">
        <ele>67.6</ele>
      </trkpt>
      <trkpt lat="35.07752" lon="-120.52824">
        <ele>67.8</ele>
      </trkpt>
      <trkpt lat="35.07751" lon="-120.52802">
        <ele>67.7</ele>
      </trkpt>
      <trkpt lat="35.07751" lon="-120.52766">
        <ele>68.7</ele>
      </trkpt>
      <trkpt lat="35.0775" lon="-120.52737">
        <ele>70.4</ele>
      </trkpt>
      <trkpt lat="35.07749" lon="-120.52724">
        <ele>70.8</ele>
      </trkpt>
      <trkpt lat="35.07749" lon="-120.5271">
        <ele>70.9</ele>
      </trkpt>
      <trkpt lat="35.07748" lon="-120.52704">
        <ele>71.0</ele>
      </trkpt>
      <trkpt lat="35.07747" lon="-120.52694">
        <ele>71.1</ele>
      </trkpt>
      <trkpt lat="35.07746" lon="-120.52691">
        <ele>71.1</ele>
      </trkpt>
      <trkpt lat="35.07746" lon="-120.52686">
        <ele>71.2</ele>
      </trkpt>
      <trkpt lat="35.07745" lon="-120.52681">
        <ele>71.4</ele>
      </trkpt>
      <trkpt lat="35.07743" lon="-120.5267">
        <ele>71.8</ele>
      </trkpt>
      <trkpt lat="35.07743" lon="-120.52669">
        <ele>71.9</ele>
      </trkpt>
      <trkpt lat="35.07742" lon="-120.52664">
        <ele>72.1</ele>
      </trkpt>
      <trkpt lat="35.07741" lon="-120.52661">
        <ele>72.3</ele>
      </trkpt>
      <trkpt lat="35.0774" lon="-120.52656">
        <ele>72.5</ele>
      </trkpt>
      <trkpt lat="35.07735" lon="-120.52642">
        <ele>73.4</ele>
      </trkpt>
      <trkpt lat="35.07731" lon="-120.52628">
        <ele>74.0</ele>
      </trkpt>
      <trkpt lat="35.07722" lon="-120.52603">
        <ele>74.2</ele>
      </trkpt>
      <trkpt lat="35.07718" lon="-120.52593">
        <ele>74.3</ele>
      </trkpt>
      <trkpt lat="35.07717" lon="-120.52588">
        <ele>74.4</ele>
      </trkpt>
      <trkpt lat="35.07715" lon="-120.52583">
        <ele>74.5</ele>
      </trkpt>
      <trkpt lat="35.07713" lon="-120.52577">
        <ele>74.5</ele>
      </trkpt>
      <trkpt lat="35.07706" lon="-120.52557">
        <ele>74.6</ele>
      </trkpt>
      <trkpt lat="35.07698" lon="-120.52535">
        <ele>74.7</ele>
      </trkpt>
      <trkpt lat="35.0769" lon="-120.52512">
        <ele>75.3</ele>
      </trkpt>
      <trkpt lat="35.07685" lon="-120.52499">
        <ele>75.8</ele>
      </trkpt>
      <trkpt lat="35.0768" lon="-120.52489">
        <ele>76.3</ele>
      </trkpt>
      <trkpt lat="35.07676" lon="-120.5248">
        <ele>76.7</ele>
      </trkpt>
      <trkpt lat="35.0767" lon="-120.52469">
        <ele>77.3</ele>
      </trkpt>
      <trkpt lat="35.07664" lon="-120.5246">
        <ele>77.7</ele>
      </trkpt>
      <trkpt lat="35.07657" lon="-120.5245">
        <ele>78.0</ele>
      </trkpt>
      <trkpt lat="35.0765" lon="-120.52442">
        <ele>78.2</ele>
      </trkpt>
      <trkpt lat="35.07642" lon="-120.52431">
        <ele>78.3</ele>
      </trkpt>
      <trkpt lat="35.07632" lon="-120.52422">
        <ele>78.6</ele>
      </trkpt>
      <trkpt lat="35.07631" lon="-120.52421">
        <ele>78.6</ele>
      </trkpt>
      <trkpt lat="35.07623" lon="-120.52414">
        <ele>79.0</ele>
      </trkpt>
      <trkpt lat="35.07614" lon="-120.52407">
        <ele>79.5</ele>
      </trkpt>
      <trkpt lat="35.07603" lon="-120.524">
        <ele>79.9</ele>
      </trkpt>
      <trkpt lat="35.07602" lon="-120.524">
        <ele>79.9</ele>
      </trkpt>
      <trkpt lat="35.07586" lon="-120.5239">
        <ele>80.8</ele>
      </trkpt>
      <trkpt lat="35.07579" lon="-120.52386">
        <ele>81.4</ele>
      </trkpt>
      <trkpt lat="35.07553" lon="-120.52371">
        <ele>84.2</ele>
      </trkpt>
      <trkpt lat="35.0753" lon="-120.52358">
        <ele>85.1</ele>
      </trkpt>
      <trkpt lat="35.07504" lon="-120.52343">
        <ele>86.3</ele>
      </trkpt>
      <trkpt lat="35.07482" lon="-120.52329">
        <ele>87.8</ele>
      </trkpt>
      <trkpt lat="35.0746" lon="-120.52315">
        <ele>89.4</ele>
      </trkpt>
      <trkpt lat="35.07456" lon="-120.52312">
        <ele>89.6</ele>
      </trkpt>
      <trkpt lat="35.07441" lon="-120.52301">
        <ele>90.5</ele>
      </trkpt>
      <trkpt lat="35.07427" lon="-120.5229">
        <ele>91.8</ele>
      </trkpt>
      <trkpt lat="35.07426" lon="-120.52289">
        <ele>92.0</ele>
      </trkpt>
      <trkpt lat="35.0741" lon="-120.52276">
        <ele>93.6</ele>
      </trkpt>
      <trkpt lat="35.07391" lon="-120.52259">
        <ele>95.8</ele>
      </trkpt>
      <trkpt lat="35.07381" lon="-120.5225">
        <ele>96.4</ele>
      </trkpt>
      <trkpt lat="35.07371" lon="-120.52241">
        <ele>97.0</ele>
      </trkpt>
      <trkpt lat="35.07362" lon="-120.52232">
        <ele>97.6</ele>
      </trkpt>
      <trkpt lat="35.07354" lon="-120.52223">
        <ele>98.5</ele>
      </trkpt>
      <trkpt lat="35.07346" lon="-120.52214">
        <ele>99.6</ele>
      </trkpt>
      <trkpt lat="35.07338" lon="-120.52205">
        <ele>100.5</ele>
      </trkpt>
      <trkpt lat="35.07329" lon="-120.52194">
        <ele>101.6</ele>
      </trkpt>
      <trkpt lat="35.07328" lon="-120.52192">
        <ele>101.8</ele>
      </trkpt>
      <trkpt lat="35.07322" lon="-120.52183">
        <ele>102.4</ele>
      </trkpt>
      <trkpt lat="35.07315" lon="-120.52172">
        <ele>102.8</ele>
      </trkpt>
      <trkpt lat="35.07308" lon="-120.52159">
        <ele>103.0</ele>
      </trkpt>
      <trkpt lat="35.07302" lon="-120.52148">
        <ele>103.4</ele>
      </trkpt>
      <trkpt lat="35.07297" lon="-120.52137">
        <ele>104.1</ele>
      </trkpt>
      <trkpt lat="35.07286" lon="-120.52112">
        <ele>105.8</ele>
      </trkpt>
      <trkpt lat="35.07277" lon="-120.5209">
        <ele>107.6</ele>
      </trkpt>
      <trkpt lat="35.07276" lon="-120.52088">
        <ele>107.8</ele>
      </trkpt>
      <trkpt lat="35.07268" lon="-120.52067">
        <ele>108.7</ele>
      </trkpt>
      <trkpt lat="35.07267" lon="-120.52064">
        <ele>108.8</ele>
      </trkpt>
      <trkpt lat="35.07253" lon="-120.5203">
        <ele>108.9</ele>
      </trkpt>
      <trkpt lat="35.07243" lon="-120.52005">
        <ele>108.0</ele>
      </trkpt>
      <trkpt lat="35.07241" lon="-120.52001">
        <ele>107.8</ele>
      </trkpt>
      <trkpt lat="35.07231" lon="-120.51977">
        <ele>107.3</ele>
      </trkpt>
      <trkpt lat="35.0722" lon="-120.5195">
        <ele>106.6</ele>
      </trkpt>
      <trkpt lat="35.07219" lon="-120.51946">
        <ele>106.6</ele>
      </trkpt>
      <trkpt lat="35.07211" lon="-120.51926">
        <ele>106.3</ele>
      </trkpt>
      <trkpt lat="35.0721" lon="-120.51925">
        <ele>106.3</ele>
      </trkpt>
      <trkpt lat="35.072" lon="-120.51899">
        <ele>107.3</ele>
      </trkpt>
      <trkpt lat="35.07196" lon="-120.51888">
        <ele>108.0</ele>
      </trkpt>
      <trkpt lat="35.07193" lon="-120.51877">
        <ele>108.7</ele>
      </trkpt>
      <trkpt lat="35.07189" lon="-120.51866">
        <ele>109.4</ele>
      </trkpt>
      <trkpt lat="35.07185" lon="-120.51851">
        <ele>110.2</ele>
      </trkpt>
      <trkpt lat="35.07179" lon="-120.51824">
        <ele>111.0</ele>
      </trkpt>
      <trkpt lat="35.07177" lon="-120.51796">
        <ele>111.3</ele>
      </trkpt>
      <trkpt lat="35.07176" lon="-120.51784">
        <ele>111.3</ele>
      </trkpt>
      <trkpt lat="35.07175" lon="-120.51782">
        <ele>111.3</ele>
      </trkpt>
      <trkpt lat="35.07175" lon="-120.51753">
        <ele>111.1</ele>
      </trkpt>
      <trkpt lat="35.07176" lon="-120.51723">
        <ele>111.8</ele>
      </trkpt>
      <trkpt lat="35.07179" lon="-120.51705">
        <ele>113.8</ele>
      </trkpt>
      <trkpt lat="35.07182" lon="-120.51683">
        <ele>115.9</ele>
      </trkpt>
      <trkpt lat="35.07185" lon="-120.51662">
        <ele>116.7</ele>
      </trkpt>
      <trkpt lat="35.07185" lon="-120.51662">
        <ele>116.7</ele>
      </trkpt>
      <trkpt lat="35.07186" lon="-120.51661">
        <ele>116.8</ele>
      </trkpt>
      <trkpt lat="35.07192" lon="-120.51617">
        <ele>116.8</ele>
      </trkpt>
      <trkpt lat="35.07197" lon="-120.51584">
        <ele>116.8</ele>
      </trkpt>
      <trkpt lat="35.07199" lon="-120.51574">
        <ele>116.8</ele>
      </trkpt>
      <trkpt lat="35.07202" lon="-120.51559">
        <ele>116.8</ele>
      </trkpt>
      <trkpt lat="35.07202" lon="-120.51553">
        <ele>116.8</ele>
      </trkpt>
      <trkpt lat="35.07204" lon="-120.51543">
        <ele>116.9</ele>
      </trkpt>
      <trkpt lat="35.07205" lon="-120.51532">
        <ele>116.9</ele>
      </trkpt>
      <trkpt lat="35.07206" lon="-120.5152">
        <ele>117.0</ele>
      </trkpt>
      <trkpt lat="35.07206" lon="-120.51509">
        <ele>117.3</ele>
      </trkpt>
      <trkpt lat="35.07206" lon="-120.51487">
        <ele>117.9</ele>
      </trkpt>
      <trkpt lat="35.07206" lon="-120.51474">
        <ele>118.4</ele>
      </trkpt>
      <trkpt lat="35.07205" lon="-120.5146">
        <ele>119.2</ele>
      </trkpt>
      <trkpt lat="35.07204" lon="-120.51446">
        <ele>120.1</ele>
      </trkpt>
      <trkpt lat="35.07202" lon="-120.51437">
        <ele>120.6</ele>
      </trkpt>
      <trkpt lat="35.072" lon="-120.51424">
        <ele>121.1</ele>
      </trkpt>
      <trkpt lat="35.07197" lon="-120.51407">
        <ele>121.5</ele>
      </trkpt>
      <trkpt lat="35.07193" lon="-120.51393">
        <ele>121.4</ele>
      </trkpt>
      <trkpt lat="35.0719" lon="-120.51383">
        <ele>121.5</ele>
      </trkpt>
      <trkpt lat="35.0719" lon="-120.51383">
        <ele>121.5</ele>
      </trkpt>
      <trkpt lat="35.0719" lon="-120.51381">
        <ele>121.5</ele>
      </trkpt>
      <trkpt lat="35.07184" lon="-120.51361">
        <ele>122.0</ele>
      </trkpt>
      <trkpt lat="35.0718" lon="-120.51344">
        <ele>122.9</ele>
      </trkpt>
      <trkpt lat="35.07176" lon="-120.51329">
        <ele>123.8</ele>
      </trkpt>
      <trkpt lat="35.07172" lon="-120.51318">
        <ele>124.5</ele>
      </trkpt>
      <trkpt lat="35.07162" lon="-120.51281">
        <ele>126.0</ele>
      </trkpt>
      <trkpt lat="35.07155" lon="-120.51253">
        <ele>126.9</ele>
      </trkpt>
      <trkpt lat="35.07144" lon="-120.51216">
        <ele>127.5</ele>
      </trkpt>
      <trkpt lat="35.07141" lon="-120.51205">
        <ele>127.6</ele>
      </trkpt>
      <trkpt lat="35.0714" lon="-120.51198">
        <ele>127.6</ele>
      </trkpt>
      <trkpt lat="35.07128" lon="-120.51155">
        <ele>126.1</ele>
      </trkpt>
      <trkpt lat="35.07122" lon="-120.51133">
        <ele>124.6</ele>
      </trkpt>
      <trkpt lat="35.07111" lon="-120.51094">
        <ele>122.3</ele>
      </trkpt>
      <trkpt lat="35.07111" lon="-120.51091">
        <ele>122.1</ele>
      </trkpt>
      <trkpt lat="35.07103" lon="-120.51062">
        <ele>121.0</ele>
      </trkpt>
      <trkpt lat="35.07091" lon="-120.51018">
        <ele>119.3</ele>
      </trkpt>
      <trkpt lat="35.0708" lon="-120.50981">
        <ele>118.5</ele>
      </trkpt>
      <trkpt lat="35.07079" lon="-120.50974">
        <ele>118.6</ele>
      </trkpt>
      <trkpt lat="35.07075" lon="-120.50959">
        <ele>118.8</ele>
      </trkpt>
      <trkpt lat="35.07071" lon="-120.50944">
        <ele>119.1</ele>
      </trkpt>
      <trkpt lat="35.07058" lon="-120.509">
        <ele>119.1</ele>
      </trkpt>
      <trkpt lat="35.07046" lon="-120.50856">
        <ele>118.8</ele>
      </trkpt>
      <trkpt lat="35.0704" lon="-120.50835">
        <ele>118.0</ele>
      </trkpt>
      <trkpt lat="35.07013" lon="-120.50738">
        <ele>117.0</ele>
      </trkpt>
      <trkpt lat="35.06993" lon="-120.50665">
        <ele>116.5</ele>
      </trkpt>
      <trkpt lat="35.06985" lon="-120.50637">
        <ele>115.4</ele>
      </trkpt>
      <trkpt lat="35.06972" lon="-120.50597">
        <ele>114.9</ele>
      </trkpt>
      <trkpt lat="35.06958" lon="-120.50561">
        <ele>114.1</ele>
      </trkpt>
      <trkpt lat="35.06937" lon="-120.50516">
        <ele>113.3</ele>
      </trkpt>
      <trkpt lat="35.06923" lon="-120.50492">
        <ele>112.8</ele>
      </trkpt>
      <trkpt lat="35.06914" lon="-120.50478">
        <ele>112.4</ele>
      </trkpt>
      <trkpt lat="35.06905" lon="-120.50463">
        <ele>112.0</ele>
      </trkpt>
      <trkpt lat="35.06899" lon="-120.50453">
        <ele>111.8</ele>
      </trkpt>
      <trkpt lat="35.06891" lon="-120.50442">
        <ele>111.4</ele>
      </trkpt>
      <trkpt lat="35.06881" lon="-120.50429">
        <ele>111.0</ele>
      </trkpt>
      <trkpt lat="35.0688" lon="-120.50428">
        <ele>111.0</ele>
      </trkpt>
      <trkpt lat="35.06871" lon="-120.50417">
        <ele>110.9</ele>
      </trkpt>
      <trkpt lat="35.06858" lon="-120.50402">
        <ele>110.9</ele>
      </trkpt>
      <trkpt lat="35.0683" lon="-120.50371">
        <ele>110.2</ele>
      </trkpt>
      <trkpt lat="35.06777" lon="-120.50312">
        <ele>108.8</ele>
      </trkpt>
      <trkpt lat="35.06771" lon="-120.50306">
        <ele>108.9</ele>
      </trkpt>
      <trkpt lat="35.06727" lon="-120.50258">
        <ele>109.9</ele>
      </trkpt>
      <trkpt lat="35.06686" lon="-120.50214">
        <ele>110.9</ele>
      </trkpt>
      <trkpt lat="35.06683" lon="-120.5021">
        <ele>110.9</ele>
      </trkpt>
      <trkpt lat="35.06682" lon="-120.50209">
        <ele>110.9</ele>
      </trkpt>
      <trkpt lat="35.06652" lon="-120.50177">
        <ele>111.0</ele>
      </trkpt>
      <trkpt lat="35.06633" lon="-120.50156">
        <ele>111.1</ele>
      </trkpt>
      <trkpt lat="35.06633" lon="-120.50156">
        <ele>111.1</ele>
      </trkpt>
      <trkpt lat="35.06617" lon="-120.50139">
        <ele>111.5</ele>
      </trkpt>
      <trkpt lat="35.06592" lon="-120.50112">
        <ele>111.8</ele>
      </trkpt>
      <trkpt lat="35.06579" lon="-120.50097">
        <ele>111.9</ele>
      </trkpt>
      <trkpt lat="35.06575" lon="-120.50092">
        <ele>111.9</ele>
      </trkpt>
      <trkpt lat="35.06545" lon="-120.5006">
        <ele>111.5</ele>
      </trkpt>
      <trkpt lat="35.06515" lon="-120.50027">
        <ele>111.4</ele>
      </trkpt>
      <trkpt lat="35.06467" lon="-120.49974">
        <ele>110.9</ele>
      </trkpt>
      <trkpt lat="35.06412" lon="-120.49914">
        <ele>110.9</ele>
      </trkpt>
      <trkpt lat="35.06393" lon="-120.49894">
        <ele>110.8</ele>
      </trkpt>
      <trkpt lat="35.06389" lon="-120.4989">
        <ele>110.8</ele>
      </trkpt>
      <trkpt lat="35.06371" lon="-120.4987">
        <ele>110.8</ele>
      </trkpt>
      <trkpt lat="35.06368" lon="-120.49867">
        <ele>110.8</ele>
      </trkpt>
      <trkpt lat="35.06361" lon="-120.49859">
        <ele>110.8</ele>
      </trkpt>
      <trkpt lat="35.06353" lon="-120.4985">
        <ele>110.9</ele>
      </trkpt>
      <trkpt lat="35.06349" lon="-120.49846">
        <ele>111.0</ele>
      </trkpt>
      <trkpt lat="35.0634" lon="-120.49836">
        <ele>111.1</ele>
      </trkpt>
      <trkpt lat="35.0633" lon="-120.49826">
        <ele>111.2</ele>
      </trkpt>
      <trkpt lat="35.06318" lon="-120.49812">
        <ele>111.1</ele>
      </trkpt>
      <trkpt lat="35.06299" lon="-120.49791">
        <ele>111.5</ele>
      </trkpt>
      <trkpt lat="35.06253" lon="-120.49741">
        <ele>111.7</ele>
      </trkpt>
      <trkpt lat="35.06166" lon="-120.49645">
        <ele>112.2</ele>
      </trkpt>
      <trkpt lat="35.06142" lon="-120.49618">
        <ele>112.9</ele>
      </trkpt>
      <trkpt lat="35.06122" lon="-120.49597">
        <ele>113.6</ele>
      </trkpt>
      <trkpt lat="35.06118" lon="-120.49592">
        <ele>113.7</ele>
      </trkpt>
      <trkpt lat="35.06082" lon="-120.49553">
        <ele>113.9</ele>
      </trkpt>
      <trkpt lat="35.06069" lon="-120.4954">
        <ele>114.4</ele>
      </trkpt>
      <trkpt lat="35.06054" lon="-120.49524">
        <ele>114.5</ele>
      </trkpt>
      <trkpt lat="35.06008" lon="-120.49474">
        <ele>114.4</ele>
      </trkpt>
      <trkpt lat="35.05992" lon="-120.49457">
        <ele>115.0</ele>
      </trkpt>
      <trkpt lat="35.05947" lon="-120.4941">
        <ele>115.2</ele>
      </trkpt>
      <trkpt lat="35.05901" lon="-120.49358">
        <ele>114.2</ele>
      </trkpt>
      <trkpt lat="35.05889" lon="-120.49344">
        <ele>114.2</ele>
      </trkpt>
      <trkpt lat="35.05848" lon="-120.493">
        <ele>113.0</ele>
      </trkpt>
      <trkpt lat="35.05831" lon="-120.4928">
        <ele>112.9</ele>
      </trkpt>
      <trkpt lat="35.05811" lon="-120.49258">
        <ele>112.7</ele>
      </trkpt>
      <trkpt lat="35.05796" lon="-120.49241">
        <ele>112.1</ele>
      </trkpt>
      <trkpt lat="35.0573" lon="-120.4917">
        <ele>110.6</ele>
      </trkpt>
      <trkpt lat="35.05729" lon="-120.49169">
        <ele>110.6</ele>
      </trkpt>
      <trkpt lat="35.05717" lon="-120.49156">
        <ele>110.0</ele>
      </trkpt>
      <trkpt lat="35.05665" lon="-120.49099">
        <ele>109.8</ele>
      </trkpt>
      <trkpt lat="35.05631" lon="-120.49062">
        <ele>110.0</ele>
      </trkpt>
      <trkpt lat="35.05607" lon="-120.49036">
        <ele>109.9</ele>
      </trkpt>
      <trkpt lat="35.05577" lon="-120.49002">
        <ele>110.2</ele>
      </trkpt>
      <trkpt lat="35.05536" lon="-120.48958">
        <ele>110.5</ele>
      </trkpt>
      <trkpt lat="35.05495" lon="-120.48913">
        <ele>110.3</ele>
      </trkpt>
      <trkpt lat="35.05454" lon="-120.48868">
        <ele>109.3</ele>
      </trkpt>
      <trkpt lat="35.05442" lon="-120.48856">
        <ele>109.0</ele>
      </trkpt>
      <trkpt lat="35.05417" lon="-120.48828">
        <ele>108.4</ele>
      </trkpt>
      <trkpt lat="35.05396" lon="-120.48805">
        <ele>107.8</ele>
      </trkpt>
      <trkpt lat="35.05338" lon="-120.48742">
        <ele>107.6</ele>
      </trkpt>
      <trkpt lat="35.05335" lon="-120.48739">
        <ele>107.5</ele>
      </trkpt>
      <trkpt lat="35.05312" lon="-120.48714">
        <ele>107.1</ele>
      </trkpt>
      <trkpt lat="35.05261" lon="-120.4866">
        <ele>107.0</ele>
      </trkpt>
      <trkpt lat="35.05214" lon="-120.48606">
        <ele>107.0</ele>
      </trkpt>
      <trkpt lat="35.05163" lon="-120.48552">
        <ele>107.0</ele>
      </trkpt>
      <trkpt lat="35.05146" lon="-120.48533">
        <ele>106.8</ele>
      </trkpt>
      <trkpt lat="35.05129" lon="-120.48514">
        <ele>106.9</ele>
      </trkpt>
      <trkpt lat="35.05075" lon="-120.48456">
        <ele>106.9</ele>
      </trkpt>
      <trkpt lat="35.05057" lon="-120.48437">
        <ele>106.8</ele>
      </trkpt>
      <trkpt lat="35.0504" lon="-120.48419">
        <ele>106.8</ele>
      </trkpt>
      <trkpt lat="35.0502" lon="-120.48398">
        <ele>106.8</ele>
      </trkpt>
      <trkpt lat="35.04992" lon="-120.48367">
        <ele>106.8</ele>
      </trkpt>
      <trkpt lat="35.04957" lon="-120.48328">
        <ele>105.9</ele>
      </trkpt>
      <trkpt lat="35.04945" lon="-120.48314">
        <ele>105.9</ele>
      </trkpt>
      <trkpt lat="35.04897" lon="-120.48262">
        <ele>105.9</ele>
      </trkpt>
      <trkpt lat="35.04864" lon="-120.48226">
        <ele>105.9</ele>
      </trkpt>
      <trkpt lat="35.0485" lon="-120.48211">
        <ele>105.9</ele>
      </trkpt>
      <trkpt lat="35.04844" lon="-120.48203">
        <ele>105.9</ele>
      </trkpt>
      <trkpt lat="35.04837" lon="-120.48196">
        <ele>105.7</ele>
      </trkpt>
      <trkpt lat="35.04756" lon="-120.48109">
        <ele>103.9</ele>
      </trkpt>
      <trkpt lat="35.04712" lon="-120.4806">
        <ele>103.9</ele>
      </trkpt>
      <trkpt lat="35.04712" lon="-120.4806">
        <ele>103.9</ele>
      </trkpt>
      <trkpt lat="35.04703" lon="-120.4805">
        <ele>104.0</ele>
      </trkpt>
      <trkpt lat="35.04651" lon="-120.47992">
        <ele>103.9</ele>
      </trkpt>
      <trkpt lat="35.04635" lon="-120.47975">
        <ele>103.9</ele>
      </trkpt>
      <trkpt lat="35.04632" lon="-120.47971">
        <ele>103.9</ele>
      </trkpt>
      <trkpt lat="35.04612" lon="-120.47949">
        <ele>104.0</ele>
      </trkpt>
      <trkpt lat="35.04577" lon="-120.47912">
        <ele>103.9</ele>
      </trkpt>
      <trkpt lat="35.04556" lon="-120.47889">
        <ele>103.3</ele>
      </trkpt>
      <trkpt lat="35.04521" lon="-120.47852">
        <ele>102.9</ele>
      </trkpt>
      <trkpt lat="35.04518" lon="-120.47849">
        <ele>102.9</ele>
      </trkpt>
      <trkpt lat="35.04448" lon="-120.47773">
        <ele>102.8</ele>
      </trkpt>
      <trkpt lat="35.04374" lon="-120.47692">
        <ele>101.8</ele>
      </trkpt>
      <trkpt lat="35.04354" lon="-120.47672">
        <ele>101.7</ele>
      </trkpt>
      <trkpt lat="35.04329" lon="-120.47645">
        <ele>101.1</ele>
      </trkpt>
      <trkpt lat="35.04292" lon="-120.47607">
        <ele>100.9</ele>
      </trkpt>
      <trkpt lat="35.04292" lon="-120.47607">
        <ele>100.9</ele>
      </trkpt>
      <trkpt lat="35.0426" lon="-120.47647">
        <ele>100.7</ele>
      </trkpt>
      <trkpt lat="35.04257" lon="-120.47652">
        <ele>100.5</ele>
      </trkpt>
      <trkpt lat="35.04235" lon="-120.47679">
        <ele>99.9</ele>
      </trkpt>
      <trkpt lat="35.04227" lon="-120.4769">
        <ele>99.9</ele>
      </trkpt>
      <trkpt lat="35.04222" lon="-120.47696">
        <ele>99.9</ele>
      </trkpt>
      <trkpt lat="35.04208" lon="-120.47716">
        <ele>99.6</ele>
      </trkpt>
      <trkpt lat="35.0419" lon="-120.4774">
        <ele>99.1</ele>
      </trkpt>
      <trkpt lat="35.04155" lon="-120.47788">
        <ele>98.9</ele>
      </trkpt>
      <trkpt lat="35.04154" lon="-120.47789">
        <ele>98.9</ele>
      </trkpt>
      <trkpt lat="35.04135" lon="-120.47815">
        <ele>98.9</ele>
      </trkpt>
      <trkpt lat="35.04124" lon="-120.4783">
        <ele>98.9</ele>
      </trkpt>
      <trkpt lat="35.04107" lon="-120.47853">
        <ele>98.9</ele>
      </trkpt>
      <trkpt lat="35.04088" lon="-120.47879">
        <ele>98.7</ele>
      </trkpt>
      <trkpt lat="35.04076" lon="-120.47895">
        <ele>98.1</ele>
      </trkpt>
      <trkpt lat="35.04053" lon="-120.47927">
        <ele>97.8</ele>
      </trkpt>
      <trkpt lat="35.0404" lon="-120.47945">
        <ele>97.2</ele>
      </trkpt>
      <trkpt lat="35.04033" lon="-120.47955">
        <ele>96.9</ele>
      </trkpt>
      <trkpt lat="35.04033" lon="-120.47955">
        <ele>96.9</ele>
      </trkpt>
      <trkpt lat="35.04022" lon="-120.47969">
        <ele>96.6</ele>
      </trkpt>
      <trkpt lat="35.04013" lon="-120.47982">
        <ele>96.1</ele>
      </trkpt>
      <trkpt lat="35.04003" lon="-120.47995">
        <ele>95.8</ele>
      </trkpt>
      <trkpt lat="35.04" lon="-120.47999">
        <ele>95.7</ele>
      </trkpt>
      <trkpt lat="35.03991" lon="-120.4801">
        <ele>95.3</ele>
      </trkpt>
      <trkpt lat="35.03969" lon="-120.4804">
        <ele>94.5</ele>
      </trkpt>
      <trkpt lat="35.0395" lon="-120.48063">
        <ele>93.9</ele>
      </trkpt>
      <trkpt lat="35.03938" lon="-120.48078">
        <ele>93.7</ele>
      </trkpt>
      <trkpt lat="35.03923" lon="-120.48095">
        <ele>93.3</ele>
      </trkpt>
      <trkpt lat="35.03898" lon="-120.48126">
        <ele>92.4</ele>
      </trkpt>
      <trkpt lat="35.03888" lon="-120.48139">
        <ele>91.9</ele>
      </trkpt>
      <trkpt lat="35.03861" lon="-120.48173">
        <ele>92.6</ele>
      </trkpt>
      <trkpt lat="35.03857" lon="-120.48177">
        <ele>92.7</ele>
      </trkpt>
      <trkpt lat="35.03845" lon="-120.48194">
        <ele>94.9</ele>
      </trkpt>
      <trkpt lat="35.03837" lon="-120.48205">
        <ele>97.1</ele>
      </trkpt>
      <trkpt lat="35.03826" lon="-120.48222">
        <ele>98.9</ele>
      </trkpt>
      <trkpt lat="35.03817" lon="-120.48235">
        <ele>99.7</ele>
      </trkpt>
      <trkpt lat="35.0381" lon="-120.48245">
        <ele>100.3</ele>
      </trkpt>
      <trkpt lat="35.03794" lon="-120.48269">
        <ele>101.6</ele>
      </trkpt>
      <trkpt lat="35.03793" lon="-120.4827">
        <ele>101.6</ele>
      </trkpt>
      <trkpt lat="35.03778" lon="-120.48293">
        <ele>102.0</ele>
      </trkpt>
      <trkpt lat="35.03769" lon="-120.4831">
        <ele>102.7</ele>
      </trkpt>
      <trkpt lat="35.03768" lon="-120.48311">
        <ele>102.8</ele>
      </trkpt>
      <trkpt lat="35.03754" lon="-120.48336">
        <ele>103.8</ele>
      </trkpt>
      <trkpt lat="35.03748" lon="-120.48346">
        <ele>103.9</ele>
      </trkpt>
      <trkpt lat="35.03744" lon="-120.48354">
        <ele>104.1</ele>
      </trkpt>
      <trkpt lat="35.03732" lon="-120.48379">
        <ele>105.3</ele>
      </trkpt>
      <trkpt lat="35.03729" lon="-120.48385">
        <ele>105.6</ele>
      </trkpt>
      <trkpt lat="35.03725" lon="-120.48393">
        <ele>106.0</ele>
      </trkpt>
      <trkpt lat="35.03708" lon="-120.48422">
        <ele>106.7</ele>
      </trkpt>
      <trkpt lat="35.03705" lon="-120.48427">
        <ele>106.9</ele>
      </trkpt>
      <trkpt lat="35.037" lon="-120.48436">
        <ele>107.1</ele>
      </trkpt>
      <trkpt lat="35.03695" lon="-120.48445">
        <ele>107.4</ele>
      </trkpt>
      <trkpt lat="35.03694" lon="-120.48448">
        <ele>107.4</ele>
      </trkpt>
      <trkpt lat="35.03693" lon="-120.48448">
        <ele>107.5</ele>
      </trkpt>
      <trkpt lat="35.03686" lon="-120.48461">
        <ele>107.8</ele>
      </trkpt>
      <trkpt lat="35.03685" lon="-120.48463">
        <ele>107.9</ele>
      </trkpt>
      <trkpt lat="35.03681" lon="-120.4847">
        <ele>108.1</ele>
      </trkpt>
      <trkpt lat="35.03665" lon="-120.48499">
        <ele>108.9</ele>
      </trkpt>
      <trkpt lat="35.03656" lon="-120.48515">
        <ele>109.1</ele>
      </trkpt>
      <trkpt lat="35.03655" lon="-120.48524">
        <ele>109.1</ele>
      </trkpt>
      <trkpt lat="35.03654" lon="-120.48536">
        <ele>109.1</ele>
      </trkpt>
      <trkpt lat="35.03646" lon="-120.48549">
        <ele>109.5</ele>
      </trkpt>
      <trkpt lat="35.03642" lon="-120.48556">
        <ele>109.7</ele>
      </trkpt>
      <trkpt lat="35.0363" lon="-120.48577">
        <ele>110.1</ele>
      </trkpt>
      <trkpt lat="35.03616" lon="-120.48603">
        <ele>110.0</ele>
      </trkpt>
      <trkpt lat="35.03607" lon="-120.48618">
        <ele>110.2</ele>
      </trkpt>
      <trkpt lat="35.03595" lon="-120.48639">
        <ele>110.2</ele>
      </trkpt>
      <trkpt lat="35.03576" lon="-120.48673">
        <ele>110.9</ele>
      </trkpt>
      <trkpt lat="35.03531" lon="-120.4875">
        <ele>113.9</ele>
      </trkpt>
      <trkpt lat="35.03529" lon="-120.48752">
        <ele>113.9</ele>
      </trkpt>
      <trkpt lat="35.03526" lon="-120.48753">
        <ele>113.9</ele>
      </trkpt>
      <trkpt lat="35.03523" lon="-120.48753">
        <ele>113.9</ele>
      </trkpt>
      <trkpt lat="35.03496" lon="-120.488">
        <ele>113.4</ele>
      </trkpt>
      <trkpt lat="35.03496" lon="-120.48801">
        <ele>113.4</ele>
      </trkpt>
      <trkpt lat="35.0349" lon="-120.48811">
        <ele>113.4</ele>
      </trkpt>
      <trkpt lat="35.03485" lon="-120.4882">
        <ele>113.5</ele>
      </trkpt>
      <trkpt lat="35.0347" lon="-120.48847">
        <ele>113.1</ele>
      </trkpt>
      <trkpt lat="35.03465" lon="-120.48856">
        <ele>112.9</ele>
      </trkpt>
      <trkpt lat="35.03462" lon="-120.48861">
        <ele>112.8</ele>
      </trkpt>
      <trkpt lat="35.03443" lon="-120.48894">
        <ele>112.9</ele>
      </trkpt>
      <trkpt lat="35.03434" lon="-120.4891">
        <ele>112.8</ele>
      </trkpt>
      <trkpt lat="35.03422" lon="-120.4893">
        <ele>112.3</ele>
      </trkpt>
      <trkpt lat="35.0339" lon="-120.48988">
        <ele>112.1</ele>
      </trkpt>
      <trkpt lat="35.03353" lon="-120.49054">
        <ele>111.8</ele>
      </trkpt>
      <trkpt lat="35.03352" lon="-120.49055">
        <ele>111.9</ele>
      </trkpt>
      <trkpt lat="35.03339" lon="-120.49078">
        <ele>111.6</ele>
      </trkpt>
      <trkpt lat="35.03322" lon="-120.49109">
        <ele>110.8</ele>
      </trkpt>
      <trkpt lat="35.03291" lon="-120.49163">
        <ele>106.5</ele>
      </trkpt>
      <trkpt lat="35.03266" lon="-120.49209">
        <ele>103.9</ele>
      </trkpt>
      <trkpt lat="35.03246" lon="-120.49243">
        <ele>104.9</ele>
      </trkpt>
      <trkpt lat="35.03246" lon="-120.49245">
        <ele>105.0</ele>
      </trkpt>
      <trkpt lat="35.03233" lon="-120.49267">
        <ele>106.4</ele>
      </trkpt>
      <trkpt lat="35.03223" lon="-120.49284">
        <ele>108.0</ele>
      </trkpt>
      <trkpt lat="35.03212" lon="-120.49303">
        <ele>108.9</ele>
      </trkpt>
      <trkpt lat="35.03194" lon="-120.49335">
        <ele>109.5</ele>
      </trkpt>
      <trkpt lat="35.03177" lon="-120.49364">
        <ele>109.9</ele>
      </trkpt>
      <trkpt lat="35.03148" lon="-120.49415">
        <ele>112.2</ele>
      </trkpt>
      <trkpt lat="35.0314" lon="-120.4943">
        <ele>113.5</ele>
      </trkpt>
      <trkpt lat="35.03128" lon="-120.4945">
        <ele>114.9</ele>
      </trkpt>
      <trkpt lat="35.0312" lon="-120.49463">
        <ele>115.0</ele>
      </trkpt>
      <trkpt lat="35.03113" lon="-120.49472">
        <ele>114.8</ele>
      </trkpt>
      <trkpt lat="35.03107" lon="-120.4948">
        <ele>114.3</ele>
      </trkpt>
      <trkpt lat="35.03102" lon="-120.49486">
        <ele>114.0</ele>
      </trkpt>
      <trkpt lat="35.03082" lon="-120.49509">
        <ele>112.5</ele>
      </trkpt>
      <trkpt lat="35.03068" lon="-120.49521">
        <ele>111.6</ele>
      </trkpt>
      <trkpt lat="35.0306" lon="-120.49528">
        <ele>111.5</ele>
      </trkpt>
      <trkpt lat="35.03059" lon="-120.49529">
        <ele>111.5</ele>
      </trkpt>
      <trkpt lat="35.03054" lon="-120.49533">
        <ele>111.6</ele>
      </trkpt>
      <trkpt lat="35.03053" lon="-120.49534">
        <ele>111.6</ele>
      </trkpt>
      <trkpt lat="35.0305" lon="-120.49536">
        <ele>111.6</ele>
      </trkpt>
      <trkpt lat="35.03044" lon="-120.49541">
        <ele>111.8</ele>
      </trkpt>
      <trkpt lat="35.03042" lon="-120.49542">
        <ele>111.9</ele>
      </trkpt>
      <trkpt lat="35.03036" lon="-120.49546">
        <ele>112.1</ele>
      </trkpt>
      <trkpt lat="35.02995" lon="-120.4957">
        <ele>114.2</ele>
      </trkpt>
      <trkpt lat="35.02963" lon="-120.49589">
        <ele>116.8</ele>
      </trkpt>
      <trkpt lat="35.02922" lon="-120.49614">
        <ele>119.9</ele>
      </trkpt>
      <trkpt lat="35.02901" lon="-120.49626">
        <ele>119.7</ele>
      </trkpt>
      <trkpt lat="35.02896" lon="-120.49629">
        <ele>119.7</ele>
      </trkpt>
      <trkpt lat="35.02896" lon="-120.49629">
        <ele>119.7</ele>
      </trkpt>
      <trkpt lat="35.02887" lon="-120.49609">
        <ele>121.3</ele>
      </trkpt>
      <trkpt lat="35.02874" lon="-120.4958">
        <ele>122.2</ele>
      </trkpt>
      <trkpt lat="35.0287" lon="-120.49573">
        <ele>122.2</ele>
      </trkpt>
      <trkpt lat="35.02857" lon="-120.49543">
        <ele>121.9</ele>
      </trkpt>
      <trkpt lat="35.02848" lon="-120.49524">
        <ele>121.8</ele>
      </trkpt>
      <trkpt lat="35.02839" lon="-120.49504">
        <ele>121.7</ele>
      </trkpt>
      <trkpt lat="35.02835" lon="-120.49496">
        <ele>121.6</ele>
      </trkpt>
      <trkpt lat="35.02835" lon="-120.49496">
        <ele>121.6</ele>
      </trkpt>
      <trkpt lat="35.02823" lon="-120.49466">
        <ele>121.2</ele>
      </trkpt>
      <trkpt lat="35.02818" lon="-120.49455">
        <ele>120.9</ele>
      </trkpt>
      <trkpt lat="35.02814" lon="-120.49445">
        <ele>120.7</ele>
      </trkpt>
      <trkpt lat="35.02811" lon="-120.49438">
        <ele>120.6</ele>
      </trkpt>
      <trkpt lat="35.02797" lon="-120.49406">
        <ele>120.2</ele>
      </trkpt>
      <trkpt lat="35.02789" lon="-120.49386">
        <ele>119.8</ele>
      </trkpt>
      <trkpt lat="35.02783" lon="-120.49372">
        <ele>119.7</ele>
      </trkpt>
      <trkpt lat="35.02779" lon="-120.49362">
        <ele>119.9</ele>
      </trkpt>
      <trkpt lat="35.02759" lon="-120.49314">
        <ele>121.3</ele>
      </trkpt>
      <trkpt lat="35.02746" lon="-120.49284">
        <ele>121.0</ele>
      </trkpt>
      <trkpt lat="35.02743" lon="-120.49275">
        <ele>120.8</ele>
      </trkpt>
      <trkpt lat="35.02731" lon="-120.49244">
        <ele>119.7</ele>
      </trkpt>
      <trkpt lat="35.0272" lon="-120.49217">
        <ele>118.3</ele>
      </trkpt>
      <trkpt lat="35.02712" lon="-120.49196">
        <ele>116.9</ele>
      </trkpt>
      <trkpt lat="35.02704" lon="-120.49177">
        <ele>115.1</ele>
      </trkpt>
      <trkpt lat="35.027" lon="-120.49168">
        <ele>114.7</ele>
      </trkpt>
      <trkpt lat="35.02695" lon="-120.4916">
        <ele>114.4</ele>
      </trkpt>
      <trkpt lat="35.02692" lon="-120.49155">
        <ele>114.5</ele>
      </trkpt>
      <trkpt lat="35.02686" lon="-120.49146">
        <ele>114.8</ele>
      </trkpt>
      <trkpt lat="35.02677" lon="-120.49133">
        <ele>114.9</ele>
      </trkpt>
      <trkpt lat="35.02671" lon="-120.49125">
        <ele>114.9</ele>
      </trkpt>
      <trkpt lat="35.02663" lon="-120.49116">
        <ele>114.9</ele>
      </trkpt>
      <trkpt lat="35.02657" lon="-120.49109">
        <ele>115.2</ele>
      </trkpt>
      <trkpt lat="35.02652" lon="-120.49103">
        <ele>115.6</ele>
      </trkpt>
      <trkpt lat="35.02648" lon="-120.49099">
        <ele>115.9</ele>
      </trkpt>
      <trkpt lat="35.02637" lon="-120.49088">
        <ele>116.6</ele>
      </trkpt>
      <trkpt lat="35.02618" lon="-120.4907">
        <ele>117.7</ele>
      </trkpt>
      <trkpt lat="35.02607" lon="-120.49059">
        <ele>118.0</ele>
      </trkpt>
      <trkpt lat="35.02602" lon="-120.49054">
        <ele>118.1</ele>
      </trkpt>
      <trkpt lat="35.02588" lon="-120.49042">
        <ele>118.5</ele>
      </trkpt>
      <trkpt lat="35.02581" lon="-120.49037">
        <ele>118.6</ele>
      </trkpt>
      <trkpt lat="35.02573" lon="-120.49032">
        <ele>118.6</ele>
      </trkpt>
      <trkpt lat="35.02565" lon="-120.49027">
        <ele>118.2</ele>
      </trkpt>
      <trkpt lat="35.02555" lon="-120.49023">
        <ele>117.4</ele>
      </trkpt>
      <trkpt lat="35.02548" lon="-120.49019">
        <ele>116.9</ele>
      </trkpt>
      <trkpt lat="35.0254" lon="-120.49016">
        <ele>116.1</ele>
      </trkpt>
      <trkpt lat="35.02539" lon="-120.49016">
        <ele>116.0</ele>
      </trkpt>
      <trkpt lat="35.02532" lon="-120.49013">
        <ele>115.4</ele>
      </trkpt>
      <trkpt lat="35.02478" lon="-120.48994">
        <ele>111.1</ele>
      </trkpt>
      <trkpt lat="35.02429" lon="-120.48975">
        <ele>109.7</ele>
      </trkpt>
      <trkpt lat="35.02364" lon="-120.48952">
        <ele>107.4</ele>
      </trkpt>
      <trkpt lat="35.02306" lon="-120.4893">
        <ele>105.6</ele>
      </trkpt>
      <trkpt lat="35.02295" lon="-120.48926">
        <ele>105.2</ele>
      </trkpt>
      <trkpt lat="35.02258" lon="-120.48912">
        <ele>103.6</ele>
      </trkpt>
      <trkpt lat="35.02226" lon="-120.48897">
        <ele>102.5</ele>
      </trkpt>
      <trkpt lat="35.0222" lon="-120.48895">
        <ele>102.4</ele>
      </trkpt>
      <trkpt lat="35.02213" lon="-120.48891">
        <ele>102.1</ele>
      </trkpt>
      <trkpt lat="35.02197" lon="-120.48882">
        <ele>101.8</ele>
      </trkpt>
      <trkpt lat="35.02174" lon="-120.48856">
        <ele>100.6</ele>
      </trkpt>
      <trkpt lat="35.02168" lon="-120.48849">
        <ele>100.3</ele>
      </trkpt>
      <trkpt lat="35.02164" lon="-120.48843">
        <ele>100.1</ele>
      </trkpt>
      <trkpt lat="35.02159" lon="-120.48836">
        <ele>100.0</ele>
      </trkpt>
      <trkpt lat="35.02145" lon="-120.48814">
        <ele>99.1</ele>
      </trkpt>
      <trkpt lat="35.02136" lon="-120.48799">
        <ele>98.4</ele>
      </trkpt>
      <trkpt lat="35.0211" lon="-120.48757">
        <ele>98.1</ele>
      </trkpt>
      <trkpt lat="35.02092" lon="-120.48729">
        <ele>97.9</ele>
      </trkpt>
      <trkpt lat="35.02088" lon="-120.48722">
        <ele>97.9</ele>
      </trkpt>
      <trkpt lat="35.02068" lon="-120.48692">
        <ele>97.9</ele>
      </trkpt>
      <trkpt lat="35.02046" lon="-120.48657">
        <ele>97.9</ele>
      </trkpt>
      <trkpt lat="35.02035" lon="-120.4864">
        <ele>97.9</ele>
      </trkpt>
      <trkpt lat="35.02025" lon="-120.48622">
        <ele>97.9</ele>
      </trkpt>
      <trkpt lat="35.02014" lon="-120.48605">
        <ele>97.9</ele>
      </trkpt>
      <trkpt lat="35.02003" lon="-120.48587">
        <ele>97.9</ele>
      </trkpt>
      <trkpt lat="35.01991" lon="-120.48568">
        <ele>97.9</ele>
      </trkpt>
      <trkpt lat="35.01959" lon="-120.48514">
        <ele>97.9</ele>
      </trkpt>
      <trkpt lat="35.01937" lon="-120.48479">
        <ele>97.9</ele>
      </trkpt>
      <trkpt lat="35.01924" lon="-120.48458">
        <ele>98.0</ele>
      </trkpt>
      <trkpt lat="35.01904" lon="-120.48427">
        <ele>98.2</ele>
      </trkpt>
      <trkpt lat="35.01902" lon="-120.48423">
        <ele>98.2</ele>
      </trkpt>
      <trkpt lat="35.01901" lon="-120.48422">
        <ele>98.2</ele>
      </trkpt>
      <trkpt lat="35.01891" lon="-120.48405">
        <ele>98.3</ele>
      </trkpt>
      <trkpt lat="35.01882" lon="-120.48392">
        <ele>98.0</ele>
      </trkpt>
      <trkpt lat="35.01861" lon="-120.48357">
        <ele>98.0</ele>
      </trkpt>
      <trkpt lat="35.0186" lon="-120.48357">
        <ele>98.0</ele>
      </trkpt>
      <trkpt lat="35.01857" lon="-120.48352">
        <ele>98.0</ele>
      </trkpt>
      <trkpt lat="35.0185" lon="-120.4834">
        <ele>98.0</ele>
      </trkpt>
      <trkpt lat="35.01846" lon="-120.48334">
        <ele>97.9</ele>
      </trkpt>
      <trkpt lat="35.01825" lon="-120.48301">
        <ele>97.0</ele>
      </trkpt>
      <trkpt lat="35.01824" lon="-120.483">
        <ele>97.0</ele>
      </trkpt>
      <trkpt lat="35.01817" lon="-120.48288">
        <ele>96.8</ele>
      </trkpt>
      <trkpt lat="35.01805" lon="-120.48271">
        <ele>96.9</ele>
      </trkpt>
      <trkpt lat="35.01792" lon="-120.4825">
        <ele>96.9</ele>
      </trkpt>
      <trkpt lat="35.01783" lon="-120.48235">
        <ele>97.3</ele>
      </trkpt>
      <trkpt lat="35.01761" lon="-120.48201">
        <ele>97.8</ele>
      </trkpt>
      <trkpt lat="35.01758" lon="-120.48196">
        <ele>97.8</ele>
      </trkpt>
      <trkpt lat="35.01739" lon="-120.48167">
        <ele>98.2</ele>
      </trkpt>
      <trkpt lat="35.01712" lon="-120.48125">
        <ele>98.9</ele>
      </trkpt>
      <trkpt lat="35.01706" lon="-120.48116">
        <ele>98.9</ele>
      </trkpt>
      <trkpt lat="35.01701" lon="-120.48108">
        <ele>99.0</ele>
      </trkpt>
      <trkpt lat="35.0169" lon="-120.4809">
        <ele>99.5</ele>
      </trkpt>
      <trkpt lat="35.01679" lon="-120.48073">
        <ele>100.1</ele>
      </trkpt>
      <trkpt lat="35.01673" lon="-120.48064">
        <ele>100.3</ele>
      </trkpt>
      <trkpt lat="35.01657" lon="-120.48039">
        <ele>100.3</ele>
      </trkpt>
      <trkpt lat="35.01635" lon="-120.48004">
        <ele>100.5</ele>
      </trkpt>
      <trkpt lat="35.01621" lon="-120.47983">
        <ele>100.0</ele>
      </trkpt>
      <trkpt lat="35.01615" lon="-120.47974">
        <ele>100.2</ele>
      </trkpt>
      <trkpt lat="35.01599" lon="-120.47949">
        <ele>100.8</ele>
      </trkpt>
      <trkpt lat="35.01586" lon="-120.4793">
        <ele>100.6</ele>
      </trkpt>
      <trkpt lat="35.01584" lon="-120.47926">
        <ele>100.5</ele>
      </trkpt>
      <trkpt lat="35.01555" lon="-120.47881">
        <ele>99.9</ele>
      </trkpt>
      <trkpt lat="35.01519" lon="-120.47825">
        <ele>99.0</ele>
      </trkpt>
      <trkpt lat="35.01504" lon="-120.47802">
        <ele>98.9</ele>
      </trkpt>
      <trkpt lat="35.0149" lon="-120.4778">
        <ele>98.6</ele>
      </trkpt>
      <trkpt lat="35.0147" lon="-120.47747">
        <ele>97.9</ele>
      </trkpt>
      <trkpt lat="35.01438" lon="-120.47695">
        <ele>96.9</ele>
      </trkpt>
      <trkpt lat="35.01427" lon="-120.47677">
        <ele>96.8</ele>
      </trkpt>
      <trkpt lat="35.01399" lon="-120.47633">
        <ele>97.5</ele>
      </trkpt>
      <trkpt lat="35.01373" lon="-120.4759">
        <ele>96.9</ele>
      </trkpt>
      <trkpt lat="35.01325" lon="-120.47512">
        <ele>97.9</ele>
      </trkpt>
      <trkpt lat="35.0129" lon="-120.47457">
        <ele>97.9</ele>
      </trkpt>
      <trkpt lat="35.01272" lon="-120.47428">
        <ele>97.9</ele>
      </trkpt>
      <trkpt lat="35.01202" lon="-120.47318">
        <ele>96.8</ele>
      </trkpt>
      <trkpt lat="35.01195" lon="-120.47307">
        <ele>96.5</ele>
      </trkpt>
      <trkpt lat="35.01191" lon="-120.47301">
        <ele>96.3</ele>
      </trkpt>
      <trkpt lat="35.01129" lon="-120.47202">
        <ele>94.7</ele>
      </trkpt>
      <trkpt lat="35.01108" lon="-120.4717">
        <ele>93.9</ele>
      </trkpt>
      <trkpt lat="35.01107" lon="-120.47168">
        <ele>93.9</ele>
      </trkpt>
      <trkpt lat="35.01085" lon="-120.47133">
        <ele>93.8</ele>
      </trkpt>
      <trkpt lat="35.01073" lon="-120.47114">
        <ele>93.2</ele>
      </trkpt>
      <trkpt lat="35.01063" lon="-120.47098">
        <ele>92.9</ele>
      </trkpt>
      <trkpt lat="35.01019" lon="-120.47028">
        <ele>92.5</ele>
      </trkpt>
      <trkpt lat="35.01007" lon="-120.4701">
        <ele>91.9</ele>
      </trkpt>
      <trkpt lat="35.00997" lon="-120.46993">
        <ele>91.9</ele>
      </trkpt>
      <trkpt lat="35.00986" lon="-120.46976">
        <ele>91.9</ele>
      </trkpt>
      <trkpt lat="35.00975" lon="-120.46957">
        <ele>91.9</ele>
      </trkpt>
      <trkpt lat="35.00964" lon="-120.46941">
        <ele>91.9</ele>
      </trkpt>
      <trkpt lat="35.00932" lon="-120.46889">
        <ele>91.9</ele>
      </trkpt>
      <trkpt lat="35.00915" lon="-120.46863">
        <ele>91.9</ele>
      </trkpt>
      <trkpt lat="35.00905" lon="-120.46846">
        <ele>91.9</ele>
      </trkpt>
      <trkpt lat="35.00867" lon="-120.46786">
        <ele>91.9</ele>
      </trkpt>
      <trkpt lat="35.00845" lon="-120.46752">
        <ele>91.9</ele>
      </trkpt>
      <trkpt lat="35.00808" lon="-120.46692">
        <ele>91.9</ele>
      </trkpt>
      <trkpt lat="35.0079" lon="-120.46661">
        <ele>91.9</ele>
      </trkpt>
      <trkpt lat="35.00758" lon="-120.46608">
        <ele>91.9</ele>
      </trkpt>
      <trkpt lat="35.00748" lon="-120.4659">
        <ele>91.9</ele>
      </trkpt>
      <trkpt lat="35.00737" lon="-120.46572">
        <ele>91.9</ele>
      </trkpt>
      <trkpt lat="35.00727" lon="-120.46554">
        <ele>91.9</ele>
      </trkpt>
      <trkpt lat="35.00716" lon="-120.46536">
        <ele>91.9</ele>
      </trkpt>
      <trkpt lat="35.00695" lon="-120.46501">
        <ele>91.7</ele>
      </trkpt>
      <trkpt lat="35.00693" lon="-120.46497">
        <ele>91.6</ele>
      </trkpt>
      <trkpt lat="35.00685" lon="-120.46483">
        <ele>91.3</ele>
      </trkpt>
      <trkpt lat="35.00624" lon="-120.46374">
        <ele>90.9</ele>
      </trkpt>
      <trkpt lat="35.0056" lon="-120.46263">
        <ele>91.9</ele>
      </trkpt>
      <trkpt lat="35.0055" lon="-120.46245">
        <ele>91.9</ele>
      </trkpt>
      <trkpt lat="35.00499" lon="-120.46154">
        <ele>91.9</ele>
      </trkpt>
      <trkpt lat="35.00476" lon="-120.46115">
        <ele>91.9</ele>
      </trkpt>
      <trkpt lat="35.00429" lon="-120.46032">
        <ele>91.9</ele>
      </trkpt>
      <trkpt lat="35.00427" lon="-120.46028">
        <ele>91.9</ele>
      </trkpt>
      <trkpt lat="35.00414" lon="-120.46005">
        <ele>91.9</ele>
      </trkpt>
      <trkpt lat="35.00366" lon="-120.45917">
        <ele>91.9</ele>
      </trkpt>
      <trkpt lat="35.00346" lon="-120.45885">
        <ele>91.9</ele>
      </trkpt>
      <trkpt lat="35.00341" lon="-120.45874">
        <ele>91.9</ele>
      </trkpt>
      <trkpt lat="35.0034" lon="-120.45872">
        <ele>91.9</ele>
      </trkpt>
      <trkpt lat="35.00339" lon="-120.45868">
        <ele>91.9</ele>
      </trkpt>
      <trkpt lat="35.00338" lon="-120.45866">
        <ele>91.9</ele>
      </trkpt>
      <trkpt lat="35.00334" lon="-120.45856">
        <ele>91.9</ele>
      </trkpt>
      <trkpt lat="35.00331" lon="-120.45845">
        <ele>91.9</ele>
      </trkpt>
      <trkpt lat="35.00328" lon="-120.45835">
        <ele>91.9</ele>
      </trkpt>
      <trkpt lat="35.00324" lon="-120.45822">
        <ele>91.9</ele>
      </trkpt>
      <trkpt lat="35.00321" lon="-120.45806">
        <ele>91.9</ele>
      </trkpt>
      <trkpt lat="35.00318" lon="-120.45789">
        <ele>91.9</ele>
      </trkpt>
      <trkpt lat="35.00316" lon="-120.45771">
        <ele>91.9</ele>
      </trkpt>
      <trkpt lat="35.00316" lon="-120.45754">
        <ele>91.9</ele>
      </trkpt>
      <trkpt lat="35.00316" lon="-120.45739">
        <ele>91.9</ele>
      </trkpt>
      <trkpt lat="35.00317" lon="-120.45723">
        <ele>91.9</ele>
      </trkpt>
      <trkpt lat="35.00317" lon="-120.45723">
        <ele>91.9</ele>
      </trkpt>
      <trkpt lat="35.00318" lon="-120.45708">
        <ele>91.9</ele>
      </trkpt>
      <trkpt lat="35.0032" lon="-120.45699">
        <ele>91.9</ele>
      </trkpt>
      <trkpt lat="35.00321" lon="-120.45691">
        <ele>91.9</ele>
      </trkpt>
      <trkpt lat="35.00324" lon="-120.45678">
        <ele>91.9</ele>
      </trkpt>
      <trkpt lat="35.00328" lon="-120.45659">
        <ele>91.9</ele>
      </trkpt>
      <trkpt lat="35.00334" lon="-120.45643">
        <ele>91.9</ele>
      </trkpt>
      <trkpt lat="35.00336" lon="-120.45636">
        <ele>91.9</ele>
      </trkpt>
      <trkpt lat="35.0034" lon="-120.45626">
        <ele>91.9</ele>
      </trkpt>
      <trkpt lat="35.00343" lon="-120.45619">
        <ele>91.9</ele>
      </trkpt>
      <trkpt lat="35.00345" lon="-120.45615">
        <ele>91.9</ele>
      </trkpt>
      <trkpt lat="35.00349" lon="-120.45607">
        <ele>91.9</ele>
      </trkpt>
      <trkpt lat="35.00353" lon="-120.456">
        <ele>91.9</ele>
      </trkpt>
      <trkpt lat="35.00357" lon="-120.45592">
        <ele>91.9</ele>
      </trkpt>
      <trkpt lat="35.00362" lon="-120.45584">
        <ele>91.9</ele>
      </trkpt>
      <trkpt lat="35.00372" lon="-120.4557">
        <ele>91.9</ele>
      </trkpt>
      <trkpt lat="35.00382" lon="-120.45556">
        <ele>91.9</ele>
      </trkpt>
      <trkpt lat="35.00391" lon="-120.45543">
        <ele>91.9</ele>
      </trkpt>
      <trkpt lat="35.00406" lon="-120.45523">
        <ele>92.0</ele>
      </trkpt>
      <trkpt lat="35.00418" lon="-120.45506">
        <ele>92.2</ele>
      </trkpt>
      <trkpt lat="35.00444" lon="-120.45471">
        <ele>92.2</ele>
      </trkpt>
      <trkpt lat="35.00502" lon="-120.45391">
        <ele>92.4</ele>
      </trkpt>
      <trkpt lat="35.0054" lon="-120.4534">
        <ele>91.9</ele>
      </trkpt>
      <trkpt lat="35.00552" lon="-120.45324">
        <ele>91.9</ele>
      </trkpt>
      <trkpt lat="35.0061" lon="-120.45244">
        <ele>91.7</ele>
      </trkpt>
      <trkpt lat="35.00612" lon="-120.45242">
        <ele>91.7</ele>
      </trkpt>
      <trkpt lat="35.00624" lon="-120.45226">
        <ele>91.1</ele>
      </trkpt>
      <trkpt lat="35.00625" lon="-120.45223">
        <ele>91.0</ele>
      </trkpt>
      <trkpt lat="35.00633" lon="-120.45213">
        <ele>90.9</ele>
      </trkpt>
      <trkpt lat="35.00636" lon="-120.45209">
        <ele>90.9</ele>
      </trkpt>
      <trkpt lat="35.00637" lon="-120.45207">
        <ele>90.9</ele>
      </trkpt>
      <trkpt lat="35.00685" lon="-120.45141">
        <ele>90.5</ele>
      </trkpt>
      <trkpt lat="35.00718" lon="-120.45095">
        <ele>89.9</ele>
      </trkpt>
      <trkpt lat="35.00722" lon="-120.45089">
        <ele>89.9</ele>
      </trkpt>
      <trkpt lat="35.00722" lon="-120.45089">
        <ele>89.9</ele>
      </trkpt>
      <trkpt lat="35.00734" lon="-120.45073">
        <ele>89.7</ele>
      </trkpt>
      <trkpt lat="35.00747" lon="-120.45054">
        <ele>89.7</ele>
      </trkpt>
      <trkpt lat="35.00757" lon="-120.4504">
        <ele>89.4</ele>
      </trkpt>
      <trkpt lat="35.00766" lon="-120.45024">
        <ele>89.0</ele>
      </trkpt>
      <trkpt lat="35.00769" lon="-120.45016">
        <ele>88.9</ele>
      </trkpt>
      <trkpt lat="35.00773" lon="-120.45009">
        <ele>88.9</ele>
      </trkpt>
      <trkpt lat="35.00776" lon="-120.45001">
        <ele>88.9</ele>
      </trkpt>
      <trkpt lat="35.00779" lon="-120.44994">
        <ele>88.9</ele>
      </trkpt>
      <trkpt lat="35.00782" lon="-120.44986">
        <ele>88.9</ele>
      </trkpt>
      <trkpt lat="35.00784" lon="-120.44978">
        <ele>88.8</ele>
      </trkpt>
      <trkpt lat="35.00787" lon="-120.4497">
        <ele>88.8</ele>
      </trkpt>
      <trkpt lat="35.00789" lon="-120.44962">
        <ele>88.6</ele>
      </trkpt>
      <trkpt lat="35.00791" lon="-120.44954">
        <ele>88.4</ele>
      </trkpt>
      <trkpt lat="35.00793" lon="-120.44946">
        <ele>88.2</ele>
      </trkpt>
      <trkpt lat="35.00794" lon="-120.44938">
        <ele>88.0</ele>
      </trkpt>
      <trkpt lat="35.00795" lon="-120.4493">
        <ele>87.9</ele>
      </trkpt>
      <trkpt lat="35.00796" lon="-120.44922">
        <ele>87.9</ele>
      </trkpt>
      <trkpt lat="35.00797" lon="-120.44914">
        <ele>87.9</ele>
      </trkpt>
      <trkpt lat="35.00798" lon="-120.44906">
        <ele>87.9</ele>
      </trkpt>
      <trkpt lat="35.00799" lon="-120.44897">
        <ele>87.9</ele>
      </trkpt>
      <trkpt lat="35.00799" lon="-120.44897">
        <ele>87.9</ele>
      </trkpt>
      <trkpt lat="35.00799" lon="-120.4489">
        <ele>87.9</ele>
      </trkpt>
      <trkpt lat="35.00799" lon="-120.44883">
        <ele>87.9</ele>
      </trkpt>
      <trkpt lat="35.00799" lon="-120.44875">
        <ele>87.9</ele>
      </trkpt>
      <trkpt lat="35.00799" lon="-120.44868">
        <ele>88.0</ele>
      </trkpt>
      <trkpt lat="35.00798" lon="-120.44861">
        <ele>88.0</ele>
      </trkpt>
      <trkpt lat="35.00797" lon="-120.44853">
        <ele>88.1</ele>
      </trkpt>
      <trkpt lat="35.00797" lon="-120.44846">
        <ele>88.0</ele>
      </trkpt>
      <trkpt lat="35.00796" lon="-120.44839">
        <ele>88.1</ele>
      </trkpt>
      <trkpt lat="35.00795" lon="-120.44831">
        <ele>88.0</ele>
      </trkpt>
      <trkpt lat="35.00793" lon="-120.44824">
        <ele>88.0</ele>
      </trkpt>
      <trkpt lat="35.00792" lon="-120.44816">
        <ele>87.9</ele>
      </trkpt>
      <trkpt lat="35.0079" lon="-120.44809">
        <ele>87.9</ele>
      </trkpt>
      <trkpt lat="35.00788" lon="-120.44802">
        <ele>87.9</ele>
      </trkpt>
      <trkpt lat="35.00786" lon="-120.44794">
        <ele>87.8</ele>
      </trkpt>
      <trkpt lat="35.00784" lon="-120.44787">
        <ele>87.8</ele>
      </trkpt>
      <trkpt lat="35.00782" lon="-120.4478">
        <ele>87.8</ele>
      </trkpt>
      <trkpt lat="35.00777" lon="-120.44768">
        <ele>87.9</ele>
      </trkpt>
      <trkpt lat="35.00772" lon="-120.44755">
        <ele>87.7</ele>
      </trkpt>
      <trkpt lat="35.00761" lon="-120.44734">
        <ele>87.1</ele>
      </trkpt>
      <trkpt lat="35.00727" lon="-120.44669">
        <ele>85.9</ele>
      </trkpt>
      <trkpt lat="35.00717" lon="-120.44651">
        <ele>85.9</ele>
      </trkpt>
      <trkpt lat="35.00648" lon="-120.44522">
        <ele>85.9</ele>
      </trkpt>
      <trkpt lat="35.00603" lon="-120.44436">
        <ele>85.8</ele>
      </trkpt>
      <trkpt lat="35.00583" lon="-120.44398">
        <ele>85.5</ele>
      </trkpt>
      <trkpt lat="35.0056" lon="-120.44356">
        <ele>84.2</ele>
      </trkpt>
      <trkpt lat="35.0055" lon="-120.44338">
        <ele>83.1</ele>
      </trkpt>
      <trkpt lat="35.0054" lon="-120.44319">
        <ele>82.7</ele>
      </trkpt>
      <trkpt lat="35.00511" lon="-120.44267">
        <ele>76.3</ele>
      </trkpt>
      <trkpt lat="35.00497" lon="-120.44243">
        <ele>74.7</ele>
      </trkpt>
      <trkpt lat="35.00466" lon="-120.44189">
        <ele>72.7</ele>
      </trkpt>
      <trkpt lat="35.00447" lon="-120.44151">
        <ele>71.4</ele>
      </trkpt>
      <trkpt lat="35.00434" lon="-120.44129">
        <ele>70.4</ele>
      </trkpt>
      <trkpt lat="35.00431" lon="-120.44124">
        <ele>70.2</ele>
      </trkpt>
      <trkpt lat="35.004" lon="-120.44078">
        <ele>68.5</ele>
      </trkpt>
      <trkpt lat="35.00397" lon="-120.44073">
        <ele>68.3</ele>
      </trkpt>
      <trkpt lat="35.00396" lon="-120.44073">
        <ele>68.3</ele>
      </trkpt>
      <trkpt lat="35.0036" lon="-120.44025">
        <ele>67.8</ele>
      </trkpt>
      <trkpt lat="35.00355" lon="-120.44019">
        <ele>67.9</ele>
      </trkpt>
      <trkpt lat="35.00346" lon="-120.44008">
        <ele>68.0</ele>
      </trkpt>
      <trkpt lat="35.0033" lon="-120.43988">
        <ele>68.6</ele>
      </trkpt>
      <trkpt lat="35.0031" lon="-120.43967">
        <ele>68.4</ele>
      </trkpt>
      <trkpt lat="35.00298" lon="-120.43956">
        <ele>68.3</ele>
      </trkpt>
      <trkpt lat="35.00242" lon="-120.43905">
        <ele>67.8</ele>
      </trkpt>
      <trkpt lat="35.00242" lon="-120.43905">
        <ele>67.8</ele>
      </trkpt>
      <trkpt lat="35.00205" lon="-120.43872">
        <ele>68.7</ele>
      </trkpt>
      <trkpt lat="35.00163" lon="-120.43835">
        <ele>68.7</ele>
      </trkpt>
      <trkpt lat="35.0012" lon="-120.43798">
        <ele>68.0</ele>
      </trkpt>
      <trkpt lat="35.00094" lon="-120.43775">
        <ele>68.4</ele>
      </trkpt>
      <trkpt lat="35.00065" lon="-120.4375">
        <ele>68.1</ele>
      </trkpt>
      <trkpt lat="35.00064" lon="-120.43749">
        <ele>68.0</ele>
      </trkpt>
      <trkpt lat="35.00042" lon="-120.43733">
        <ele>67.8</ele>
      </trkpt>
      <trkpt lat="35.00024" lon="-120.4372">
        <ele>67.7</ele>
      </trkpt>
      <trkpt lat="35.00011" lon="-120.43711">
        <ele>67.5</ele>
      </trkpt>
      <trkpt lat="34.99993" lon="-120.43702">
        <ele>67.3</ele>
      </trkpt>
      <trkpt lat="34.99952" lon="-120.43678">
        <ele>67.3</ele>
      </trkpt>
      <trkpt lat="34.99885" lon="-120.43639">
        <ele>67.4</ele>
      </trkpt>
      <trkpt lat="34.99851" lon="-120.4362">
        <ele>67.2</ele>
      </trkpt>
      <trkpt lat="34.99841" lon="-120.43615">
        <ele>67.1</ele>
      </trkpt>
      <trkpt lat="34.99824" lon="-120.43607">
        <ele>67.7</ele>
      </trkpt>
      <trkpt lat="34.99812" lon="-120.43602">
        <ele>68.7</ele>
      </trkpt>
      <trkpt lat="34.99803" lon="-120.43598">
        <ele>69.3</ele>
      </trkpt>
      <trkpt lat="34.99789" lon="-120.43591">
        <ele>68.7</ele>
      </trkpt>
      <trkpt lat="34.99752" lon="-120.43577">
        <ele>67.6</ele>
      </trkpt>
      <trkpt lat="34.9975" lon="-120.43576">
        <ele>67.7</ele>
      </trkpt>
      <trkpt lat="34.99735" lon="-120.43571">
        <ele>68.2</ele>
      </trkpt>
      <trkpt lat="34.99727" lon="-120.43568">
        <ele>68.2</ele>
      </trkpt>
      <trkpt lat="34.99707" lon="-120.43561">
        <ele>67.7</ele>
      </trkpt>
      <trkpt lat="34.99692" lon="-120.43557">
        <ele>67.2</ele>
      </trkpt>
      <trkpt lat="34.99677" lon="-120.43553">
        <ele>66.7</ele>
      </trkpt>
      <trkpt lat="34.99626" lon="-120.43544">
        <ele>66.3</ele>
      </trkpt>
      <trkpt lat="34.99615" lon="-120.43542">
        <ele>65.9</ele>
      </trkpt>
      <trkpt lat="34.99565" lon="-120.43536">
        <ele>65.0</ele>
      </trkpt>
      <trkpt lat="34.99495" lon="-120.43534">
        <ele>65.1</ele>
      </trkpt>
      <trkpt lat="34.99405" lon="-120.43532">
        <ele>65.7</ele>
      </trkpt>
      <trkpt lat="34.99398" lon="-120.43533">
        <ele>65.7</ele>
      </trkpt>
      <trkpt lat="34.99398" lon="-120.43533">
        <ele>65.7</ele>
      </trkpt>
      <trkpt lat="34.99396" lon="-120.4353">
        <ele>66.0</ele>
      </trkpt>
      <trkpt lat="34.99394" lon="-120.4353">
        <ele>66.0</ele>
      </trkpt>
      <trkpt lat="34.99383" lon="-120.4353">
        <ele>66.0</ele>
      </trkpt>
      <trkpt lat="34.99354" lon="-120.43533">
        <ele>65.9</ele>
      </trkpt>
      <trkpt lat="34.99345" lon="-120.43532">
        <ele>66.3</ele>
      </trkpt>
      <trkpt lat="34.99312" lon="-120.43532">
        <ele>68.3</ele>
      </trkpt>
      <trkpt lat="34.99298" lon="-120.43522">
        <ele>71.8</ele>
      </trkpt>
      <trkpt lat="34.99298" lon="-120.43522">
        <ele>71.8</ele>
      </trkpt>
      <trkpt lat="34.99294" lon="-120.43519">
        <ele>72.8</ele>
      </trkpt>
      <trkpt lat="34.99293" lon="-120.43518">
        <ele>73.1</ele>
      </trkpt>
      <trkpt lat="34.99279" lon="-120.43507">
        <ele>75.0</ele>
      </trkpt>
      <trkpt lat="34.99252" lon="-120.43485">
        <ele>70.4</ele>
      </trkpt>
      <trkpt lat="34.99234" lon="-120.43471">
        <ele>68.7</ele>
      </trkpt>
      <trkpt lat="34.99219" lon="-120.43459">
        <ele>67.2</ele>
      </trkpt>
      <trkpt lat="34.99216" lon="-120.43457">
        <ele>67.5</ele>
      </trkpt>
      <trkpt lat="34.99207" lon="-120.43449">
        <ele>68.4</ele>
      </trkpt>
      <trkpt lat="34.99203" lon="-120.43447">
        <ele>68.5</ele>
      </trkpt>
      <trkpt lat="34.99188" lon="-120.43435">
        <ele>67.7</ele>
      </trkpt>
      <trkpt lat="34.99183" lon="-120.43431">
        <ele>67.3</ele>
      </trkpt>
      <trkpt lat="34.99177" lon="-120.43426">
        <ele>67.2</ele>
      </trkpt>
      <trkpt lat="34.99174" lon="-120.43424">
        <ele>67.2</ele>
      </trkpt>
      <trkpt lat="34.99173" lon="-120.43424">
        <ele>67.2</ele>
      </trkpt>
      <trkpt lat="34.99172" lon="-120.43423">
        <ele>67.2</ele>
      </trkpt>
      <trkpt lat="34.99171" lon="-120.43423">
        <ele>67.2</ele>
      </trkpt>
      <trkpt lat="34.99167" lon="-120.43422">
        <ele>67.2</ele>
      </trkpt>
      <trkpt lat="34.99157" lon="-120.4342">
        <ele>67.2</ele>
      </trkpt>
      <trkpt lat="34.9912" lon="-120.43415">
        <ele>67.1</ele>
      </trkpt>
      <trkpt lat="34.99106" lon="-120.43413">
        <ele>67.0</ele>
      </trkpt>
      <trkpt lat="34.99102" lon="-120.43412">
        <ele>67.0</ele>
      </trkpt>
      <trkpt lat="34.99084" lon="-120.43409">
        <ele>67.0</ele>
      </trkpt>
      <trkpt lat="34.99066" lon="-120.43407">
        <ele>66.9</ele>
      </trkpt>
      <trkpt lat="34.99052" lon="-120.43405">
        <ele>66.9</ele>
      </trkpt>
      <trkpt lat="34.99048" lon="-120.43404">
        <ele>66.9</ele>
      </trkpt>
      <trkpt lat="34.98999" lon="-120.43397">
        <ele>66.7</ele>
      </trkpt>
      <trkpt lat="34.98999" lon="-120.43397">
        <ele>66.7</ele>
      </trkpt>
      <trkpt lat="34.98977" lon="-120.43394">
        <ele>66.6</ele>
      </trkpt>
      <trkpt lat="34.98959" lon="-120.43391">
        <ele>66.6</ele>
      </trkpt>
      <trkpt lat="34.98945" lon="-120.43389">
        <ele>66.6</ele>
      </trkpt>
      <trkpt lat="34.98941" lon="-120.43388">
        <ele>66.5</ele>
      </trkpt>
      <trkpt lat="34.98923" lon="-120.43386">
        <ele>66.5</ele>
      </trkpt>
      <trkpt lat="34.98867" lon="-120.43377">
        <ele>66.3</ele>
      </trkpt>
      <trkpt lat="34.98834" lon="-120.43372">
        <ele>66.2</ele>
      </trkpt>
      <trkpt lat="34.98827" lon="-120.43371">
        <ele>66.2</ele>
      </trkpt>
      <trkpt lat="34.98816" lon="-120.4337">
        <ele>66.2</ele>
      </trkpt>
      <trkpt lat="34.98802" lon="-120.43367">
        <ele>66.1</ele>
      </trkpt>
      <trkpt lat="34.98768" lon="-120.43362">
        <ele>66.0</ele>
      </trkpt>
      <trkpt lat="34.98762" lon="-120.43362">
        <ele>66.0</ele>
      </trkpt>
      <trkpt lat="34.98749" lon="-120.43359">
        <ele>66.0</ele>
      </trkpt>
      <trkpt lat="34.98745" lon="-120.43359">
        <ele>66.0</ele>
      </trkpt>
      <trkpt lat="34.98729" lon="-120.43356">
        <ele>65.9</ele>
      </trkpt>
      <trkpt lat="34.98727" lon="-120.43356">
        <ele>65.9</ele>
      </trkpt>
      <trkpt lat="34.98713" lon="-120.43354">
        <ele>65.9</ele>
      </trkpt>
      <trkpt lat="34.98709" lon="-120.43354">
        <ele>65.9</ele>
      </trkpt>
      <trkpt lat="34.98691" lon="-120.43351">
        <ele>65.8</ele>
      </trkpt>
      <trkpt lat="34.98673" lon="-120.43348">
        <ele>65.8</ele>
      </trkpt>
      <trkpt lat="34.98669" lon="-120.43348">
        <ele>65.8</ele>
      </trkpt>
      <trkpt lat="34.98631" lon="-120.43342">
        <ele>65.6</ele>
      </trkpt>
      <trkpt lat="34.98624" lon="-120.43341">
        <ele>65.6</ele>
      </trkpt>
      <trkpt lat="34.98622" lon="-120.43341">
        <ele>65.6</ele>
      </trkpt>
      <trkpt lat="34.98621" lon="-120.43341">
        <ele>65.6</ele>
      </trkpt>
      <trkpt lat="34.9862" lon="-120.43342">
        <ele>65.6</ele>
      </trkpt>
      <trkpt lat="34.98602" lon="-120.43339">
        <ele>65.6</ele>
      </trkpt>
      <trkpt lat="34.98583" lon="-120.43336">
        <ele>65.5</ele>
      </trkpt>
      <trkpt lat="34.9858" lon="-120.43337">
        <ele>65.5</ele>
      </trkpt>
      <trkpt lat="34.98578" lon="-120.43339">
        <ele>65.5</ele>
      </trkpt>
      <trkpt lat="34.98576" lon="-120.43342">
        <ele>65.5</ele>
      </trkpt>
      <trkpt lat="34.98576" lon="-120.43345">
        <ele>65.5</ele>
      </trkpt>
      <trkpt lat="34.98576" lon="-120.4335">
        <ele>65.5</ele>
      </trkpt>
      <trkpt lat="34.98578" lon="-120.43352">
        <ele>65.5</ele>
      </trkpt>
      <trkpt lat="34.98579" lon="-120.43354">
        <ele>65.5</ele>
      </trkpt>
      <trkpt lat="34.98581" lon="-120.43356">
        <ele>65.4</ele>
      </trkpt>
      <trkpt lat="34.98583" lon="-120.43357">
        <ele>65.4</ele>
      </trkpt>
      <trkpt lat="34.98586" lon="-120.43357">
        <ele>65.4</ele>
      </trkpt>
      <trkpt lat="34.98589" lon="-120.43357">
        <ele>65.4</ele>
      </trkpt>
      <trkpt lat="34.98592" lon="-120.43356">
        <ele>65.5</ele>
      </trkpt>
      <trkpt lat="34.98597" lon="-120.43354">
        <ele>65.5</ele>
      </trkpt>
      <trkpt lat="34.98599" lon="-120.43354">
        <ele>65.5</ele>
      </trkpt>
      <trkpt lat="34.98602" lon="-120.43354">
        <ele>65.5</ele>
      </trkpt>
      <trkpt lat="34.98604" lon="-120.43356">
        <ele>65.4</ele>
      </trkpt>
      <trkpt lat="34.98608" lon="-120.43359">
        <ele>65.3</ele>
      </trkpt>
      <trkpt lat="34.9861" lon="-120.43363">
        <ele>65.2</ele>
      </trkpt>
      <trkpt lat="34.9861" lon="-120.43363">
        <ele>65.2</ele>
      </trkpt>
      <trkpt lat="34.98641" lon="-120.43413">
        <ele>64.8</ele>
      </trkpt>
      <trkpt lat="34.98662" lon="-120.43446">
        <ele>64.8</ele>
      </trkpt>
      <trkpt lat="34.98662" lon="-120.43455">
        <ele>64.8</ele>
      </trkpt>
      <trkpt lat="34.98664" lon="-120.4346">
        <ele>64.8</ele>
      </trkpt>
      <trkpt lat="34.98682" lon="-120.43503">
        <ele>64.8</ele>
      </trkpt>
      <trkpt lat="34.98686" lon="-120.43516">
        <ele>64.8</ele>
      </trkpt>
      <trkpt lat="34.98686" lon="-120.43516">
        <ele>64.8</ele>
      </trkpt>
      <trkpt lat="34.98676" lon="-120.43524">
        <ele>64.8</ele>
      </trkpt>
      <trkpt lat="34.98662" lon="-120.43529">
        <ele>64.8</ele>
      </trkpt>
      <trkpt lat="34.98655" lon="-120.43532">
        <ele>64.8</ele>
      </trkpt>
      <trkpt lat="34.98655" lon="-120.43532">
        <ele>64.8</ele>
      </trkpt>
      <trkpt lat="34.98641" lon="-120.43538">
        <ele>64.8</ele>
      </trkpt>
      <trkpt lat="34.98596" lon="-120.4354">
        <ele>64.8</ele>
      </trkpt>
      <trkpt lat="34.98568" lon="-120.43541">
        <ele>64.8</ele>
      </trkpt>
      <trkpt lat="34.98551" lon="-120.43541">
        <ele>64.8</ele>
      </trkpt>
      <trkpt lat="34.985" lon="-120.43542">
        <ele>64.8</ele>
      </trkpt>
      <trkpt lat="34.98478" lon="-120.43542">
        <ele>64.8</ele>
      </trkpt>
      <trkpt lat="34.98464" lon="-120.43542">
        <ele>64.8</ele>
      </trkpt>
      <trkpt lat="34.98457" lon="-120.43541">
        <ele>64.8</ele>
      </trkpt>
      <trkpt lat="34.98452" lon="-120.4354">
        <ele>64.8</ele>
      </trkpt>
      <trkpt lat="34.98424" lon="-120.43537">
        <ele>64.8</ele>
      </trkpt>
      <trkpt lat="34.98391" lon="-120.43532">
        <ele>65.4</ele>
      </trkpt>
      <trkpt lat="34.98363" lon="-120.43527">
        <ele>65.7</ele>
      </trkpt>
      <trkpt lat="34.9836" lon="-120.43527">
        <ele>65.8</ele>
      </trkpt>
      <trkpt lat="34.98349" lon="-120.43525">
        <ele>66.1</ele>
      </trkpt>
      <trkpt lat="34.9834" lon="-120.43525">
        <ele>66.4</ele>
      </trkpt>
      <trkpt lat="34.98328" lon="-120.43525">
        <ele>66.9</ele>
      </trkpt>
      <trkpt lat="34.98291" lon="-120.43525">
        <ele>65.4</ele>
      </trkpt>
      <trkpt lat="34.98271" lon="-120.43526">
        <ele>64.8</ele>
      </trkpt>
      <trkpt lat="34.98238" lon="-120.43526">
        <ele>64.8</ele>
      </trkpt>
      <trkpt lat="34.98232" lon="-120.43526">
        <ele>64.8</ele>
      </trkpt>
      <trkpt lat="34.98214" lon="-120.43527">
        <ele>64.8</ele>
      </trkpt>
      <trkpt lat="34.98204" lon="-120.43527">
        <ele>64.8</ele>
      </trkpt>
      <trkpt lat="34.98144" lon="-120.43528">
        <ele>64.8</ele>
      </trkpt>
      <trkpt lat="34.98111" lon="-120.43528">
        <ele>64.8</ele>
      </trkpt>
      <trkpt lat="34.98057" lon="-120.43529">
        <ele>64.8</ele>
      </trkpt>
      <trkpt lat="34.98045" lon="-120.43529">
        <ele>64.8</ele>
      </trkpt>
      <trkpt lat="34.98045" lon="-120.43529">
        <ele>64.8</ele>
      </trkpt>
      <trkpt lat="34.97987" lon="-120.43531">
        <ele>64.8</ele>
      </trkpt>
      <trkpt lat="34.97983" lon="-120.43531">
        <ele>64.8</ele>
      </trkpt>
      <trkpt lat="34.97982" lon="-120.43531">
        <ele>64.8</ele>
      </trkpt>
      <trkpt lat="34.97978" lon="-120.43531">
        <ele>64.8</ele>
      </trkpt>
      <trkpt lat="34.97973" lon="-120.43531">
        <ele>64.8</ele>
      </trkpt>
      <trkpt lat="34.97967" lon="-120.4353">
        <ele>64.8</ele>
      </trkpt>
      <trkpt lat="34.97956" lon="-120.43527">
        <ele>64.8</ele>
      </trkpt>
      <trkpt lat="34.97947" lon="-120.43524">
        <ele>64.8</ele>
      </trkpt>
      <trkpt lat="34.97944" lon="-120.43523">
        <ele>64.8</ele>
      </trkpt>
      <trkpt lat="34.97933" lon="-120.43518">
        <ele>64.8</ele>
      </trkpt>
      <trkpt lat="34.97928" lon="-120.43516">
        <ele>64.8</ele>
      </trkpt>
      <trkpt lat="34.97924" lon="-120.43513">
        <ele>64.8</ele>
      </trkpt>
      <trkpt lat="34.97918" lon="-120.43508">
        <ele>64.8</ele>
      </trkpt>
      <trkpt lat="34.97914" lon="-120.43504">
        <ele>64.8</ele>
      </trkpt>
      <trkpt lat="34.97911" lon="-120.43502">
        <ele>64.8</ele>
      </trkpt>
      <trkpt lat="34.97906" lon="-120.43497">
        <ele>64.8</ele>
      </trkpt>
      <trkpt lat="34.97901" lon="-120.43491">
        <ele>64.8</ele>
      </trkpt>
      <trkpt lat="34.979" lon="-120.4349">
        <ele>64.8</ele>
      </trkpt>
      <trkpt lat="34.97887" lon="-120.43472">
        <ele>64.8</ele>
      </trkpt>
      <trkpt lat="34.97868" lon="-120.43448">
        <ele>64.8</ele>
      </trkpt>
      <trkpt lat="34.9786" lon="-120.43435">
        <ele>64.8</ele>
      </trkpt>
      <trkpt lat="34.97853" lon="-120.43419">
        <ele>64.8</ele>
      </trkpt>
      <trkpt lat="34.97851" lon="-120.4341">
        <ele>64.8</ele>
      </trkpt>
      <trkpt lat="34.9785" lon="-120.434">
        <ele>64.8</ele>
      </trkpt>
      <trkpt lat="34.9785" lon="-120.43393">
        <ele>64.8</ele>
      </trkpt>
      <trkpt lat="34.9785" lon="-120.43384">
        <ele>64.8</ele>
      </trkpt>
      <trkpt lat="34.97851" lon="-120.43374">
        <ele>64.8</ele>
      </trkpt>
      <trkpt lat="34.97853" lon="-120.43364">
        <ele>65.0</ele>
      </trkpt>
      <trkpt lat="34.97855" lon="-120.43355">
        <ele>65.2</ele>
      </trkpt>
      <trkpt lat="34.97858" lon="-120.43347">
        <ele>65.4</ele>
      </trkpt>
      <trkpt lat="34.97862" lon="-120.43339">
        <ele>65.6</ele>
      </trkpt>
      <trkpt lat="34.9789" lon="-120.43288">
        <ele>65.8</ele>
      </trkpt>
      <trkpt lat="34.9789" lon="-120.43288">
        <ele>65.8</ele>
      </trkpt>
      <trkpt lat="34.97887" lon="-120.43293">
        <ele>65.8</ele>
      </trkpt>
    </trkseg>
  </trk>
</gpx>
